--
-- PostgreSQL database dump
--

-- Dumped from database version 14.17 (Ubuntu 14.17-0ubuntu0.22.04.1)
-- Dumped by pg_dump version 14.17 (Ubuntu 14.17-0ubuntu0.22.04.1)

SET statement_timeout = 0;
SET lock_timeout = 0;
SET idle_in_transaction_session_timeout = 0;
SET client_encoding = 'UTF8';
SET standard_conforming_strings = on;
SELECT pg_catalog.set_config('search_path', '', false);
SET check_function_bodies = false;
SET xmloption = content;
SET client_min_messages = warning;
SET row_security = off;

SET default_tablespace = '';

SET default_table_access_method = heap;

--
-- Name: auth_group; Type: TABLE; Schema: public; Owner: projectuser
--

CREATE TABLE public.auth_group (
    id integer NOT NULL,
    name character varying(150) NOT NULL
);


ALTER TABLE public.auth_group OWNER TO projectuser;

--
-- Name: auth_group_id_seq; Type: SEQUENCE; Schema: public; Owner: projectuser
--

ALTER TABLE public.auth_group ALTER COLUMN id ADD GENERATED BY DEFAULT AS IDENTITY (
    SEQUENCE NAME public.auth_group_id_seq
    START WITH 1
    INCREMENT BY 1
    NO MINVALUE
    NO MAXVALUE
    CACHE 1
);


--
-- Name: auth_group_permissions; Type: TABLE; Schema: public; Owner: projectuser
--

CREATE TABLE public.auth_group_permissions (
    id bigint NOT NULL,
    group_id integer NOT NULL,
    permission_id integer NOT NULL
);


ALTER TABLE public.auth_group_permissions OWNER TO projectuser;

--
-- Name: auth_group_permissions_id_seq; Type: SEQUENCE; Schema: public; Owner: projectuser
--

ALTER TABLE public.auth_group_permissions ALTER COLUMN id ADD GENERATED BY DEFAULT AS IDENTITY (
    SEQUENCE NAME public.auth_group_permissions_id_seq
    START WITH 1
    INCREMENT BY 1
    NO MINVALUE
    NO MAXVALUE
    CACHE 1
);


--
-- Name: auth_permission; Type: TABLE; Schema: public; Owner: projectuser
--

CREATE TABLE public.auth_permission (
    id integer NOT NULL,
    name character varying(255) NOT NULL,
    content_type_id integer NOT NULL,
    codename character varying(100) NOT NULL
);


ALTER TABLE public.auth_permission OWNER TO projectuser;

--
-- Name: auth_permission_id_seq; Type: SEQUENCE; Schema: public; Owner: projectuser
--

ALTER TABLE public.auth_permission ALTER COLUMN id ADD GENERATED BY DEFAULT AS IDENTITY (
    SEQUENCE NAME public.auth_permission_id_seq
    START WITH 1
    INCREMENT BY 1
    NO MINVALUE
    NO MAXVALUE
    CACHE 1
);


--
-- Name: auth_user; Type: TABLE; Schema: public; Owner: projectuser
--

CREATE TABLE public.auth_user (
    id integer NOT NULL,
    password character varying(128) NOT NULL,
    last_login timestamp with time zone,
    is_superuser boolean NOT NULL,
    username character varying(150) NOT NULL,
    first_name character varying(150) NOT NULL,
    last_name character varying(150) NOT NULL,
    email character varying(254) NOT NULL,
    is_staff boolean NOT NULL,
    is_active boolean NOT NULL,
    date_joined timestamp with time zone NOT NULL
);


ALTER TABLE public.auth_user OWNER TO projectuser;

--
-- Name: auth_user_groups; Type: TABLE; Schema: public; Owner: projectuser
--

CREATE TABLE public.auth_user_groups (
    id bigint NOT NULL,
    user_id integer NOT NULL,
    group_id integer NOT NULL
);


ALTER TABLE public.auth_user_groups OWNER TO projectuser;

--
-- Name: auth_user_groups_id_seq; Type: SEQUENCE; Schema: public; Owner: projectuser
--

ALTER TABLE public.auth_user_groups ALTER COLUMN id ADD GENERATED BY DEFAULT AS IDENTITY (
    SEQUENCE NAME public.auth_user_groups_id_seq
    START WITH 1
    INCREMENT BY 1
    NO MINVALUE
    NO MAXVALUE
    CACHE 1
);


--
-- Name: auth_user_id_seq; Type: SEQUENCE; Schema: public; Owner: projectuser
--

ALTER TABLE public.auth_user ALTER COLUMN id ADD GENERATED BY DEFAULT AS IDENTITY (
    SEQUENCE NAME public.auth_user_id_seq
    START WITH 1
    INCREMENT BY 1
    NO MINVALUE
    NO MAXVALUE
    CACHE 1
);


--
-- Name: auth_user_user_permissions; Type: TABLE; Schema: public; Owner: projectuser
--

CREATE TABLE public.auth_user_user_permissions (
    id bigint NOT NULL,
    user_id integer NOT NULL,
    permission_id integer NOT NULL
);


ALTER TABLE public.auth_user_user_permissions OWNER TO projectuser;

--
-- Name: auth_user_user_permissions_id_seq; Type: SEQUENCE; Schema: public; Owner: projectuser
--

ALTER TABLE public.auth_user_user_permissions ALTER COLUMN id ADD GENERATED BY DEFAULT AS IDENTITY (
    SEQUENCE NAME public.auth_user_user_permissions_id_seq
    START WITH 1
    INCREMENT BY 1
    NO MINVALUE
    NO MAXVALUE
    CACHE 1
);


--
-- Name: core_kadencja; Type: TABLE; Schema: public; Owner: projectuser
--

CREATE TABLE public.core_kadencja (
    id bigint NOT NULL,
    rozpoczecie integer NOT NULL,
    zakonczenie integer NOT NULL
);


ALTER TABLE public.core_kadencja OWNER TO projectuser;

--
-- Name: core_kadencja_id_seq; Type: SEQUENCE; Schema: public; Owner: projectuser
--

ALTER TABLE public.core_kadencja ALTER COLUMN id ADD GENERATED BY DEFAULT AS IDENTITY (
    SEQUENCE NAME public.core_kadencja_id_seq
    START WITH 1
    INCREMENT BY 1
    NO MINVALUE
    NO MAXVALUE
    CACHE 1
);


--
-- Name: czlonkowie_czapka; Type: TABLE; Schema: public; Owner: projectuser
--

CREATE TABLE public.czlonkowie_czapka (
    id bigint NOT NULL,
    uczelnia character varying(10) NOT NULL,
    kolor character varying(255) NOT NULL,
    wydzial character varying(10) DEFAULT 'XXX'::character varying NOT NULL
);


ALTER TABLE public.czlonkowie_czapka OWNER TO projectuser;

--
-- Name: czlonkowie_czapki_id_seq; Type: SEQUENCE; Schema: public; Owner: projectuser
--

ALTER TABLE public.czlonkowie_czapka ALTER COLUMN id ADD GENERATED BY DEFAULT AS IDENTITY (
    SEQUENCE NAME public.czlonkowie_czapki_id_seq
    START WITH 1
    INCREMENT BY 1
    NO MINVALUE
    NO MAXVALUE
    CACHE 1
);


--
-- Name: czlonkowie_czlonek; Type: TABLE; Schema: public; Owner: projectuser
--

CREATE TABLE public.czlonkowie_czlonek (
    id bigint NOT NULL,
    imie character varying(40) NOT NULL,
    aktywnosc character varying(1) NOT NULL,
    ochrzczony character varying(5) NOT NULL,
    rok_chrztu integer NOT NULL,
    miesiac_chrztu integer NOT NULL,
    dzien_chrztu integer NOT NULL,
    staz integer NOT NULL,
    pewnosc_stazu boolean NOT NULL,
    status character varying(5) NOT NULL,
    imie_piwne_1_wybor character varying(5) NOT NULL,
    imie_piwne_1 character varying(100) NOT NULL,
    imie_piwne_2_wybor character varying(5) NOT NULL,
    imie_piwne_2 character varying(100) NOT NULL,
    czapka_1_id bigint,
    czapka_2_id bigint,
    rodzic_1_id bigint,
    rodzic_2_id bigint,
    nazwisko character varying(40) NOT NULL
);


ALTER TABLE public.czlonkowie_czlonek OWNER TO projectuser;

--
-- Name: czlonkowie_czlonek_id_seq; Type: SEQUENCE; Schema: public; Owner: projectuser
--

ALTER TABLE public.czlonkowie_czlonek ALTER COLUMN id ADD GENERATED BY DEFAULT AS IDENTITY (
    SEQUENCE NAME public.czlonkowie_czlonek_id_seq
    START WITH 1
    INCREMENT BY 1
    NO MINVALUE
    NO MAXVALUE
    CACHE 1
);


--
-- Name: czlonkowie_dawnyzarzad; Type: TABLE; Schema: public; Owner: projectuser
--

CREATE TABLE public.czlonkowie_dawnyzarzad (
    id bigint NOT NULL,
    bibendi_id bigint,
    cantandi_id bigint,
    kasztelan_id bigint,
    "kontakt_z_SKNHI_id" bigint,
    "kontakt_z_SSUJ_id" bigint,
    magister_disciplinae_id bigint,
    skarbnik_id bigint,
    wielki_mistrz_id bigint
);


ALTER TABLE public.czlonkowie_dawnyzarzad OWNER TO projectuser;

--
-- Name: czlonkowie_dawnyzarzad_id_seq; Type: SEQUENCE; Schema: public; Owner: projectuser
--

ALTER TABLE public.czlonkowie_dawnyzarzad ALTER COLUMN id ADD GENERATED BY DEFAULT AS IDENTITY (
    SEQUENCE NAME public.czlonkowie_dawnyzarzad_id_seq
    START WITH 1
    INCREMENT BY 1
    NO MINVALUE
    NO MAXVALUE
    CACHE 1
);


--
-- Name: czlonkowie_imieszlacheckie; Type: TABLE; Schema: public; Owner: projectuser
--

CREATE TABLE public.czlonkowie_imieszlacheckie (
    id bigint NOT NULL,
    imie_id bigint
);


ALTER TABLE public.czlonkowie_imieszlacheckie OWNER TO projectuser;

--
-- Name: czlonkowie_imieszlacheckie_id_seq; Type: SEQUENCE; Schema: public; Owner: projectuser
--

ALTER TABLE public.czlonkowie_imieszlacheckie ALTER COLUMN id ADD GENERATED BY DEFAULT AS IDENTITY (
    SEQUENCE NAME public.czlonkowie_imieszlacheckie_id_seq
    START WITH 1
    INCREMENT BY 1
    NO MINVALUE
    NO MAXVALUE
    CACHE 1
);


--
-- Name: czlonkowie_wielkimistrz; Type: TABLE; Schema: public; Owner: projectuser
--

CREATE TABLE public.czlonkowie_wielkimistrz (
    id bigint NOT NULL,
    kadencja integer NOT NULL,
    tadeusz character varying(10) NOT NULL,
    tytuly text NOT NULL,
    imie_id bigint
);


ALTER TABLE public.czlonkowie_wielkimistrz OWNER TO projectuser;

--
-- Name: czlonkowie_wielkimistrz_id_seq; Type: SEQUENCE; Schema: public; Owner: projectuser
--

ALTER TABLE public.czlonkowie_wielkimistrz ALTER COLUMN id ADD GENERATED BY DEFAULT AS IDENTITY (
    SEQUENCE NAME public.czlonkowie_wielkimistrz_id_seq
    START WITH 1
    INCREMENT BY 1
    NO MINVALUE
    NO MAXVALUE
    CACHE 1
);


--
-- Name: czlonkowie_zarzad; Type: TABLE; Schema: public; Owner: projectuser
--

CREATE TABLE public.czlonkowie_zarzad (
    id bigint NOT NULL,
    kadencja integer NOT NULL,
    cantandi_id bigint,
    kasztelan_id bigint,
    sekretarz_id bigint,
    skarbnik_id bigint,
    wielki_mistrz_id bigint
);


ALTER TABLE public.czlonkowie_zarzad OWNER TO projectuser;

--
-- Name: czlonkowie_zarzad_id_seq; Type: SEQUENCE; Schema: public; Owner: projectuser
--

ALTER TABLE public.czlonkowie_zarzad ALTER COLUMN id ADD GENERATED BY DEFAULT AS IDENTITY (
    SEQUENCE NAME public.czlonkowie_zarzad_id_seq
    START WITH 1
    INCREMENT BY 1
    NO MINVALUE
    NO MAXVALUE
    CACHE 1
);


--
-- Name: czlonkowie_zwierzeczapkowe; Type: TABLE; Schema: public; Owner: projectuser
--

CREATE TABLE public.czlonkowie_zwierzeczapkowe (
    id bigint NOT NULL,
    zwierze character varying(100) NOT NULL,
    czlonek_id bigint,
    wyjasnienie character varying(100) NOT NULL
);


ALTER TABLE public.czlonkowie_zwierzeczapkowe OWNER TO projectuser;

--
-- Name: czlonkowie_zwierzeczapkowe_id_seq; Type: SEQUENCE; Schema: public; Owner: projectuser
--

ALTER TABLE public.czlonkowie_zwierzeczapkowe ALTER COLUMN id ADD GENERATED BY DEFAULT AS IDENTITY (
    SEQUENCE NAME public.czlonkowie_zwierzeczapkowe_id_seq
    START WITH 1
    INCREMENT BY 1
    NO MINVALUE
    NO MAXVALUE
    CACHE 1
);


--
-- Name: django_admin_log; Type: TABLE; Schema: public; Owner: projectuser
--

CREATE TABLE public.django_admin_log (
    id integer NOT NULL,
    action_time timestamp with time zone NOT NULL,
    object_id text,
    object_repr character varying(200) NOT NULL,
    action_flag smallint NOT NULL,
    change_message text NOT NULL,
    content_type_id integer,
    user_id integer NOT NULL,
    CONSTRAINT django_admin_log_action_flag_check CHECK ((action_flag >= 0))
);


ALTER TABLE public.django_admin_log OWNER TO projectuser;

--
-- Name: django_admin_log_id_seq; Type: SEQUENCE; Schema: public; Owner: projectuser
--

ALTER TABLE public.django_admin_log ALTER COLUMN id ADD GENERATED BY DEFAULT AS IDENTITY (
    SEQUENCE NAME public.django_admin_log_id_seq
    START WITH 1
    INCREMENT BY 1
    NO MINVALUE
    NO MAXVALUE
    CACHE 1
);


--
-- Name: django_content_type; Type: TABLE; Schema: public; Owner: projectuser
--

CREATE TABLE public.django_content_type (
    id integer NOT NULL,
    app_label character varying(100) NOT NULL,
    model character varying(100) NOT NULL
);


ALTER TABLE public.django_content_type OWNER TO projectuser;

--
-- Name: django_content_type_id_seq; Type: SEQUENCE; Schema: public; Owner: projectuser
--

ALTER TABLE public.django_content_type ALTER COLUMN id ADD GENERATED BY DEFAULT AS IDENTITY (
    SEQUENCE NAME public.django_content_type_id_seq
    START WITH 1
    INCREMENT BY 1
    NO MINVALUE
    NO MAXVALUE
    CACHE 1
);


--
-- Name: django_migrations; Type: TABLE; Schema: public; Owner: projectuser
--

CREATE TABLE public.django_migrations (
    id bigint NOT NULL,
    app character varying(255) NOT NULL,
    name character varying(255) NOT NULL,
    applied timestamp with time zone NOT NULL
);


ALTER TABLE public.django_migrations OWNER TO projectuser;

--
-- Name: django_migrations_id_seq; Type: SEQUENCE; Schema: public; Owner: projectuser
--

ALTER TABLE public.django_migrations ALTER COLUMN id ADD GENERATED BY DEFAULT AS IDENTITY (
    SEQUENCE NAME public.django_migrations_id_seq
    START WITH 1
    INCREMENT BY 1
    NO MINVALUE
    NO MAXVALUE
    CACHE 1
);


--
-- Name: django_session; Type: TABLE; Schema: public; Owner: projectuser
--

CREATE TABLE public.django_session (
    session_key character varying(40) NOT NULL,
    session_data text NOT NULL,
    expire_date timestamp with time zone NOT NULL
);


ALTER TABLE public.django_session OWNER TO projectuser;

--
-- Data for Name: auth_group; Type: TABLE DATA; Schema: public; Owner: projectuser
--

COPY public.auth_group (id, name) FROM stdin;
\.


--
-- Data for Name: auth_group_permissions; Type: TABLE DATA; Schema: public; Owner: projectuser
--

COPY public.auth_group_permissions (id, group_id, permission_id) FROM stdin;
\.


--
-- Data for Name: auth_permission; Type: TABLE DATA; Schema: public; Owner: projectuser
--

COPY public.auth_permission (id, name, content_type_id, codename) FROM stdin;
1	Can add log entry	1	add_logentry
2	Can change log entry	1	change_logentry
3	Can delete log entry	1	delete_logentry
4	Can view log entry	1	view_logentry
5	Can add permission	2	add_permission
6	Can change permission	2	change_permission
7	Can delete permission	2	delete_permission
8	Can view permission	2	view_permission
9	Can add group	3	add_group
10	Can change group	3	change_group
11	Can delete group	3	delete_group
12	Can view group	3	view_group
13	Can add user	4	add_user
14	Can change user	4	change_user
15	Can delete user	4	delete_user
16	Can view user	4	view_user
17	Can add content type	5	add_contenttype
18	Can change content type	5	change_contenttype
19	Can delete content type	5	delete_contenttype
20	Can view content type	5	view_contenttype
21	Can add session	6	add_session
22	Can change session	6	change_session
23	Can delete session	6	delete_session
24	Can view session	6	view_session
25	Can add czlonek	7	add_czlonek
26	Can change czlonek	7	change_czlonek
27	Can delete czlonek	7	delete_czlonek
28	Can view czlonek	7	view_czlonek
29	Can add czapki	8	add_czapki
30	Can change czapki	8	change_czapki
31	Can delete czapki	8	delete_czapki
32	Can view czapki	8	view_czapki
33	Can add Czapka	8	add_czapka
34	Can change Czapka	8	change_czapka
35	Can delete Czapka	8	delete_czapka
36	Can view Czapka	8	view_czapka
37	Can add Imię szlacheckie	9	add_imieszlacheckie
38	Can change Imię szlacheckie	9	change_imieszlacheckie
39	Can delete Imię szlacheckie	9	delete_imieszlacheckie
40	Can view Imię szlacheckie	9	view_imieszlacheckie
41	Can add Zwierzę czapkowe	10	add_zwierzeczapkowe
42	Can change Zwierzę czapkowe	10	change_zwierzeczapkowe
43	Can delete Zwierzę czapkowe	10	delete_zwierzeczapkowe
44	Can view Zwierzę czapkowe	10	view_zwierzeczapkowe
45	Can add Dawny Zarząd	11	add_dawnyzarzad
46	Can change Dawny Zarząd	11	change_dawnyzarzad
47	Can delete Dawny Zarząd	11	delete_dawnyzarzad
48	Can view Dawny Zarząd	11	view_dawnyzarzad
49	Can add Zarząd	12	add_zarzad
50	Can change Zarząd	12	change_zarzad
51	Can delete Zarząd	12	delete_zarzad
52	Can view Zarząd	12	view_zarzad
53	Can add Wielki Mistrz	13	add_wielkimistrz
54	Can change Wielki Mistrz	13	change_wielkimistrz
55	Can delete Wielki Mistrz	13	delete_wielkimistrz
56	Can view Wielki Mistrz	13	view_wielkimistrz
57	Can add Kadencja	14	add_kadencja
58	Can change Kadencja	14	change_kadencja
59	Can delete Kadencja	14	delete_kadencja
60	Can view Kadencja	14	view_kadencja
\.


--
-- Data for Name: auth_user; Type: TABLE DATA; Schema: public; Owner: projectuser
--

COPY public.auth_user (id, password, last_login, is_superuser, username, first_name, last_name, email, is_staff, is_active, date_joined) FROM stdin;
1	pbkdf2_sha256$1000000$bdAQ18OKZo45dFlh7hAEwE$005aAXs804ZC9vS8SKlivntIyi/ohNzgoCxhiPb1cdI=	2025-04-24 10:20:28.687175+02	t	szymon				t	t	2025-04-24 10:18:46.707558+02
\.


--
-- Data for Name: auth_user_groups; Type: TABLE DATA; Schema: public; Owner: projectuser
--

COPY public.auth_user_groups (id, user_id, group_id) FROM stdin;
\.


--
-- Data for Name: auth_user_user_permissions; Type: TABLE DATA; Schema: public; Owner: projectuser
--

COPY public.auth_user_user_permissions (id, user_id, permission_id) FROM stdin;
\.


--
-- Data for Name: core_kadencja; Type: TABLE DATA; Schema: public; Owner: projectuser
--

COPY public.core_kadencja (id, rozpoczecie, zakonczenie) FROM stdin;
3	2009	2010
4	2010	2011
5	2011	2012
6	2012	2013
7	2013	2014
8	2014	2015
9	2015	2016
10	2016	2017
11	2017	2018
12	2018	2019
13	2019	2020
14	2020	2021
15	2021	2022
16	2022	2023
17	2024	2025
2	2023	2024
\.


--
-- Data for Name: czlonkowie_czapka; Type: TABLE DATA; Schema: public; Owner: projectuser
--

COPY public.czlonkowie_czapka (id, uczelnia, kolor, wydzial) FROM stdin;
26	UW	biała z amarantowym otokiem	UW
27	UŚ	granatowa	US
28	UP_L	szmaragdowa	UP_L
25	PK	granatowa z czarnym otokiem	WIL
24	PK	granatowa z czerwonym otokiem	WM
23	PK	granatowa	WA
21	AGH	czarna z czerwonym otokiem	PH
20	AGH	czarna z zielonym otokiem	PG
18	UJ	żółta	WChUJ
17	UJ	fioletowa z zielonym otokiem	SMP
16	UJ	bordowa z zielonym otokiem	WNoZ
15	UJ	niebieska	WHist
13	UJ	szmaragdowa	WGiG
12	UJ	popielata	WFiloz
11	UJ	pomarańczowa	Honorowa
9	UJ	granatowa z niebieskim otokiem	WPol
8	UJ	fioletowa z niebieskim otokiem	WMiI
7	UJ	karminowa	WSMiP
6	UJ	granatowa	WFilol
5	UJ	fioletowa	WFAiIS
4	UJ	ecru	WBBiB
3	UJ	brązowa	WZiKS
2	UJ	czarna	WPiA
1	UJ	bordowa	CMUJ
29	XXX	Nie wiem	XXX
30	n/a	Nie dotyczy	n/a
31	NIEMCY	niebieska	XXX
32	UEK	zielona z bordowym otokiem	UEK
22	AGH	czarna z niebieskim otokiem	Inne
\.


--
-- Data for Name: czlonkowie_czlonek; Type: TABLE DATA; Schema: public; Owner: projectuser
--

COPY public.czlonkowie_czlonek (id, imie, aktywnosc, ochrzczony, rok_chrztu, miesiac_chrztu, dzien_chrztu, staz, pewnosc_stazu, status, imie_piwne_1_wybor, imie_piwne_1, imie_piwne_2_wybor, imie_piwne_2, czapka_1_id, czapka_2_id, rodzic_1_id, rodzic_2_id, nazwisko) FROM stdin;
2	Agata	N	T	0	0	0	0	f	W	d/n	Nie wiem	n/a	Nie dotyczy	29	30	\N	\N	Grochowina
4	Nie	N	d/n	0	0	0	0	f	d/n	d/n	Nie wiem	n/a	Nie dotyczy	29	30	\N	\N	wiem
5	Nie	N	N	1	1	1	0	f	d/n	n/a	Nie dotyczy	n/a	Nie dotyczy	30	30	\N	\N	dotyczy
22	Anna	N	T	1111111111	1111111111	1111111111	1111111111	f	W	d/n	Nie wiem	n/a	Nie dotyczy	1	30	\N	\N	Wyroba
28	Artur	N	d/n	1111111111	1111111111	1111111111	2017	f	d/n	d/n	Nie wiem	n/a	Nie dotyczy	3	30	\N	\N	Szymański
30	Bartłomiej	A	T	2018	10	14	2017	f	W	other	Kucharz	n/a	Nie dotyczy	4	30	90	122	Olajossy
33	Bartosz	M	d/n	1111111111	1111111111	1111111111	2020	f	d/n	d/n	Nie wiem	n/a	Nie dotyczy	29	30	\N	\N	Sieniawski
34	Bartosz	N	d/n	1111111111	1111111111	1111111111	2011	f	d/n	d/n	Nie wiem	n/a	Nie dotyczy	29	30	\N	\N	Spytkowski
40	Christine	N	d/n	1111111111	1111111111	1111111111	2011	f	d/n	d/n	Nie wiem	n/a	Nie dotyczy	15	30	\N	\N	Przybyła-Kowalska
45	Dominika	N	d/n	1111111111	1111111111	1111111111	2011	f	d/n	d/n	Nie wiem	n/a	Nie dotyczy	12	30	\N	\N	Liszka
47	Dorota	N	T	2018	4	4	2017	t	W	other	Waćpanna	n/a	Nie dotyczy	9	30	41	\N	Drożyńska
48	Elżbieta	N	d/n	1111111111	1111111111	1111111111	1111111111	f	W	d/n	Nie wiem	n/a	Nie dotyczy	29	30	\N	\N	Mierzejewska
49	Eryk	A	T	1111111111	1111111111	1111111111	2015	t	W	d/n	Nie wiem	n/a	Nie dotyczy	15	30	\N	\N	Królczyk
50	Ewa	N	d/n	1111111111	1111111111	1111111111	2014	f	d/n	d/n	Nie wiem	n/a	Nie dotyczy	18	30	\N	\N	Smuga-Codutti
10	Aleksander	N	d/n	1111111111	1111111111	1111111111	2011	f	d/n	d/n	Nie wiem	n/a	Nie dotyczy	2	30	\N	\N	Wędrychowski
12	Aleksandra	N	d/n	1111111111	1111111111	1111111111	2018	f	d/n	d/n	Nie wiem	n/a	Nie dotyczy	15	30	\N	\N	Król
13	Aleksandra	N	d/n	1111111111	1111111111	1111111111	2016	f	d/n	d/n	Nie wiem	n/a	Nie dotyczy	3	30	\N	\N	Wagner
14	Alicja	O	d/n	1111111111	1111111111	1111111111	2016	f	d/n	d/n	Nie wiem	n/a	Nie dotyczy	2	30	\N	\N	Majczak
18	Anna	N	T	2016	5	1111111111	2015	t	W	other	Księżniczka	n/a	Nie dotyczy	2	30	\N	\N	Łopatniuk
52	Gniewko	N	d/n	1111111111	1111111111	1111111111	2018	f	d/n	d/n	Nie wiem	n/a	Nie dotyczy	29	30	\N	\N	Wawrzyńczak
53	Grażyna	N	T	1111111111	1111111111	1111111111	2016	f	W	other	Malina	n/a	Nie dotyczy	29	30	19	\N	Malinowska
56	Herman	A	T	2024	11	15	2023	t	C	other	Stabilizator	other	Rakieta	1	30	29	\N	Chekurda
57	Jacek	N	d/n	1111111111	1111111111	1111111111	2011	f	d/n	d/n	Nie wiem	n/a	Nie dotyczy	29	30	\N	\N	Onisk
58	Jakub	N	d/n	1111111111	1111111111	1111111111	2018	f	d/n	d/n	Nie wiem	n/a	Nie dotyczy	2	30	\N	\N	Bukalski
3	Agnieszka	M	T	1111111111	1111111111	1111111111	2011	f	W	other	Avis	n/a	Nie dotyczy	15	30	128	\N	Albrychiewicz
11	Aleksandra	N	T	1111111111	1111111111	1111111111	2017	t	W	other	Księżniczka	n/a	Nie dotyczy	13	30	147	\N	Klekocińska
15	Alicja Waleria	M	T	1111111111	1111111111	1111111111	2014	f	W	other	Abeille	n/a	Nie dotyczy	2	30	32	\N	Barć
16	Amelia	A	T	2018	10	14	2017	t	W	other	Emalia	n/a	Nie dotyczy	9	30	90	\N	Boufenghour
17	Aneta	N	T	1111111111	1111111111	1111111111	2012	f	W	d/n	Nie wiem	n/a	Nie dotyczy	29	30	109	\N	Galara
19	Anna Maria	N	T	1111111111	1111111111	1111111111	2011	f	W	other	Litle dragon	other	Gestapo	12	1	32	\N	Kuźma
21	Anna	N	T	1111111111	1111111111	1111111111	2014	t	W	other	Hipster	n/a	Nie dotyczy	29	30	97	\N	Stachowiak
23	Antoni	N	T	1111111111	1111111111	1111111111	2010	f	W	other	Astel	n/a	Nie dotyczy	12	30	148	\N	Krzyżanowski
24	Artur	N	T	1111111111	1111111111	1111111111	2011	f	W	other	Biba	n/a	Nie dotyczy	2	30	97	\N	Biba
25	Artur	A	T	2018	4	15	2017	t	W	other	Dar Szczecina	n/a	Nie dotyczy	17	30	41	\N	Czajkowski
26	Artur	N	T	1111111111	1111111111	1111111111	2011	f	W	d/n	Nie wiem	n/a	Nie dotyczy	7	30	19	\N	Halcarz
27	Artur	N	T	1111111111	1111111111	1111111111	2011	f	W	d/n	Nie wiem	n/a	Nie dotyczy	3	30	32	\N	Miadzielec
29	Bartłomiej	A	T	2023	9	29	2023	f	C	other	Nobod	n/a	Nie dotyczy	16	30	110	\N	Grzeszykowski
31	Bartosz	A	T	2024	5	17	2023	t	C	other	Heniek	n/a	Nie dotyczy	2	30	30	\N	Hepek
32	Bartosz	N	T	1111111111	1111111111	1111111111	2010	f	W	other	Geolog	n/a	Nie dotyczy	13	30	148	\N	Maciejewski
35	Beanus	N	T	1111111111	1111111111	1111111111	2014	f	W	other	Poronny Panicz	n/a	Nie dotyczy	29	30	97	\N	Perennus
36	Benedykt Mateusz	N	T	1111111111	1111111111	1111111111	2015	t	W	other	Benio	n/a	Nie dotyczy	3	30	148	\N	Dzięcielski
37	Błażej	N	T	2023	10	12	2023	f	W	other	Szanciarz	n/a	Nie dotyczy	3	30	110	\N	Hałat
39	Cezary	O	T	1111111111	1111111111	1111111111	2016	t	W	d/n	Nie wiem	n/a	Nie dotyczy	18	30	96	\N	Sołtysik
41	Damian	A	T	1111111111	1111111111	1111111111	2015	f	W	other	Bandera	n/a	Nie dotyczy	15	30	43	\N	Zych
42	Daniel	A	T	1111111111	1111111111	1111111111	2016	f	W	other	Deanus	n/a	Nie dotyczy	15	30	90	\N	Zgliński
43	Dawid	N	T	1111111111	1111111111	1111111111	1111111111	f	W	other	Bisquit	n/a	Nie dotyczy	29	30	53	\N	Wiklik
44	Dominik	N	T	1111111111	1111111111	1111111111	1111111111	f	W	other	Gimli	n/a	Nie dotyczy	29	30	148	\N	Ciebiera
46	Dominika	N	T	1111111111	1111111111	1111111111	2011	f	W	other	Szparag	n/a	Nie dotyczy	29	30	19	\N	Szponar
51	Gabriela	N	T	1111111111	1111111111	1111111111	2015	f	W	d/n	Nie wiem	n/a	Nie dotyczy	9	30	158	109	Michalik (Mucha)
54	Grzegorz	N	T	2014	5	1111111111	2013	t	W	other	Dziadek	n/a	Nie dotyczy	1	30	129	\N	Dziadek
55	Grzegorz	N	T	1111111111	1111111111	1111111111	1111111111	f	W	other	Cytrynek	n/a	Nie dotyczy	2	30	133	\N	Lebedowicz
59	Jakub	N	T	2019	9	27	2018	t	W	other	Ada z penisem	n/a	Nie dotyczy	2	30	113	\N	Kornacki
60	Jakub	N	T	1111111111	1111111111	1111111111	2015	f	W	other	Cybuch	n/a	Nie dotyczy	2	30	148	\N	Łukasik
61	Jakub	N	T	1111111111	1111111111	1111111111	2009	t	W	d/n	Nie wiem	n/a	Nie dotyczy	29	30	157	\N	Nawrot
62	Joanna	N	d/n	1111111111	1111111111	1111111111	1111111111	f	W	other	Szysza	n/a	Nie dotyczy	29	30	32	\N	Krawczyk
65	Julia	N	d/n	1111111111	1111111111	1111111111	2013	t	W	d/n	Nie wiem	n/a	Nie dotyczy	29	30	\N	\N	Jurczuk
69	Karol Konrad	O	d/n	1111111111	1111111111	1111111111	2016	f	d/n	d/n	Nie wiem	n/a	Nie dotyczy	2	30	\N	\N	Czekałowski
70	Karol	N	d/n	1111111111	1111111111	1111111111	2015	f	d/n	d/n	Nie wiem	n/a	Nie dotyczy	7	30	\N	\N	Starowicz
71	Karolina	N	d/n	1111111111	1111111111	1111111111	2016	f	d/n	d/n	Nie wiem	n/a	Nie dotyczy	7	30	\N	\N	Dzierżawska
73	Karolina	N	d/n	1111111111	1111111111	1111111111	2016	f	d/n	d/n	Nie wiem	n/a	Nie dotyczy	29	30	\N	\N	Mater
75	Karolina	N	d/n	1111111111	1111111111	1111111111	2011	f	d/n	d/n	Nie wiem	n/a	Nie dotyczy	2	30	\N	\N	Wielgus
77	Katarzyna	N	T	2019	3	15	2018	t	W	d/n	Nie wiem	n/a	Nie dotyczy	3	30	47	\N	Marek
78	Katarzyna	N	d/n	1111111111	1111111111	1111111111	2015	f	d/n	d/n	Nie wiem	n/a	Nie dotyczy	9	30	\N	\N	Ostrowska
79	Katarzyna	N	T	1111111111	1111111111	1111111111	1111111111	f	W	d/n	Nie wiem	n/a	Nie dotyczy	29	30	\N	\N	Smuga
80	Katarzyna	N	T	1111111111	1111111111	1111111111	1111111111	f	W	d/n	Nie wiem	n/a	Nie dotyczy	29	30	\N	\N	Żanowska
81	Kinga	N	d/n	1111111111	1111111111	1111111111	2015	f	d/n	d/n	Nie wiem	n/a	Nie dotyczy	29	30	\N	\N	Radwan
82	Klaudia	N	d/n	1111111111	1111111111	1111111111	2017	t	d/n	d/n	Nie wiem	n/a	Nie dotyczy	3	30	\N	\N	Buchalska
83	Kolega Zuzy	N	d/n	1111111111	1111111111	1111111111	2017	f	d/n	other	Wieża	n/a	Nie dotyczy	29	30	\N	\N	
85	Konrad	N	d/n	1111111111	1111111111	1111111111	2015	f	d/n	d/n	Nie wiem	n/a	Nie dotyczy	2	30	\N	\N	Piwowarczyk
84	Konrad	N	T	1111111111	1111111111	1111111111	2011	f	W	other	Benikaza	other	Peruano	29	30	19	\N	
87	Krzysztof	N	T	1111111111	1111111111	1111111111	1111111111	f	W	d/n	Nie wiem	n/a	Nie dotyczy	29	30	\N	\N	Tomczyk
88	Ludwik	N	d/n	1111111111	1111111111	1111111111	2018	f	d/n	other	El Michał	n/a	Nie dotyczy	2	30	\N	\N	Janiszewski
91	Ma	N	d/n	1111111111	1111111111	1111111111	2015	f	d/n	d/n	Nie wiem	n/a	Nie dotyczy	1	30	\N	\N	Rysia
92	Maciej	N	T	1111111111	1111111111	1111111111	2011	f	W	d/n	Nie wiem	n/a	Nie dotyczy	1	30	\N	\N	Hyla
93	Maciej	N	d/n	1111111111	1111111111	1111111111	2017	f	d/n	d/n	Nie wiem	n/a	Nie dotyczy	15	30	\N	\N	Krzyżanek
94	Maciej	A	T	2019	5	24	2018	t	W	other	Mmm...	n/a	Nie dotyczy	15	30	41	\N	Lisowski
96	Maciej	N	T	1111111111	1111111111	1111111111	2014	f	W	other	Solon jak ten grek	n/a	Nie dotyczy	8	30	3	\N	Solon
99	Małgorzata	N	d/n	1111111111	1111111111	1111111111	2014	f	W	d/n	Nie wiem	n/a	Nie dotyczy	2	30	51	\N	Głuszek
100	Małgorzata	N	T	1111111111	1111111111	1111111111	2009	t	W	d/n	Nie wiem	n/a	Nie dotyczy	29	30	\N	\N	Lurzyńska
103	Marcin	M	T	1111111111	1111111111	1111111111	2011	f	W	other	Martinus	n/a	Nie dotyczy	6	30	\N	\N	Loch
106	Marta	N	d/n	1111111111	1111111111	1111111111	2011	f	d/n	d/n	Nie wiem	n/a	Nie dotyczy	13	30	\N	\N	Toumia
109	Mateusz	O	T	1111111111	1111111111	1111111111	2012	t	X	other	Jezus	n/a	Nie dotyczy	12	30	97	\N	Tomczyk
63	Joanna	A	T	1111111111	1111111111	1111111111	2009	t	W	other	Aśka	n/a	Nie dotyczy	9	30	128	\N	Lorenc
113	Michał	N	T	2018	4	4	2016	f	W	other	I Sekretarz PZPR towarzysz Władysław Gomułka, ps. Wiesław	other	Gomuł	3	30	41	67	Gumułka
117	Monika	A	T	2018	5	17	2017	t	W	other	Monia	n/a	Nie dotyczy	18	30	154	\N	Góralik
116	Michał	A	T	2023	5	19	2022	t	C	other	Cukier	other	Małolata	15	30	64	\N	Malata
64	John	N	T	2019	3	15	2018	t	W	other	Jasiek	n/a	Nie dotyczy	9	30	113	\N	Graff-Warburton
66	Julia	N	d/n	1111111111	1111111111	1111111111	1111111111	f	d/n	other	Spanko	n/a	Nie dotyczy	29	30	130	\N	Musiał
67	Kamila	N	T	1111111111	1111111111	1111111111	2017	f	W	other	Krwawa Baronessa	n/a	Nie dotyczy	2	30	133	\N	Dziewońska (Paisley)
68	Kamila	N	T	1111111111	1111111111	1111111111	2009	t	W	d/n	Nie wiem	n/a	Nie dotyczy	29	30	157	\N	Rozesłaniec
72	Karolina	A	T	2022	6	11	2019	t	C	other	Bezimienna	n/a	Nie dotyczy	1	30	113	\N	Kania
74	Karolina	N	T	1111111111	1111111111	1111111111	2014	f	W	d/n	Nie wiem	n/a	Nie dotyczy	3	30	146	\N	Szklanny
76	Kasper	M	T	1111111111	1111111111	1111111111	2009	t	H	other	Pumba	n/a	Nie dotyczy	1	11	157	\N	Krawet
86	Krzysztof	O	T	1111111111	1111111111	1111111111	2014	f	W	other	Poniatowski	n/a	Nie dotyczy	29	30	109	\N	Sadowski
89	Łukasz	A	T	2016	9	1111111111	2015	t	W	other	Ciepły	n/a	Nie dotyczy	5	30	95	\N	Ciepły (Lindert)
90	Łukasz	N	T	2016	9	1111111111	2015	f	W	other	Yoda	n/a	Nie dotyczy	15	30	109	\N	Pryk
97	Magdalena	N	T	1111111111	1111111111	1111111111	2010	f	W	other	Kasztanka	n/a	Nie dotyczy	6	30	148	\N	Brilha
98	Maksymilian	N	T	1111111111	1111111111	1111111111	2017	f	W	other	Max	n/a	Nie dotyczy	15	30	147	\N	Depa
101	Małgorzata	N	T	1111111111	1111111111	1111111111	2009	t	W	d/n	Nie wiem	n/a	Nie dotyczy	29	30	157	\N	Żurek
102	Marceli	A	T	2023	5	19	2023	f	C	other	Księciunio	n/a	Nie dotyczy	9	30	159	\N	Mart-Łakomy
104	Maria	N	T	1111111111	1111111111	1111111111	2015	f	W	other	Rysia	n/a	Nie dotyczy	1	30	109	\N	Babiuch
105	Maria	A	T	2024	11	15	2023	t	C	other	Felis	n/a	Nie dotyczy	1	30	159	\N	Turakiewicz
107	Martyna	A	T	2024	9	30	2023	t	C	other	Bober	n/a	Nie dotyczy	3	30	116	\N	Kubiak
108	Mateusz	N	T	2018	10	14	2017	f	W	other	Sułtan	n/a	Nie dotyczy	29	30	90	\N	Sułek
110	Mateusz	A	T	2020	2	28	2018	t	W	other	Kotlet	n/a	Nie dotyczy	3	30	118	\N	Żurek
112	Michał	N	T	1111111111	1111111111	1111111111	1111111111	f	W	d/n	Nie wiem	n/a	Nie dotyczy	1	30	118	\N	Boryka
115	Michał	N	T	1111111111	1111111111	1111111111	2009	t	W	d/n	Nie wiem	n/a	Nie dotyczy	29	30	157	\N	Lenik
118	Monika	N	T	1111111111	1111111111	1111111111	2015	f	W	other	Koala	n/a	Nie dotyczy	3	30	146	\N	Kwater-Boryka
119	Monika	N	d/n	1111111111	1111111111	1111111111	2015	f	d/n	d/n	Nie wiem	n/a	Nie dotyczy	29	30	\N	\N	Stępień
122	Natalia	O	T	1111111111	1111111111	1111111111	2016	f	W	d/n	Nie wiem	n/a	Nie dotyczy	3	30	\N	\N	Stachura
125	Patrycja	M	T	2018	5	17	2017	f	W	other	Chat	n/a	Nie dotyczy	15	30	154	43	Karauda
124	Pamela Anna	N	d/n	1111111111	1111111111	1111111111	2015	f	d/n	d/n	Nie wiem	n/a	Nie dotyczy	2	30	51	\N	Drozd
142	Roksana	N	T	1111111111	1111111111	1111111111	2011	f	W	d/n	Nie wiem	n/a	Nie dotyczy	15	30	148	\N	Kidawa
127	Patrycja	N	T	2019	11	22	2019	f	W	other	Hrabina	n/a	Nie dotyczy	29	30	113	\N	Szaniawska
129	Paula	N	T	1111111111	1111111111	1111111111	1111111111	f	W	d/n	Nie wiem	n/a	Nie dotyczy	2	30	97	\N	Dybowska
130	Paulina	N	T	2019	3	15	2018	t	W	other	Koziołek	n/a	Nie dotyczy	9	30	41	\N	Kozioł
131	Paulina	N	T	2015	11	1111111111	2015	t	W	d/n	Nie wiem	n/a	Nie dotyczy	6	30	15	\N	Tomżyńska
132	Paweł	N	T	1111111111	1111111111	1111111111	1111111111	f	W	d/n	Nie wiem	n/a	Nie dotyczy	29	30	\N	\N	Grzegorczyk
133	Paweł	M	T	1111111111	1111111111	1111111111	2011	f	W	other	Synek	n/a	Nie dotyczy	3	2	46	\N	Mucha
144	Sebastian	N	T	1111111111	1111111111	1111111111	2016	f	W	other	Dżdżysław	n/a	Nie dotyczy	15	30	128	\N	Stala
135	Piotr	N	T	1111111111	1111111111	1111111111	2011	f	W	d/n	Nie wiem	n/a	Nie dotyczy	1	30	\N	\N	Bulica
136	Piotr	N	d/n	1111111111	1111111111	1111111111	2018	f	d/n	other	Cieplejszy	n/a	Nie dotyczy	3	30	\N	\N	Litwin
137	Piotr	N	d/n	1111111111	1111111111	1111111111	2017	f	d/n	d/n	Nie wiem	n/a	Nie dotyczy	5	30	\N	\N	Szewczyk
138	Piotr	N	d/n	1111111111	1111111111	1111111111	2015	t	d/n	d/n	Nie wiem	n/a	Nie dotyczy	29	30	\N	\N	Szota
139	Przemysław	N	T	1111111111	1111111111	1111111111	2014	f	W	d/n	Nie wiem	n/a	Nie dotyczy	2	30	19	\N	Jankowski
140	Richard	N	d/n	1111111111	1111111111	1111111111	2015	f	d/n	d/n	Nie wiem	n/a	Nie dotyczy	1	30	\N	\N	Staryszak
141	Robert	N	d/n	1111111111	1111111111	1111111111	2023	f	d/n	d/n	Nie wiem	n/a	Nie dotyczy	5	30	\N	\N	Ścieszka
143	Sandra	A	T	2024	5	17	2023	t	C	other	Sander	n/a	Nie dotyczy	9	30	29	\N	Chandzlik
38	Camilla	M	T	1111111111	1111111111	1111111111	2014	f	W	other	Cami	n/a	Nie dotyczy	31	30	158	\N	Schindler
151	Urszula	N	T	1111111111	1111111111	1111111111	2009	t	W	d/n	Nie wiem	n/a	Nie dotyczy	29	30	157	\N	Kasprzyk
145	Stanisław	N	d/n	1111111111	1111111111	1111111111	1111111111	f	d/n	d/n	Nie wiem	n/a	Nie dotyczy	5	30	96	\N	Stokłosa
146	Stefan	N	T	1111111111	1111111111	1111111111	2013	f	W	other	Stefan Pierwszy Płaszcz Gondoru	n/a	Nie dotyczy	6	30	19	\N	Bocheński
147	Szymon	N	d/n	1111111111	1111111111	1111111111	2015	t	d/n	other	Lewe Jądro w Ciemności	n/a	Nie dotyczy	5	30	96	\N	Stankiewicz
149	Tomasz Andrzej	N	T	1111111111	1111111111	1111111111	2013	t	W	other	Potomek	n/a	Nie dotyczy	29	30	19	\N	Cieciora
150	Tomasz	A	T	1111111111	1111111111	1111111111	2014	f	W	other	Sigurd	n/a	Nie dotyczy	6	30	128	\N	Krok
152	Wacław	N	T	1111111111	1111111111	1111111111	2014	f	W	d/n	Nie wiem	n/a	Nie dotyczy	29	30	97	\N	Chmiel
153	Wawrzyniec	N	T	1111111111	1111111111	1111111111	2011	f	W	other	Wawrzyn	n/a	Nie dotyczy	12	30	19	\N	Ordziniak
95	Maciej	N	T	1111111111	1111111111	1111111111	2015	t	W	other	Dzidzia	n/a	Nie dotyczy	1	30	133	\N	Małecki
155	Wiktor	N	T	2019	11	22	2019	f	W	other	Prawnik	n/a	Nie dotyczy	2	30	113	\N	Sobol
156	Wiktoria	N	d/n	1111111111	1111111111	1111111111	1111111111	f	d/n	d/n	Nie wiem	n/a	Nie dotyczy	6	30	\N	\N	Kałka
157	Zdzisław	N	d/n	1111111111	1111111111	1111111111	2009	t	H	other	Profesor	n/a	Nie dotyczy	11	30	\N	\N	Gajda
154	Weronika	N	T	1111111111	1111111111	1111111111	1111111111	f	W	other	Manista	n/a	Nie dotyczy	29	30	148	\N	Manista
158	Zofia	N	T	1111111111	1111111111	1111111111	2011	f	W	other	Estel	n/a	Nie dotyczy	18	30	158	\N	Krasińska-Krawet
159	Zuzanna	N	T	1111111111	1111111111	1111111111	2017	f	W	other	Rana	n/a	Nie dotyczy	3	30	42	\N	Żmuda
1	Adrianna	A	T	2019	9	27	2018	t	W	other	Adrenalina	other	Chupa Chups	2	30	113	\N	Kapelak
20	Anna	N	T	2016	5	1111111111	2015	t	W	other	Mała Ania	n/a	Nie dotyczy	15	30	118	\N	Pawlicka
111	Michalina	A	T	2024	11	15	2023	f	C	other	Allec	n/a	Nie dotyczy	9	30	159	\N	Kokosińska
114	Michał	N	T	2019	11	22	2019	f	W	other	Śnięty Cwel Kasper	n/a	Nie dotyczy	9	30	125	\N	Kasperek
120	Natalia	A	T	2019	5	24	2018	t	W	other	Szynka	n/a	Nie dotyczy	32	30	148	\N	Ciesielska (Olajossy)
121	Natalia	O	T	2022	9	30	2022	f	W	other	Lis	n/a	Nie dotyczy	3	30	130	\N	Lisowska
123	Olga	A	T	2024	11	15	2024	f	C	other	Equus	other	Dajcie mi telefon, mam tam notatki	29	30	159	\N	Wajda
126	Patrycja	N	T	1111111111	1111111111	1111111111	2014	f	W	d/n	Nie wiem	n/a	Nie dotyczy	6	30	158	\N	Malinowska-Majdak
128	Patryk	N	T	1111111111	1111111111	1111111111	2013	f	W	d/n	Nie wiem	n/a	Nie dotyczy	15	30	148	\N	Gujda
134	Paweł	N	T	1111111111	1111111111	1111111111	2009	t	W	d/n	Nie wiem	n/a	Nie dotyczy	29	30	157	\N	Nawrot
148	Tadeusz	N	T	1111111111	1111111111	1111111111	2009	t	H	other	Kumdo	other	Tadek	1	11	157	\N	Hessel
160	Zofia	N	T	1111111111	1111111111	1111111111	2011	f	W	d/n	Nie wiem	n/a	Nie dotyczy	29	30	\N	\N	Krasińska
\.


--
-- Data for Name: czlonkowie_dawnyzarzad; Type: TABLE DATA; Schema: public; Owner: projectuser
--

COPY public.czlonkowie_dawnyzarzad (id, bibendi_id, cantandi_id, kasztelan_id, "kontakt_z_SKNHI_id", "kontakt_z_SSUJ_id", magister_disciplinae_id, skarbnik_id, wielki_mistrz_id) FROM stdin;
\.


--
-- Data for Name: czlonkowie_imieszlacheckie; Type: TABLE DATA; Schema: public; Owner: projectuser
--

COPY public.czlonkowie_imieszlacheckie (id, imie_id) FROM stdin;
1	67
2	102
3	11
4	18
5	47
6	35
7	86
8	108
9	127
\.


--
-- Data for Name: czlonkowie_wielkimistrz; Type: TABLE DATA; Schema: public; Owner: projectuser
--

COPY public.czlonkowie_wielkimistrz (id, kadencja, tadeusz, tytuly, imie_id) FROM stdin;
\.


--
-- Data for Name: czlonkowie_zarzad; Type: TABLE DATA; Schema: public; Owner: projectuser
--

COPY public.czlonkowie_zarzad (id, kadencja, cantandi_id, kasztelan_id, sekretarz_id, skarbnik_id, wielki_mistrz_id) FROM stdin;
1	2011	24	19	142	160	97
2	2011	24	19	142	160	97
3	2012	133	19	142	160	97
4	2013	76	142	146	65	97
5	2014	150	109	129	15	53
6	2015	96	95	128	118	133
7	2016	90	118	89	131	95
8	2017	67	154	159	122	41
9	2018	25	113	159	30	41
12	2020	5	5	5	5	5
11	2021	110	155	64	25	30
10	2021	110	155	64	25	30
13	2022	110	109	121	25	64
15	2025	5	5	5	5	5
14	2024	31	29	102	107	116
\.


--
-- Data for Name: czlonkowie_zwierzeczapkowe; Type: TABLE DATA; Schema: public; Owner: projectuser
--

COPY public.czlonkowie_zwierzeczapkowe (id, zwierze, czlonek_id, wyjasnienie) FROM stdin;
1	Ptak	3	z łaciny
2	Pszczoła	15	z francuskiego
4	Guziec	76	
5	Koń	97	
6	Kot	105	z łaciny
3	Smok	19	z angielskiego
8	Koala	118	
9	Lis	121	
7	Koń	123	z łaciny
10	Kot	125	z francuskiego
11	Koza	130	
12	Sander	143	inaczej sandacz
13	Żaba	159	
\.


--
-- Data for Name: django_admin_log; Type: TABLE DATA; Schema: public; Owner: projectuser
--

COPY public.django_admin_log (id, action_time, object_id, object_repr, action_flag, change_message, content_type_id, user_id) FROM stdin;
1	2025-04-28 12:59:51.476989+02	1	UJ_bordowa	1	[{"added": {}}]	8	1
2	2025-04-28 13:00:31.084287+02	2	UJ_czarna	1	[{"added": {}}]	8	1
3	2025-04-28 13:00:41.399702+02	3	UJ_brązowa	1	[{"added": {}}]	8	1
4	2025-04-28 13:00:48.883405+02	4	UJ_ecru	1	[{"added": {}}]	8	1
5	2025-04-28 13:00:57.718571+02	5	UJ_fioletowa	1	[{"added": {}}]	8	1
6	2025-04-28 13:01:05.875742+02	6	UJ_granatowa	1	[{"added": {}}]	8	1
7	2025-04-28 13:01:13.625687+02	7	UJ_karminowa	1	[{"added": {}}]	8	1
8	2025-04-28 13:01:31.804112+02	8	UJ_fioletowa z niebieskim otokiem	1	[{"added": {}}]	8	1
9	2025-04-28 13:01:56.58182+02	9	UJ_granatowa z niebieskim otokiem	1	[{"added": {}}]	8	1
10	2025-04-28 13:02:08.536094+02	10	UJ_niebieska	1	[{"added": {}}]	8	1
11	2025-04-28 13:02:21.547535+02	11	UJ_pomarańczowa	1	[{"added": {}}]	8	1
12	2025-04-28 13:02:29.522891+02	12	UJ_srebrna	1	[{"added": {}}]	8	1
13	2025-04-28 13:02:41.122624+02	13	UJ_szmaragdowa	1	[{"added": {}}]	8	1
14	2025-04-28 13:04:55.789985+02	14	d/n_zielona	1	[{"added": {}}]	8	1
15	2025-04-28 13:05:07.371615+02	15	d/n_niebieska	1	[{"added": {}}]	8	1
16	2025-04-28 13:05:25.709909+02	16	UJ_bordowa z zielonym otokiem	1	[{"added": {}}]	8	1
17	2025-04-28 13:05:52.952958+02	17	UJ_fioletowa z zielonym otokiem	1	[{"added": {}}]	8	1
18	2025-04-28 13:06:04.580338+02	18	UJ_żółta	1	[{"added": {}}]	8	1
19	2025-04-28 13:34:23.743046+02	19	chUJ_czerwony	1	[{"added": {}}]	8	1
20	2025-04-28 13:34:52.681278+02	19	chUJ_czerwony	3		8	1
21	2025-04-28 13:37:44.757881+02	15	XXX_niebieska	2	[{"changed": {"fields": ["Uczelnia"]}}]	8	1
22	2025-04-28 13:37:54.684445+02	14	XXX_zielona	2	[{"changed": {"fields": ["Uczelnia"]}}]	8	1
23	2025-04-28 21:56:35.805654+02	20	AGH_zielony_PG	1	[{"added": {}}]	8	1
24	2025-04-28 21:56:50.068821+02	21	AGH_czerwony_PH	1	[{"added": {}}]	8	1
25	2025-04-28 21:57:15.987185+02	22	AGH_niebieski_PG	1	[{"added": {}}]	8	1
26	2025-04-28 21:57:48.622735+02	23	PK_granatowa_WA	1	[{"added": {}}]	8	1
27	2025-04-28 21:58:05.736963+02	24	PK_czerwona_WM	1	[{"added": {}}]	8	1
28	2025-04-28 21:58:19.963898+02	25	PK_czarna_WIL	1	[{"added": {}}]	8	1
29	2025-04-28 21:58:50.617149+02	26	UW_biała z amarantowym otokiem_UW	1	[{"added": {}}]	8	1
30	2025-04-28 21:59:25.86602+02	27	UŚ_granatowa_US	1	[{"added": {}}]	8	1
31	2025-04-28 22:00:04.520993+02	28	UP_L_szmaragdowa_UP_L	1	[{"added": {}}]	8	1
32	2025-04-28 22:02:03.052631+02	25	PK_granatowa z czarnym otokiem_WIL	2	[{"changed": {"fields": ["Kolor"]}}]	8	1
33	2025-04-28 22:02:23.686163+02	24	PK_granatowa z czerwonym otokiem_WM	2	[{"changed": {"fields": ["Kolor"]}}]	8	1
34	2025-04-28 22:02:31.285715+02	24	PK_granatowa z czerwonym otokiem_WM	2	[]	8	1
35	2025-04-28 22:02:58.348281+02	23	PK_granatowa_WA	2	[]	8	1
36	2025-04-28 22:03:40.409762+02	22	AGH_czarna z niebieskim otokiem_PG	2	[{"changed": {"fields": ["Kolor"]}}]	8	1
37	2025-04-28 22:04:01.561785+02	21	AGH_czarna z czerwonym otokiem_PH	2	[{"changed": {"fields": ["Kolor"]}}]	8	1
38	2025-04-28 22:04:16.132355+02	20	AGH_czarna z zielonym otokiem_PG	2	[{"changed": {"fields": ["Kolor"]}}]	8	1
39	2025-04-28 22:04:33.778488+02	18	UJ_żółta_WChUJ	2	[{"changed": {"fields": ["Wydzia\\u0142"]}}]	8	1
40	2025-04-28 22:04:42.539669+02	17	UJ_fioletowa z zielonym otokiem_SMP	2	[{"changed": {"fields": ["Wydzia\\u0142"]}}]	8	1
41	2025-04-28 22:05:33.6348+02	16	UJ_bordowa z zielonym otokiem_WNoZ	2	[{"changed": {"fields": ["Wydzia\\u0142"]}}]	8	1
42	2025-04-28 22:05:43.842089+02	15	UJ_niebieska_XXX	2	[{"changed": {"fields": ["Uczelnia"]}}]	8	1
43	2025-04-28 22:06:01.485235+02	15	UJ_niebieska_WHist	2	[{"changed": {"fields": ["Wydzia\\u0142"]}}]	8	1
44	2025-04-28 22:06:22.653076+02	14	XXX_zielona_XXX	3		8	1
45	2025-04-28 22:06:35.162304+02	10	UJ_niebieska_XXX	3		8	1
46	2025-04-28 22:06:49.577708+02	13	UJ_szmaragdowa_WGiG	2	[{"changed": {"fields": ["Wydzia\\u0142"]}}]	8	1
47	2025-04-28 22:07:12.552993+02	12	UJ_popielata_WFiloz	2	[{"changed": {"fields": ["Wydzia\\u0142", "Kolor"]}}]	8	1
48	2025-04-28 22:08:44.676236+02	11	UJ_pomarańczowa_Honorowa	2	[{"changed": {"fields": ["Wydzia\\u0142"]}}]	8	1
49	2025-04-28 22:08:57.631583+02	9	UJ_granatowa z niebieskim otokiem_WPol	2	[{"changed": {"fields": ["Wydzia\\u0142"]}}]	8	1
50	2025-04-28 22:09:06.504755+02	8	UJ_fioletowa z niebieskim otokiem_WMiI	2	[{"changed": {"fields": ["Wydzia\\u0142"]}}]	8	1
51	2025-04-28 22:09:18.364383+02	7	UJ_karminowa_WSMiP	2	[{"changed": {"fields": ["Wydzia\\u0142"]}}]	8	1
52	2025-04-28 22:09:53.177071+02	6	UJ_granatowa_WFilol	2	[{"changed": {"fields": ["Wydzia\\u0142"]}}]	8	1
53	2025-04-28 22:10:02.876428+02	5	UJ_fioletowa_WFAiIS	2	[{"changed": {"fields": ["Wydzia\\u0142"]}}]	8	1
54	2025-04-28 22:10:11.260943+02	4	UJ_ecru_WBBiB	2	[{"changed": {"fields": ["Wydzia\\u0142"]}}]	8	1
55	2025-04-28 22:10:22.218395+02	3	UJ_brązowa_WZiKS	2	[{"changed": {"fields": ["Wydzia\\u0142"]}}]	8	1
56	2025-04-28 22:10:26.791548+02	2	UJ_czarna_WPiA	2	[{"changed": {"fields": ["Wydzia\\u0142"]}}]	8	1
57	2025-04-28 22:10:35.280457+02	1	UJ_bordowa_CMUJ	2	[{"changed": {"fields": ["Wydzia\\u0142"]}}]	8	1
58	2025-04-28 22:28:26.249105+02	29	XXX_Nie wiem_XXX	1	[{"added": {}}]	8	1
59	2025-04-28 22:28:44.603078+02	30	n/a_Nie dotyczy_n/a	1	[{"added": {}}]	8	1
60	2025-04-28 22:49:20.328579+02	1	Adrianna"Adrenalina/Chupa Chups"Kapelak	1	[{"added": {}}]	7	1
61	2025-04-28 22:59:57.720252+02	2	Agata Grochowina	1	[{"added": {}}]	7	1
62	2025-04-28 23:01:07.089083+02	2	Agata Grochowina	2	[{"changed": {"fields": ["Wpisz imi\\u0119 czapkowe:"]}}]	7	1
63	2025-04-28 23:02:35.352686+02	3	Agnieszka "Avis" Albrychiewicz	1	[{"added": {}}]	7	1
64	2025-04-29 11:43:09.353263+02	4	Nie wiem	1	[{"added": {}}]	7	1
65	2025-04-29 11:44:37.421609+02	5	Nie dotyczy	1	[{"added": {}}]	7	1
66	2025-04-29 14:00:07.844942+02	6	Asia Asia	1	[{"added": {}}]	7	1
67	2025-04-29 14:02:06.695215+02	6	Asia Asia	2	[{"changed": {"fields": ["Ochrzczony?", "Rok chrztu"]}}]	7	1
68	2025-04-29 14:05:35.619674+02	6	Asia Asia	2	[]	7	1
69	2025-04-29 14:05:52.728451+02	6	Asia Asia	2	[{"changed": {"fields": ["Ochrzczony?"]}}]	7	1
70	2025-04-29 14:06:38.4155+02	6	Asia Asia	2	[]	7	1
71	2025-04-29 14:06:51.649465+02	6	Asia Asia	2	[{"changed": {"fields": ["Ochrzczony?"]}}]	7	1
72	2025-04-29 14:08:08.198858+02	6	Asia Asia	2	[{"changed": {"fields": ["Ochrzczony?"]}}]	7	1
73	2025-04-29 14:09:42.872462+02	6	Asia Asia	2	[{"changed": {"fields": ["Ochrzczony?"]}}]	7	1
74	2025-04-29 14:10:31.690588+02	6	Asia Asia	2	[]	7	1
75	2025-04-29 14:10:52.026042+02	6	Asia Asia	2	[]	7	1
76	2025-04-29 14:10:58.47315+02	6	Asia Asia	2	[{"changed": {"fields": ["Ochrzczony?"]}}]	7	1
77	2025-04-29 14:13:17.190494+02	6	Asia Asia	2	[{"changed": {"fields": ["Ochrzczony?"]}}]	7	1
78	2025-04-29 14:13:32.192742+02	6	Asia Asia	2	[{"changed": {"fields": ["Ochrzczony?"]}}]	7	1
79	2025-04-29 14:23:27.455969+02	6	Asia Asia	2	[]	7	1
80	2025-04-29 14:23:55.892038+02	6	Asia Asia	2	[{"changed": {"fields": ["Rok chrztu"]}}]	7	1
81	2025-04-29 14:24:14.236222+02	6	Asia Asia	2	[{"changed": {"fields": ["Ochrzczony?"]}}]	7	1
82	2025-04-29 14:25:28.932928+02	6	Asia Asia	2	[{"changed": {"fields": ["Ochrzczony?"]}}]	7	1
83	2025-04-29 14:26:13.060714+02	6	Asia Asia	2	[]	7	1
84	2025-04-29 14:27:03.543588+02	6	Asia Asia	2	[]	7	1
85	2025-04-29 14:27:51.599313+02	6	Asia Asia	2	[]	7	1
86	2025-04-29 14:28:20.588016+02	6	Asia Asia	2	[]	7	1
87	2025-04-29 14:30:11.170443+02	6	Asia Asia	2	[{"changed": {"fields": ["Ochrzczony?"]}}]	7	1
88	2025-04-29 14:32:55.275991+02	6	Asia Asia	3		7	1
89	2025-04-29 14:34:08.364001+02	7	A A	1	[{"added": {}}]	7	1
90	2025-04-29 14:34:29.216067+02	7	A A	3		7	1
91	2025-04-29 14:35:02.626773+02	8	A A	1	[{"added": {}}]	7	1
92	2025-04-29 14:38:16.455879+02	8	A A	3		7	1
93	2025-04-29 14:39:34.301519+02	9	a a	1	[{"added": {}}]	7	1
94	2025-04-29 14:39:54.684644+02	9	a a	2	[{"changed": {"fields": ["Rok chrztu"]}}]	7	1
95	2025-04-29 14:40:37.899261+02	9	a a	2	[{"changed": {"fields": ["Ochrzczony?", "Rok chrztu", "Miesi\\u0105c chrztu"]}}]	7	1
96	2025-04-29 14:42:05.177895+02	9	a a	2	[{"changed": {"fields": ["Ochrzczony?"]}}]	7	1
97	2025-04-29 14:42:20.212278+02	9	a a	2	[{"changed": {"fields": ["Ochrzczony?"]}}]	7	1
98	2025-04-29 14:42:28.120742+02	9	a a	2	[{"changed": {"fields": ["Ochrzczony?"]}}]	7	1
99	2025-04-29 14:43:10.524777+02	9	a a	2	[]	7	1
100	2025-04-29 14:43:18.658488+02	9	a a	2	[{"changed": {"fields": ["Ochrzczony?"]}}]	7	1
101	2025-04-29 14:43:27.833275+02	9	a a	2	[]	7	1
102	2025-04-29 14:43:42.746372+02	10	b b	1	[{"added": {}}]	7	1
103	2025-04-29 14:45:50.918762+02	10	b b	2	[{"changed": {"fields": ["Ochrzczony?"]}}]	7	1
104	2025-04-29 14:45:59.507676+02	10	b b	2	[{"changed": {"fields": ["Ochrzczony?"]}}]	7	1
105	2025-04-29 14:56:26.956156+02	10	b b	2	[{"changed": {"fields": ["Imi\\u0119 czapkowe"]}}]	7	1
106	2025-04-29 14:57:19.237151+02	10	b b	2	[]	7	1
107	2025-04-29 14:57:45.727985+02	10	b b	2	[{"changed": {"fields": ["Imi\\u0119 czapkowe"]}}]	7	1
108	2025-04-29 15:10:22.609769+02	10	Aleksander Wędrychowski	2	[{"changed": {"fields": ["Imi\\u0119", "Nazwisko", "Czapka", "Ochrzczony?", "Rok pojawienia si\\u0119"]}}]	7	1
109	2025-04-29 15:10:34.295372+02	10	Aleksander Wędrychowski	2	[]	7	1
110	2025-04-29 15:11:43.245743+02	11	Aleksandra "Księżniczka" Klekocińska	1	[{"added": {}}]	7	1
111	2025-04-29 15:12:34.075234+02	12	Aleksandra Król	1	[{"added": {}}]	7	1
112	2025-04-29 15:20:32.069782+02	9	a a	3		7	1
113	2025-04-29 15:21:15.063831+02	13	Aleksandra Wagner	1	[{"added": {}}]	7	1
114	2025-04-29 15:21:50.611378+02	14	Alicja Majczak	1	[{"added": {}}]	7	1
115	2025-04-29 15:23:06.704465+02	15	Alicja Waleria "Abeille" Barć	1	[{"added": {}}]	7	1
116	2025-04-29 15:24:25.637892+02	16	Amelia "Emalia" Boufenghour	1	[{"added": {}}]	7	1
117	2025-04-29 15:25:01.756508+02	17	Aneta Galara	1	[{"added": {}}]	7	1
118	2025-04-29 15:26:31.171779+02	18	Anna "Księżniczka" Łopatniuk	1	[{"added": {}}]	7	1
119	2025-04-29 15:27:45.901777+02	19	Anna Maria "Litle dragon/Gestapo" Kuźma	1	[{"added": {}}]	7	1
120	2025-04-29 15:28:43.592336+02	20	Anna "Mała Ania" Pawlicka	1	[{"added": {}}]	7	1
121	2025-04-29 15:29:26.206486+02	21	Anna "Hipster" Stachowiak	1	[{"added": {}}]	7	1
122	2025-04-29 15:30:02.141561+02	22	Anna Wyroba	1	[{"added": {}}]	7	1
123	2025-04-29 15:30:46.62961+02	23	Antoni "Astel" Krzyżanowski	1	[{"added": {}}]	7	1
124	2025-04-29 15:31:45.634632+02	24	Artur "Biba" Biba	1	[{"added": {}}]	7	1
125	2025-04-29 15:32:54.845924+02	25	Artur "Dar Szczecina" Czajkowski	1	[{"added": {}}]	7	1
126	2025-04-29 23:07:50.582152+02	26	Artur Halcarz	1	[{"added": {}}]	7	1
127	2025-04-29 23:14:41.043862+02	27	Artur Miadzielec	1	[{"added": {}}]	7	1
128	2025-04-29 23:17:43.656811+02	28	Artur Szymański	1	[{"added": {}}]	7	1
129	2025-04-29 23:22:39.143674+02	29	Bartłomiej "Nobod" Grzeszykowski	1	[{"added": {}}]	7	1
130	2025-04-30 00:18:41.953339+02	29	Bartłomiej "Nobod" Grzeszykowski	2	[]	7	1
131	2025-04-30 10:19:31.715413+02	30	Bartłomiej "Kucharz" Olajossy	1	[{"added": {}}]	7	1
132	2025-04-30 10:25:04.217088+02	31	Bartosz "Heniek" Hepek	1	[{"added": {}}]	7	1
133	2025-04-30 10:28:05.99771+02	32	Bartosz "Geolog" Maciejewski	1	[{"added": {}}]	7	1
134	2025-04-30 10:47:16.87581+02	33	Bartosz Sieniawski	1	[{"added": {}}]	7	1
135	2025-04-30 10:47:50.408171+02	34	Bartosz Spytkowski	1	[{"added": {}}]	7	1
136	2025-04-30 10:49:14.963172+02	35	Beanus "Poronny Panicz" Perennus	1	[{"added": {}}]	7	1
137	2025-04-30 10:51:30.20207+02	36	Benedykt Mateusz "Benio" Dzięcielski	1	[{"added": {}}]	7	1
138	2025-04-30 10:53:03.368938+02	37	Błażej "Szanciarz" Hałat	1	[{"added": {}}]	7	1
139	2025-04-30 11:01:20.382953+02	31	NIEMCY_niebieska_XXX	1	[{"added": {}}]	8	1
140	2025-04-30 11:02:34.904511+02	38	Camilla "Cami" Schindler	1	[{"added": {}}]	7	1
141	2025-04-30 11:03:23.675296+02	39	Cezary Sołtysik	1	[{"added": {}}]	7	1
142	2025-04-30 11:04:04.17929+02	40	Christine Przybyła-Kowalska	1	[{"added": {}}]	7	1
143	2025-04-30 11:04:55.119772+02	41	Damian "Bandera" Zych	1	[{"added": {}}]	7	1
144	2025-04-30 11:05:39.013125+02	42	Daniel "Deanus" Zgliński	1	[{"added": {}}]	7	1
145	2025-04-30 11:15:11.280536+02	43	Dawid "Bisquit" Wiklik	1	[{"added": {}}]	7	1
146	2025-04-30 11:15:42.322205+02	44	Dominik "Gimli" Ciebiera	1	[{"added": {}}]	7	1
147	2025-04-30 11:16:32.472765+02	45	Dominika Liszka	1	[{"added": {}}]	7	1
148	2025-04-30 11:18:19.955656+02	46	Dominika "Szparag" Szponar	1	[{"added": {}}]	7	1
149	2025-04-30 11:19:28.126278+02	47	Dorota "Waćpanna" Drożyńska	1	[{"added": {}}]	7	1
150	2025-04-30 11:19:47.677949+02	48	Elżbieta Mierzejewska	1	[{"added": {}}]	7	1
151	2025-04-30 11:20:27.081886+02	49	Eryk Królczyk	1	[{"added": {}}]	7	1
152	2025-04-30 11:21:00.760709+02	50	Ewa Smuga-Codutti	1	[{"added": {}}]	7	1
153	2025-04-30 11:21:41.476117+02	51	Gabriela Michalik (Mucha)	1	[{"added": {}}]	7	1
154	2025-04-30 11:27:36.74226+02	52	Gniewko Wawrzyńczak	1	[{"added": {}}]	7	1
155	2025-04-30 11:28:31.313748+02	53	Grażyna "Malina" Malinowska	1	[{"added": {}}]	7	1
156	2025-04-30 11:29:33.377401+02	54	Grzegorz "Dziadek" Dziadek	1	[{"added": {}}]	7	1
157	2025-04-30 11:30:08.506809+02	55	Grzegorz "Cytrynek" Lebedowicz	1	[{"added": {}}]	7	1
158	2025-04-30 11:31:16.075364+02	56	Herman "Stabilizator/Rakieta" Chekurda	1	[{"added": {}}]	7	1
159	2025-04-30 11:31:40.687949+02	57	Jacek Onisk	1	[{"added": {}}]	7	1
160	2025-04-30 11:32:08.289086+02	58	Jakub Bukalski	1	[{"added": {}}]	7	1
161	2025-04-30 11:33:09.097466+02	59	Jakub "Ada z penisem" Kornacki	1	[{"added": {}}]	7	1
162	2025-04-30 11:33:58.905624+02	60	Jakub "Cybuch" Łukasik	1	[{"added": {}}]	7	1
163	2025-04-30 11:34:35.067154+02	61	Jakub Nawrot	1	[{"added": {}}]	7	1
164	2025-04-30 11:35:27.298349+02	62	Joanna "Szysza" Krawczyk	1	[{"added": {}}]	7	1
165	2025-04-30 11:36:42.502043+02	63	Joanna "Aśka" Lorenc	1	[{"added": {}}]	7	1
166	2025-04-30 11:37:47.54997+02	64	John "Jasiek" Graff-Warburton	1	[{"added": {}}]	7	1
167	2025-04-30 11:38:17.899418+02	65	Julia Jurczuk	1	[{"added": {}}]	7	1
168	2025-04-30 11:39:01.800194+02	66	Julia "Spanko" Musiał	1	[{"added": {}}]	7	1
169	2025-04-30 11:39:48.155116+02	67	Kamila "Krwawa Baronessa" Dziewońska (Paisley)	1	[{"added": {}}]	7	1
170	2025-04-30 11:40:25.87057+02	68	Kamila Rozesłaniec	1	[{"added": {}}]	7	1
171	2025-04-30 11:41:09.702561+02	69	Karol Konrad Czekałowski	1	[{"added": {}}]	7	1
172	2025-04-30 11:41:42.324092+02	70	Karol Starowicz	1	[{"added": {}}]	7	1
173	2025-04-30 11:42:07.698075+02	71	Karolina Dzierżawska	1	[{"added": {}}]	7	1
174	2025-04-30 11:43:10.104696+02	72	Karolina "Bezimienna" Kania	1	[{"added": {}}]	7	1
175	2025-04-30 11:43:33.910296+02	73	Karolina Mater	1	[{"added": {}}]	7	1
176	2025-04-30 11:44:13.509692+02	74	Karolina Szklanny	1	[{"added": {}}]	7	1
177	2025-04-30 11:44:36.411362+02	75	Karolina Wielgus	1	[{"added": {}}]	7	1
178	2025-04-30 11:46:18.595969+02	76	Kasper "Pumba" Krawet	1	[{"added": {}}]	7	1
179	2025-04-30 11:47:29.003491+02	77	Katarzyna Marek	1	[{"added": {}}]	7	1
180	2025-04-30 11:48:13.595522+02	78	Katarzyna Ostrowska	1	[{"added": {}}]	7	1
181	2025-04-30 11:48:34.211769+02	79	Katarzyna Smuga	1	[{"added": {}}]	7	1
182	2025-04-30 11:48:51.175347+02	80	Katarzyna Żanowska	1	[{"added": {}}]	7	1
183	2025-04-30 11:49:09.190179+02	81	Kinga Radwan	1	[{"added": {}}]	7	1
184	2025-04-30 11:49:37.116435+02	82	Klaudia Buchalska	1	[{"added": {}}]	7	1
185	2025-04-30 11:51:18.478317+02	83	Kolega Zuzy "Wieża" 	1	[{"added": {}}]	7	1
186	2025-04-30 11:52:13.99641+02	84	Konrad "Benikaza/Peruano" 	1	[{"added": {}}]	7	1
187	2025-04-30 11:52:40.31493+02	85	Konrad Piwowarczyk	1	[{"added": {}}]	7	1
188	2025-04-30 11:53:01.445157+02	84	Konrad "Benikaza/Peruano" 	2	[{"changed": {"fields": ["Rodzic czapkowy"]}}]	7	1
189	2025-04-30 11:53:54.401518+02	86	Krzysztof "Poniatowski" Sadowski	1	[{"added": {}}]	7	1
190	2025-04-30 11:54:17.112503+02	87	Krzysztof Tomczyk	1	[{"added": {}}]	7	1
191	2025-04-30 11:54:55.388957+02	88	Ludwik "El Michał" Janiszewski	1	[{"added": {}}]	7	1
192	2025-04-30 11:55:52.654342+02	89	Łukasz "Ciepły" Ciepły (Lindert)	1	[{"added": {}}]	7	1
193	2025-04-30 11:56:46.658341+02	90	Łukasz "Yoda" Pryk	1	[{"added": {}}]	7	1
194	2025-04-30 11:57:25.223062+02	91	Ma Rysia	1	[{"added": {}}]	7	1
195	2025-04-30 11:57:54.971501+02	92	Maciej Hyla	1	[{"added": {}}]	7	1
196	2025-04-30 11:58:22.852422+02	93	Maciej Krzyżanek	1	[{"added": {}}]	7	1
197	2025-04-30 11:59:21.910079+02	94	Maciej "Mmm..." Lisowski	1	[{"added": {}}]	7	1
198	2025-04-30 12:00:05.93761+02	95	Maciej "Dzidzia" Małecki	1	[{"added": {}}]	7	1
199	2025-04-30 12:01:05.68874+02	96	Maciej "Solon jak ten grek" Solon	1	[{"added": {}}]	7	1
200	2025-04-30 12:01:55.263313+02	97	Magdalena "Kasztanka" Brilha	1	[{"added": {}}]	7	1
201	2025-04-30 12:03:08.292053+02	98	Maksymilian "Max" Depa	1	[{"added": {}}]	7	1
202	2025-04-30 12:04:06.44723+02	99	Małgorzata Głuszek	1	[{"added": {}}]	7	1
203	2025-04-30 12:04:29.86549+02	100	Małgorzata Lurzyńska	1	[{"added": {}}]	7	1
204	2025-04-30 12:05:11.819949+02	101	Małgorzata Żurek	1	[{"added": {}}]	7	1
205	2025-04-30 14:15:47.477203+02	102	Marceli "Księciunio" Mart-Łakomy	1	[{"added": {}}]	7	1
206	2025-04-30 14:17:01.368628+02	103	Marcin "Martinus" Loch	1	[{"added": {}}]	7	1
207	2025-04-30 14:28:33.92139+02	1	Krwawa Baronessa - Kamila Dziewońska (Paisley)	1	[{"added": {}}]	9	1
208	2025-04-30 14:29:46.661408+02	2	"Księciunio" - Marceli Mart-Łakomy	1	[{"added": {}}]	9	1
209	2025-04-30 14:29:53.61787+02	3	"Księżniczka" - Aleksandra Klekocińska	1	[{"added": {}}]	9	1
210	2025-04-30 14:30:01.00657+02	4	"Księżniczka" - Anna Łopatniuk	1	[{"added": {}}]	9	1
211	2025-04-30 14:30:56.1379+02	5	"Waćpanna" - Dorota Drożyńska	1	[{"added": {}}]	9	1
212	2025-04-30 14:34:06.225816+02	6	"Poronny Panicz" - Beanus Perennus	1	[{"added": {}}]	9	1
213	2025-04-30 14:34:40.342358+02	7	"Poniatowski" - Krzysztof Sadowski	1	[{"added": {}}]	9	1
214	2025-04-30 14:44:06.599884+02	104	Maria "Rysia" Babiuch	1	[{"added": {}}]	7	1
215	2025-04-30 14:45:02.832643+02	105	Maria "Felis" Turakiewicz	1	[{"added": {}}]	7	1
216	2025-04-30 14:45:43.578866+02	106	Marta Toumia	1	[{"added": {}}]	7	1
217	2025-04-30 14:46:48.852951+02	107	Martyna "Bober" Kubiak	1	[{"added": {}}]	7	1
218	2025-04-30 14:48:10.087577+02	108	Mateusz "Sułtan" Sułek	1	[{"added": {}}]	7	1
219	2025-04-30 14:48:19.64116+02	8	"Sułtan" - Mateusz Sułek	1	[{"added": {}}]	9	1
220	2025-04-30 14:50:16.238691+02	109	Mateusz "Jezus" Tomczyk	1	[{"added": {}}]	7	1
221	2025-04-30 14:51:34.812461+02	110	Mateusz "Kotlet" Żurek	1	[{"added": {}}]	7	1
222	2025-04-30 14:53:33.181066+02	111	Michalina "Equus" Kokosińska	1	[{"added": {}}]	7	1
223	2025-04-30 15:08:17.311771+02	1	"Avis" - Ptak	1	[{"added": {}}]	10	1
224	2025-04-30 15:08:50.506032+02	1	"Avis" - Ptak (z łaciny)	2	[{"changed": {"fields": ["Zwierz\\u0119"]}}]	10	1
225	2025-04-30 15:12:27.608588+02	1	"Avis" - Ptak (z łaciny)	2	[{"changed": {"fields": ["Zwierz\\u0119", "Wyja\\u015bnienie (opcjonalne)"]}}]	10	1
226	2025-04-30 15:15:55.081471+02	2	"Abeille" - Pszczoła (z francuskiego)	1	[{"added": {}}]	10	1
227	2025-04-30 15:16:49.881832+02	3	"Litle dragon" - Smok (z angielskiego)	1	[{"added": {}}]	10	1
228	2025-04-30 15:18:47.96962+02	4	"Pumba" - Guziec	1	[{"added": {}}]	10	1
229	2025-04-30 15:19:51.783113+02	5	"Kasztanka" - Koń	1	[{"added": {}}]	10	1
230	2025-04-30 15:20:34.869387+02	6	"Felis" - Kot (z łaciny)	1	[{"added": {}}]	10	1
231	2025-04-30 15:20:48.696252+02	3	"Litle dragon" - Smok (z angielskiego)	2	[]	10	1
232	2025-04-30 15:22:45.592392+02	7	"Equus" - Koń (z łaciny)	1	[{"added": {}}]	10	1
233	2025-04-30 15:23:42.667779+02	111	Michalina "Equus" Kokosińska	2	[]	7	1
234	2025-04-30 18:02:28.844346+02	112	Michał Boryka	1	[{"added": {}}]	7	1
235	2025-04-30 18:14:52.850309+02	113	Michał "I Sekretarz PZPR towarzysz Władysław Gomułka, ps. Wiesław/Gomuł" Gumułka	1	[{"added": {}}]	7	1
236	2025-04-30 18:16:57.433464+02	114	Michał "Śnięty Cwel Kasper" Kasperek	1	[{"added": {}}]	7	1
237	2025-04-30 18:17:30.236529+02	115	Michał Lenik	1	[{"added": {}}]	7	1
238	2025-04-30 18:17:46.136341+02	115	Michał Lenik	2	[]	7	1
239	2025-04-30 18:23:19.024752+02	116	Michał "Cukier/Małolata" Malata	1	[{"added": {}}]	7	1
240	2025-04-30 18:24:32.3783+02	117	Monika "Monia" Góralik	1	[{"added": {}}]	7	1
241	2025-04-30 18:25:28.347453+02	118	Monika "Koala" Kwater-Boryka	1	[{"added": {}}]	7	1
242	2025-04-30 18:25:42.514407+02	8	"Koala" - Koala	1	[{"added": {}}]	10	1
243	2025-04-30 18:26:14.544925+02	119	Monika Stępień	1	[{"added": {}}]	7	1
244	2025-04-30 18:30:12.665452+02	32	UEK_zielona z bordowym otokiem_UEK	1	[{"added": {}}]	8	1
245	2025-04-30 18:30:56.329848+02	22	AGH_czarna z niebieskim otokiem_PG	2	[]	8	1
246	2025-04-30 18:31:33.810807+02	22	AGH_czarna z niebieskim otokiem_Inne	2	[{"changed": {"fields": ["Wydzia\\u0142"]}}]	8	1
247	2025-04-30 18:32:58.694297+02	120	Natalia "Szynka" Ciesielska (Olajossy)	1	[{"added": {}}]	7	1
248	2025-04-30 18:33:54.734755+02	121	Natalia "Lis" Lisowska	1	[{"added": {}}]	7	1
249	2025-04-30 18:34:08.431707+02	9	"Lis" - Lis	1	[{"added": {}}]	10	1
250	2025-04-30 18:34:45.655887+02	122	Natalia Stachura	1	[{"added": {}}]	7	1
251	2025-04-30 18:42:34.25873+02	123	Olga "Equus" Wajda	1	[{"added": {}}]	7	1
252	2025-04-30 18:43:07.447634+02	111	Michalina "Allec" Kokosińska	2	[{"changed": {"fields": ["Wpisz imi\\u0119 czapkowe:"]}}]	7	1
253	2025-04-30 18:43:21.787154+02	7	"Equus" - Koń (z łaciny)	2	[{"changed": {"fields": ["Cz\\u0142onek"]}}]	10	1
254	2025-04-30 18:43:26.77632+02	7	"Equus" - Koń (z łaciny)	2	[]	10	1
255	2025-04-30 18:45:32.581642+02	123	Olga "Equus/Dajcie mi telefon, mam tam notatki" Wajda	2	[{"changed": {"fields": ["Inne imi\\u0119 czapkowe", "Wpisz inne imi\\u0119 czapkowe:"]}}]	7	1
256	2025-04-30 18:47:06.765357+02	124	Pamela Anna Drozd	1	[{"added": {}}]	7	1
257	2025-04-30 18:48:09.056671+02	125	Patrycja "Chate" Karauda	1	[{"added": {}}]	7	1
258	2025-04-30 18:50:31.057002+02	125	Patrycja "Chat" Karauda	2	[{"changed": {"fields": ["Wpisz imi\\u0119 czapkowe:"]}}]	7	1
259	2025-04-30 18:51:26.834144+02	10	"Chat" - Kot (z francuskiego)	1	[{"added": {}}]	10	1
260	2025-04-30 18:53:29.373777+02	126	Patrycja Malinowska-Majdak	1	[{"added": {}}]	7	1
261	2025-04-30 18:54:41.353674+02	127	Patrycja "Hrabina" Szaniawska	1	[{"added": {}}]	7	1
262	2025-04-30 18:54:50.687304+02	9	"Hrabina" - Patrycja Szaniawska	1	[{"added": {}}]	9	1
263	2025-04-30 18:59:40.911479+02	128	Patryk Gujda	1	[{"added": {}}]	7	1
264	2025-04-30 19:00:17.88999+02	129	Paula Dybowska	1	[{"added": {}}]	7	1
265	2025-04-30 19:05:21.180894+02	130	Paulina "Koziołek" Kozioł	1	[{"added": {}}]	7	1
266	2025-04-30 19:06:38.515597+02	131	Paulina Tomżyńska	1	[{"added": {}}]	7	1
267	2025-04-30 19:07:13.503846+02	132	Paweł Grzegorczyk	1	[{"added": {}}]	7	1
268	2025-04-30 19:08:09.959172+02	133	Paweł "Synek" Mucha	1	[{"added": {}}]	7	1
269	2025-04-30 19:16:00.085659+02	11	"Koziołek" - Koza	1	[{"added": {}}]	10	1
270	2025-04-30 19:17:04.005366+02	134	Paweł Nawrot	1	[{"added": {}}]	7	1
271	2025-04-30 19:17:18.817675+02	134	Paweł Nawrot	2	[]	7	1
272	2025-04-30 19:17:46.073655+02	135	Piotr Bulica	1	[{"added": {}}]	7	1
273	2025-04-30 19:18:38.089719+02	136	Piotr "Cieplejszy" Litwin	1	[{"added": {}}]	7	1
274	2025-04-30 19:19:05.050233+02	137	Piotr Szewczyk	1	[{"added": {}}]	7	1
275	2025-04-30 19:19:27.427669+02	138	Piotr Szota	1	[{"added": {}}]	7	1
276	2025-04-30 19:20:08.103245+02	139	Przemysław Jankowski	1	[{"added": {}}]	7	1
277	2025-04-30 19:20:31.740332+02	140	Richard Staryszak	1	[{"added": {}}]	7	1
278	2025-04-30 19:21:05.079267+02	141	Robert Ścieszka	1	[{"added": {}}]	7	1
279	2025-04-30 19:21:39.320964+02	142	Roksana Kidawa	1	[{"added": {}}]	7	1
280	2025-04-30 19:24:31.406429+02	143	Sandra "Sander" Chandzlik	1	[{"added": {}}]	7	1
281	2025-04-30 19:24:53.373912+02	12	"Sander" - Sander (inaczej sandacz)	1	[{"added": {}}]	10	1
282	2025-04-30 19:27:07.019518+02	144	Sebastian Stala	1	[{"added": {}}]	7	1
283	2025-04-30 19:28:04.660815+02	144	Sebastian "Dżdżysław" Stala	2	[{"changed": {"fields": ["Wpisz imi\\u0119 czapkowe:"]}}]	7	1
284	2025-04-30 19:28:42.387687+02	144	Sebastian "Dżdżysław" Stala	2	[]	7	1
285	2025-04-30 19:29:27.413402+02	145	Stanisław Stokłosa	1	[{"added": {}}]	7	1
286	2025-04-30 19:30:09.874533+02	146	Stefan "Stefan Pierwszy Płaszcz Gondoru" Bocheński	1	[{"added": {}}]	7	1
287	2025-04-30 19:30:57.878174+02	147	Szymon "Lewe Jądro w Ciemności" Stankiewicz	1	[{"added": {}}]	7	1
288	2025-04-30 19:31:40.724202+02	148	Tadeusz "Kumdo" Hessel	1	[{"added": {}}]	7	1
289	2025-04-30 19:32:31.922304+02	149	Tomasz Andrzej "Potomek" Cieciora	1	[{"added": {}}]	7	1
290	2025-04-30 19:33:17.862864+02	150	Tomasz "Sigurd" Krok	1	[{"added": {}}]	7	1
291	2025-04-30 19:33:42.540607+02	151	Urszula Kasprzyk	1	[{"added": {}}]	7	1
292	2025-04-30 19:34:12.670836+02	152	Wacław Chmiel	1	[{"added": {}}]	7	1
293	2025-04-30 19:35:01.21855+02	153	Wawrzyniec "Wawrzyn" Ordziniak	1	[{"added": {}}]	7	1
294	2025-04-30 19:37:46.233619+02	148	Tadeusz "Kumdo/Tadek" Hessel	2	[{"changed": {"fields": ["Wpisz inne imi\\u0119 czapkowe:"]}}]	7	1
295	2025-04-30 19:37:50.314908+02	154	Weronika "Manista" Manista	1	[{"added": {}}]	7	1
296	2025-04-30 19:38:55.767574+02	155	Wiktor "Prawnik" Sobol	1	[{"added": {}}]	7	1
297	2025-04-30 19:39:13.479471+02	156	Wiktoria Kałka	1	[{"added": {}}]	7	1
298	2025-04-30 19:39:57.894632+02	157	Zdzisław "Profesor" Gajda	1	[{"added": {}}]	7	1
299	2025-04-30 19:40:07.47401+02	148	Tadeusz "Kumdo/Tadek" Hessel	2	[{"changed": {"fields": ["Status"]}}]	7	1
300	2025-04-30 19:42:20.679312+02	158	Zofia "Estel" Krasińska-Krawet	1	[{"added": {}}]	7	1
301	2025-04-30 19:42:37.199824+02	158	Zofia "Estel" Krasińska-Krawet	2	[{"changed": {"fields": ["Rodzic czapkowy"]}}]	7	1
302	2025-04-30 19:43:47.275842+02	159	Zuzanna "Rana" Żmuda	1	[{"added": {}}]	7	1
303	2025-04-30 19:44:02.35618+02	13	"Rana" - Żaba	1	[{"added": {}}]	10	1
304	2025-04-30 19:45:20.54242+02	1	Adrianna "Adrenalina/Chupa Chups" Kapelak	2	[{"changed": {"fields": ["Rodzic czapkowy"]}}]	7	1
305	2025-04-30 19:46:10.908983+02	3	Agnieszka "Avis" Albrychiewicz	2	[{"changed": {"fields": ["Rok chrztu", "Miesi\\u0105c chrztu", "Dzie\\u0144 chrztu", "Rodzic czapkowy"]}}]	7	1
306	2025-04-30 19:46:29.664957+02	11	Aleksandra "Księżniczka" Klekocińska	2	[{"changed": {"fields": ["Rodzic czapkowy"]}}]	7	1
307	2025-04-30 19:46:57.517151+02	15	Alicja Waleria "Abeille" Barć	2	[{"changed": {"fields": ["Rodzic czapkowy"]}}]	7	1
308	2025-04-30 19:47:07.727087+02	16	Amelia "Emalia" Boufenghour	2	[{"changed": {"fields": ["Rodzic czapkowy"]}}]	7	1
309	2025-04-30 19:47:22.524194+02	17	Aneta Galara	2	[{"changed": {"fields": ["Rodzic czapkowy"]}}]	7	1
310	2025-04-30 19:47:35.367373+02	19	Anna Maria "Litle dragon/Gestapo" Kuźma	2	[{"changed": {"fields": ["Rodzic czapkowy"]}}]	7	1
311	2025-04-30 19:48:05.904527+02	20	Anna "Mała Ania" Pawlicka	2	[{"changed": {"fields": ["Rodzic czapkowy"]}}]	7	1
312	2025-04-30 19:48:17.195678+02	21	Anna "Hipster" Stachowiak	2	[{"changed": {"fields": ["Rodzic czapkowy"]}}]	7	1
313	2025-04-30 19:48:30.205557+02	23	Antoni "Astel" Krzyżanowski	2	[{"changed": {"fields": ["Rodzic czapkowy"]}}]	7	1
314	2025-04-30 19:48:41.484273+02	24	Artur "Biba" Biba	2	[{"changed": {"fields": ["Rodzic czapkowy"]}}]	7	1
315	2025-04-30 19:48:55.34894+02	25	Artur "Dar Szczecina" Czajkowski	2	[{"changed": {"fields": ["Rodzic czapkowy"]}}]	7	1
316	2025-04-30 19:49:06.038222+02	26	Artur Halcarz	2	[]	7	1
317	2025-04-30 19:49:18.420929+02	27	Artur Miadzielec	2	[{"changed": {"fields": ["Rodzic czapkowy"]}}]	7	1
318	2025-04-30 19:49:28.671061+02	29	Bartłomiej "Nobod" Grzeszykowski	2	[{"changed": {"fields": ["Rodzic czapkowy"]}}]	7	1
319	2025-04-30 19:50:11.918958+02	30	Bartłomiej "Kucharz" Olajossy	2	[{"changed": {"fields": ["Rodzic czapkowy", "Drugi rodzic czapkowy"]}}]	7	1
320	2025-04-30 19:50:20.359988+02	31	Bartosz "Heniek" Hepek	2	[]	7	1
321	2025-04-30 19:50:30.969472+02	32	Bartosz "Geolog" Maciejewski	2	[{"changed": {"fields": ["Rodzic czapkowy"]}}]	7	1
322	2025-04-30 19:50:45.725114+02	35	Beanus "Poronny Panicz" Perennus	2	[{"changed": {"fields": ["Rodzic czapkowy"]}}]	7	1
323	2025-04-30 19:50:54.19047+02	36	Benedykt Mateusz "Benio" Dzięcielski	2	[{"changed": {"fields": ["Rodzic czapkowy"]}}]	7	1
324	2025-04-30 19:51:12.473489+02	37	Błażej "Szanciarz" Hałat	2	[{"changed": {"fields": ["Rodzic czapkowy"]}}]	7	1
325	2025-04-30 19:51:26.510587+02	38	Camilla "Cami" Schindler	2	[{"changed": {"fields": ["Rodzic czapkowy"]}}]	7	1
326	2025-04-30 19:51:36.052587+02	39	Cezary Sołtysik	2	[{"changed": {"fields": ["Rodzic czapkowy"]}}]	7	1
327	2025-04-30 19:51:52.72464+02	41	Damian "Bandera" Zych	2	[{"changed": {"fields": ["Rodzic czapkowy"]}}]	7	1
328	2025-04-30 19:52:05.356743+02	42	Daniel "Deanus" Zgliński	2	[{"changed": {"fields": ["Rodzic czapkowy"]}}]	7	1
329	2025-04-30 19:52:28.843553+02	43	Dawid "Bisquit" Wiklik	2	[{"changed": {"fields": ["Rodzic czapkowy"]}}]	7	1
330	2025-04-30 19:52:39.325229+02	44	Dominik "Gimli" Ciebiera	2	[{"changed": {"fields": ["Rodzic czapkowy"]}}]	7	1
331	2025-04-30 19:52:49.246179+02	46	Dominika "Szparag" Szponar	2	[]	7	1
332	2025-04-30 19:53:11.013953+02	51	Gabriela Michalik (Mucha)	2	[{"changed": {"fields": ["Rodzic czapkowy", "Drugi rodzic czapkowy"]}}]	7	1
333	2025-04-30 19:53:25.931657+02	54	Grzegorz "Dziadek" Dziadek	2	[{"changed": {"fields": ["Rodzic czapkowy"]}}]	7	1
334	2025-04-30 19:53:57.612493+02	55	Grzegorz "Cytrynek" Lebedowicz	2	[{"changed": {"fields": ["Rodzic czapkowy"]}}]	7	1
335	2025-04-30 19:54:14.799971+02	59	Jakub "Ada z penisem" Kornacki	2	[{"changed": {"fields": ["Rodzic czapkowy"]}}]	7	1
336	2025-04-30 19:54:37.103324+02	60	Jakub "Cybuch" Łukasik	2	[{"changed": {"fields": ["Rodzic czapkowy"]}}]	7	1
337	2025-04-30 19:54:51.747073+02	61	Jakub Nawrot	2	[{"changed": {"fields": ["Rodzic czapkowy"]}}]	7	1
338	2025-04-30 19:55:09.154301+02	63	Joanna "Aśka" Lorenc	2	[{"changed": {"fields": ["Rodzic czapkowy"]}}]	7	1
339	2025-04-30 19:55:24.909974+02	64	John "Jasiek" Graff-Warburton	2	[{"changed": {"fields": ["Rodzic czapkowy"]}}]	7	1
340	2025-04-30 19:55:38.595015+02	66	Julia "Spanko" Musiał	2	[{"changed": {"fields": ["Rodzic czapkowy"]}}]	7	1
341	2025-04-30 19:56:06.083404+02	67	Kamila "Krwawa Baronessa" Dziewońska (Paisley)	2	[{"changed": {"fields": ["Rodzic czapkowy"]}}]	7	1
342	2025-04-30 19:56:21.044759+02	68	Kamila Rozesłaniec	2	[{"changed": {"fields": ["Rodzic czapkowy"]}}]	7	1
343	2025-04-30 19:56:39.757371+02	72	Karolina "Bezimienna" Kania	2	[{"changed": {"fields": ["Rodzic czapkowy"]}}]	7	1
344	2025-04-30 19:57:40.058066+02	74	Karolina Szklanny	2	[{"changed": {"fields": ["Rodzic czapkowy"]}}]	7	1
345	2025-04-30 19:57:56.50739+02	76	Kasper "Pumba" Krawet	2	[{"changed": {"fields": ["Rodzic czapkowy"]}}]	7	1
346	2025-04-30 19:58:13.913743+02	86	Krzysztof "Poniatowski" Sadowski	2	[{"changed": {"fields": ["Rodzic czapkowy"]}}]	7	1
347	2025-04-30 19:58:32.22371+02	89	Łukasz "Ciepły" Ciepły (Lindert)	2	[{"changed": {"fields": ["Rodzic czapkowy"]}}]	7	1
348	2025-04-30 19:59:03.966799+02	90	Łukasz "Yoda" Pryk	2	[{"changed": {"fields": ["Rodzic czapkowy"]}}]	7	1
349	2025-04-30 19:59:24.970772+02	95	Maciej "Dzidzia" Małecki	2	[{"changed": {"fields": ["Rodzic czapkowy"]}}]	7	1
350	2025-04-30 19:59:36.758985+02	97	Magdalena "Kasztanka" Brilha	2	[{"changed": {"fields": ["Rodzic czapkowy"]}}]	7	1
351	2025-04-30 20:00:02.398614+02	98	Maksymilian "Max" Depa	2	[{"changed": {"fields": ["Rodzic czapkowy"]}}]	7	1
352	2025-04-30 20:00:18.849773+02	101	Małgorzata Żurek	2	[{"changed": {"fields": ["Rodzic czapkowy"]}}]	7	1
353	2025-04-30 20:00:37.503035+02	102	Marceli "Księciunio" Mart-Łakomy	2	[{"changed": {"fields": ["Rodzic czapkowy"]}}]	7	1
354	2025-04-30 20:01:00.131886+02	104	Maria "Rysia" Babiuch	2	[{"changed": {"fields": ["Rodzic czapkowy"]}}]	7	1
355	2025-04-30 20:01:12.949381+02	105	Maria "Felis" Turakiewicz	2	[{"changed": {"fields": ["Rodzic czapkowy"]}}]	7	1
356	2025-04-30 20:01:33.657561+02	107	Martyna "Bober" Kubiak	2	[{"changed": {"fields": ["Rodzic czapkowy"]}}]	7	1
357	2025-04-30 20:02:51.614111+02	108	Mateusz "Sułtan" Sułek	2	[{"changed": {"fields": ["Rodzic czapkowy"]}}]	7	1
358	2025-04-30 20:03:52.59983+02	110	Mateusz "Kotlet" Żurek	2	[{"changed": {"fields": ["Rodzic czapkowy"]}}]	7	1
359	2025-04-30 20:04:05.934081+02	111	Michalina "Allec" Kokosińska	2	[{"changed": {"fields": ["Rodzic czapkowy"]}}]	7	1
360	2025-04-30 20:04:19.048958+02	112	Michał Boryka	2	[{"changed": {"fields": ["Rodzic czapkowy"]}}]	7	1
361	2025-04-30 20:04:38.079034+02	114	Michał "Śnięty Cwel Kasper" Kasperek	2	[{"changed": {"fields": ["Rodzic czapkowy"]}}]	7	1
362	2025-04-30 20:04:48.229781+02	115	Michał Lenik	2	[{"changed": {"fields": ["Rodzic czapkowy"]}}]	7	1
363	2025-04-30 20:05:00.617561+02	117	Monika "Monia" Góralik	2	[{"changed": {"fields": ["Rodzic czapkowy"]}}]	7	1
364	2025-04-30 20:05:27.64459+02	118	Monika "Koala" Kwater-Boryka	2	[{"changed": {"fields": ["Rodzic czapkowy"]}}]	7	1
365	2025-04-30 20:05:38.305352+02	120	Natalia "Szynka" Ciesielska (Olajossy)	2	[{"changed": {"fields": ["Rodzic czapkowy"]}}]	7	1
366	2025-04-30 20:05:54.78141+02	121	Natalia "Lis" Lisowska	2	[{"changed": {"fields": ["Rodzic czapkowy"]}}]	7	1
367	2025-04-30 20:06:07.421792+02	123	Olga "Equus/Dajcie mi telefon, mam tam notatki" Wajda	2	[{"changed": {"fields": ["Rodzic czapkowy"]}}]	7	1
368	2025-04-30 20:06:20.381862+02	125	Patrycja "Chat" Karauda	2	[{"changed": {"fields": ["Rodzic czapkowy"]}}]	7	1
369	2025-04-30 20:06:33.998649+02	126	Patrycja Malinowska-Majdak	2	[{"changed": {"fields": ["Rodzic czapkowy"]}}]	7	1
370	2025-04-30 20:07:16.487956+02	128	Patryk Gujda	2	[{"changed": {"fields": ["Rodzic czapkowy"]}}]	7	1
371	2025-04-30 20:07:25.92184+02	134	Paweł Nawrot	2	[{"changed": {"fields": ["Rodzic czapkowy"]}}]	7	1
372	2025-04-30 20:07:40.79375+02	142	Roksana Kidawa	2	[{"changed": {"fields": ["Rodzic czapkowy"]}}]	7	1
373	2025-04-30 20:08:16.945544+02	144	Sebastian "Dżdżysław" Stala	2	[]	7	1
374	2025-04-30 20:08:27.775055+02	148	Tadeusz "Kumdo/Tadek" Hessel	2	[{"changed": {"fields": ["Rodzic czapkowy"]}}]	7	1
375	2025-04-30 20:08:39.757366+02	151	Urszula Kasprzyk	2	[{"changed": {"fields": ["Rodzic czapkowy"]}}]	7	1
376	2025-04-30 20:08:46.839868+02	154	Weronika "Manista" Manista	2	[]	7	1
377	2025-05-01 11:22:54.783147+02	1	Zarząd 20092010/20092011	1	[{"added": {}}]	11	1
378	2025-05-01 11:24:18.171662+02	1	Zarząd 2009/2010	2	[{"changed": {"fields": ["Kadencja"]}}]	11	1
379	2025-05-01 11:35:03.009171+02	1	Zarząd 2009/2010	2	[]	11	1
380	2025-05-01 11:43:24.763742+02	2	Zarząd 2010/2011	1	[{"added": {}}]	11	1
381	2025-05-01 11:49:50.139855+02	160	Zofia Krasińska	1	[{"added": {}}]	7	1
382	2025-05-01 11:50:59.353302+02	1	Zarząd 2011/2012	1	[{"added": {}}]	12	1
383	2025-05-01 12:03:43.785056+02	2	Zarząd 2011/2012	1	[{"added": {}}]	12	1
384	2025-05-01 12:07:46.102759+02	3	Zarząd 2012/2013	1	[{"added": {}}]	12	1
385	2025-05-01 12:08:23.819711+02	4	Zarząd 2013/2014	1	[{"added": {}}]	12	1
386	2025-05-01 12:09:16.352106+02	5	Zarząd 2014/2015	1	[{"added": {}}]	12	1
387	2025-05-01 12:10:55.032439+02	6	Zarząd 2015/2016	1	[{"added": {}}]	12	1
388	2025-05-01 12:11:28.308017+02	7	Zarząd 2016/2017	1	[{"added": {}}]	12	1
389	2025-05-01 12:12:05.530783+02	8	Zarząd 2017/2018	1	[{"added": {}}]	12	1
390	2025-05-01 12:12:27.379538+02	9	Zarząd 2018/2019	1	[{"added": {}}]	12	1
391	2025-05-01 12:13:08.71218+02	10	Zarząd 2019/2020	1	[{"added": {}}]	12	1
392	2025-05-01 12:14:14.024636+02	10	Zarząd 2021/2022	2	[{"changed": {"fields": ["Kadencja", "Wielki Mistrz", "Kasztelan", "Skarbnik", "Cantandi", "Sekretarz"]}}]	12	1
393	2025-05-01 12:14:27.816868+02	11	Zarząd 2021/2022	1	[{"added": {}}]	12	1
394	2025-05-01 12:16:12.105919+02	12	Zarząd 2022/2023	1	[{"added": {}}]	12	1
395	2025-05-01 12:17:24.90589+02	12	Zarząd 2020/2021	2	[{"changed": {"fields": ["Kadencja", "Wielki Mistrz", "Kasztelan", "Cantandi", "Sekretarz"]}}]	12	1
396	2025-05-01 12:18:17.570454+02	10	Zarząd 2021/2022	2	[]	12	1
397	2025-05-01 12:18:25.437471+02	11	Zarząd 2021/2022	2	[]	12	1
398	2025-05-01 12:18:29.525603+02	10	Zarząd 2021/2022	2	[]	12	1
399	2025-05-01 12:18:32.747016+02	10	Zarząd 2021/2022	2	[]	12	1
400	2025-05-01 12:19:39.011889+02	13	Zarząd 2022/2023	1	[{"added": {}}]	12	1
401	2025-05-01 12:20:13.6691+02	14	Zarząd 2023/2024	1	[{"added": {}}]	12	1
402	2025-05-01 12:20:57.953323+02	14	Zarząd 2024/2025	2	[{"changed": {"fields": ["Kadencja", "Wielki Mistrz", "Kasztelan", "Skarbnik", "Cantandi"]}}]	12	1
403	2025-05-01 12:21:01.93308+02	15	Zarząd 2020/2021	1	[{"added": {}}]	12	1
404	2025-05-01 12:21:07.813261+02	15	Zarząd 2025/2026	2	[{"changed": {"fields": ["Kadencja"]}}]	12	1
405	2025-05-01 12:37:53.053993+02	14	Zarząd 2024/2025	2	[]	12	1
406	2025-05-01 13:36:20.778128+02	2	2009/None	1	[{"added": {}}]	14	1
407	2025-05-01 13:39:53.703156+02	2	2009/2010	2	[]	14	1
408	2025-05-01 13:39:57.507703+02	3	2009/2010	1	[{"added": {}}]	14	1
409	2025-05-01 13:40:01.714984+02	4	2010/2011	1	[{"added": {}}]	14	1
410	2025-05-01 13:40:05.43957+02	5	2011/2012	1	[{"added": {}}]	14	1
411	2025-05-01 13:40:08.597279+02	6	2012/2013	1	[{"added": {}}]	14	1
412	2025-05-01 13:40:13.820039+02	7	2013/2014	1	[{"added": {}}]	14	1
413	2025-05-01 13:40:16.967329+02	8	2014/2015	1	[{"added": {}}]	14	1
414	2025-05-01 13:40:24.700188+02	9	2015/2016	1	[{"added": {}}]	14	1
415	2025-05-01 13:40:28.352501+02	10	2016/2017	1	[{"added": {}}]	14	1
416	2025-05-01 13:40:31.791467+02	11	2017/2018	1	[{"added": {}}]	14	1
417	2025-05-01 13:40:34.573037+02	12	2018/2019	1	[{"added": {}}]	14	1
418	2025-05-01 13:40:38.506943+02	13	2019/2020	1	[{"added": {}}]	14	1
419	2025-05-01 13:40:45.783106+02	14	2020/2021	1	[{"added": {}}]	14	1
420	2025-05-01 13:40:53.757359+02	15	2021/2022	1	[{"added": {}}]	14	1
421	2025-05-01 13:40:57.697089+02	16	2022/2023	1	[{"added": {}}]	14	1
422	2025-05-01 13:41:01.9492+02	17	2023/2024	1	[{"added": {}}]	14	1
423	2025-05-01 13:41:07.206425+02	17	2024/2025	2	[{"changed": {"fields": ["Rozpocz\\u0119cie"]}}]	14	1
424	2025-05-01 13:41:25.104324+02	2	2023/2024	2	[{"changed": {"fields": ["Rozpocz\\u0119cie"]}}]	14	1
\.


--
-- Data for Name: django_content_type; Type: TABLE DATA; Schema: public; Owner: projectuser
--

COPY public.django_content_type (id, app_label, model) FROM stdin;
1	admin	logentry
2	auth	permission
3	auth	group
4	auth	user
5	contenttypes	contenttype
6	sessions	session
7	czlonkowie	czlonek
8	czlonkowie	czapka
9	czlonkowie	imieszlacheckie
10	czlonkowie	zwierzeczapkowe
11	czlonkowie	dawnyzarzad
12	czlonkowie	zarzad
13	czlonkowie	wielkimistrz
14	core	kadencja
\.


--
-- Data for Name: django_migrations; Type: TABLE DATA; Schema: public; Owner: projectuser
--

COPY public.django_migrations (id, app, name, applied) FROM stdin;
1	contenttypes	0001_initial	2025-04-24 10:18:16.501024+02
2	auth	0001_initial	2025-04-24 10:18:16.549697+02
3	admin	0001_initial	2025-04-24 10:18:16.563003+02
4	admin	0002_logentry_remove_auto_add	2025-04-24 10:18:16.567753+02
5	admin	0003_logentry_add_action_flag_choices	2025-04-24 10:18:16.572893+02
6	contenttypes	0002_remove_content_type_name	2025-04-24 10:18:16.585132+02
7	auth	0002_alter_permission_name_max_length	2025-04-24 10:18:16.591515+02
8	auth	0003_alter_user_email_max_length	2025-04-24 10:18:16.597672+02
9	auth	0004_alter_user_username_opts	2025-04-24 10:18:16.602301+02
10	auth	0005_alter_user_last_login_null	2025-04-24 10:18:16.609842+02
11	auth	0006_require_contenttypes_0002	2025-04-24 10:18:16.61108+02
12	auth	0007_alter_validators_add_error_messages	2025-04-24 10:18:16.616143+02
13	auth	0008_alter_user_username_max_length	2025-04-24 10:18:16.627553+02
14	auth	0009_alter_user_last_name_max_length	2025-04-24 10:18:16.633054+02
15	auth	0010_alter_group_name_max_length	2025-04-24 10:18:16.639366+02
16	auth	0011_update_proxy_permissions	2025-04-24 10:18:16.643979+02
17	auth	0012_alter_user_first_name_max_length	2025-04-24 10:18:16.648699+02
18	sessions	0001_initial	2025-04-24 10:18:16.659781+02
19	czlonkowie	0001_initial	2025-04-28 12:39:52.790029+02
20	czlonkowie	0002_rename_czapki_czapka_alter_czapka_options_and_more	2025-04-28 12:48:44.787063+02
21	czlonkowie	0003_alter_czapka_uczelnia_alter_czlonek_status	2025-04-28 13:23:24.445157+02
22	czlonkowie	0004_alter_czapka_uczelnia_alter_czlonek_status	2025-04-28 13:24:00.151858+02
23	czlonkowie	0005	2025-04-28 13:30:59.61134+02
24	czlonkowie	0006	2025-04-28 13:32:08.769623+02
25	czlonkowie	0007_alter_czapka_uczelnia_alter_czlonek_status	2025-04-28 13:37:32.339239+02
26	czlonkowie	0002_alter_czapka_wydzial	2025-04-28 15:55:29.043845+02
27	czlonkowie	0003_alter_czapka_wydzial	2025-04-28 19:07:55.829681+02
28	czlonkowie	0004_alter_czapka_wydzial	2025-04-28 21:54:38.69077+02
29	czlonkowie	0005_alter_czapka_uczelnia	2025-04-28 22:32:14.944345+02
30	czlonkowie	0006_alter_czlonek_imie_piwne_2	2025-04-28 22:36:42.386105+02
31	czlonkowie	0007_czlonek_nazwisko_alter_czlonek_imie_and_more	2025-04-28 22:42:25.280276+02
32	czlonkowie	0008_alter_czlonek_imie_piwne_1_wybor	2025-04-28 22:45:10.575543+02
33	czlonkowie	0009_alter_czlonek_imie_piwne_1_and_more	2025-04-28 22:59:49.603364+02
34	czlonkowie	0010_alter_czlonek_imie_piwne_1	2025-04-28 23:00:50.978373+02
35	czlonkowie	0011_alter_czlonek_czapka_1	2025-04-29 10:27:21.672251+02
37	czlonkowie	0012_alter_czlonek_czapka_2	2025-04-29 10:35:43.194847+02
38	czlonkowie	0013_alter_czlonek_imie_piwne_1_and_more	2025-04-29 11:30:12.396165+02
39	czlonkowie	0014_alter_czlonek_rodzic_1_alter_czlonek_rodzic_2	2025-04-29 11:34:22.816247+02
40	czlonkowie	0015_alter_czlonek_imie_piwne_1_and_more	2025-04-29 11:43:02.197215+02
41	czlonkowie	0016_alter_czlonek_options	2025-04-29 11:47:16.206062+02
42	czlonkowie	0017_alter_czapka_options	2025-04-29 11:48:38.547039+02
43	czlonkowie	0018_alter_czlonek_dzien_chrztu_and_more	2025-04-29 13:09:17.822802+02
44	czlonkowie	0019_alter_czlonek_rok_chrztu	2025-04-29 13:59:34.803851+02
45	czlonkowie	0020_alter_czlonek_rok_chrztu	2025-04-29 14:01:23.949655+02
46	czlonkowie	0021_alter_czlonek_dzien_chrztu_and_more	2025-04-29 14:32:20.467457+02
47	czlonkowie	0022_alter_czlonek_dzien_chrztu_and_more	2025-04-29 14:38:05.325597+02
48	czlonkowie	0023_alter_czlonek_imie_piwne_2_wybor	2025-04-29 14:56:14.304026+02
49	czlonkowie	0024_alter_czapka_uczelnia_alter_czlonek_status	2025-04-30 11:01:10.306618+02
50	czlonkowie	0025_alter_czlonek_nazwisko_alter_czlonek_status	2025-04-30 11:51:07.16708+02
51	czlonkowie	0026_imieszlacheckie	2025-04-30 14:28:09.567056+02
52	czlonkowie	0027_alter_imieszlacheckie_options_zwierzeczapkowe	2025-04-30 15:07:12.735404+02
53	czlonkowie	0028_zwierzeczapkowe_wyjasnienie	2025-04-30 15:11:33.074409+02
54	czlonkowie	0029_alter_zwierzeczapkowe_options_alter_czapka_uczelnia_and_more	2025-05-01 11:16:06.185233+02
55	czlonkowie	0030_alter_dawnyzarzad_kadencja	2025-05-01 11:23:47.484878+02
56	czlonkowie	0031_wielkimistrz	2025-05-01 12:37:42.200817+02
57	core	0001_initial	2025-05-01 13:34:26.80324+02
58	core	0002_alter_kadencja_zakonczenie	2025-05-01 13:36:11.334519+02
59	core	0003_alter_kadencja_zakonczenie	2025-05-01 13:39:47.154955+02
\.


--
-- Data for Name: django_session; Type: TABLE DATA; Schema: public; Owner: projectuser
--

COPY public.django_session (session_key, session_data, expire_date) FROM stdin;
uqejwy4sjit3ps460mk23rwwcob1eiut	.eJxVjDsOAiEUAO9CbcgDHj9Le89A-Dxl1UCy7FbGuxuSLbSdmcybhbhvNeyD1rAUdmaCnX5ZivlJbYryiO3eee5tW5fEZ8IPO_i1F3pdjvZvUOOoc2scOC2Nkzc0GkDLlKIigzoBek3gnIrKg7VURAZhVcEitERDFtEr9vkCmjk18A:1u7roq:GItcFo0EY88Xya-uF0tPE8N4uko-gbzywcx3UjlmSF8	2025-05-08 10:20:28.689032+02
\.


--
-- Name: auth_group_id_seq; Type: SEQUENCE SET; Schema: public; Owner: projectuser
--

SELECT pg_catalog.setval('public.auth_group_id_seq', 1, false);


--
-- Name: auth_group_permissions_id_seq; Type: SEQUENCE SET; Schema: public; Owner: projectuser
--

SELECT pg_catalog.setval('public.auth_group_permissions_id_seq', 1, false);


--
-- Name: auth_permission_id_seq; Type: SEQUENCE SET; Schema: public; Owner: projectuser
--

SELECT pg_catalog.setval('public.auth_permission_id_seq', 60, true);


--
-- Name: auth_user_groups_id_seq; Type: SEQUENCE SET; Schema: public; Owner: projectuser
--

SELECT pg_catalog.setval('public.auth_user_groups_id_seq', 1, false);


--
-- Name: auth_user_id_seq; Type: SEQUENCE SET; Schema: public; Owner: projectuser
--

SELECT pg_catalog.setval('public.auth_user_id_seq', 1, true);


--
-- Name: auth_user_user_permissions_id_seq; Type: SEQUENCE SET; Schema: public; Owner: projectuser
--

SELECT pg_catalog.setval('public.auth_user_user_permissions_id_seq', 1, false);


--
-- Name: core_kadencja_id_seq; Type: SEQUENCE SET; Schema: public; Owner: projectuser
--

SELECT pg_catalog.setval('public.core_kadencja_id_seq', 17, true);


--
-- Name: czlonkowie_czapki_id_seq; Type: SEQUENCE SET; Schema: public; Owner: projectuser
--

SELECT pg_catalog.setval('public.czlonkowie_czapki_id_seq', 32, true);


--
-- Name: czlonkowie_czlonek_id_seq; Type: SEQUENCE SET; Schema: public; Owner: projectuser
--

SELECT pg_catalog.setval('public.czlonkowie_czlonek_id_seq', 160, true);


--
-- Name: czlonkowie_dawnyzarzad_id_seq; Type: SEQUENCE SET; Schema: public; Owner: projectuser
--

SELECT pg_catalog.setval('public.czlonkowie_dawnyzarzad_id_seq', 2, true);


--
-- Name: czlonkowie_imieszlacheckie_id_seq; Type: SEQUENCE SET; Schema: public; Owner: projectuser
--

SELECT pg_catalog.setval('public.czlonkowie_imieszlacheckie_id_seq', 9, true);


--
-- Name: czlonkowie_wielkimistrz_id_seq; Type: SEQUENCE SET; Schema: public; Owner: projectuser
--

SELECT pg_catalog.setval('public.czlonkowie_wielkimistrz_id_seq', 1, false);


--
-- Name: czlonkowie_zarzad_id_seq; Type: SEQUENCE SET; Schema: public; Owner: projectuser
--

SELECT pg_catalog.setval('public.czlonkowie_zarzad_id_seq', 15, true);


--
-- Name: czlonkowie_zwierzeczapkowe_id_seq; Type: SEQUENCE SET; Schema: public; Owner: projectuser
--

SELECT pg_catalog.setval('public.czlonkowie_zwierzeczapkowe_id_seq', 13, true);


--
-- Name: django_admin_log_id_seq; Type: SEQUENCE SET; Schema: public; Owner: projectuser
--

SELECT pg_catalog.setval('public.django_admin_log_id_seq', 424, true);


--
-- Name: django_content_type_id_seq; Type: SEQUENCE SET; Schema: public; Owner: projectuser
--

SELECT pg_catalog.setval('public.django_content_type_id_seq', 14, true);


--
-- Name: django_migrations_id_seq; Type: SEQUENCE SET; Schema: public; Owner: projectuser
--

SELECT pg_catalog.setval('public.django_migrations_id_seq', 59, true);


--
-- Name: auth_group auth_group_name_key; Type: CONSTRAINT; Schema: public; Owner: projectuser
--

ALTER TABLE ONLY public.auth_group
    ADD CONSTRAINT auth_group_name_key UNIQUE (name);


--
-- Name: auth_group_permissions auth_group_permissions_group_id_permission_id_0cd325b0_uniq; Type: CONSTRAINT; Schema: public; Owner: projectuser
--

ALTER TABLE ONLY public.auth_group_permissions
    ADD CONSTRAINT auth_group_permissions_group_id_permission_id_0cd325b0_uniq UNIQUE (group_id, permission_id);


--
-- Name: auth_group_permissions auth_group_permissions_pkey; Type: CONSTRAINT; Schema: public; Owner: projectuser
--

ALTER TABLE ONLY public.auth_group_permissions
    ADD CONSTRAINT auth_group_permissions_pkey PRIMARY KEY (id);


--
-- Name: auth_group auth_group_pkey; Type: CONSTRAINT; Schema: public; Owner: projectuser
--

ALTER TABLE ONLY public.auth_group
    ADD CONSTRAINT auth_group_pkey PRIMARY KEY (id);


--
-- Name: auth_permission auth_permission_content_type_id_codename_01ab375a_uniq; Type: CONSTRAINT; Schema: public; Owner: projectuser
--

ALTER TABLE ONLY public.auth_permission
    ADD CONSTRAINT auth_permission_content_type_id_codename_01ab375a_uniq UNIQUE (content_type_id, codename);


--
-- Name: auth_permission auth_permission_pkey; Type: CONSTRAINT; Schema: public; Owner: projectuser
--

ALTER TABLE ONLY public.auth_permission
    ADD CONSTRAINT auth_permission_pkey PRIMARY KEY (id);


--
-- Name: auth_user_groups auth_user_groups_pkey; Type: CONSTRAINT; Schema: public; Owner: projectuser
--

ALTER TABLE ONLY public.auth_user_groups
    ADD CONSTRAINT auth_user_groups_pkey PRIMARY KEY (id);


--
-- Name: auth_user_groups auth_user_groups_user_id_group_id_94350c0c_uniq; Type: CONSTRAINT; Schema: public; Owner: projectuser
--

ALTER TABLE ONLY public.auth_user_groups
    ADD CONSTRAINT auth_user_groups_user_id_group_id_94350c0c_uniq UNIQUE (user_id, group_id);


--
-- Name: auth_user auth_user_pkey; Type: CONSTRAINT; Schema: public; Owner: projectuser
--

ALTER TABLE ONLY public.auth_user
    ADD CONSTRAINT auth_user_pkey PRIMARY KEY (id);


--
-- Name: auth_user_user_permissions auth_user_user_permissions_pkey; Type: CONSTRAINT; Schema: public; Owner: projectuser
--

ALTER TABLE ONLY public.auth_user_user_permissions
    ADD CONSTRAINT auth_user_user_permissions_pkey PRIMARY KEY (id);


--
-- Name: auth_user_user_permissions auth_user_user_permissions_user_id_permission_id_14a6b632_uniq; Type: CONSTRAINT; Schema: public; Owner: projectuser
--

ALTER TABLE ONLY public.auth_user_user_permissions
    ADD CONSTRAINT auth_user_user_permissions_user_id_permission_id_14a6b632_uniq UNIQUE (user_id, permission_id);


--
-- Name: auth_user auth_user_username_key; Type: CONSTRAINT; Schema: public; Owner: projectuser
--

ALTER TABLE ONLY public.auth_user
    ADD CONSTRAINT auth_user_username_key UNIQUE (username);


--
-- Name: core_kadencja core_kadencja_pkey; Type: CONSTRAINT; Schema: public; Owner: projectuser
--

ALTER TABLE ONLY public.core_kadencja
    ADD CONSTRAINT core_kadencja_pkey PRIMARY KEY (id);


--
-- Name: czlonkowie_czapka czlonkowie_czapki_pkey; Type: CONSTRAINT; Schema: public; Owner: projectuser
--

ALTER TABLE ONLY public.czlonkowie_czapka
    ADD CONSTRAINT czlonkowie_czapki_pkey PRIMARY KEY (id);


--
-- Name: czlonkowie_czlonek czlonkowie_czlonek_pkey; Type: CONSTRAINT; Schema: public; Owner: projectuser
--

ALTER TABLE ONLY public.czlonkowie_czlonek
    ADD CONSTRAINT czlonkowie_czlonek_pkey PRIMARY KEY (id);


--
-- Name: czlonkowie_dawnyzarzad czlonkowie_dawnyzarzad_pkey; Type: CONSTRAINT; Schema: public; Owner: projectuser
--

ALTER TABLE ONLY public.czlonkowie_dawnyzarzad
    ADD CONSTRAINT czlonkowie_dawnyzarzad_pkey PRIMARY KEY (id);


--
-- Name: czlonkowie_imieszlacheckie czlonkowie_imieszlacheckie_pkey; Type: CONSTRAINT; Schema: public; Owner: projectuser
--

ALTER TABLE ONLY public.czlonkowie_imieszlacheckie
    ADD CONSTRAINT czlonkowie_imieszlacheckie_pkey PRIMARY KEY (id);


--
-- Name: czlonkowie_wielkimistrz czlonkowie_wielkimistrz_pkey; Type: CONSTRAINT; Schema: public; Owner: projectuser
--

ALTER TABLE ONLY public.czlonkowie_wielkimistrz
    ADD CONSTRAINT czlonkowie_wielkimistrz_pkey PRIMARY KEY (id);


--
-- Name: czlonkowie_zarzad czlonkowie_zarzad_pkey; Type: CONSTRAINT; Schema: public; Owner: projectuser
--

ALTER TABLE ONLY public.czlonkowie_zarzad
    ADD CONSTRAINT czlonkowie_zarzad_pkey PRIMARY KEY (id);


--
-- Name: czlonkowie_zwierzeczapkowe czlonkowie_zwierzeczapkowe_pkey; Type: CONSTRAINT; Schema: public; Owner: projectuser
--

ALTER TABLE ONLY public.czlonkowie_zwierzeczapkowe
    ADD CONSTRAINT czlonkowie_zwierzeczapkowe_pkey PRIMARY KEY (id);


--
-- Name: django_admin_log django_admin_log_pkey; Type: CONSTRAINT; Schema: public; Owner: projectuser
--

ALTER TABLE ONLY public.django_admin_log
    ADD CONSTRAINT django_admin_log_pkey PRIMARY KEY (id);


--
-- Name: django_content_type django_content_type_app_label_model_76bd3d3b_uniq; Type: CONSTRAINT; Schema: public; Owner: projectuser
--

ALTER TABLE ONLY public.django_content_type
    ADD CONSTRAINT django_content_type_app_label_model_76bd3d3b_uniq UNIQUE (app_label, model);


--
-- Name: django_content_type django_content_type_pkey; Type: CONSTRAINT; Schema: public; Owner: projectuser
--

ALTER TABLE ONLY public.django_content_type
    ADD CONSTRAINT django_content_type_pkey PRIMARY KEY (id);


--
-- Name: django_migrations django_migrations_pkey; Type: CONSTRAINT; Schema: public; Owner: projectuser
--

ALTER TABLE ONLY public.django_migrations
    ADD CONSTRAINT django_migrations_pkey PRIMARY KEY (id);


--
-- Name: django_session django_session_pkey; Type: CONSTRAINT; Schema: public; Owner: projectuser
--

ALTER TABLE ONLY public.django_session
    ADD CONSTRAINT django_session_pkey PRIMARY KEY (session_key);


--
-- Name: auth_group_name_a6ea08ec_like; Type: INDEX; Schema: public; Owner: projectuser
--

CREATE INDEX auth_group_name_a6ea08ec_like ON public.auth_group USING btree (name varchar_pattern_ops);


--
-- Name: auth_group_permissions_group_id_b120cbf9; Type: INDEX; Schema: public; Owner: projectuser
--

CREATE INDEX auth_group_permissions_group_id_b120cbf9 ON public.auth_group_permissions USING btree (group_id);


--
-- Name: auth_group_permissions_permission_id_84c5c92e; Type: INDEX; Schema: public; Owner: projectuser
--

CREATE INDEX auth_group_permissions_permission_id_84c5c92e ON public.auth_group_permissions USING btree (permission_id);


--
-- Name: auth_permission_content_type_id_2f476e4b; Type: INDEX; Schema: public; Owner: projectuser
--

CREATE INDEX auth_permission_content_type_id_2f476e4b ON public.auth_permission USING btree (content_type_id);


--
-- Name: auth_user_groups_group_id_97559544; Type: INDEX; Schema: public; Owner: projectuser
--

CREATE INDEX auth_user_groups_group_id_97559544 ON public.auth_user_groups USING btree (group_id);


--
-- Name: auth_user_groups_user_id_6a12ed8b; Type: INDEX; Schema: public; Owner: projectuser
--

CREATE INDEX auth_user_groups_user_id_6a12ed8b ON public.auth_user_groups USING btree (user_id);


--
-- Name: auth_user_user_permissions_permission_id_1fbb5f2c; Type: INDEX; Schema: public; Owner: projectuser
--

CREATE INDEX auth_user_user_permissions_permission_id_1fbb5f2c ON public.auth_user_user_permissions USING btree (permission_id);


--
-- Name: auth_user_user_permissions_user_id_a95ead1b; Type: INDEX; Schema: public; Owner: projectuser
--

CREATE INDEX auth_user_user_permissions_user_id_a95ead1b ON public.auth_user_user_permissions USING btree (user_id);


--
-- Name: auth_user_username_6821ab7c_like; Type: INDEX; Schema: public; Owner: projectuser
--

CREATE INDEX auth_user_username_6821ab7c_like ON public.auth_user USING btree (username varchar_pattern_ops);


--
-- Name: czlonkowie_czlonek_czapka_1_id_843ae609; Type: INDEX; Schema: public; Owner: projectuser
--

CREATE INDEX czlonkowie_czlonek_czapka_1_id_843ae609 ON public.czlonkowie_czlonek USING btree (czapka_1_id);


--
-- Name: czlonkowie_czlonek_czapka_2_id_9bc0f33c; Type: INDEX; Schema: public; Owner: projectuser
--

CREATE INDEX czlonkowie_czlonek_czapka_2_id_9bc0f33c ON public.czlonkowie_czlonek USING btree (czapka_2_id);


--
-- Name: czlonkowie_czlonek_rodzic_1_id_605e2ad8; Type: INDEX; Schema: public; Owner: projectuser
--

CREATE INDEX czlonkowie_czlonek_rodzic_1_id_605e2ad8 ON public.czlonkowie_czlonek USING btree (rodzic_1_id);


--
-- Name: czlonkowie_czlonek_rodzic_2_id_21588a26; Type: INDEX; Schema: public; Owner: projectuser
--

CREATE INDEX czlonkowie_czlonek_rodzic_2_id_21588a26 ON public.czlonkowie_czlonek USING btree (rodzic_2_id);


--
-- Name: czlonkowie_dawnyzarzad_bibendi_id_1f4e72cd; Type: INDEX; Schema: public; Owner: projectuser
--

CREATE INDEX czlonkowie_dawnyzarzad_bibendi_id_1f4e72cd ON public.czlonkowie_dawnyzarzad USING btree (bibendi_id);


--
-- Name: czlonkowie_dawnyzarzad_cantandi_id_57a7d0e2; Type: INDEX; Schema: public; Owner: projectuser
--

CREATE INDEX czlonkowie_dawnyzarzad_cantandi_id_57a7d0e2 ON public.czlonkowie_dawnyzarzad USING btree (cantandi_id);


--
-- Name: czlonkowie_dawnyzarzad_kasztelan_id_a16b7c18; Type: INDEX; Schema: public; Owner: projectuser
--

CREATE INDEX czlonkowie_dawnyzarzad_kasztelan_id_a16b7c18 ON public.czlonkowie_dawnyzarzad USING btree (kasztelan_id);


--
-- Name: czlonkowie_dawnyzarzad_kontakt_z_SKNHI_id_d0e8b195; Type: INDEX; Schema: public; Owner: projectuser
--

CREATE INDEX "czlonkowie_dawnyzarzad_kontakt_z_SKNHI_id_d0e8b195" ON public.czlonkowie_dawnyzarzad USING btree ("kontakt_z_SKNHI_id");


--
-- Name: czlonkowie_dawnyzarzad_kontakt_z_SSUJ_id_1a5b337c; Type: INDEX; Schema: public; Owner: projectuser
--

CREATE INDEX "czlonkowie_dawnyzarzad_kontakt_z_SSUJ_id_1a5b337c" ON public.czlonkowie_dawnyzarzad USING btree ("kontakt_z_SSUJ_id");


--
-- Name: czlonkowie_dawnyzarzad_magister_disciplinae_id_85a3b66c; Type: INDEX; Schema: public; Owner: projectuser
--

CREATE INDEX czlonkowie_dawnyzarzad_magister_disciplinae_id_85a3b66c ON public.czlonkowie_dawnyzarzad USING btree (magister_disciplinae_id);


--
-- Name: czlonkowie_dawnyzarzad_skarbnik_id_221ba366; Type: INDEX; Schema: public; Owner: projectuser
--

CREATE INDEX czlonkowie_dawnyzarzad_skarbnik_id_221ba366 ON public.czlonkowie_dawnyzarzad USING btree (skarbnik_id);


--
-- Name: czlonkowie_dawnyzarzad_wielki_mistrz_id_b12f32a7; Type: INDEX; Schema: public; Owner: projectuser
--

CREATE INDEX czlonkowie_dawnyzarzad_wielki_mistrz_id_b12f32a7 ON public.czlonkowie_dawnyzarzad USING btree (wielki_mistrz_id);


--
-- Name: czlonkowie_imieszlacheckie_imie_id_f1ec203c; Type: INDEX; Schema: public; Owner: projectuser
--

CREATE INDEX czlonkowie_imieszlacheckie_imie_id_f1ec203c ON public.czlonkowie_imieszlacheckie USING btree (imie_id);


--
-- Name: czlonkowie_wielkimistrz_imie_id_cb788e60; Type: INDEX; Schema: public; Owner: projectuser
--

CREATE INDEX czlonkowie_wielkimistrz_imie_id_cb788e60 ON public.czlonkowie_wielkimistrz USING btree (imie_id);


--
-- Name: czlonkowie_zarzad_cantandi_id_4545a2f1; Type: INDEX; Schema: public; Owner: projectuser
--

CREATE INDEX czlonkowie_zarzad_cantandi_id_4545a2f1 ON public.czlonkowie_zarzad USING btree (cantandi_id);


--
-- Name: czlonkowie_zarzad_kasztelan_id_68849661; Type: INDEX; Schema: public; Owner: projectuser
--

CREATE INDEX czlonkowie_zarzad_kasztelan_id_68849661 ON public.czlonkowie_zarzad USING btree (kasztelan_id);


--
-- Name: czlonkowie_zarzad_sekretarz_id_32a244f4; Type: INDEX; Schema: public; Owner: projectuser
--

CREATE INDEX czlonkowie_zarzad_sekretarz_id_32a244f4 ON public.czlonkowie_zarzad USING btree (sekretarz_id);


--
-- Name: czlonkowie_zarzad_skarbnik_id_b88aad3b; Type: INDEX; Schema: public; Owner: projectuser
--

CREATE INDEX czlonkowie_zarzad_skarbnik_id_b88aad3b ON public.czlonkowie_zarzad USING btree (skarbnik_id);


--
-- Name: czlonkowie_zarzad_wielki_mistrz_id_a625d7a4; Type: INDEX; Schema: public; Owner: projectuser
--

CREATE INDEX czlonkowie_zarzad_wielki_mistrz_id_a625d7a4 ON public.czlonkowie_zarzad USING btree (wielki_mistrz_id);


--
-- Name: czlonkowie_zwierzeczapkowe_czlonek_id_8f221373; Type: INDEX; Schema: public; Owner: projectuser
--

CREATE INDEX czlonkowie_zwierzeczapkowe_czlonek_id_8f221373 ON public.czlonkowie_zwierzeczapkowe USING btree (czlonek_id);


--
-- Name: django_admin_log_content_type_id_c4bce8eb; Type: INDEX; Schema: public; Owner: projectuser
--

CREATE INDEX django_admin_log_content_type_id_c4bce8eb ON public.django_admin_log USING btree (content_type_id);


--
-- Name: django_admin_log_user_id_c564eba6; Type: INDEX; Schema: public; Owner: projectuser
--

CREATE INDEX django_admin_log_user_id_c564eba6 ON public.django_admin_log USING btree (user_id);


--
-- Name: django_session_expire_date_a5c62663; Type: INDEX; Schema: public; Owner: projectuser
--

CREATE INDEX django_session_expire_date_a5c62663 ON public.django_session USING btree (expire_date);


--
-- Name: django_session_session_key_c0390e0f_like; Type: INDEX; Schema: public; Owner: projectuser
--

CREATE INDEX django_session_session_key_c0390e0f_like ON public.django_session USING btree (session_key varchar_pattern_ops);


--
-- Name: auth_group_permissions auth_group_permissio_permission_id_84c5c92e_fk_auth_perm; Type: FK CONSTRAINT; Schema: public; Owner: projectuser
--

ALTER TABLE ONLY public.auth_group_permissions
    ADD CONSTRAINT auth_group_permissio_permission_id_84c5c92e_fk_auth_perm FOREIGN KEY (permission_id) REFERENCES public.auth_permission(id) DEFERRABLE INITIALLY DEFERRED;


--
-- Name: auth_group_permissions auth_group_permissions_group_id_b120cbf9_fk_auth_group_id; Type: FK CONSTRAINT; Schema: public; Owner: projectuser
--

ALTER TABLE ONLY public.auth_group_permissions
    ADD CONSTRAINT auth_group_permissions_group_id_b120cbf9_fk_auth_group_id FOREIGN KEY (group_id) REFERENCES public.auth_group(id) DEFERRABLE INITIALLY DEFERRED;


--
-- Name: auth_permission auth_permission_content_type_id_2f476e4b_fk_django_co; Type: FK CONSTRAINT; Schema: public; Owner: projectuser
--

ALTER TABLE ONLY public.auth_permission
    ADD CONSTRAINT auth_permission_content_type_id_2f476e4b_fk_django_co FOREIGN KEY (content_type_id) REFERENCES public.django_content_type(id) DEFERRABLE INITIALLY DEFERRED;


--
-- Name: auth_user_groups auth_user_groups_group_id_97559544_fk_auth_group_id; Type: FK CONSTRAINT; Schema: public; Owner: projectuser
--

ALTER TABLE ONLY public.auth_user_groups
    ADD CONSTRAINT auth_user_groups_group_id_97559544_fk_auth_group_id FOREIGN KEY (group_id) REFERENCES public.auth_group(id) DEFERRABLE INITIALLY DEFERRED;


--
-- Name: auth_user_groups auth_user_groups_user_id_6a12ed8b_fk_auth_user_id; Type: FK CONSTRAINT; Schema: public; Owner: projectuser
--

ALTER TABLE ONLY public.auth_user_groups
    ADD CONSTRAINT auth_user_groups_user_id_6a12ed8b_fk_auth_user_id FOREIGN KEY (user_id) REFERENCES public.auth_user(id) DEFERRABLE INITIALLY DEFERRED;


--
-- Name: auth_user_user_permissions auth_user_user_permi_permission_id_1fbb5f2c_fk_auth_perm; Type: FK CONSTRAINT; Schema: public; Owner: projectuser
--

ALTER TABLE ONLY public.auth_user_user_permissions
    ADD CONSTRAINT auth_user_user_permi_permission_id_1fbb5f2c_fk_auth_perm FOREIGN KEY (permission_id) REFERENCES public.auth_permission(id) DEFERRABLE INITIALLY DEFERRED;


--
-- Name: auth_user_user_permissions auth_user_user_permissions_user_id_a95ead1b_fk_auth_user_id; Type: FK CONSTRAINT; Schema: public; Owner: projectuser
--

ALTER TABLE ONLY public.auth_user_user_permissions
    ADD CONSTRAINT auth_user_user_permissions_user_id_a95ead1b_fk_auth_user_id FOREIGN KEY (user_id) REFERENCES public.auth_user(id) DEFERRABLE INITIALLY DEFERRED;


--
-- Name: czlonkowie_czlonek czlonkowie_czlonek_czapka_1_id_843ae609_fk_czlonkowie_czapka_id; Type: FK CONSTRAINT; Schema: public; Owner: projectuser
--

ALTER TABLE ONLY public.czlonkowie_czlonek
    ADD CONSTRAINT czlonkowie_czlonek_czapka_1_id_843ae609_fk_czlonkowie_czapka_id FOREIGN KEY (czapka_1_id) REFERENCES public.czlonkowie_czapka(id) DEFERRABLE INITIALLY DEFERRED;


--
-- Name: czlonkowie_czlonek czlonkowie_czlonek_czapka_2_id_9bc0f33c_fk_czlonkowie_czapka_id; Type: FK CONSTRAINT; Schema: public; Owner: projectuser
--

ALTER TABLE ONLY public.czlonkowie_czlonek
    ADD CONSTRAINT czlonkowie_czlonek_czapka_2_id_9bc0f33c_fk_czlonkowie_czapka_id FOREIGN KEY (czapka_2_id) REFERENCES public.czlonkowie_czapka(id) DEFERRABLE INITIALLY DEFERRED;


--
-- Name: czlonkowie_czlonek czlonkowie_czlonek_rodzic_1_id_605e2ad8_fk_czlonkowi; Type: FK CONSTRAINT; Schema: public; Owner: projectuser
--

ALTER TABLE ONLY public.czlonkowie_czlonek
    ADD CONSTRAINT czlonkowie_czlonek_rodzic_1_id_605e2ad8_fk_czlonkowi FOREIGN KEY (rodzic_1_id) REFERENCES public.czlonkowie_czlonek(id) DEFERRABLE INITIALLY DEFERRED;


--
-- Name: czlonkowie_czlonek czlonkowie_czlonek_rodzic_2_id_21588a26_fk_czlonkowi; Type: FK CONSTRAINT; Schema: public; Owner: projectuser
--

ALTER TABLE ONLY public.czlonkowie_czlonek
    ADD CONSTRAINT czlonkowie_czlonek_rodzic_2_id_21588a26_fk_czlonkowi FOREIGN KEY (rodzic_2_id) REFERENCES public.czlonkowie_czlonek(id) DEFERRABLE INITIALLY DEFERRED;


--
-- Name: czlonkowie_dawnyzarzad czlonkowie_dawnyzarz_bibendi_id_1f4e72cd_fk_czlonkowi; Type: FK CONSTRAINT; Schema: public; Owner: projectuser
--

ALTER TABLE ONLY public.czlonkowie_dawnyzarzad
    ADD CONSTRAINT czlonkowie_dawnyzarz_bibendi_id_1f4e72cd_fk_czlonkowi FOREIGN KEY (bibendi_id) REFERENCES public.czlonkowie_czlonek(id) DEFERRABLE INITIALLY DEFERRED;


--
-- Name: czlonkowie_dawnyzarzad czlonkowie_dawnyzarz_cantandi_id_57a7d0e2_fk_czlonkowi; Type: FK CONSTRAINT; Schema: public; Owner: projectuser
--

ALTER TABLE ONLY public.czlonkowie_dawnyzarzad
    ADD CONSTRAINT czlonkowie_dawnyzarz_cantandi_id_57a7d0e2_fk_czlonkowi FOREIGN KEY (cantandi_id) REFERENCES public.czlonkowie_czlonek(id) DEFERRABLE INITIALLY DEFERRED;


--
-- Name: czlonkowie_dawnyzarzad czlonkowie_dawnyzarz_kasztelan_id_a16b7c18_fk_czlonkowi; Type: FK CONSTRAINT; Schema: public; Owner: projectuser
--

ALTER TABLE ONLY public.czlonkowie_dawnyzarzad
    ADD CONSTRAINT czlonkowie_dawnyzarz_kasztelan_id_a16b7c18_fk_czlonkowi FOREIGN KEY (kasztelan_id) REFERENCES public.czlonkowie_czlonek(id) DEFERRABLE INITIALLY DEFERRED;


--
-- Name: czlonkowie_dawnyzarzad czlonkowie_dawnyzarz_kontakt_z_SKNHI_id_d0e8b195_fk_czlonkowi; Type: FK CONSTRAINT; Schema: public; Owner: projectuser
--

ALTER TABLE ONLY public.czlonkowie_dawnyzarzad
    ADD CONSTRAINT "czlonkowie_dawnyzarz_kontakt_z_SKNHI_id_d0e8b195_fk_czlonkowi" FOREIGN KEY ("kontakt_z_SKNHI_id") REFERENCES public.czlonkowie_czlonek(id) DEFERRABLE INITIALLY DEFERRED;


--
-- Name: czlonkowie_dawnyzarzad czlonkowie_dawnyzarz_kontakt_z_SSUJ_id_1a5b337c_fk_czlonkowi; Type: FK CONSTRAINT; Schema: public; Owner: projectuser
--

ALTER TABLE ONLY public.czlonkowie_dawnyzarzad
    ADD CONSTRAINT "czlonkowie_dawnyzarz_kontakt_z_SSUJ_id_1a5b337c_fk_czlonkowi" FOREIGN KEY ("kontakt_z_SSUJ_id") REFERENCES public.czlonkowie_czlonek(id) DEFERRABLE INITIALLY DEFERRED;


--
-- Name: czlonkowie_dawnyzarzad czlonkowie_dawnyzarz_magister_disciplinae_85a3b66c_fk_czlonkowi; Type: FK CONSTRAINT; Schema: public; Owner: projectuser
--

ALTER TABLE ONLY public.czlonkowie_dawnyzarzad
    ADD CONSTRAINT czlonkowie_dawnyzarz_magister_disciplinae_85a3b66c_fk_czlonkowi FOREIGN KEY (magister_disciplinae_id) REFERENCES public.czlonkowie_czlonek(id) DEFERRABLE INITIALLY DEFERRED;


--
-- Name: czlonkowie_dawnyzarzad czlonkowie_dawnyzarz_skarbnik_id_221ba366_fk_czlonkowi; Type: FK CONSTRAINT; Schema: public; Owner: projectuser
--

ALTER TABLE ONLY public.czlonkowie_dawnyzarzad
    ADD CONSTRAINT czlonkowie_dawnyzarz_skarbnik_id_221ba366_fk_czlonkowi FOREIGN KEY (skarbnik_id) REFERENCES public.czlonkowie_czlonek(id) DEFERRABLE INITIALLY DEFERRED;


--
-- Name: czlonkowie_dawnyzarzad czlonkowie_dawnyzarz_wielki_mistrz_id_b12f32a7_fk_czlonkowi; Type: FK CONSTRAINT; Schema: public; Owner: projectuser
--

ALTER TABLE ONLY public.czlonkowie_dawnyzarzad
    ADD CONSTRAINT czlonkowie_dawnyzarz_wielki_mistrz_id_b12f32a7_fk_czlonkowi FOREIGN KEY (wielki_mistrz_id) REFERENCES public.czlonkowie_czlonek(id) DEFERRABLE INITIALLY DEFERRED;


--
-- Name: czlonkowie_imieszlacheckie czlonkowie_imieszlac_imie_id_f1ec203c_fk_czlonkowi; Type: FK CONSTRAINT; Schema: public; Owner: projectuser
--

ALTER TABLE ONLY public.czlonkowie_imieszlacheckie
    ADD CONSTRAINT czlonkowie_imieszlac_imie_id_f1ec203c_fk_czlonkowi FOREIGN KEY (imie_id) REFERENCES public.czlonkowie_czlonek(id) DEFERRABLE INITIALLY DEFERRED;


--
-- Name: czlonkowie_wielkimistrz czlonkowie_wielkimis_imie_id_cb788e60_fk_czlonkowi; Type: FK CONSTRAINT; Schema: public; Owner: projectuser
--

ALTER TABLE ONLY public.czlonkowie_wielkimistrz
    ADD CONSTRAINT czlonkowie_wielkimis_imie_id_cb788e60_fk_czlonkowi FOREIGN KEY (imie_id) REFERENCES public.czlonkowie_czlonek(id) DEFERRABLE INITIALLY DEFERRED;


--
-- Name: czlonkowie_zarzad czlonkowie_zarzad_cantandi_id_4545a2f1_fk_czlonkowie_czlonek_id; Type: FK CONSTRAINT; Schema: public; Owner: projectuser
--

ALTER TABLE ONLY public.czlonkowie_zarzad
    ADD CONSTRAINT czlonkowie_zarzad_cantandi_id_4545a2f1_fk_czlonkowie_czlonek_id FOREIGN KEY (cantandi_id) REFERENCES public.czlonkowie_czlonek(id) DEFERRABLE INITIALLY DEFERRED;


--
-- Name: czlonkowie_zarzad czlonkowie_zarzad_kasztelan_id_68849661_fk_czlonkowi; Type: FK CONSTRAINT; Schema: public; Owner: projectuser
--

ALTER TABLE ONLY public.czlonkowie_zarzad
    ADD CONSTRAINT czlonkowie_zarzad_kasztelan_id_68849661_fk_czlonkowi FOREIGN KEY (kasztelan_id) REFERENCES public.czlonkowie_czlonek(id) DEFERRABLE INITIALLY DEFERRED;


--
-- Name: czlonkowie_zarzad czlonkowie_zarzad_sekretarz_id_32a244f4_fk_czlonkowi; Type: FK CONSTRAINT; Schema: public; Owner: projectuser
--

ALTER TABLE ONLY public.czlonkowie_zarzad
    ADD CONSTRAINT czlonkowie_zarzad_sekretarz_id_32a244f4_fk_czlonkowi FOREIGN KEY (sekretarz_id) REFERENCES public.czlonkowie_czlonek(id) DEFERRABLE INITIALLY DEFERRED;


--
-- Name: czlonkowie_zarzad czlonkowie_zarzad_skarbnik_id_b88aad3b_fk_czlonkowie_czlonek_id; Type: FK CONSTRAINT; Schema: public; Owner: projectuser
--

ALTER TABLE ONLY public.czlonkowie_zarzad
    ADD CONSTRAINT czlonkowie_zarzad_skarbnik_id_b88aad3b_fk_czlonkowie_czlonek_id FOREIGN KEY (skarbnik_id) REFERENCES public.czlonkowie_czlonek(id) DEFERRABLE INITIALLY DEFERRED;


--
-- Name: czlonkowie_zarzad czlonkowie_zarzad_wielki_mistrz_id_a625d7a4_fk_czlonkowi; Type: FK CONSTRAINT; Schema: public; Owner: projectuser
--

ALTER TABLE ONLY public.czlonkowie_zarzad
    ADD CONSTRAINT czlonkowie_zarzad_wielki_mistrz_id_a625d7a4_fk_czlonkowi FOREIGN KEY (wielki_mistrz_id) REFERENCES public.czlonkowie_czlonek(id) DEFERRABLE INITIALLY DEFERRED;


--
-- Name: czlonkowie_zwierzeczapkowe czlonkowie_zwierzecz_czlonek_id_8f221373_fk_czlonkowi; Type: FK CONSTRAINT; Schema: public; Owner: projectuser
--

ALTER TABLE ONLY public.czlonkowie_zwierzeczapkowe
    ADD CONSTRAINT czlonkowie_zwierzecz_czlonek_id_8f221373_fk_czlonkowi FOREIGN KEY (czlonek_id) REFERENCES public.czlonkowie_czlonek(id) DEFERRABLE INITIALLY DEFERRED;


--
-- Name: django_admin_log django_admin_log_content_type_id_c4bce8eb_fk_django_co; Type: FK CONSTRAINT; Schema: public; Owner: projectuser
--

ALTER TABLE ONLY public.django_admin_log
    ADD CONSTRAINT django_admin_log_content_type_id_c4bce8eb_fk_django_co FOREIGN KEY (content_type_id) REFERENCES public.django_content_type(id) DEFERRABLE INITIALLY DEFERRED;


--
-- Name: django_admin_log django_admin_log_user_id_c564eba6_fk_auth_user_id; Type: FK CONSTRAINT; Schema: public; Owner: projectuser
--

ALTER TABLE ONLY public.django_admin_log
    ADD CONSTRAINT django_admin_log_user_id_c564eba6_fk_auth_user_id FOREIGN KEY (user_id) REFERENCES public.auth_user(id) DEFERRABLE INITIALLY DEFERRED;


--
-- Name: DEFAULT PRIVILEGES FOR TYPES; Type: DEFAULT ACL; Schema: -; Owner: postgres
--

ALTER DEFAULT PRIVILEGES FOR ROLE postgres GRANT ALL ON TYPES  TO projectuser;


--
-- Name: DEFAULT PRIVILEGES FOR TABLES; Type: DEFAULT ACL; Schema: -; Owner: postgres
--

ALTER DEFAULT PRIVILEGES FOR ROLE postgres GRANT SELECT,INSERT,DELETE,UPDATE ON TABLES  TO projectuser;


--
-- PostgreSQL database dump complete
--

