--
-- PostgreSQL database dump
--

-- Dumped from database version 14.18 (Ubuntu 14.18-0ubuntu0.22.04.1)
-- Dumped by pg_dump version 14.18 (Ubuntu 14.18-0ubuntu0.22.04.1)

SET statement_timeout = 0;
SET lock_timeout = 0;
SET idle_in_transaction_session_timeout = 0;
SET client_encoding = 'UTF8';
SET standard_conforming_strings = on;
SELECT pg_catalog.set_config('search_path', '', false);
SET check_function_bodies = false;
SET xmloption = content;
SET client_min_messages = warning;
SET row_security = off;

SET default_tablespace = '';

SET default_table_access_method = heap;

--
-- Name: admin_interface_theme; Type: TABLE; Schema: public; Owner: projectuser
--

CREATE TABLE public.admin_interface_theme (
    id integer NOT NULL,
    name character varying(50) NOT NULL,
    active boolean NOT NULL,
    title character varying(50) NOT NULL,
    title_visible boolean NOT NULL,
    logo character varying(100) NOT NULL,
    logo_visible boolean NOT NULL,
    css_header_background_color character varying(10) NOT NULL,
    title_color character varying(10) NOT NULL,
    css_header_text_color character varying(10) NOT NULL,
    css_header_link_color character varying(10) NOT NULL,
    css_header_link_hover_color character varying(10) NOT NULL,
    css_module_background_color character varying(10) NOT NULL,
    css_module_text_color character varying(10) NOT NULL,
    css_module_link_color character varying(10) NOT NULL,
    css_module_link_hover_color character varying(10) NOT NULL,
    css_module_rounded_corners boolean NOT NULL,
    css_generic_link_color character varying(10) NOT NULL,
    css_generic_link_hover_color character varying(10) NOT NULL,
    css_save_button_background_color character varying(10) NOT NULL,
    css_save_button_background_hover_color character varying(10) NOT NULL,
    css_save_button_text_color character varying(10) NOT NULL,
    css_delete_button_background_color character varying(10) NOT NULL,
    css_delete_button_background_hover_color character varying(10) NOT NULL,
    css_delete_button_text_color character varying(10) NOT NULL,
    list_filter_dropdown boolean NOT NULL,
    related_modal_active boolean NOT NULL,
    related_modal_background_color character varying(10) NOT NULL,
    related_modal_rounded_corners boolean NOT NULL,
    logo_color character varying(10) NOT NULL,
    recent_actions_visible boolean NOT NULL,
    favicon character varying(100) NOT NULL,
    related_modal_background_opacity character varying(5) NOT NULL,
    env_name character varying(50) NOT NULL,
    env_visible_in_header boolean NOT NULL,
    env_color character varying(10) NOT NULL,
    env_visible_in_favicon boolean NOT NULL,
    related_modal_close_button_visible boolean NOT NULL,
    language_chooser_active boolean NOT NULL,
    language_chooser_display character varying(10) NOT NULL,
    list_filter_sticky boolean NOT NULL,
    form_pagination_sticky boolean NOT NULL,
    form_submit_sticky boolean NOT NULL,
    css_module_background_selected_color character varying(10) NOT NULL,
    css_module_link_selected_color character varying(10) NOT NULL,
    logo_max_height smallint NOT NULL,
    logo_max_width smallint NOT NULL,
    foldable_apps boolean NOT NULL,
    language_chooser_control character varying(20) NOT NULL,
    list_filter_highlight boolean NOT NULL,
    list_filter_removal_links boolean NOT NULL,
    show_fieldsets_as_tabs boolean NOT NULL,
    show_inlines_as_tabs boolean NOT NULL,
    css_generic_link_active_color character varying(10) NOT NULL,
    collapsible_stacked_inlines boolean NOT NULL,
    collapsible_stacked_inlines_collapsed boolean NOT NULL,
    collapsible_tabular_inlines boolean NOT NULL,
    collapsible_tabular_inlines_collapsed boolean NOT NULL,
    CONSTRAINT admin_interface_theme_logo_max_height_check CHECK ((logo_max_height >= 0)),
    CONSTRAINT admin_interface_theme_logo_max_width_check CHECK ((logo_max_width >= 0))
);


ALTER TABLE public.admin_interface_theme OWNER TO projectuser;

--
-- Name: admin_interface_theme_id_seq; Type: SEQUENCE; Schema: public; Owner: projectuser
--

ALTER TABLE public.admin_interface_theme ALTER COLUMN id ADD GENERATED BY DEFAULT AS IDENTITY (
    SEQUENCE NAME public.admin_interface_theme_id_seq
    START WITH 1
    INCREMENT BY 1
    NO MINVALUE
    NO MAXVALUE
    CACHE 1
);


--
-- Name: auth_group; Type: TABLE; Schema: public; Owner: projectuser
--

CREATE TABLE public.auth_group (
    id integer NOT NULL,
    name character varying(150) NOT NULL
);


ALTER TABLE public.auth_group OWNER TO projectuser;

--
-- Name: auth_group_id_seq; Type: SEQUENCE; Schema: public; Owner: projectuser
--

ALTER TABLE public.auth_group ALTER COLUMN id ADD GENERATED BY DEFAULT AS IDENTITY (
    SEQUENCE NAME public.auth_group_id_seq
    START WITH 1
    INCREMENT BY 1
    NO MINVALUE
    NO MAXVALUE
    CACHE 1
);


--
-- Name: auth_group_permissions; Type: TABLE; Schema: public; Owner: projectuser
--

CREATE TABLE public.auth_group_permissions (
    id bigint NOT NULL,
    group_id integer NOT NULL,
    permission_id integer NOT NULL
);


ALTER TABLE public.auth_group_permissions OWNER TO projectuser;

--
-- Name: auth_group_permissions_id_seq; Type: SEQUENCE; Schema: public; Owner: projectuser
--

ALTER TABLE public.auth_group_permissions ALTER COLUMN id ADD GENERATED BY DEFAULT AS IDENTITY (
    SEQUENCE NAME public.auth_group_permissions_id_seq
    START WITH 1
    INCREMENT BY 1
    NO MINVALUE
    NO MAXVALUE
    CACHE 1
);


--
-- Name: auth_permission; Type: TABLE; Schema: public; Owner: projectuser
--

CREATE TABLE public.auth_permission (
    id integer NOT NULL,
    name character varying(255) NOT NULL,
    content_type_id integer NOT NULL,
    codename character varying(100) NOT NULL
);


ALTER TABLE public.auth_permission OWNER TO projectuser;

--
-- Name: auth_permission_id_seq; Type: SEQUENCE; Schema: public; Owner: projectuser
--

ALTER TABLE public.auth_permission ALTER COLUMN id ADD GENERATED BY DEFAULT AS IDENTITY (
    SEQUENCE NAME public.auth_permission_id_seq
    START WITH 1
    INCREMENT BY 1
    NO MINVALUE
    NO MAXVALUE
    CACHE 1
);


--
-- Name: auth_user; Type: TABLE; Schema: public; Owner: projectuser
--

CREATE TABLE public.auth_user (
    id integer NOT NULL,
    password character varying(128) NOT NULL,
    last_login timestamp with time zone,
    is_superuser boolean NOT NULL,
    username character varying(150) NOT NULL,
    first_name character varying(150) NOT NULL,
    last_name character varying(150) NOT NULL,
    email character varying(254) NOT NULL,
    is_staff boolean NOT NULL,
    is_active boolean NOT NULL,
    date_joined timestamp with time zone NOT NULL
);


ALTER TABLE public.auth_user OWNER TO projectuser;

--
-- Name: auth_user_groups; Type: TABLE; Schema: public; Owner: projectuser
--

CREATE TABLE public.auth_user_groups (
    id bigint NOT NULL,
    user_id integer NOT NULL,
    group_id integer NOT NULL
);


ALTER TABLE public.auth_user_groups OWNER TO projectuser;

--
-- Name: auth_user_groups_id_seq; Type: SEQUENCE; Schema: public; Owner: projectuser
--

ALTER TABLE public.auth_user_groups ALTER COLUMN id ADD GENERATED BY DEFAULT AS IDENTITY (
    SEQUENCE NAME public.auth_user_groups_id_seq
    START WITH 1
    INCREMENT BY 1
    NO MINVALUE
    NO MAXVALUE
    CACHE 1
);


--
-- Name: auth_user_id_seq; Type: SEQUENCE; Schema: public; Owner: projectuser
--

ALTER TABLE public.auth_user ALTER COLUMN id ADD GENERATED BY DEFAULT AS IDENTITY (
    SEQUENCE NAME public.auth_user_id_seq
    START WITH 1
    INCREMENT BY 1
    NO MINVALUE
    NO MAXVALUE
    CACHE 1
);


--
-- Name: auth_user_user_permissions; Type: TABLE; Schema: public; Owner: projectuser
--

CREATE TABLE public.auth_user_user_permissions (
    id bigint NOT NULL,
    user_id integer NOT NULL,
    permission_id integer NOT NULL
);


ALTER TABLE public.auth_user_user_permissions OWNER TO projectuser;

--
-- Name: auth_user_user_permissions_id_seq; Type: SEQUENCE; Schema: public; Owner: projectuser
--

ALTER TABLE public.auth_user_user_permissions ALTER COLUMN id ADD GENERATED BY DEFAULT AS IDENTITY (
    SEQUENCE NAME public.auth_user_user_permissions_id_seq
    START WITH 1
    INCREMENT BY 1
    NO MINVALUE
    NO MAXVALUE
    CACHE 1
);


--
-- Name: core_kadencja; Type: TABLE; Schema: public; Owner: projectuser
--

CREATE TABLE public.core_kadencja (
    id bigint NOT NULL,
    rozpoczecie integer NOT NULL,
    zakonczenie integer NOT NULL
);


ALTER TABLE public.core_kadencja OWNER TO projectuser;

--
-- Name: core_kadencja_id_seq; Type: SEQUENCE; Schema: public; Owner: projectuser
--

ALTER TABLE public.core_kadencja ALTER COLUMN id ADD GENERATED BY DEFAULT AS IDENTITY (
    SEQUENCE NAME public.core_kadencja_id_seq
    START WITH 1
    INCREMENT BY 1
    NO MINVALUE
    NO MAXVALUE
    CACHE 1
);


--
-- Name: czapki_czapka; Type: TABLE; Schema: public; Owner: projectuser
--

CREATE TABLE public.czapki_czapka (
    id bigint NOT NULL,
    kolor character varying(255) NOT NULL,
    wydzial_id bigint,
    inny_powod character varying(100) NOT NULL
);


ALTER TABLE public.czapki_czapka OWNER TO projectuser;

--
-- Name: czapki_czapka_id_seq; Type: SEQUENCE; Schema: public; Owner: projectuser
--

ALTER TABLE public.czapki_czapka ALTER COLUMN id ADD GENERATED BY DEFAULT AS IDENTITY (
    SEQUENCE NAME public.czapki_czapka_id_seq
    START WITH 1
    INCREMENT BY 1
    NO MINVALUE
    NO MAXVALUE
    CACHE 1
);


--
-- Name: czapki_rodzajczapki; Type: TABLE; Schema: public; Owner: projectuser
--

CREATE TABLE public.czapki_rodzajczapki (
    id bigint NOT NULL,
    nazwa character varying(40) NOT NULL,
    powod_koloru character varying(100) NOT NULL
);


ALTER TABLE public.czapki_rodzajczapki OWNER TO projectuser;

--
-- Name: czapki_rodzajczapki_id_seq; Type: SEQUENCE; Schema: public; Owner: projectuser
--

ALTER TABLE public.czapki_rodzajczapki ALTER COLUMN id ADD GENERATED BY DEFAULT AS IDENTITY (
    SEQUENCE NAME public.czapki_rodzajczapki_id_seq
    START WITH 1
    INCREMENT BY 1
    NO MINVALUE
    NO MAXVALUE
    CACHE 1
);


--
-- Name: czapki_rodzajczapki_kraje; Type: TABLE; Schema: public; Owner: projectuser
--

CREATE TABLE public.czapki_rodzajczapki_kraje (
    id bigint NOT NULL,
    rodzajczapki_id bigint NOT NULL,
    kraj_id bigint NOT NULL
);


ALTER TABLE public.czapki_rodzajczapki_kraje OWNER TO projectuser;

--
-- Name: czapki_rodzajczapki_kraje_id_seq; Type: SEQUENCE; Schema: public; Owner: projectuser
--

ALTER TABLE public.czapki_rodzajczapki_kraje ALTER COLUMN id ADD GENERATED BY DEFAULT AS IDENTITY (
    SEQUENCE NAME public.czapki_rodzajczapki_kraje_id_seq
    START WITH 1
    INCREMENT BY 1
    NO MINVALUE
    NO MAXVALUE
    CACHE 1
);


--
-- Name: czlonkowie_bean; Type: TABLE; Schema: public; Owner: projectuser
--

CREATE TABLE public.czlonkowie_bean (
    osoba_ptr_id bigint NOT NULL,
    staz integer NOT NULL,
    pewnosc_stazu character varying NOT NULL,
    czapka_1_id bigint,
    czapka_2_id bigint,
    rodzic_1_id bigint,
    rodzic_2_id bigint
);


ALTER TABLE public.czlonkowie_bean OWNER TO projectuser;

--
-- Name: czlonkowie_czlonek; Type: TABLE; Schema: public; Owner: projectuser
--

CREATE TABLE public.czlonkowie_czlonek (
    osoba_ptr_id bigint NOT NULL,
    staz integer NOT NULL,
    pewnosc_stazu character varying NOT NULL,
    aktywnosc character varying(1) NOT NULL,
    ochrzczony character varying(5) NOT NULL,
    rok_chrztu integer NOT NULL,
    miesiac_chrztu integer NOT NULL,
    dzien_chrztu integer NOT NULL,
    status character varying(5) NOT NULL,
    imie_piwne_1_wybor character varying(5) NOT NULL,
    imie_piwne_1 character varying(100) NOT NULL,
    imie_piwne_2_wybor character varying(5) NOT NULL,
    imie_piwne_2 character varying(100) NOT NULL,
    czapka_1_id bigint,
    czapka_2_id bigint,
    rodzic_1_id bigint,
    rodzic_2_id bigint
);


ALTER TABLE public.czlonkowie_czlonek OWNER TO projectuser;

--
-- Name: czlonkowie_dawnyzarzad; Type: TABLE; Schema: public; Owner: projectuser
--

CREATE TABLE public.czlonkowie_dawnyzarzad (
    id bigint NOT NULL,
    bibendi_id bigint,
    cantandi_id bigint,
    kadencja_id bigint,
    kasztelan_id bigint,
    "kontakt_z_SKNHI_id" bigint,
    "kontakt_z_SSUJ_id" bigint,
    magister_disciplinae_id bigint,
    skarbnik_id bigint,
    wielki_mistrz_id bigint
);


ALTER TABLE public.czlonkowie_dawnyzarzad OWNER TO projectuser;

--
-- Name: czlonkowie_dawnyzarzad_id_seq; Type: SEQUENCE; Schema: public; Owner: projectuser
--

ALTER TABLE public.czlonkowie_dawnyzarzad ALTER COLUMN id ADD GENERATED BY DEFAULT AS IDENTITY (
    SEQUENCE NAME public.czlonkowie_dawnyzarzad_id_seq
    START WITH 1
    INCREMENT BY 1
    NO MINVALUE
    NO MAXVALUE
    CACHE 1
);


--
-- Name: czlonkowie_halloffame; Type: TABLE; Schema: public; Owner: projectuser
--

CREATE TABLE public.czlonkowie_halloffame (
    id bigint NOT NULL,
    nazwa_alternatywna character varying(100) NOT NULL,
    zaslugi character varying(255) NOT NULL,
    czlonek_id bigint,
    order_field character varying(255) NOT NULL,
    bean_id bigint
);


ALTER TABLE public.czlonkowie_halloffame OWNER TO projectuser;

--
-- Name: czlonkowie_halloffame_id_seq; Type: SEQUENCE; Schema: public; Owner: projectuser
--

ALTER TABLE public.czlonkowie_halloffame ALTER COLUMN id ADD GENERATED BY DEFAULT AS IDENTITY (
    SEQUENCE NAME public.czlonkowie_halloffame_id_seq
    START WITH 1
    INCREMENT BY 1
    NO MINVALUE
    NO MAXVALUE
    CACHE 1
);


--
-- Name: czlonkowie_imieszlacheckie; Type: TABLE; Schema: public; Owner: projectuser
--

CREATE TABLE public.czlonkowie_imieszlacheckie (
    id bigint NOT NULL,
    imie_id bigint
);


ALTER TABLE public.czlonkowie_imieszlacheckie OWNER TO projectuser;

--
-- Name: czlonkowie_imieszlacheckie_id_seq; Type: SEQUENCE; Schema: public; Owner: projectuser
--

ALTER TABLE public.czlonkowie_imieszlacheckie ALTER COLUMN id ADD GENERATED BY DEFAULT AS IDENTITY (
    SEQUENCE NAME public.czlonkowie_imieszlacheckie_id_seq
    START WITH 1
    INCREMENT BY 1
    NO MINVALUE
    NO MAXVALUE
    CACHE 1
);


--
-- Name: czlonkowie_innaosoba; Type: TABLE; Schema: public; Owner: projectuser
--

CREATE TABLE public.czlonkowie_innaosoba (
    osoba_ptr_id bigint NOT NULL,
    opis text NOT NULL,
    kategoria character varying(10) NOT NULL,
    bractwo_do_ktorego_nalezy_id bigint
);


ALTER TABLE public.czlonkowie_innaosoba OWNER TO projectuser;

--
-- Name: czlonkowie_osoba; Type: TABLE; Schema: public; Owner: projectuser
--

CREATE TABLE public.czlonkowie_osoba (
    id bigint NOT NULL,
    imie character varying(40) NOT NULL,
    nazwisko character varying(40) NOT NULL,
    przezwiska character varying(255)[] NOT NULL,
    polymorphic_ctype_id integer
);


ALTER TABLE public.czlonkowie_osoba OWNER TO projectuser;

--
-- Name: czlonkowie_osoba_id_seq; Type: SEQUENCE; Schema: public; Owner: projectuser
--

ALTER TABLE public.czlonkowie_osoba ALTER COLUMN id ADD GENERATED BY DEFAULT AS IDENTITY (
    SEQUENCE NAME public.czlonkowie_osoba_id_seq
    START WITH 1
    INCREMENT BY 1
    NO MINVALUE
    NO MAXVALUE
    CACHE 1
);


--
-- Name: czlonkowie_wielkimistrz; Type: TABLE; Schema: public; Owner: projectuser
--

CREATE TABLE public.czlonkowie_wielkimistrz (
    id bigint NOT NULL,
    tadeusz character varying(10) NOT NULL,
    tytuly text NOT NULL,
    tadeusz_numeric integer NOT NULL,
    imie_id bigint
);


ALTER TABLE public.czlonkowie_wielkimistrz OWNER TO projectuser;

--
-- Name: czlonkowie_wielkimistrz_id_seq; Type: SEQUENCE; Schema: public; Owner: projectuser
--

ALTER TABLE public.czlonkowie_wielkimistrz ALTER COLUMN id ADD GENERATED BY DEFAULT AS IDENTITY (
    SEQUENCE NAME public.czlonkowie_wielkimistrz_id_seq
    START WITH 1
    INCREMENT BY 1
    NO MINVALUE
    NO MAXVALUE
    CACHE 1
);


--
-- Name: czlonkowie_zarzad; Type: TABLE; Schema: public; Owner: projectuser
--

CREATE TABLE public.czlonkowie_zarzad (
    id bigint NOT NULL,
    cantandi_id bigint,
    kadencja_id bigint,
    kasztelan_id bigint,
    sekretarz_id bigint,
    skarbnik_id bigint,
    wielki_mistrz_id bigint
);


ALTER TABLE public.czlonkowie_zarzad OWNER TO projectuser;

--
-- Name: czlonkowie_zarzad_id_seq; Type: SEQUENCE; Schema: public; Owner: projectuser
--

ALTER TABLE public.czlonkowie_zarzad ALTER COLUMN id ADD GENERATED BY DEFAULT AS IDENTITY (
    SEQUENCE NAME public.czlonkowie_zarzad_id_seq
    START WITH 1
    INCREMENT BY 1
    NO MINVALUE
    NO MAXVALUE
    CACHE 1
);


--
-- Name: czlonkowie_zwierzeczapkowe; Type: TABLE; Schema: public; Owner: projectuser
--

CREATE TABLE public.czlonkowie_zwierzeczapkowe (
    id bigint NOT NULL,
    zwierze character varying(100) NOT NULL,
    wyjasnienie character varying(100) NOT NULL
);


ALTER TABLE public.czlonkowie_zwierzeczapkowe OWNER TO projectuser;

--
-- Name: czlonkowie_zwierzeczapkowe_id_seq; Type: SEQUENCE; Schema: public; Owner: projectuser
--

ALTER TABLE public.czlonkowie_zwierzeczapkowe ALTER COLUMN id ADD GENERATED BY DEFAULT AS IDENTITY (
    SEQUENCE NAME public.czlonkowie_zwierzeczapkowe_id_seq
    START WITH 1
    INCREMENT BY 1
    NO MINVALUE
    NO MAXVALUE
    CACHE 1
);


--
-- Name: django_admin_log; Type: TABLE; Schema: public; Owner: projectuser
--

CREATE TABLE public.django_admin_log (
    id integer NOT NULL,
    action_time timestamp with time zone NOT NULL,
    object_id text,
    object_repr character varying(200) NOT NULL,
    action_flag smallint NOT NULL,
    change_message text NOT NULL,
    content_type_id integer,
    user_id integer NOT NULL,
    CONSTRAINT django_admin_log_action_flag_check CHECK ((action_flag >= 0))
);


ALTER TABLE public.django_admin_log OWNER TO projectuser;

--
-- Name: django_admin_log_id_seq; Type: SEQUENCE; Schema: public; Owner: projectuser
--

ALTER TABLE public.django_admin_log ALTER COLUMN id ADD GENERATED BY DEFAULT AS IDENTITY (
    SEQUENCE NAME public.django_admin_log_id_seq
    START WITH 1
    INCREMENT BY 1
    NO MINVALUE
    NO MAXVALUE
    CACHE 1
);


--
-- Name: django_content_type; Type: TABLE; Schema: public; Owner: projectuser
--

CREATE TABLE public.django_content_type (
    id integer NOT NULL,
    app_label character varying(100) NOT NULL,
    model character varying(100) NOT NULL
);


ALTER TABLE public.django_content_type OWNER TO projectuser;

--
-- Name: django_content_type_id_seq; Type: SEQUENCE; Schema: public; Owner: projectuser
--

ALTER TABLE public.django_content_type ALTER COLUMN id ADD GENERATED BY DEFAULT AS IDENTITY (
    SEQUENCE NAME public.django_content_type_id_seq
    START WITH 1
    INCREMENT BY 1
    NO MINVALUE
    NO MAXVALUE
    CACHE 1
);


--
-- Name: django_migrations; Type: TABLE; Schema: public; Owner: projectuser
--

CREATE TABLE public.django_migrations (
    id bigint NOT NULL,
    app character varying(255) NOT NULL,
    name character varying(255) NOT NULL,
    applied timestamp with time zone NOT NULL
);


ALTER TABLE public.django_migrations OWNER TO projectuser;

--
-- Name: django_migrations_id_seq; Type: SEQUENCE; Schema: public; Owner: projectuser
--

ALTER TABLE public.django_migrations ALTER COLUMN id ADD GENERATED BY DEFAULT AS IDENTITY (
    SEQUENCE NAME public.django_migrations_id_seq
    START WITH 1
    INCREMENT BY 1
    NO MINVALUE
    NO MAXVALUE
    CACHE 1
);


--
-- Name: django_session; Type: TABLE; Schema: public; Owner: projectuser
--

CREATE TABLE public.django_session (
    session_key character varying(40) NOT NULL,
    session_data text NOT NULL,
    expire_date timestamp with time zone NOT NULL
);


ALTER TABLE public.django_session OWNER TO projectuser;

--
-- Name: encyklopedia_bractwo; Type: TABLE; Schema: public; Owner: projectuser
--

CREATE TABLE public.encyklopedia_bractwo (
    id bigint NOT NULL,
    nazwa character varying(255) NOT NULL,
    panstwo_id bigint,
    rok_zalozenia integer NOT NULL,
    wiek_tradycje integer NOT NULL,
    grupa_bractw_id bigint
);


ALTER TABLE public.encyklopedia_bractwo OWNER TO projectuser;

--
-- Name: encyklopedia_bractwo_id_seq; Type: SEQUENCE; Schema: public; Owner: projectuser
--

ALTER TABLE public.encyklopedia_bractwo ALTER COLUMN id ADD GENERATED BY DEFAULT AS IDENTITY (
    SEQUENCE NAME public.encyklopedia_bractwo_id_seq
    START WITH 1
    INCREMENT BY 1
    NO MINVALUE
    NO MAXVALUE
    CACHE 1
);


--
-- Name: encyklopedia_bractwo_zalozyciele; Type: TABLE; Schema: public; Owner: projectuser
--

CREATE TABLE public.encyklopedia_bractwo_zalozyciele (
    id bigint NOT NULL,
    bractwo_id bigint NOT NULL,
    osoba_id bigint NOT NULL
);


ALTER TABLE public.encyklopedia_bractwo_zalozyciele OWNER TO projectuser;

--
-- Name: encyklopedia_bractwo_zalozyciele_id_seq; Type: SEQUENCE; Schema: public; Owner: projectuser
--

ALTER TABLE public.encyklopedia_bractwo_zalozyciele ALTER COLUMN id ADD GENERATED BY DEFAULT AS IDENTITY (
    SEQUENCE NAME public.encyklopedia_bractwo_zalozyciele_id_seq
    START WITH 1
    INCREMENT BY 1
    NO MINVALUE
    NO MAXVALUE
    CACHE 1
);


--
-- Name: encyklopedia_grupabractw; Type: TABLE; Schema: public; Owner: projectuser
--

CREATE TABLE public.encyklopedia_grupabractw (
    id bigint NOT NULL,
    nazwa character varying(40) NOT NULL,
    opis text NOT NULL,
    rodzaj_czapki_id bigint
);


ALTER TABLE public.encyklopedia_grupabractw OWNER TO projectuser;

--
-- Name: encyklopedia_grupabractw_id_seq; Type: SEQUENCE; Schema: public; Owner: projectuser
--

ALTER TABLE public.encyklopedia_grupabractw ALTER COLUMN id ADD GENERATED BY DEFAULT AS IDENTITY (
    SEQUENCE NAME public.encyklopedia_grupabractw_id_seq
    START WITH 1
    INCREMENT BY 1
    NO MINVALUE
    NO MAXVALUE
    CACHE 1
);


--
-- Name: encyklopedia_grupabractw_kraje; Type: TABLE; Schema: public; Owner: projectuser
--

CREATE TABLE public.encyklopedia_grupabractw_kraje (
    id bigint NOT NULL,
    grupabractw_id bigint NOT NULL,
    kraj_id bigint NOT NULL
);


ALTER TABLE public.encyklopedia_grupabractw_kraje OWNER TO projectuser;

--
-- Name: encyklopedia_grupabractw_kraje_id_seq; Type: SEQUENCE; Schema: public; Owner: projectuser
--

ALTER TABLE public.encyklopedia_grupabractw_kraje ALTER COLUMN id ADD GENERATED BY DEFAULT AS IDENTITY (
    SEQUENCE NAME public.encyklopedia_grupabractw_kraje_id_seq
    START WITH 1
    INCREMENT BY 1
    NO MINVALUE
    NO MAXVALUE
    CACHE 1
);


--
-- Name: encyklopedia_pojecie; Type: TABLE; Schema: public; Owner: projectuser
--

CREATE TABLE public.encyklopedia_pojecie (
    id bigint NOT NULL,
    nazwa character varying(100) NOT NULL,
    opis text NOT NULL,
    origins character varying NOT NULL,
    wydarzenie_id bigint,
    autor_id bigint
);


ALTER TABLE public.encyklopedia_pojecie OWNER TO projectuser;

--
-- Name: encyklopedia_pojecie_id_seq; Type: SEQUENCE; Schema: public; Owner: projectuser
--

ALTER TABLE public.encyklopedia_pojecie ALTER COLUMN id ADD GENERATED BY DEFAULT AS IDENTITY (
    SEQUENCE NAME public.encyklopedia_pojecie_id_seq
    START WITH 1
    INCREMENT BY 1
    NO MINVALUE
    NO MAXVALUE
    CACHE 1
);


--
-- Name: encyklopedia_powiedzenie; Type: TABLE; Schema: public; Owner: projectuser
--

CREATE TABLE public.encyklopedia_powiedzenie (
    id bigint NOT NULL,
    tekst text NOT NULL,
    kontekst text NOT NULL,
    autor_id bigint
);


ALTER TABLE public.encyklopedia_powiedzenie OWNER TO projectuser;

--
-- Name: encyklopedia_powiedzenie_adresaci; Type: TABLE; Schema: public; Owner: projectuser
--

CREATE TABLE public.encyklopedia_powiedzenie_adresaci (
    id bigint NOT NULL,
    powiedzenie_id bigint NOT NULL,
    osoba_id bigint NOT NULL
);


ALTER TABLE public.encyklopedia_powiedzenie_adresaci OWNER TO projectuser;

--
-- Name: encyklopedia_powiedzenie_adresaci_id_seq; Type: SEQUENCE; Schema: public; Owner: projectuser
--

ALTER TABLE public.encyklopedia_powiedzenie_adresaci ALTER COLUMN id ADD GENERATED BY DEFAULT AS IDENTITY (
    SEQUENCE NAME public.encyklopedia_powiedzenie_adresaci_id_seq
    START WITH 1
    INCREMENT BY 1
    NO MINVALUE
    NO MAXVALUE
    CACHE 1
);


--
-- Name: encyklopedia_powiedzenie_id_seq; Type: SEQUENCE; Schema: public; Owner: projectuser
--

ALTER TABLE public.encyklopedia_powiedzenie ALTER COLUMN id ADD GENERATED BY DEFAULT AS IDENTITY (
    SEQUENCE NAME public.encyklopedia_powiedzenie_id_seq
    START WITH 1
    INCREMENT BY 1
    NO MINVALUE
    NO MAXVALUE
    CACHE 1
);


--
-- Name: encyklopedia_tradycjabcs; Type: TABLE; Schema: public; Owner: projectuser
--

CREATE TABLE public.encyklopedia_tradycjabcs (
    id bigint NOT NULL,
    nazwa character varying(100) NOT NULL,
    okolicznosci_powstania character varying(3) NOT NULL,
    inne character varying(255) NOT NULL,
    opis text NOT NULL,
    autor_czlonek_id bigint,
    wydarzenie_id bigint,
    od_kogo_id bigint,
    autor_id bigint,
    zapozyczona_czy_autorska character varying NOT NULL
);


ALTER TABLE public.encyklopedia_tradycjabcs OWNER TO projectuser;

--
-- Name: encyklopedia_tradycjabcs_id_seq; Type: SEQUENCE; Schema: public; Owner: projectuser
--

ALTER TABLE public.encyklopedia_tradycjabcs ALTER COLUMN id ADD GENERATED BY DEFAULT AS IDENTITY (
    SEQUENCE NAME public.encyklopedia_tradycjabcs_id_seq
    START WITH 1
    INCREMENT BY 1
    NO MINVALUE
    NO MAXVALUE
    CACHE 1
);


--
-- Name: encyklopedia_tradycjainnegobractwa; Type: TABLE; Schema: public; Owner: projectuser
--

CREATE TABLE public.encyklopedia_tradycjainnegobractwa (
    id bigint NOT NULL,
    nazwa character varying(100) NOT NULL,
    opis text NOT NULL,
    bractwo_id bigint,
    od_kogo_id bigint,
    zapozyczona boolean NOT NULL
);


ALTER TABLE public.encyklopedia_tradycjainnegobractwa OWNER TO projectuser;

--
-- Name: encyklopedia_tradycjainnegobractwa_id_seq; Type: SEQUENCE; Schema: public; Owner: projectuser
--

ALTER TABLE public.encyklopedia_tradycjainnegobractwa ALTER COLUMN id ADD GENERATED BY DEFAULT AS IDENTITY (
    SEQUENCE NAME public.encyklopedia_tradycjainnegobractwa_id_seq
    START WITH 1
    INCREMENT BY 1
    NO MINVALUE
    NO MAXVALUE
    CACHE 1
);


--
-- Name: encyklopedia_zrodlo; Type: TABLE; Schema: public; Owner: projectuser
--

CREATE TABLE public.encyklopedia_zrodlo (
    id bigint NOT NULL,
    nazwa character varying(255) NOT NULL,
    link character varying(200) NOT NULL,
    gdzie_znalezc text NOT NULL,
    zawartosc text NOT NULL
);


ALTER TABLE public.encyklopedia_zrodlo OWNER TO projectuser;

--
-- Name: encyklopedia_zrodlo_autorzy; Type: TABLE; Schema: public; Owner: projectuser
--

CREATE TABLE public.encyklopedia_zrodlo_autorzy (
    id bigint NOT NULL,
    zrodlo_id bigint NOT NULL,
    osoba_id bigint NOT NULL
);


ALTER TABLE public.encyklopedia_zrodlo_autorzy OWNER TO projectuser;

--
-- Name: encyklopedia_zrodlo_autorzy_id_seq; Type: SEQUENCE; Schema: public; Owner: projectuser
--

ALTER TABLE public.encyklopedia_zrodlo_autorzy ALTER COLUMN id ADD GENERATED BY DEFAULT AS IDENTITY (
    SEQUENCE NAME public.encyklopedia_zrodlo_autorzy_id_seq
    START WITH 1
    INCREMENT BY 1
    NO MINVALUE
    NO MAXVALUE
    CACHE 1
);


--
-- Name: encyklopedia_zrodlo_id_seq; Type: SEQUENCE; Schema: public; Owner: projectuser
--

ALTER TABLE public.encyklopedia_zrodlo ALTER COLUMN id ADD GENERATED BY DEFAULT AS IDENTITY (
    SEQUENCE NAME public.encyklopedia_zrodlo_id_seq
    START WITH 1
    INCREMENT BY 1
    NO MINVALUE
    NO MAXVALUE
    CACHE 1
);


--
-- Name: encyklopedia_zwyczaj; Type: TABLE; Schema: public; Owner: projectuser
--

CREATE TABLE public.encyklopedia_zwyczaj (
    id bigint NOT NULL,
    nazwa character varying(100) NOT NULL,
    data_powstania date NOT NULL,
    opis text NOT NULL,
    autor_id bigint
);


ALTER TABLE public.encyklopedia_zwyczaj OWNER TO projectuser;

--
-- Name: encyklopedia_zwyczaj_id_seq; Type: SEQUENCE; Schema: public; Owner: projectuser
--

ALTER TABLE public.encyklopedia_zwyczaj ALTER COLUMN id ADD GENERATED BY DEFAULT AS IDENTITY (
    SEQUENCE NAME public.encyklopedia_zwyczaj_id_seq
    START WITH 1
    INCREMENT BY 1
    NO MINVALUE
    NO MAXVALUE
    CACHE 1
);


--
-- Name: kronika_charakterystykadzialanzarzadu; Type: TABLE; Schema: public; Owner: projectuser
--

CREATE TABLE public.kronika_charakterystykadzialanzarzadu (
    id bigint NOT NULL,
    charakterystyka text NOT NULL,
    autor_id bigint,
    dawny_zarzad_id bigint,
    zarzad_id bigint
);


ALTER TABLE public.kronika_charakterystykadzialanzarzadu OWNER TO projectuser;

--
-- Name: kronika_charakterystykadzialanzarzadu_id_seq; Type: SEQUENCE; Schema: public; Owner: projectuser
--

ALTER TABLE public.kronika_charakterystykadzialanzarzadu ALTER COLUMN id ADD GENERATED BY DEFAULT AS IDENTITY (
    SEQUENCE NAME public.kronika_charakterystykadzialanzarzadu_id_seq
    START WITH 1
    INCREMENT BY 1
    NO MINVALUE
    NO MAXVALUE
    CACHE 1
);


--
-- Name: kronika_obrazwydarzenie; Type: TABLE; Schema: public; Owner: projectuser
--

CREATE TABLE public.kronika_obrazwydarzenie (
    id bigint NOT NULL,
    tytul character varying(100) NOT NULL,
    obraz character varying(100) NOT NULL,
    opis text NOT NULL,
    wydarzenie_id bigint
);


ALTER TABLE public.kronika_obrazwydarzenie OWNER TO projectuser;

--
-- Name: kronika_obrazwydarzenie_id_seq; Type: SEQUENCE; Schema: public; Owner: projectuser
--

ALTER TABLE public.kronika_obrazwydarzenie ALTER COLUMN id ADD GENERATED BY DEFAULT AS IDENTITY (
    SEQUENCE NAME public.kronika_obrazwydarzenie_id_seq
    START WITH 1
    INCREMENT BY 1
    NO MINVALUE
    NO MAXVALUE
    CACHE 1
);


--
-- Name: kronika_obrazwydarzenie_widoczne_osoby; Type: TABLE; Schema: public; Owner: projectuser
--

CREATE TABLE public.kronika_obrazwydarzenie_widoczne_osoby (
    id bigint NOT NULL,
    obrazwydarzenie_id bigint NOT NULL,
    osoba_id bigint NOT NULL
);


ALTER TABLE public.kronika_obrazwydarzenie_widoczne_osoby OWNER TO projectuser;

--
-- Name: kronika_obrazwydarzenie_widoczne_osoby_id_seq; Type: SEQUENCE; Schema: public; Owner: projectuser
--

ALTER TABLE public.kronika_obrazwydarzenie_widoczne_osoby ALTER COLUMN id ADD GENERATED BY DEFAULT AS IDENTITY (
    SEQUENCE NAME public.kronika_obrazwydarzenie_widoczne_osoby_id_seq
    START WITH 1
    INCREMENT BY 1
    NO MINVALUE
    NO MAXVALUE
    CACHE 1
);


--
-- Name: kronika_obrazzdarzenie; Type: TABLE; Schema: public; Owner: projectuser
--

CREATE TABLE public.kronika_obrazzdarzenie (
    id bigint NOT NULL,
    tytul character varying(100) NOT NULL,
    data date NOT NULL,
    obraz character varying(100) NOT NULL,
    opis text NOT NULL,
    miejsce_id bigint,
    zdarzenie_id bigint
);


ALTER TABLE public.kronika_obrazzdarzenie OWNER TO projectuser;

--
-- Name: kronika_obrazzdarzenie_id_seq; Type: SEQUENCE; Schema: public; Owner: projectuser
--

ALTER TABLE public.kronika_obrazzdarzenie ALTER COLUMN id ADD GENERATED BY DEFAULT AS IDENTITY (
    SEQUENCE NAME public.kronika_obrazzdarzenie_id_seq
    START WITH 1
    INCREMENT BY 1
    NO MINVALUE
    NO MAXVALUE
    CACHE 1
);


--
-- Name: kronika_obrazzdarzenie_widoczne_osoby; Type: TABLE; Schema: public; Owner: projectuser
--

CREATE TABLE public.kronika_obrazzdarzenie_widoczne_osoby (
    id bigint NOT NULL,
    obrazzdarzenie_id bigint NOT NULL,
    osoba_id bigint NOT NULL
);


ALTER TABLE public.kronika_obrazzdarzenie_widoczne_osoby OWNER TO projectuser;

--
-- Name: kronika_obrazzdarzenie_widoczne_osoby_id_seq; Type: SEQUENCE; Schema: public; Owner: projectuser
--

ALTER TABLE public.kronika_obrazzdarzenie_widoczne_osoby ALTER COLUMN id ADD GENERATED BY DEFAULT AS IDENTITY (
    SEQUENCE NAME public.kronika_obrazzdarzenie_widoczne_osoby_id_seq
    START WITH 1
    INCREMENT BY 1
    NO MINVALUE
    NO MAXVALUE
    CACHE 1
);


--
-- Name: kronika_proces; Type: TABLE; Schema: public; Owner: projectuser
--

CREATE TABLE public.kronika_proces (
    id bigint NOT NULL,
    nazwa character varying(255) NOT NULL,
    data_rozpoczecia date NOT NULL,
    data_zakonczenia date NOT NULL,
    opis text NOT NULL
);


ALTER TABLE public.kronika_proces OWNER TO projectuser;

--
-- Name: kronika_proces_id_seq; Type: SEQUENCE; Schema: public; Owner: projectuser
--

ALTER TABLE public.kronika_proces ALTER COLUMN id ADD GENERATED BY DEFAULT AS IDENTITY (
    SEQUENCE NAME public.kronika_proces_id_seq
    START WITH 1
    INCREMENT BY 1
    NO MINVALUE
    NO MAXVALUE
    CACHE 1
);


--
-- Name: kronika_proces_zdarzenia; Type: TABLE; Schema: public; Owner: projectuser
--

CREATE TABLE public.kronika_proces_zdarzenia (
    id bigint NOT NULL,
    proces_id bigint NOT NULL,
    zdarzenie_id bigint NOT NULL
);


ALTER TABLE public.kronika_proces_zdarzenia OWNER TO projectuser;

--
-- Name: kronika_proces_zdarzenia_id_seq; Type: SEQUENCE; Schema: public; Owner: projectuser
--

ALTER TABLE public.kronika_proces_zdarzenia ALTER COLUMN id ADD GENERATED BY DEFAULT AS IDENTITY (
    SEQUENCE NAME public.kronika_proces_zdarzenia_id_seq
    START WITH 1
    INCREMENT BY 1
    NO MINVALUE
    NO MAXVALUE
    CACHE 1
);


--
-- Name: kronika_wydarzenie; Type: TABLE; Schema: public; Owner: projectuser
--

CREATE TABLE public.kronika_wydarzenie (
    id bigint NOT NULL,
    nazwa character varying(255) NOT NULL,
    opis text NOT NULL,
    czy_to_wyjazd character varying(1) NOT NULL,
    data_rozpoczecia date NOT NULL,
    data_zakonczenia date NOT NULL,
    typ_wydarzenia character varying(10) NOT NULL,
    typ_wyjazdu character varying(10) NOT NULL,
    link character varying(200) NOT NULL
);


ALTER TABLE public.kronika_wydarzenie OWNER TO projectuser;

--
-- Name: kronika_wydarzenie_id_seq; Type: SEQUENCE; Schema: public; Owner: projectuser
--

ALTER TABLE public.kronika_wydarzenie ALTER COLUMN id ADD GENERATED BY DEFAULT AS IDENTITY (
    SEQUENCE NAME public.kronika_wydarzenie_id_seq
    START WITH 1
    INCREMENT BY 1
    NO MINVALUE
    NO MAXVALUE
    CACHE 1
);


--
-- Name: kronika_wydarzenie_miejsca; Type: TABLE; Schema: public; Owner: projectuser
--

CREATE TABLE public.kronika_wydarzenie_miejsca (
    id bigint NOT NULL,
    wydarzenie_id bigint NOT NULL,
    miejsce_id bigint NOT NULL
);


ALTER TABLE public.kronika_wydarzenie_miejsca OWNER TO projectuser;

--
-- Name: kronika_wydarzenie_miejsca_id_seq; Type: SEQUENCE; Schema: public; Owner: projectuser
--

ALTER TABLE public.kronika_wydarzenie_miejsca ALTER COLUMN id ADD GENERATED BY DEFAULT AS IDENTITY (
    SEQUENCE NAME public.kronika_wydarzenie_miejsca_id_seq
    START WITH 1
    INCREMENT BY 1
    NO MINVALUE
    NO MAXVALUE
    CACHE 1
);


--
-- Name: kronika_wydarzenie_uczestnicy; Type: TABLE; Schema: public; Owner: projectuser
--

CREATE TABLE public.kronika_wydarzenie_uczestnicy (
    id bigint NOT NULL,
    wydarzenie_id bigint NOT NULL,
    osoba_id bigint NOT NULL
);


ALTER TABLE public.kronika_wydarzenie_uczestnicy OWNER TO projectuser;

--
-- Name: kronika_wydarzenie_uczestnicy_id_seq; Type: SEQUENCE; Schema: public; Owner: projectuser
--

ALTER TABLE public.kronika_wydarzenie_uczestnicy ALTER COLUMN id ADD GENERATED BY DEFAULT AS IDENTITY (
    SEQUENCE NAME public.kronika_wydarzenie_uczestnicy_id_seq
    START WITH 1
    INCREMENT BY 1
    NO MINVALUE
    NO MAXVALUE
    CACHE 1
);


--
-- Name: kronika_wyjazd_obrazy; Type: TABLE; Schema: public; Owner: projectuser
--

CREATE TABLE public.kronika_wyjazd_obrazy (
    id bigint NOT NULL,
    wyjazd_id bigint NOT NULL,
    obrazwyjazd_id bigint NOT NULL
);


ALTER TABLE public.kronika_wyjazd_obrazy OWNER TO projectuser;

--
-- Name: kronika_wyjazd_obrazy_id_seq; Type: SEQUENCE; Schema: public; Owner: projectuser
--

ALTER TABLE public.kronika_wyjazd_obrazy ALTER COLUMN id ADD GENERATED BY DEFAULT AS IDENTITY (
    SEQUENCE NAME public.kronika_wyjazd_obrazy_id_seq
    START WITH 1
    INCREMENT BY 1
    NO MINVALUE
    NO MAXVALUE
    CACHE 1
);


--
-- Name: kronika_zdarzenie; Type: TABLE; Schema: public; Owner: projectuser
--

CREATE TABLE public.kronika_zdarzenie (
    id bigint NOT NULL,
    nazwa character varying(255) NOT NULL,
    data date NOT NULL,
    opis text NOT NULL,
    miejsce_id bigint,
    wydarzenie_id bigint,
    godzina time without time zone
);


ALTER TABLE public.kronika_zdarzenie OWNER TO projectuser;

--
-- Name: kronika_zdarzenie_id_seq; Type: SEQUENCE; Schema: public; Owner: projectuser
--

ALTER TABLE public.kronika_zdarzenie ALTER COLUMN id ADD GENERATED BY DEFAULT AS IDENTITY (
    SEQUENCE NAME public.kronika_zdarzenie_id_seq
    START WITH 1
    INCREMENT BY 1
    NO MINVALUE
    NO MAXVALUE
    CACHE 1
);


--
-- Name: kronika_zdarzenie_powiazane_osoby; Type: TABLE; Schema: public; Owner: projectuser
--

CREATE TABLE public.kronika_zdarzenie_powiazane_osoby (
    id bigint NOT NULL,
    zdarzenie_id bigint NOT NULL,
    osoba_id bigint NOT NULL
);


ALTER TABLE public.kronika_zdarzenie_powiazane_osoby OWNER TO projectuser;

--
-- Name: kronika_zdarzenie_powiazane_osoby_id_seq; Type: SEQUENCE; Schema: public; Owner: projectuser
--

ALTER TABLE public.kronika_zdarzenie_powiazane_osoby ALTER COLUMN id ADD GENERATED BY DEFAULT AS IDENTITY (
    SEQUENCE NAME public.kronika_zdarzenie_powiazane_osoby_id_seq
    START WITH 1
    INCREMENT BY 1
    NO MINVALUE
    NO MAXVALUE
    CACHE 1
);


--
-- Name: miejsca_kraj; Type: TABLE; Schema: public; Owner: projectuser
--

CREATE TABLE public.miejsca_kraj (
    id bigint NOT NULL,
    kraj character varying(100) NOT NULL
);


ALTER TABLE public.miejsca_kraj OWNER TO projectuser;

--
-- Name: miejsca_kraj_id_seq; Type: SEQUENCE; Schema: public; Owner: projectuser
--

ALTER TABLE public.miejsca_kraj ALTER COLUMN id ADD GENERATED BY DEFAULT AS IDENTITY (
    SEQUENCE NAME public.miejsca_kraj_id_seq
    START WITH 1
    INCREMENT BY 1
    NO MINVALUE
    NO MAXVALUE
    CACHE 1
);


--
-- Name: miejsca_miejsce; Type: TABLE; Schema: public; Owner: projectuser
--

CREATE TABLE public.miejsca_miejsce (
    id bigint NOT NULL,
    nazwa character varying(255) NOT NULL,
    adres character varying(255) NOT NULL,
    typ_id bigint,
    zamkniete_na_stale boolean NOT NULL
);


ALTER TABLE public.miejsca_miejsce OWNER TO projectuser;

--
-- Name: miejsca_miejsce_id_seq; Type: SEQUENCE; Schema: public; Owner: projectuser
--

ALTER TABLE public.miejsca_miejsce ALTER COLUMN id ADD GENERATED BY DEFAULT AS IDENTITY (
    SEQUENCE NAME public.miejsca_miejsce_id_seq
    START WITH 1
    INCREMENT BY 1
    NO MINVALUE
    NO MAXVALUE
    CACHE 1
);


--
-- Name: miejsca_typmiejsca; Type: TABLE; Schema: public; Owner: projectuser
--

CREATE TABLE public.miejsca_typmiejsca (
    id bigint NOT NULL,
    nazwa character varying(100) NOT NULL
);


ALTER TABLE public.miejsca_typmiejsca OWNER TO projectuser;

--
-- Name: miejsca_typmiejsca_id_seq; Type: SEQUENCE; Schema: public; Owner: projectuser
--

ALTER TABLE public.miejsca_typmiejsca ALTER COLUMN id ADD GENERATED BY DEFAULT AS IDENTITY (
    SEQUENCE NAME public.miejsca_typmiejsca_id_seq
    START WITH 1
    INCREMENT BY 1
    NO MINVALUE
    NO MAXVALUE
    CACHE 1
);


--
-- Name: miejsca_uczelnia; Type: TABLE; Schema: public; Owner: projectuser
--

CREATE TABLE public.miejsca_uczelnia (
    id bigint NOT NULL,
    nazwa character varying(255) NOT NULL,
    akronim character varying(10) NOT NULL,
    kraj_id bigint
);


ALTER TABLE public.miejsca_uczelnia OWNER TO projectuser;

--
-- Name: miejsca_uczelnia_id_seq; Type: SEQUENCE; Schema: public; Owner: projectuser
--

ALTER TABLE public.miejsca_uczelnia ALTER COLUMN id ADD GENERATED BY DEFAULT AS IDENTITY (
    SEQUENCE NAME public.miejsca_uczelnia_id_seq
    START WITH 1
    INCREMENT BY 1
    NO MINVALUE
    NO MAXVALUE
    CACHE 1
);


--
-- Name: miejsca_wydzial; Type: TABLE; Schema: public; Owner: projectuser
--

CREATE TABLE public.miejsca_wydzial (
    id bigint NOT NULL,
    nazwa character varying(255) NOT NULL,
    skrot character varying(10) NOT NULL,
    uczelnia_id bigint
);


ALTER TABLE public.miejsca_wydzial OWNER TO projectuser;

--
-- Name: miejsca_wydzial_id_seq; Type: SEQUENCE; Schema: public; Owner: projectuser
--

ALTER TABLE public.miejsca_wydzial ALTER COLUMN id ADD GENERATED BY DEFAULT AS IDENTITY (
    SEQUENCE NAME public.miejsca_wydzial_id_seq
    START WITH 1
    INCREMENT BY 1
    NO MINVALUE
    NO MAXVALUE
    CACHE 1
);


--
-- Data for Name: admin_interface_theme; Type: TABLE DATA; Schema: public; Owner: projectuser
--

COPY public.admin_interface_theme (id, name, active, title, title_visible, logo, logo_visible, css_header_background_color, title_color, css_header_text_color, css_header_link_color, css_header_link_hover_color, css_module_background_color, css_module_text_color, css_module_link_color, css_module_link_hover_color, css_module_rounded_corners, css_generic_link_color, css_generic_link_hover_color, css_save_button_background_color, css_save_button_background_hover_color, css_save_button_text_color, css_delete_button_background_color, css_delete_button_background_hover_color, css_delete_button_text_color, list_filter_dropdown, related_modal_active, related_modal_background_color, related_modal_rounded_corners, logo_color, recent_actions_visible, favicon, related_modal_background_opacity, env_name, env_visible_in_header, env_color, env_visible_in_favicon, related_modal_close_button_visible, language_chooser_active, language_chooser_display, list_filter_sticky, form_pagination_sticky, form_submit_sticky, css_module_background_selected_color, css_module_link_selected_color, logo_max_height, logo_max_width, foldable_apps, language_chooser_control, list_filter_highlight, list_filter_removal_links, show_fieldsets_as_tabs, show_inlines_as_tabs, css_generic_link_active_color, collapsible_stacked_inlines, collapsible_stacked_inlines_collapsed, collapsible_tabular_inlines, collapsible_tabular_inlines_collapsed) FROM stdin;
2	Django	t	Django administration	t		t	#417690	#F5DD5D	#6baecd	#FFFFFF	#C9F0DD	#44B78B	#FFFFFF	#FFFFFF	#C9F0DD	t	#0C3C26	#156641	#0C4B33	#0C3C26	#FFFFFF	#BA2121	#A41515	#FFFFFF	t	t	#000000	t	#FFFFFF	t		0.3		t	#E74C3C	t	t	t	code	t	f	f	#FFFFCC	#FFFFFF	100	400	t	default-select	t	f	f	f	#29B864	f	t	f	t
\.


--
-- Data for Name: auth_group; Type: TABLE DATA; Schema: public; Owner: projectuser
--

COPY public.auth_group (id, name) FROM stdin;
\.


--
-- Data for Name: auth_group_permissions; Type: TABLE DATA; Schema: public; Owner: projectuser
--

COPY public.auth_group_permissions (id, group_id, permission_id) FROM stdin;
\.


--
-- Data for Name: auth_permission; Type: TABLE DATA; Schema: public; Owner: projectuser
--

COPY public.auth_permission (id, name, content_type_id, codename) FROM stdin;
1	Can add log entry	1	add_logentry
2	Can change log entry	1	change_logentry
3	Can delete log entry	1	delete_logentry
4	Can view log entry	1	view_logentry
5	Can add permission	2	add_permission
6	Can change permission	2	change_permission
7	Can delete permission	2	delete_permission
8	Can view permission	2	view_permission
9	Can add group	3	add_group
10	Can change group	3	change_group
11	Can delete group	3	delete_group
12	Can view group	3	view_group
13	Can add user	4	add_user
14	Can change user	4	change_user
15	Can delete user	4	delete_user
16	Can view user	4	view_user
17	Can add content type	5	add_contenttype
18	Can change content type	5	change_contenttype
19	Can delete content type	5	delete_contenttype
20	Can view content type	5	view_contenttype
21	Can add session	6	add_session
22	Can change session	6	change_session
23	Can delete session	6	delete_session
24	Can view session	6	view_session
25	Can add czlonek	7	add_czlonek
26	Can change czlonek	7	change_czlonek
27	Can delete czlonek	7	delete_czlonek
28	Can view czlonek	7	view_czlonek
29	Can add czapki	8	add_czapki
30	Can change czapki	8	change_czapki
31	Can delete czapki	8	delete_czapki
32	Can view czapki	8	view_czapki
33	Can add Czapka	8	add_czapka
34	Can change Czapka	8	change_czapka
35	Can delete Czapka	8	delete_czapka
36	Can view Czapka	8	view_czapka
37	Can add Imię szlacheckie	9	add_imieszlacheckie
38	Can change Imię szlacheckie	9	change_imieszlacheckie
39	Can delete Imię szlacheckie	9	delete_imieszlacheckie
40	Can view Imię szlacheckie	9	view_imieszlacheckie
41	Can add Zwierzę czapkowe	10	add_zwierzeczapkowe
42	Can change Zwierzę czapkowe	10	change_zwierzeczapkowe
43	Can delete Zwierzę czapkowe	10	delete_zwierzeczapkowe
44	Can view Zwierzę czapkowe	10	view_zwierzeczapkowe
45	Can add Dawny Zarząd	11	add_dawnyzarzad
46	Can change Dawny Zarząd	11	change_dawnyzarzad
47	Can delete Dawny Zarząd	11	delete_dawnyzarzad
48	Can view Dawny Zarząd	11	view_dawnyzarzad
49	Can add Zarząd	12	add_zarzad
50	Can change Zarząd	12	change_zarzad
51	Can delete Zarząd	12	delete_zarzad
52	Can view Zarząd	12	view_zarzad
53	Can add Wielki Mistrz	13	add_wielkimistrz
54	Can change Wielki Mistrz	13	change_wielkimistrz
55	Can delete Wielki Mistrz	13	delete_wielkimistrz
56	Can view Wielki Mistrz	13	view_wielkimistrz
57	Can add Kadencja	14	add_kadencja
58	Can change Kadencja	14	change_kadencja
59	Can delete Kadencja	14	delete_kadencja
60	Can view Kadencja	14	view_kadencja
61	Can add Proces	15	add_proces
62	Can change Proces	15	change_proces
63	Can delete Proces	15	delete_proces
64	Can view Proces	15	view_proces
65	Can add Miejsce	16	add_miejsce
66	Can change Miejsce	16	change_miejsce
67	Can delete Miejsce	16	delete_miejsce
68	Can view Miejsce	16	view_miejsce
69	Can add Spotkanie czapkowe	17	add_spotkanieczapkowe
70	Can change Spotkanie czapkowe	17	change_spotkanieczapkowe
71	Can delete Spotkanie czapkowe	17	delete_spotkanieczapkowe
72	Can view Spotkanie czapkowe	17	view_spotkanieczapkowe
73	Can add wyjazd	18	add_wyjazd
74	Can change wyjazd	18	change_wyjazd
75	Can delete wyjazd	18	delete_wyjazd
76	Can view wyjazd	18	view_wyjazd
77	Can add Wydarzenie	19	add_wydarzenie
78	Can change Wydarzenie	19	change_wydarzenie
79	Can delete Wydarzenie	19	delete_wydarzenie
80	Can view Wydarzenie	19	view_wydarzenie
81	Can add Zdarzenie	20	add_zdarzenie
82	Can change Zdarzenie	20	change_zdarzenie
83	Can delete Zdarzenie	20	delete_zdarzenie
84	Can view Zdarzenie	20	view_zdarzenie
85	Can add Podziękowania	21	add_podziekowania
86	Can change Podziękowania	21	change_podziekowania
87	Can delete Podziękowania	21	delete_podziekowania
88	Can view Podziękowania	21	view_podziekowania
89	Can add Hall of Fame	22	add_halloffame
90	Can change Hall of Fame	22	change_halloffame
91	Can delete Hall of Fame	22	delete_halloffame
92	Can view Hall of Fame	22	view_halloffame
93	Can add Inna osoba	23	add_innaosoba
94	Can change Inna osoba	23	change_innaosoba
95	Can delete Inna osoba	23	delete_innaosoba
96	Can view Inna osoba	23	view_innaosoba
97	Can add Uczestnictwo	24	add_uczestnictwo
98	Can change Uczestnictwo	24	change_uczestnictwo
99	Can delete Uczestnictwo	24	delete_uczestnictwo
100	Can view Uczestnictwo	24	view_uczestnictwo
101	Can add Zdjęcie z wydarzenia	25	add_obrazwydarzenie
102	Can change Zdjęcie z wydarzenia	25	change_obrazwydarzenie
103	Can delete Zdjęcie z wydarzenia	25	delete_obrazwydarzenie
104	Can view Zdjęcie z wydarzenia	25	view_obrazwydarzenie
105	Can add Tradycja	26	add_tradycja
106	Can change Tradycja	26	change_tradycja
107	Can delete Tradycja	26	delete_tradycja
108	Can view Tradycja	26	view_tradycja
109	Can add Przezwisko	27	add_przezwisko
110	Can change Przezwisko	27	change_przezwisko
111	Can delete Przezwisko	27	delete_przezwisko
112	Can view Przezwisko	27	view_przezwisko
113	Can add Tradycja innego bractwa	28	add_tradycjainnegobractwa
114	Can change Tradycja innego bractwa	28	change_tradycjainnegobractwa
115	Can delete Tradycja innego bractwa	28	delete_tradycjainnegobractwa
116	Can view Tradycja innego bractwa	28	view_tradycjainnegobractwa
117	Can add Tradycja	29	add_tradycjabcs
118	Can change Tradycja	29	change_tradycjabcs
119	Can delete Tradycja	29	delete_tradycjabcs
120	Can view Tradycja	29	view_tradycjabcs
121	Can add Bean	30	add_bean
122	Can change Bean	30	change_bean
123	Can delete Bean	30	delete_bean
124	Can view Bean	30	view_bean
125	Can add Osoba	24	add_osoby
126	Can change Osoba	24	change_osoby
127	Can delete Osoba	24	delete_osoby
128	Can view Osoba	24	view_osoby
129	Can add bractwo	31	add_bractwo
130	Can change bractwo	31	change_bractwo
131	Can delete bractwo	31	delete_bractwo
132	Can view bractwo	31	view_bractwo
133	Can add lengths	32	add_lengths
134	Can change lengths	32	change_lengths
135	Can delete lengths	32	delete_lengths
136	Can view lengths	32	view_lengths
137	Can add Okazja	33	add_okazja
138	Can change Okazja	33	change_okazja
139	Can delete Okazja	33	delete_okazja
140	Can view Okazja	33	view_okazja
141	Can add Zdjęcie ze zdarzenia	34	add_obrazzdarzenie
142	Can change Zdjęcie ze zdarzenia	34	change_obrazzdarzenie
143	Can delete Zdjęcie ze zdarzenia	34	delete_obrazzdarzenie
144	Can view Zdjęcie ze zdarzenia	34	view_obrazzdarzenie
145	Can add Zdjęcie z wyjazdu	35	add_obrazwyjazd
146	Can change Zdjęcie z wyjazdu	35	change_obrazwyjazd
147	Can delete Zdjęcie z wyjazdu	35	delete_obrazwyjazd
148	Can view Zdjęcie z wyjazdu	35	view_obrazwyjazd
149	Can add Osoba	36	add_osoby
150	Can change Osoba	36	change_osoby
151	Can delete Osoba	36	delete_osoby
152	Can view Osoba	36	view_osoby
153	Can add Theme	37	add_theme
154	Can change Theme	37	change_theme
155	Can delete Theme	37	delete_theme
156	Can view Theme	37	view_theme
157	Can add Charakterystyka działań Zarządu	38	add_charakterystykadzialanzarzadu
158	Can change Charakterystyka działań Zarządu	38	change_charakterystykadzialanzarzadu
159	Can delete Charakterystyka działań Zarządu	38	delete_charakterystykadzialanzarzadu
160	Can view Charakterystyka działań Zarządu	38	view_charakterystykadzialanzarzadu
161	Can add Zwyczaj	39	add_zwyczaj
162	Can change Zwyczaj	39	change_zwyczaj
163	Can delete Zwyczaj	39	delete_zwyczaj
164	Can view Zwyczaj	39	view_zwyczaj
165	Can add Powiedzenie	40	add_powiedzenie
166	Can change Powiedzenie	40	change_powiedzenie
167	Can delete Powiedzenie	40	delete_powiedzenie
168	Can view Powiedzenie	40	view_powiedzenie
169	Can add Pojęcie	41	add_pojecie
170	Can change Pojęcie	41	change_pojecie
171	Can delete Pojęcie	41	delete_pojecie
172	Can view Pojęcie	41	view_pojecie
173	Can add Źródło	42	add_zrodlo
174	Can change Źródło	42	change_zrodlo
175	Can delete Źródło	42	delete_zrodlo
176	Can view Źródło	42	view_zrodlo
177	Can add Uczelnia	44	add_uczelnia
178	Can change Uczelnia	44	change_uczelnia
179	Can delete Uczelnia	44	delete_uczelnia
180	Can view Uczelnia	44	view_uczelnia
181	Can add Wydział	45	add_wydzial
182	Can change Wydział	45	change_wydzial
183	Can delete Wydział	45	delete_wydzial
184	Can view Wydział	45	view_wydzial
185	Can add Kraj	46	add_kraj
186	Can change Kraj	46	change_kraj
187	Can delete Kraj	46	delete_kraj
188	Can view Kraj	46	view_kraj
189	Can add Czapka	47	add_czapka
190	Can change Czapka	47	change_czapka
191	Can delete Czapka	47	delete_czapka
192	Can view Czapka	47	view_czapka
193	Can add Typ miejsca	49	add_typmiejsca
194	Can change Typ miejsca	49	change_typmiejsca
195	Can delete Typ miejsca	49	delete_typmiejsca
196	Can view Typ miejsca	49	view_typmiejsca
197	Can add Miejsce	48	add_miejsce
198	Can change Miejsce	48	change_miejsce
199	Can delete Miejsce	48	delete_miejsce
200	Can view Miejsce	48	view_miejsce
201	Can add Rodzaj czapki studenckiej	50	add_rodzajczapki
202	Can change Rodzaj czapki studenckiej	50	change_rodzajczapki
203	Can delete Rodzaj czapki studenckiej	50	delete_rodzajczapki
204	Can view Rodzaj czapki studenckiej	50	view_rodzajczapki
205	Can add Grupa bractw	51	add_grupabractw
206	Can change Grupa bractw	51	change_grupabractw
207	Can delete Grupa bractw	51	delete_grupabractw
208	Can view Grupa bractw	51	view_grupabractw
209	Can add Członek	7	add_oldczlonek
210	Can change Członek	7	change_oldczlonek
211	Can delete Członek	7	delete_oldczlonek
212	Can view Członek	7	view_oldczlonek
213	Can add Bean	30	add_oldbean
214	Can change Bean	30	change_oldbean
215	Can delete Bean	30	delete_oldbean
216	Can view Bean	30	view_oldbean
217	Can add Inna osoba	23	add_innaoldosoba
218	Can change Inna osoba	23	change_innaoldosoba
219	Can delete Inna osoba	23	delete_innaoldosoba
220	Can view Inna osoba	23	view_innaoldosoba
221	Can add osoba	43	add_osoba
222	Can change osoba	43	change_osoba
223	Can delete osoba	43	delete_osoba
224	Can view osoba	43	view_osoba
225	Can add Członek	52	add_czlonek
226	Can change Członek	52	change_czlonek
227	Can delete Członek	52	delete_czlonek
228	Can view Członek	52	view_czlonek
229	Can add Bean	53	add_bean
230	Can change Bean	53	change_bean
231	Can delete Bean	53	delete_bean
232	Can view Bean	53	view_bean
233	Can add Inna osoba	54	add_innaosoba
234	Can change Inna osoba	54	change_innaosoba
235	Can delete Inna osoba	54	delete_innaosoba
236	Can view Inna osoba	54	view_innaosoba
\.


--
-- Data for Name: auth_user; Type: TABLE DATA; Schema: public; Owner: projectuser
--

COPY public.auth_user (id, password, last_login, is_superuser, username, first_name, last_name, email, is_staff, is_active, date_joined) FROM stdin;
1	pbkdf2_sha256$1000000$bdAQ18OKZo45dFlh7hAEwE$005aAXs804ZC9vS8SKlivntIyi/ohNzgoCxhiPb1cdI=	2025-07-16 16:32:10.778583+02	t	szymon				t	t	2025-04-24 10:18:46.707558+02
\.


--
-- Data for Name: auth_user_groups; Type: TABLE DATA; Schema: public; Owner: projectuser
--

COPY public.auth_user_groups (id, user_id, group_id) FROM stdin;
\.


--
-- Data for Name: auth_user_user_permissions; Type: TABLE DATA; Schema: public; Owner: projectuser
--

COPY public.auth_user_user_permissions (id, user_id, permission_id) FROM stdin;
\.


--
-- Data for Name: core_kadencja; Type: TABLE DATA; Schema: public; Owner: projectuser
--

COPY public.core_kadencja (id, rozpoczecie, zakonczenie) FROM stdin;
3	2009	2010
4	2010	2011
5	2011	2012
6	2012	2013
7	2013	2014
8	2014	2015
9	2015	2016
10	2016	2017
11	2017	2018
12	2018	2019
13	2019	2020
14	2020	2021
15	2021	2022
16	2022	2023
17	2024	2025
2	2023	2024
\.


--
-- Data for Name: czapki_czapka; Type: TABLE DATA; Schema: public; Owner: projectuser
--

COPY public.czapki_czapka (id, kolor, wydzial_id, inny_powod) FROM stdin;
1	bordowa	3	
2	czarna	1	
3	brązowa	15	
4	ecrú	18	
5	fioletowa	10	
6	granatowa	8	
7	karminowa	17	
8	fioletowa z niebieskim otokiem	14	
9	granatowa z niebieskim otokiem	9	
10	granatowa z niebieskim otokiem	9	
11	pomarańczowy	\N	Honorowa
12	srebrna	13	
13	szmaragdowa	19	
14	szmaragdowa	19	
15	niebieska	7	
16	bordowa z zielonym otokiem	5	
17	fioletowa z zielonym otokiem	20	
18	żółta	11	
19	żółta	11	
20	czarna z zielonym otokiem	26	
21	czarna z niebieskim otokiem	27	
22	czarna z niebieskim otokiem	27	
23	granatowa	28	
24	granatowa z czerwonym otokiem	29	
25	granatowa z czarnym otokiem	30	
26	biała z amarantowym otokiem	32	
27	granatowa z napisem "UNIWERSYTET ŚLĄSKI"	34	
28	szmaragdowa	36	
29	Nie wiem	23	
30	Nie dotyczy	24	
31	niebieska	22	
32	niebieska	22	
33	bordowa z granatowym otokiem	4	
34	zielona	16	
35	srebrna z granatowym otokiem	21	
36	zielona z bordowym otokiem	37	
\.


--
-- Data for Name: czapki_rodzajczapki; Type: TABLE DATA; Schema: public; Owner: projectuser
--

COPY public.czapki_rodzajczapki (id, nazwa, powod_koloru) FROM stdin;
1	Calotte	
2	Czapka	Od wydziału lub uczelni
3	Faluch	
4	Feluca	Od kierunku studiów
\.


--
-- Data for Name: czapki_rodzajczapki_kraje; Type: TABLE DATA; Schema: public; Owner: projectuser
--

COPY public.czapki_rodzajczapki_kraje (id, rodzajczapki_id, kraj_id) FROM stdin;
1	1	5
2	2	1
3	3	8
4	4	11
\.


--
-- Data for Name: czlonkowie_bean; Type: TABLE DATA; Schema: public; Owner: projectuser
--

COPY public.czlonkowie_bean (osoba_ptr_id, staz, pewnosc_stazu, czapka_1_id, czapka_2_id, rodzic_1_id, rodzic_2_id) FROM stdin;
5	2024	T	7	30	171	171
4	2024	T	15	30	31	171
6	2024	T	15	30	31	171
7	2024	T	21	30	29	171
8	2024	T	2	30	31	171
9	2024	T	2	30	56	171
178	2024	T	8	30	102	171
179	2024	T	3	30	29	171
\.


--
-- Data for Name: czlonkowie_czlonek; Type: TABLE DATA; Schema: public; Owner: projectuser
--

COPY public.czlonkowie_czlonek (osoba_ptr_id, staz, pewnosc_stazu, aktywnosc, ochrzczony, rok_chrztu, miesiac_chrztu, dzien_chrztu, status, imie_piwne_1_wybor, imie_piwne_1, imie_piwne_2_wybor, imie_piwne_2, czapka_1_id, czapka_2_id, rodzic_1_id, rodzic_2_id) FROM stdin;
167	2022	N	A	T	2025	5	16	C	other	Rudy	n/a	Nie dotyczy	2	30	117	171
1	2018	T	A	T	2019	9	27	W	other	Adrenalina	other	Chupa Chups	2	30	113	171
2	1111111111	T	N	T	1111111111	1111111111	1111111111	W	d/n	Nie wiem	n/a	Nie dotyczy	29	30	170	171
3	2011	T	M	T	1111111111	1111111111	1111111111	W	other	Avis	n/a	Nie dotyczy	15	30	128	171
10	2011	T	N	d/n	1111111111	1111111111	1111111111	d/n	d/n	Nie wiem	n/a	Nie dotyczy	2	30	170	171
11	2017	T	N	T	1111111111	1111111111	1111111111	W	other	Księżniczka	n/a	Nie dotyczy	13	30	147	171
12	2018	T	N	d/n	1111111111	1111111111	1111111111	d/n	d/n	Nie wiem	n/a	Nie dotyczy	15	30	170	171
13	2016	N	N	d/n	1111111111	1111111111	1111111111	d/n	d/n	Nie wiem	n/a	Nie dotyczy	3	30	170	171
14	2016	N	O	d/n	1111111111	1111111111	1111111111	d/n	d/n	Nie wiem	n/a	Nie dotyczy	2	30	170	171
15	2014	N	M	T	1111111111	1111111111	1111111111	W	other	Abeille	n/a	Nie dotyczy	2	30	32	171
16	2017	T	A	T	2018	10	14	C	other	Emalia	n/a	Nie dotyczy	9	30	90	171
17	2012	T	N	T	1111111111	1111111111	1111111111	W	d/n	Nie wiem	n/a	Nie dotyczy	29	30	109	171
21	2014	T	N	T	1111111111	1111111111	1111111111	W	other	Hipster	n/a	Nie dotyczy	29	30	97	171
18	2015	T	N	T	2016	5	1111111111	W	other	Księżniczka	n/a	Nie dotyczy	2	30	170	171
20	2015	T	N	T	2016	5	1111111111	W	other	Mała Ania	n/a	Nie dotyczy	15	30	118	171
22	1111111111	T	N	T	1111111111	1111111111	1111111111	W	d/n	Nie wiem	n/a	Nie dotyczy	1	30	170	171
19	2011	N	N	T	1111111111	1111111111	1111111111	W	other	Litle dragon	other	Gestapo	12	1	32	171
23	2010	N	N	T	1111111111	1111111111	1111111111	W	other	Astel	n/a	Nie dotyczy	12	30	148	171
24	2011	N	N	T	1111111111	1111111111	1111111111	W	other	Biba	n/a	Nie dotyczy	2	30	97	171
25	2017	T	A	T	2018	4	15	W	other	Dar Szczecina	n/a	Nie dotyczy	17	30	41	171
26	2011	N	N	T	1111111111	1111111111	1111111111	W	d/n	Nie wiem	n/a	Nie dotyczy	7	30	19	171
27	2011	N	N	T	1111111111	1111111111	1111111111	W	d/n	Nie wiem	n/a	Nie dotyczy	3	30	32	171
28	2017	N	N	d/n	1111111111	1111111111	1111111111	d/n	d/n	Nie wiem	n/a	Nie dotyczy	3	30	170	171
30	2017	N	A	T	2018	10	14	W	other	Kucharz	n/a	Nie dotyczy	4	30	90	122
29	2023	N	A	T	2023	9	29	C	other	Nobod	n/a	Nie dotyczy	16	30	110	171
32	2010	N	N	T	1111111111	1111111111	1111111111	W	other	Geolog	n/a	Nie dotyczy	13	30	148	171
31	2023	T	A	T	2024	5	17	C	other	Heniek	n/a	Nie dotyczy	2	30	30	171
33	2020	N	M	d/n	1111111111	1111111111	1111111111	d/n	d/n	Nie wiem	n/a	Nie dotyczy	29	30	170	171
34	2011	N	N	d/n	1111111111	1111111111	1111111111	d/n	d/n	Nie wiem	n/a	Nie dotyczy	29	30	170	171
35	2014	N	N	T	1111111111	1111111111	1111111111	W	other	Poronny Panicz	n/a	Nie dotyczy	29	30	97	171
36	2015	T	N	T	1111111111	1111111111	1111111111	W	other	Benio	n/a	Nie dotyczy	3	30	148	171
37	2023	N	N	T	2023	10	12	W	other	Szanciarz	n/a	Nie dotyczy	3	30	110	171
38	2014	N	M	T	1111111111	1111111111	1111111111	W	other	Cami	n/a	Nie dotyczy	31	30	158	171
39	2016	T	O	T	1111111111	1111111111	1111111111	W	d/n	Nie wiem	n/a	Nie dotyczy	18	30	96	171
40	2011	N	N	d/n	1111111111	1111111111	1111111111	d/n	d/n	Nie wiem	n/a	Nie dotyczy	15	30	170	171
177	2009	T	A	T	2009	8	20	H	other	BCS UJ	n/a	Nie dotyczy	1	11	76	148
41	2015	N	A	T	1111111111	1111111111	1111111111	W	other	Bandera	n/a	Nie dotyczy	15	30	43	171
42	2016	N	A	T	1111111111	1111111111	1111111111	W	other	Deanus	n/a	Nie dotyczy	15	30	90	171
43	1111111111	N	N	T	1111111111	1111111111	1111111111	W	other	Bisquit	n/a	Nie dotyczy	29	30	53	171
44	1111111111	N	N	T	1111111111	1111111111	1111111111	W	other	Gimli	n/a	Nie dotyczy	29	30	148	171
45	2011	N	N	d/n	1111111111	1111111111	1111111111	d/n	d/n	Nie wiem	n/a	Nie dotyczy	12	30	170	171
46	2011	N	N	T	1111111111	1111111111	1111111111	W	other	Szparag	n/a	Nie dotyczy	29	30	19	171
47	2017	T	N	T	2018	4	4	W	other	Waćpanna	other	Doris	9	30	41	171
48	1111111111	N	N	T	1111111111	1111111111	1111111111	W	d/n	Nie wiem	n/a	Nie dotyczy	29	30	170	171
173	2024	T	A	T	2025	3	14	C	other	Jeżyk	n/a	Nie dotyczy	34	30	56	171
49	2015	T	A	T	1111111111	1111111111	1111111111	W	d/n	Nie wiem	n/a	Nie dotyczy	15	30	170	171
50	2014	N	N	d/n	1111111111	1111111111	1111111111	d/n	d/n	Nie wiem	n/a	Nie dotyczy	18	30	170	171
174	2024	T	A	T	2025	3	14	C	other	Chłopiec z Warszawy	n/a	Nie dotyczy	4	30	31	171
51	2014	N	N	T	1111111111	1111111111	1111111111	W	d/n	Nie wiem	n/a	Nie dotyczy	9	30	158	109
52	2018	N	N	d/n	1111111111	1111111111	1111111111	d/n	d/n	Nie wiem	n/a	Nie dotyczy	29	30	170	171
53	2014	N	N	T	1111111111	1111111111	1111111111	W	other	Malina	n/a	Nie dotyczy	29	30	19	171
55	1111111111	N	N	T	1111111111	1111111111	1111111111	W	other	Cytrynek	n/a	Nie dotyczy	2	30	133	171
54	2013	T	N	T	2014	5	1111111111	W	other	Dziadek	n/a	Nie dotyczy	1	30	129	171
56	2023	T	A	T	2024	11	15	C	other	Stabilizator	other	Rakieta	1	30	29	171
57	2011	N	N	d/n	1111111111	1111111111	1111111111	d/n	d/n	Nie wiem	n/a	Nie dotyczy	29	30	170	171
59	2018	T	N	T	2019	9	27	W	other	Ada z penisem	n/a	Nie dotyczy	2	30	113	171
60	2015	N	N	T	1111111111	1111111111	1111111111	W	other	Cybuch	n/a	Nie dotyczy	2	30	148	171
58	2018	N	N	d/n	1111111111	1111111111	1111111111	d/n	d/n	Nie wiem	n/a	Nie dotyczy	2	30	170	171
61	2009	T	N	T	1111111111	1111111111	1111111111	W	d/n	Nie wiem	n/a	Nie dotyczy	29	30	157	171
63	2009	T	A	T	2010	11	27	W	other	Aśka	n/a	Nie dotyczy	9	30	128	171
62	1111111111	N	N	T	1111111111	1111111111	1111111111	W	other	Szysza	n/a	Nie dotyczy	29	30	32	171
64	2018	T	N	T	2019	3	15	W	other	Jasiek	n/a	Nie dotyczy	9	30	113	171
65	2013	T	N	T	1111111111	1111111111	1111111111	W	d/n	Nie wiem	n/a	Nie dotyczy	29	30	170	171
66	1111111111	N	N	d/n	1111111111	1111111111	1111111111	d/n	other	Spanko	n/a	Nie dotyczy	29	30	130	171
67	2017	N	N	T	1111111111	1111111111	1111111111	W	other	Krwawa Baronessa	n/a	Nie dotyczy	2	30	133	171
68	2009	T	N	T	1111111111	1111111111	1111111111	W	d/n	Nie wiem	n/a	Nie dotyczy	29	30	157	171
70	2015	N	N	d/n	1111111111	1111111111	1111111111	d/n	d/n	Nie wiem	n/a	Nie dotyczy	7	30	170	171
72	2019	T	A	T	2022	6	11	C	other	Bezimienna	n/a	Nie dotyczy	1	30	113	171
71	2016	N	N	d/n	1111111111	1111111111	1111111111	d/n	d/n	Nie wiem	n/a	Nie dotyczy	7	30	170	171
73	2016	N	N	d/n	1111111111	1111111111	1111111111	d/n	d/n	Nie wiem	n/a	Nie dotyczy	29	30	170	171
74	2014	N	N	T	1111111111	1111111111	1111111111	W	d/n	Nie wiem	n/a	Nie dotyczy	3	30	146	171
75	2011	N	N	d/n	1111111111	1111111111	1111111111	d/n	d/n	Nie wiem	n/a	Nie dotyczy	2	30	170	171
69	2016	N	O	d/n	1111111111	1111111111	1111111111	d/n	d/n	Nie wiem	n/a	Nie dotyczy	2	30	170	171
76	2009	T	M	T	1111111111	1111111111	1111111111	H	other	Pumba	n/a	Nie dotyczy	1	11	157	171
77	2018	T	N	T	2019	3	15	W	d/n	Nie wiem	n/a	Nie dotyczy	3	30	47	171
78	2015	N	N	d/n	1111111111	1111111111	1111111111	d/n	d/n	Nie wiem	n/a	Nie dotyczy	9	30	170	171
79	1111111111	T	N	T	1111111111	1111111111	1111111111	W	d/n	Nie wiem	n/a	Nie dotyczy	29	30	170	171
80	1111111111	T	N	T	1111111111	1111111111	1111111111	W	d/n	Nie wiem	n/a	Nie dotyczy	29	30	170	171
81	2015	N	N	d/n	1111111111	1111111111	1111111111	d/n	d/n	Nie wiem	n/a	Nie dotyczy	29	30	170	171
82	2017	T	N	d/n	1111111111	1111111111	1111111111	d/n	d/n	Nie wiem	n/a	Nie dotyczy	3	30	170	171
84	2011	N	N	T	1111111111	1111111111	1111111111	W	other	Benikaza	other	Peruano	29	30	19	171
85	2015	N	N	d/n	1111111111	1111111111	1111111111	d/n	d/n	Nie wiem	n/a	Nie dotyczy	2	30	170	171
165	2024	T	A	T	2025	5	16	C	other	Artifex	n/a	Nie dotyczy	15	30	130	171
87	1111111111	T	N	T	1111111111	1111111111	1111111111	W	d/n	Nie wiem	n/a	Nie dotyczy	29	30	170	171
86	2014	N	O	T	1111111111	1111111111	1111111111	W	other	Poniatowski	n/a	Nie dotyczy	29	30	109	171
88	2018	N	N	d/n	1111111111	1111111111	1111111111	d/n	other	El Michał	n/a	Nie dotyczy	2	30	170	171
89	2015	T	A	T	2016	9	1111111111	W	other	Ciepły	n/a	Nie dotyczy	5	30	95	171
90	2015	N	N	T	2016	9	1111111111	W	other	Yoda	n/a	Nie dotyczy	15	30	109	177
91	2015	N	N	d/n	1111111111	1111111111	1111111111	d/n	d/n	Nie wiem	n/a	Nie dotyczy	1	30	170	171
95	2015	T	N	T	1111111111	1111111111	1111111111	W	other	Dzidzia	n/a	Nie dotyczy	1	30	133	171
94	2018	T	A	T	2019	5	24	W	other	Mmm...	n/a	Nie dotyczy	15	30	41	171
92	2011	T	N	T	1111111111	1111111111	1111111111	W	d/n	Nie wiem	n/a	Nie dotyczy	1	30	170	171
93	2017	N	N	d/n	1111111111	1111111111	1111111111	d/n	d/n	Nie wiem	n/a	Nie dotyczy	15	30	170	171
96	2014	N	N	T	1111111111	1111111111	1111111111	W	other	Solon jak ten grek	n/a	Nie dotyczy	8	30	3	171
97	2010	N	N	T	1111111111	1111111111	1111111111	W	other	Kasztanka	n/a	Nie dotyczy	6	30	148	171
98	2017	N	N	T	1111111111	1111111111	1111111111	W	other	Max	n/a	Nie dotyczy	15	30	147	171
99	2014	N	N	T	1111111111	1111111111	1111111111	W	d/n	Nie wiem	n/a	Nie dotyczy	2	30	51	171
100	2009	T	N	T	1111111111	1111111111	1111111111	W	d/n	Nie wiem	n/a	Nie dotyczy	29	30	170	171
101	2009	T	N	T	1111111111	1111111111	1111111111	W	d/n	Nie wiem	n/a	Nie dotyczy	29	30	157	171
102	2023	N	A	T	2023	5	19	C	other	Księciunio	n/a	Nie dotyczy	9	30	159	171
103	2011	T	M	T	1111111111	1111111111	1111111111	W	other	Martinus	n/a	Nie dotyczy	6	30	170	171
105	2023	T	A	T	2024	11	15	C	other	Felis	n/a	Nie dotyczy	1	30	159	171
104	2015	N	N	T	1111111111	1111111111	1111111111	W	other	Rysia	n/a	Nie dotyczy	1	30	109	171
106	2011	N	N	d/n	1111111111	1111111111	1111111111	d/n	d/n	Nie wiem	n/a	Nie dotyczy	13	30	\N	171
107	2023	T	A	T	2024	9	30	C	other	Bober	n/a	Nie dotyczy	3	30	116	171
109	2012	T	O	T	1111111111	1111111111	1111111111	X	other	Jezus	n/a	Nie dotyczy	12	30	97	171
110	2018	T	A	T	2020	2	28	W	other	Kotlet	n/a	Nie dotyczy	3	30	118	171
108	2017	N	N	T	2018	10	14	W	other	Sułtan	n/a	Nie dotyczy	29	30	90	171
116	2022	T	A	T	2023	5	19	C	other	Cukier	other	Małolata	15	30	64	121
113	2016	N	N	T	2018	4	4	W	other	I Sekretarz PZPR towarzysz Władysław Gomułka, ps. Wiesław	other	Gomuł	3	30	41	67
112	1111111111	N	N	T	1111111111	1111111111	1111111111	W	d/n	Nie wiem	n/a	Nie dotyczy	1	30	118	171
115	2009	T	N	T	1111111111	1111111111	1111111111	W	d/n	Nie wiem	n/a	Nie dotyczy	29	30	157	171
114	2019	N	N	T	2019	11	22	W	other	Śnięty Cwel Kasper	n/a	Nie dotyczy	9	30	125	171
111	2023	N	A	T	2024	11	15	C	other	Allec	n/a	Nie dotyczy	9	30	159	171
118	2015	N	N	T	1111111111	1111111111	1111111111	W	other	Koala	n/a	Nie dotyczy	3	30	146	171
117	2017	T	A	T	2018	5	17	W	other	Monia	n/a	Nie dotyczy	18	30	154	171
119	2015	N	N	d/n	1111111111	1111111111	1111111111	d/n	d/n	Nie wiem	n/a	Nie dotyczy	29	30	\N	171
121	2022	N	O	T	2022	9	30	W	other	Lis	n/a	Nie dotyczy	3	30	130	171
122	2016	T	O	T	1111111111	1111111111	1111111111	W	d/n	Nie wiem	n/a	Nie dotyczy	3	30	170	171
120	2018	T	A	T	2019	5	24	W	other	Szynka	n/a	Nie dotyczy	36	30	30	171
171	1111111111	T	N	N	1010101010	1010101010	1010101010	d/n	n/a	Nie dotyczy	n/a	Nie dotyczy	29	30	171	171
170	1111111111	N	N	T	2009	1111111111	1111111111	d/n	d/n	Nie wiem	n/a	Nie dotyczy	29	30	170	171
123	2024	N	A	T	2024	11	15	C	other	Equus	other	Dajcie mi telefon, mam tam notatki	29	30	159	171
124	2015	N	N	d/n	1111111111	1111111111	1111111111	d/n	d/n	Nie wiem	n/a	Nie dotyczy	2	30	51	171
125	2017	N	M	T	2018	5	17	W	other	Chat	n/a	Nie dotyczy	15	30	154	43
127	2019	N	N	T	2019	11	22	W	other	Hrabina	n/a	Nie dotyczy	29	30	113	171
126	2014	N	N	T	1111111111	1111111111	1111111111	W	d/n	Nie wiem	n/a	Nie dotyczy	6	30	158	171
128	2009	T	N	T	1111111111	1111111111	1111111111	W	d/n	Nie wiem	n/a	Nie dotyczy	15	30	148	171
129	1111111111	N	N	T	1111111111	1111111111	1111111111	W	d/n	Nie wiem	n/a	Nie dotyczy	2	30	97	171
130	2018	T	N	T	2019	3	15	W	other	Koziołek	n/a	Nie dotyczy	9	30	41	171
131	2015	T	N	T	2015	11	1111111111	W	d/n	Nie wiem	n/a	Nie dotyczy	6	30	15	171
132	1111111111	T	N	T	1111111111	1111111111	1111111111	W	d/n	Nie wiem	n/a	Nie dotyczy	29	30	170	171
134	2009	T	N	T	1111111111	1111111111	1111111111	W	d/n	Nie wiem	n/a	Nie dotyczy	29	30	157	171
133	2011	T	M	T	1111111111	1111111111	1111111111	W	other	Synek	n/a	Nie dotyczy	3	2	46	171
136	2018	N	N	d/n	1111111111	1111111111	1111111111	d/n	other	Cieplejszy	n/a	Nie dotyczy	3	30	\N	171
135	2011	T	N	T	1111111111	1111111111	1111111111	W	d/n	Nie wiem	n/a	Nie dotyczy	1	30	170	171
137	2017	N	N	d/n	1111111111	1111111111	1111111111	d/n	d/n	Nie wiem	n/a	Nie dotyczy	5	30	\N	171
138	2015	T	N	d/n	1111111111	1111111111	1111111111	d/n	d/n	Nie wiem	n/a	Nie dotyczy	29	30	\N	171
139	2014	N	N	T	1111111111	1111111111	1111111111	W	d/n	Nie wiem	n/a	Nie dotyczy	2	30	19	171
140	2015	N	N	d/n	1111111111	1111111111	1111111111	d/n	d/n	Nie wiem	n/a	Nie dotyczy	1	30	\N	171
141	2023	N	N	d/n	1111111111	1111111111	1111111111	d/n	d/n	Nie wiem	n/a	Nie dotyczy	5	30	\N	171
142	2011	T	N	T	1111111111	1111111111	1111111111	W	d/n	Nie wiem	n/a	Nie dotyczy	15	30	148	171
143	2023	T	A	T	2024	5	17	C	other	Sander	n/a	Nie dotyczy	9	30	29	171
144	2016	N	N	T	1111111111	1111111111	1111111111	W	other	Dżdżysław	n/a	Nie dotyczy	15	30	128	171
145	1111111111	N	N	d/n	1111111111	1111111111	1111111111	d/n	d/n	Nie wiem	n/a	Nie dotyczy	5	30	96	171
146	2013	N	N	T	1111111111	1111111111	1111111111	W	other	Stefan Pierwszy Płaszcz Gondoru	n/a	Nie dotyczy	6	30	19	171
147	2015	T	N	T	1111111111	1111111111	1111111111	d/n	other	Lewe Jądro w Ciemności	n/a	Nie dotyczy	5	30	96	171
148	2009	T	N	T	1111111111	1111111111	1111111111	H	other	Kumdo	other	Tadek	1	11	157	171
150	2014	N	A	T	1111111111	1111111111	1111111111	W	other	Sigurd	n/a	Nie dotyczy	6	30	128	171
149	2013	T	N	T	1111111111	1111111111	1111111111	W	other	Potomek	n/a	Nie dotyczy	29	30	19	171
151	2009	T	N	T	1111111111	1111111111	1111111111	W	d/n	Nie wiem	n/a	Nie dotyczy	29	30	157	171
152	2014	N	N	T	1111111111	1111111111	1111111111	W	d/n	Nie wiem	n/a	Nie dotyczy	29	30	97	171
153	2011	T	N	T	1111111111	1111111111	1111111111	W	other	Wawrzyn	n/a	Nie dotyczy	12	30	19	171
154	1111111111	N	N	T	1111111111	1111111111	1111111111	W	other	Manista	n/a	Nie dotyczy	29	30	148	171
172	2023	T	A	T	2025	2	13	C	other	Marchewa	n/a	Nie dotyczy	6	30	120	171
155	2019	N	N	T	2019	11	22	W	other	Prawnik	n/a	Nie dotyczy	2	30	113	171
156	1111111111	N	N	d/n	1111111111	1111111111	1111111111	d/n	d/n	Nie wiem	n/a	Nie dotyczy	6	30	\N	171
157	2009	T	N	T	2009	1111111111	1111111111	H	other	Profesor	n/a	Nie dotyczy	11	30	171	171
158	2011	N	N	T	1111111111	1111111111	1111111111	W	other	Estel	n/a	Nie dotyczy	18	30	158	171
159	2017	N	N	T	1111111111	1111111111	1111111111	W	other	Rana	n/a	Nie dotyczy	3	30	42	171
\.


--
-- Data for Name: czlonkowie_dawnyzarzad; Type: TABLE DATA; Schema: public; Owner: projectuser
--

COPY public.czlonkowie_dawnyzarzad (id, bibendi_id, cantandi_id, kadencja_id, kasztelan_id, "kontakt_z_SKNHI_id", "kontakt_z_SSUJ_id", magister_disciplinae_id, skarbnik_id, wielki_mistrz_id) FROM stdin;
2	134	32	4	76	68	101	61	151	3
1	134	115	3	76	68	101	61	151	3
\.


--
-- Data for Name: czlonkowie_halloffame; Type: TABLE DATA; Schema: public; Owner: projectuser
--

COPY public.czlonkowie_halloffame (id, nazwa_alternatywna, zaslugi, czlonek_id, order_field, bean_id) FROM stdin;
9		Wprowadzenie rejestru chrztów - to BARDZO pomogło	41	Damian "Bandera" Zych	\N
8		Pomoc w identyfikacji paru członków z dawnych lat	89	Łukasz "Ciepły" Ciepły (Lindert)	\N
2		Wywarcie na mnie presji, żebym wreszcie wziął się do roboty i bycie spoko starym	102	Marceli "Księciunio" Mart-Łakomy	\N
1		Udostępnienie swojego kalendarium czapkowego i od zatrzęsienia innych materiałów	63	Joanna "Aśka" Lorenc	\N
3	Weterani BCS	Bycie skarbnicą wiedzy, którą chętnie się dzielą	\N	Weterani BCS	\N
7		Rozmowa o aspektach technicznych tworzenia takiej strony	\N	Piotr Kociński	7
4		Podzielenie się swoją bazą członków BCS	30	Bartłomiej "Kucharz" Olajossy	\N
10		Dzielenie się wszystkimi materiałami jakie wpadły mu w ręce	165	Krzysztof "Artifex" Trela	\N
6		Odpowiedzenie na pytanie "Jak dołączyć do BCS?" (odpowiedź to: przyjdź na spotkanie)	130	Czat firmowy BCS	\N
\.


--
-- Data for Name: czlonkowie_imieszlacheckie; Type: TABLE DATA; Schema: public; Owner: projectuser
--

COPY public.czlonkowie_imieszlacheckie (id, imie_id) FROM stdin;
1	67
2	102
3	11
4	18
5	47
6	35
7	86
8	108
9	127
\.


--
-- Data for Name: czlonkowie_innaosoba; Type: TABLE DATA; Schema: public; Owner: projectuser
--

COPY public.czlonkowie_innaosoba (osoba_ptr_id, opis, kategoria, bractwo_do_ktorego_nalezy_id) FROM stdin;
180	Przyjaciel Bractwa, Członek Honoris Causa. Założyciel Klubu "Buda", w którym spotykała się wczesna Czapka. We wczesnym okresie działalności Bractwa, nieformalnie przewodził BCS. Tak, to ten Pan Andrzej z "Chińskiej Piosenki Pana Andrzeja"	PC	\N
181		PC	\N
182	Belg	Inne BCS	\N
183	Francuz	Inne BCS	\N
184	Lekarz z Hiszpanii	Inne BCS	\N
185	Samorząd Studentów Uniwersytetu Jagiellońskiego	Org	\N
186		I	\N
187	Profesor, który pomógł Tadkowi i Kasprowi w stworzeniu BCS UJ	PC	\N
\.


--
-- Data for Name: czlonkowie_osoba; Type: TABLE DATA; Schema: public; Owner: projectuser
--

COPY public.czlonkowie_osoba (id, imie, nazwisko, przezwiska, polymorphic_ctype_id) FROM stdin;
11	Aleksandra	Klekocińska	{}	52
12	Aleksandra	Król	{}	52
13	Aleksandra	Wagner	{}	52
14	Alicja	Majczak	{}	52
15	Alicja Waleria	Barć	{}	52
16	Amelia	Boufenghour	{}	52
17	Aneta	Galara	{}	52
21	Anna	Stachowiak	{}	52
18	Anna	Łopatniuk	{}	52
20	Anna	Pawlicka	{}	52
22	Anna	Wyroba	{}	52
19	Anna Maria	Kuźma	{}	52
23	Antoni	Krzyżanowski	{}	52
24	Artur	Biba	{}	52
25	Artur	Czajkowski	{}	52
26	Artur	Halcarz	{}	52
27	Artur	Miadzielec	{}	52
28	Artur	Szymański	{}	52
30	Bartłomiej	Olajossy	{}	52
29	Bartłomiej	Grzeszykowski	{}	52
32	Bartosz	Maciejewski	{}	52
31	Bartosz	Hepek	{}	52
33	Bartosz	Sieniawski	{}	52
34	Bartosz	Spytkowski	{}	52
35	Beanus	Perennus	{}	52
36	Benedykt Mateusz	Dzięcielski	{}	52
37	Błażej	Hałat	{}	52
38	Camilla	Schindler	{}	52
39	Cezary	Sołtysik	{}	52
40	Christine	Przybyła-Kowalska	{}	52
177	Czapka		{}	52
41	Damian	Zych	{Buch}	52
42	Daniel	Zgliński	{}	52
43	Dawid	Wiklik	{}	52
44	Dominik	Ciebiera	{}	52
45	Dominika	Liszka	{}	52
46	Dominika	Szponar	{}	52
47	Dorota	Drożyńska	{}	52
48	Elżbieta	Mierzejewska	{}	52
173	Elżunia	Krasiejko	{}	52
49	Eryk	Królczyk	{}	52
50	Ewa	Smuga-Codutti	{}	52
174	Feliks	Kwiatkowski	{}	52
51	Gabriela	Michalik (Mucha)	{}	52
52	Gniewko	Wawrzyńczak	{}	52
53	Grażyna	Malinowska	{}	52
55	Grzegorz	Lebedowicz	{}	52
54	Grzegorz	Dziadek	{}	52
56	Herman	Chekurda	{}	52
57	Jacek	Onisk	{}	52
59	Jakub	Kornacki	{}	52
60	Jakub	Łukasik	{}	52
58	Jakub	Bukalski	{}	52
61	Jakub	Nawrot	{}	52
63	Joanna	Lorenc	{}	52
62	Joanna	Krawczyk	{}	52
64	John	Graff-Warburton	{}	52
65	Julia	Jurczuk	{}	52
66	Julia	Musiał	{}	52
67	Kamila	Dziewońska (Paisley)	{}	52
68	Kamila	Rozesłaniec	{}	52
70	Karol	Starowicz	{}	52
72	Karolina	Kania	{}	52
71	Karolina	Dzierżawska	{}	52
73	Karolina	Mater	{}	52
74	Karolina	Szklanny	{}	52
75	Karolina	Wielgus	{}	52
69	Karol Konrad	Czekałowski	{}	52
76	Kasper	Krawet	{}	52
77	Katarzyna	Marek	{}	52
78	Katarzyna	Ostrowska	{}	52
79	Katarzyna	Smuga	{}	52
80	Katarzyna	Żanowska	{}	52
81	Kinga	Radwan	{}	52
82	Klaudia	Buchalska	{}	52
84	Konrad		{}	52
85	Konrad	Piwowarczyk	{}	52
165	Krzysztof	Trela	{}	52
87	Krzysztof	Tomczyk	{}	52
86	Krzysztof	Sadowski	{}	52
88	Ludwik	Janiszewski	{}	52
89	Łukasz	Ciepły (Lindert)	{}	52
90	Łukasz	Pryk	{}	52
91	Ma	Rysia	{}	52
95	Maciej	Małecki	{}	52
94	Maciej	Lisowski	{}	52
92	Maciej	Hyla	{}	52
93	Maciej	Krzyżanek	{}	52
96	Maciej	Solon	{}	52
97	Magdalena	Brilha	{}	52
98	Maksymilian	Depa	{}	52
99	Małgorzata	Głuszek	{}	52
100	Małgorzata	Lurzyńska	{}	52
6	Krysia	Cholewa	{}	53
9	Patrycja	Skowronek	{"Wiktoriańskie Dziecko"}	53
101	Małgorzata	Żurek	{}	52
102	Marceli	Mart-Łakomy	{}	52
103	Marcin	Loch	{}	52
105	Maria	Turakiewicz	{}	52
178	Szymon	Zwias	{Tur}	53
181	Babcia Tadka		{}	54
184	Roberto	Martinez del Rio	{}	54
104	Maria	Babiuch	{}	52
106	Marta	Toumia	{}	52
107	Martyna	Kubiak	{}	52
109	Mateusz	Tomczyk	{}	52
110	Mateusz	Żurek	{}	52
108	Mateusz	Sułek	{}	52
116	Michał	Malata	{Mamut}	52
113	Michał	Gumułka	{}	52
112	Michał	Boryka	{}	52
167	Dawid	Otłowski	{}	52
4	Kacper	Wilk	{}	53
7	Mateusz	Sokół	{Skorpion,Szczur,Scoppiato}	53
179	Wiktoria	Doleżych	{Wedel}	53
182	Christobalt	Miltrugno	{}	54
185	SSUJ		{}	54
187	Zdzisław	Gajda	{Profesor}	54
5	Konrad		{Austriak}	53
8	Mateusz	Warmus	{"Najpiękniejszy Bean"}	53
180	Andrzej	Pawłowski	{}	54
183	Frederic	Widart	{}	54
186	Stefano	Campagna	{"Kwaśny Krab"}	54
1	Adrianna	Kapelak	{}	52
2	Agata	Grochowina	{}	52
3	Agnieszka	Albrychiewicz	{}	52
10	Aleksander	Wędrychowski	{}	52
115	Michał	Lenik	{}	52
114	Michał	Kasperek	{}	52
111	Michalina	Kokosińska	{}	52
118	Monika	Kwater-Boryka	{}	52
117	Monika	Góralik	{}	52
119	Monika	Stępień	{}	52
121	Natalia	Lisowska	{}	52
122	Natalia	Stachura	{}	52
120	Natalia	Ciesielska (Olajossy)	{}	52
171	Nie	dotyczy	{}	52
170	Nie	wiem	{}	52
123	Olga	Wajda	{}	52
124	Pamela Anna	Drozd	{}	52
125	Patrycja	Karauda	{}	52
127	Patrycja	Szaniawska	{}	52
126	Patrycja	Malinowska-Majdak	{}	52
128	Patryk	Gujda	{}	52
129	Paula	Dybowska	{}	52
130	Paulina	Kozioł	{}	52
131	Paulina	Tomżyńska	{}	52
132	Paweł	Grzegorczyk	{}	52
134	Paweł	Nawrot	{}	52
133	Paweł	Mucha	{}	52
136	Piotr	Litwin	{}	52
135	Piotr	Bulica	{}	52
137	Piotr	Szewczyk	{}	52
138	Piotr	Szota	{}	52
139	Przemysław	Jankowski	{}	52
140	Richard	Staryszak	{}	52
141	Robert	Ścieszka	{}	52
142	Roksana	Kidawa	{}	52
143	Sandra	Chandzlik	{}	52
144	Sebastian	Stala	{}	52
145	Stanisław	Stokłosa	{}	52
146	Stefan	Bocheński	{}	52
147	Szymon	Stankiewicz	{}	52
148	Tadeusz	Hessel	{}	52
150	Tomasz	Krok	{}	52
149	Tomasz Andrzej	Cieciora	{}	52
151	Urszula	Kasprzyk	{}	52
152	Wacław	Chmiel	{}	52
153	Wawrzyniec	Ordziniak	{}	52
154	Weronika	Manista	{}	52
172	Weronika	Marchewka	{}	52
155	Wiktor	Sobol	{}	52
156	Wiktoria	Kałka	{}	52
157	Zdzisław	Gajda	{}	52
158	Zofia	Krasińska-Krawet	{}	52
159	Zuzanna	Żmuda	{}	52
\.


--
-- Data for Name: czlonkowie_wielkimistrz; Type: TABLE DATA; Schema: public; Owner: projectuser
--

COPY public.czlonkowie_wielkimistrz (id, tadeusz, tytuly, tadeusz_numeric, imie_id) FROM stdin;
3	I		1	148
4	II		2	97
7	III		3	53
8	IV		4	133
1	V		5	95
9	V	Wielki Antymistrz Bandera Łże-Tadeusz VI, czerwono-czarny ognień tańczący na wioskach wrogów	5	41
12	VI	Ostatni Książę Pszczyny, władca studentów i zwierząt nie wyłączając smoków i panter	6	113
17	VIII		8	125
13	IX	Gałązka z Boskiego Drzewa Wpierdolu	9	30
14	X	Zawsze Trzeźwy Landlord Czerwonomakowskich Luster	10	64
16	X	Patronka Słowa Mówionego i Pisanego, Jedyny Prawowity Tadeusz X	10	130
15	XI	Czerwona Opcja Śląska	11	116
\.


--
-- Data for Name: czlonkowie_zarzad; Type: TABLE DATA; Schema: public; Owner: projectuser
--

COPY public.czlonkowie_zarzad (id, cantandi_id, kadencja_id, kasztelan_id, sekretarz_id, skarbnik_id, wielki_mistrz_id) FROM stdin;
17	133	6	19	142	158	4
16	24	5	19	142	158	4
18	133	6	19	142	158	4
19	133	7	142	146	65	4
20	150	8	109	129	15	7
21	96	9	95	128	118	8
22	90	10	118	89	131	1
23	67	11	154	159	122	9
24	25	12	113	159	30	9
25	42	13	125	130	120	12
26	64	14	155	130	25	17
27	110	15	155	64	25	13
28	110	16	109	120	64	14
29	31	17	29	102	107	15
\.


--
-- Data for Name: czlonkowie_zwierzeczapkowe; Type: TABLE DATA; Schema: public; Owner: projectuser
--

COPY public.czlonkowie_zwierzeczapkowe (id, zwierze, wyjasnienie) FROM stdin;
1	Ptak	z łaciny
2	Pszczoła	z francuskiego
4	Guziec	
5	Koń	
6	Kot	z łaciny
3	Smok	z angielskiego
8	Koala	
9	Lis	
7	Koń	z łaciny
10	Kot	z francuskiego
11	Koza	
12	Sander	inaczej sandacz
13	Żaba	
\.


--
-- Data for Name: django_admin_log; Type: TABLE DATA; Schema: public; Owner: projectuser
--

COPY public.django_admin_log (id, action_time, object_id, object_repr, action_flag, change_message, content_type_id, user_id) FROM stdin;
1	2025-04-28 12:59:51.476989+02	1	UJ_bordowa	1	[{"added": {}}]	8	1
2	2025-04-28 13:00:31.084287+02	2	UJ_czarna	1	[{"added": {}}]	8	1
3	2025-04-28 13:00:41.399702+02	3	UJ_brązowa	1	[{"added": {}}]	8	1
4	2025-04-28 13:00:48.883405+02	4	UJ_ecru	1	[{"added": {}}]	8	1
5	2025-04-28 13:00:57.718571+02	5	UJ_fioletowa	1	[{"added": {}}]	8	1
6	2025-04-28 13:01:05.875742+02	6	UJ_granatowa	1	[{"added": {}}]	8	1
7	2025-04-28 13:01:13.625687+02	7	UJ_karminowa	1	[{"added": {}}]	8	1
8	2025-04-28 13:01:31.804112+02	8	UJ_fioletowa z niebieskim otokiem	1	[{"added": {}}]	8	1
9	2025-04-28 13:01:56.58182+02	9	UJ_granatowa z niebieskim otokiem	1	[{"added": {}}]	8	1
10	2025-04-28 13:02:08.536094+02	10	UJ_niebieska	1	[{"added": {}}]	8	1
11	2025-04-28 13:02:21.547535+02	11	UJ_pomarańczowa	1	[{"added": {}}]	8	1
12	2025-04-28 13:02:29.522891+02	12	UJ_srebrna	1	[{"added": {}}]	8	1
13	2025-04-28 13:02:41.122624+02	13	UJ_szmaragdowa	1	[{"added": {}}]	8	1
14	2025-04-28 13:04:55.789985+02	14	d/n_zielona	1	[{"added": {}}]	8	1
15	2025-04-28 13:05:07.371615+02	15	d/n_niebieska	1	[{"added": {}}]	8	1
16	2025-04-28 13:05:25.709909+02	16	UJ_bordowa z zielonym otokiem	1	[{"added": {}}]	8	1
17	2025-04-28 13:05:52.952958+02	17	UJ_fioletowa z zielonym otokiem	1	[{"added": {}}]	8	1
18	2025-04-28 13:06:04.580338+02	18	UJ_żółta	1	[{"added": {}}]	8	1
19	2025-04-28 13:34:23.743046+02	19	chUJ_czerwony	1	[{"added": {}}]	8	1
20	2025-04-28 13:34:52.681278+02	19	chUJ_czerwony	3		8	1
21	2025-04-28 13:37:44.757881+02	15	XXX_niebieska	2	[{"changed": {"fields": ["Uczelnia"]}}]	8	1
22	2025-04-28 13:37:54.684445+02	14	XXX_zielona	2	[{"changed": {"fields": ["Uczelnia"]}}]	8	1
23	2025-04-28 21:56:35.805654+02	20	AGH_zielony_PG	1	[{"added": {}}]	8	1
24	2025-04-28 21:56:50.068821+02	21	AGH_czerwony_PH	1	[{"added": {}}]	8	1
25	2025-04-28 21:57:15.987185+02	22	AGH_niebieski_PG	1	[{"added": {}}]	8	1
26	2025-04-28 21:57:48.622735+02	23	PK_granatowa_WA	1	[{"added": {}}]	8	1
27	2025-04-28 21:58:05.736963+02	24	PK_czerwona_WM	1	[{"added": {}}]	8	1
28	2025-04-28 21:58:19.963898+02	25	PK_czarna_WIL	1	[{"added": {}}]	8	1
29	2025-04-28 21:58:50.617149+02	26	UW_biała z amarantowym otokiem_UW	1	[{"added": {}}]	8	1
30	2025-04-28 21:59:25.86602+02	27	UŚ_granatowa_US	1	[{"added": {}}]	8	1
31	2025-04-28 22:00:04.520993+02	28	UP_L_szmaragdowa_UP_L	1	[{"added": {}}]	8	1
32	2025-04-28 22:02:03.052631+02	25	PK_granatowa z czarnym otokiem_WIL	2	[{"changed": {"fields": ["Kolor"]}}]	8	1
33	2025-04-28 22:02:23.686163+02	24	PK_granatowa z czerwonym otokiem_WM	2	[{"changed": {"fields": ["Kolor"]}}]	8	1
34	2025-04-28 22:02:31.285715+02	24	PK_granatowa z czerwonym otokiem_WM	2	[]	8	1
35	2025-04-28 22:02:58.348281+02	23	PK_granatowa_WA	2	[]	8	1
36	2025-04-28 22:03:40.409762+02	22	AGH_czarna z niebieskim otokiem_PG	2	[{"changed": {"fields": ["Kolor"]}}]	8	1
37	2025-04-28 22:04:01.561785+02	21	AGH_czarna z czerwonym otokiem_PH	2	[{"changed": {"fields": ["Kolor"]}}]	8	1
38	2025-04-28 22:04:16.132355+02	20	AGH_czarna z zielonym otokiem_PG	2	[{"changed": {"fields": ["Kolor"]}}]	8	1
39	2025-04-28 22:04:33.778488+02	18	UJ_żółta_WChUJ	2	[{"changed": {"fields": ["Wydzia\\u0142"]}}]	8	1
40	2025-04-28 22:04:42.539669+02	17	UJ_fioletowa z zielonym otokiem_SMP	2	[{"changed": {"fields": ["Wydzia\\u0142"]}}]	8	1
41	2025-04-28 22:05:33.6348+02	16	UJ_bordowa z zielonym otokiem_WNoZ	2	[{"changed": {"fields": ["Wydzia\\u0142"]}}]	8	1
42	2025-04-28 22:05:43.842089+02	15	UJ_niebieska_XXX	2	[{"changed": {"fields": ["Uczelnia"]}}]	8	1
43	2025-04-28 22:06:01.485235+02	15	UJ_niebieska_WHist	2	[{"changed": {"fields": ["Wydzia\\u0142"]}}]	8	1
44	2025-04-28 22:06:22.653076+02	14	XXX_zielona_XXX	3		8	1
45	2025-04-28 22:06:35.162304+02	10	UJ_niebieska_XXX	3		8	1
46	2025-04-28 22:06:49.577708+02	13	UJ_szmaragdowa_WGiG	2	[{"changed": {"fields": ["Wydzia\\u0142"]}}]	8	1
47	2025-04-28 22:07:12.552993+02	12	UJ_popielata_WFiloz	2	[{"changed": {"fields": ["Wydzia\\u0142", "Kolor"]}}]	8	1
48	2025-04-28 22:08:44.676236+02	11	UJ_pomarańczowa_Honorowa	2	[{"changed": {"fields": ["Wydzia\\u0142"]}}]	8	1
49	2025-04-28 22:08:57.631583+02	9	UJ_granatowa z niebieskim otokiem_WPol	2	[{"changed": {"fields": ["Wydzia\\u0142"]}}]	8	1
50	2025-04-28 22:09:06.504755+02	8	UJ_fioletowa z niebieskim otokiem_WMiI	2	[{"changed": {"fields": ["Wydzia\\u0142"]}}]	8	1
51	2025-04-28 22:09:18.364383+02	7	UJ_karminowa_WSMiP	2	[{"changed": {"fields": ["Wydzia\\u0142"]}}]	8	1
52	2025-04-28 22:09:53.177071+02	6	UJ_granatowa_WFilol	2	[{"changed": {"fields": ["Wydzia\\u0142"]}}]	8	1
53	2025-04-28 22:10:02.876428+02	5	UJ_fioletowa_WFAiIS	2	[{"changed": {"fields": ["Wydzia\\u0142"]}}]	8	1
54	2025-04-28 22:10:11.260943+02	4	UJ_ecru_WBBiB	2	[{"changed": {"fields": ["Wydzia\\u0142"]}}]	8	1
55	2025-04-28 22:10:22.218395+02	3	UJ_brązowa_WZiKS	2	[{"changed": {"fields": ["Wydzia\\u0142"]}}]	8	1
56	2025-04-28 22:10:26.791548+02	2	UJ_czarna_WPiA	2	[{"changed": {"fields": ["Wydzia\\u0142"]}}]	8	1
57	2025-04-28 22:10:35.280457+02	1	UJ_bordowa_CMUJ	2	[{"changed": {"fields": ["Wydzia\\u0142"]}}]	8	1
58	2025-04-28 22:28:26.249105+02	29	XXX_Nie wiem_XXX	1	[{"added": {}}]	8	1
59	2025-04-28 22:28:44.603078+02	30	n/a_Nie dotyczy_n/a	1	[{"added": {}}]	8	1
60	2025-04-28 22:49:20.328579+02	1	Adrianna"Adrenalina/Chupa Chups"Kapelak	1	[{"added": {}}]	7	1
61	2025-04-28 22:59:57.720252+02	2	Agata Grochowina	1	[{"added": {}}]	7	1
62	2025-04-28 23:01:07.089083+02	2	Agata Grochowina	2	[{"changed": {"fields": ["Wpisz imi\\u0119 czapkowe:"]}}]	7	1
63	2025-04-28 23:02:35.352686+02	3	Agnieszka "Avis" Albrychiewicz	1	[{"added": {}}]	7	1
64	2025-04-29 11:43:09.353263+02	4	Nie wiem	1	[{"added": {}}]	7	1
65	2025-04-29 11:44:37.421609+02	5	Nie dotyczy	1	[{"added": {}}]	7	1
66	2025-04-29 14:00:07.844942+02	6	Asia Asia	1	[{"added": {}}]	7	1
67	2025-04-29 14:02:06.695215+02	6	Asia Asia	2	[{"changed": {"fields": ["Ochrzczony?", "Rok chrztu"]}}]	7	1
68	2025-04-29 14:05:35.619674+02	6	Asia Asia	2	[]	7	1
69	2025-04-29 14:05:52.728451+02	6	Asia Asia	2	[{"changed": {"fields": ["Ochrzczony?"]}}]	7	1
70	2025-04-29 14:06:38.4155+02	6	Asia Asia	2	[]	7	1
71	2025-04-29 14:06:51.649465+02	6	Asia Asia	2	[{"changed": {"fields": ["Ochrzczony?"]}}]	7	1
72	2025-04-29 14:08:08.198858+02	6	Asia Asia	2	[{"changed": {"fields": ["Ochrzczony?"]}}]	7	1
73	2025-04-29 14:09:42.872462+02	6	Asia Asia	2	[{"changed": {"fields": ["Ochrzczony?"]}}]	7	1
74	2025-04-29 14:10:31.690588+02	6	Asia Asia	2	[]	7	1
75	2025-04-29 14:10:52.026042+02	6	Asia Asia	2	[]	7	1
76	2025-04-29 14:10:58.47315+02	6	Asia Asia	2	[{"changed": {"fields": ["Ochrzczony?"]}}]	7	1
77	2025-04-29 14:13:17.190494+02	6	Asia Asia	2	[{"changed": {"fields": ["Ochrzczony?"]}}]	7	1
78	2025-04-29 14:13:32.192742+02	6	Asia Asia	2	[{"changed": {"fields": ["Ochrzczony?"]}}]	7	1
79	2025-04-29 14:23:27.455969+02	6	Asia Asia	2	[]	7	1
80	2025-04-29 14:23:55.892038+02	6	Asia Asia	2	[{"changed": {"fields": ["Rok chrztu"]}}]	7	1
81	2025-04-29 14:24:14.236222+02	6	Asia Asia	2	[{"changed": {"fields": ["Ochrzczony?"]}}]	7	1
82	2025-04-29 14:25:28.932928+02	6	Asia Asia	2	[{"changed": {"fields": ["Ochrzczony?"]}}]	7	1
83	2025-04-29 14:26:13.060714+02	6	Asia Asia	2	[]	7	1
84	2025-04-29 14:27:03.543588+02	6	Asia Asia	2	[]	7	1
85	2025-04-29 14:27:51.599313+02	6	Asia Asia	2	[]	7	1
86	2025-04-29 14:28:20.588016+02	6	Asia Asia	2	[]	7	1
87	2025-04-29 14:30:11.170443+02	6	Asia Asia	2	[{"changed": {"fields": ["Ochrzczony?"]}}]	7	1
88	2025-04-29 14:32:55.275991+02	6	Asia Asia	3		7	1
89	2025-04-29 14:34:08.364001+02	7	A A	1	[{"added": {}}]	7	1
90	2025-04-29 14:34:29.216067+02	7	A A	3		7	1
91	2025-04-29 14:35:02.626773+02	8	A A	1	[{"added": {}}]	7	1
92	2025-04-29 14:38:16.455879+02	8	A A	3		7	1
93	2025-04-29 14:39:34.301519+02	9	a a	1	[{"added": {}}]	7	1
94	2025-04-29 14:39:54.684644+02	9	a a	2	[{"changed": {"fields": ["Rok chrztu"]}}]	7	1
95	2025-04-29 14:40:37.899261+02	9	a a	2	[{"changed": {"fields": ["Ochrzczony?", "Rok chrztu", "Miesi\\u0105c chrztu"]}}]	7	1
96	2025-04-29 14:42:05.177895+02	9	a a	2	[{"changed": {"fields": ["Ochrzczony?"]}}]	7	1
97	2025-04-29 14:42:20.212278+02	9	a a	2	[{"changed": {"fields": ["Ochrzczony?"]}}]	7	1
98	2025-04-29 14:42:28.120742+02	9	a a	2	[{"changed": {"fields": ["Ochrzczony?"]}}]	7	1
99	2025-04-29 14:43:10.524777+02	9	a a	2	[]	7	1
100	2025-04-29 14:43:18.658488+02	9	a a	2	[{"changed": {"fields": ["Ochrzczony?"]}}]	7	1
101	2025-04-29 14:43:27.833275+02	9	a a	2	[]	7	1
102	2025-04-29 14:43:42.746372+02	10	b b	1	[{"added": {}}]	7	1
103	2025-04-29 14:45:50.918762+02	10	b b	2	[{"changed": {"fields": ["Ochrzczony?"]}}]	7	1
104	2025-04-29 14:45:59.507676+02	10	b b	2	[{"changed": {"fields": ["Ochrzczony?"]}}]	7	1
105	2025-04-29 14:56:26.956156+02	10	b b	2	[{"changed": {"fields": ["Imi\\u0119 czapkowe"]}}]	7	1
106	2025-04-29 14:57:19.237151+02	10	b b	2	[]	7	1
107	2025-04-29 14:57:45.727985+02	10	b b	2	[{"changed": {"fields": ["Imi\\u0119 czapkowe"]}}]	7	1
108	2025-04-29 15:10:22.609769+02	10	Aleksander Wędrychowski	2	[{"changed": {"fields": ["Imi\\u0119", "Nazwisko", "Czapka", "Ochrzczony?", "Rok pojawienia si\\u0119"]}}]	7	1
109	2025-04-29 15:10:34.295372+02	10	Aleksander Wędrychowski	2	[]	7	1
110	2025-04-29 15:11:43.245743+02	11	Aleksandra "Księżniczka" Klekocińska	1	[{"added": {}}]	7	1
111	2025-04-29 15:12:34.075234+02	12	Aleksandra Król	1	[{"added": {}}]	7	1
112	2025-04-29 15:20:32.069782+02	9	a a	3		7	1
113	2025-04-29 15:21:15.063831+02	13	Aleksandra Wagner	1	[{"added": {}}]	7	1
114	2025-04-29 15:21:50.611378+02	14	Alicja Majczak	1	[{"added": {}}]	7	1
115	2025-04-29 15:23:06.704465+02	15	Alicja Waleria "Abeille" Barć	1	[{"added": {}}]	7	1
116	2025-04-29 15:24:25.637892+02	16	Amelia "Emalia" Boufenghour	1	[{"added": {}}]	7	1
117	2025-04-29 15:25:01.756508+02	17	Aneta Galara	1	[{"added": {}}]	7	1
118	2025-04-29 15:26:31.171779+02	18	Anna "Księżniczka" Łopatniuk	1	[{"added": {}}]	7	1
119	2025-04-29 15:27:45.901777+02	19	Anna Maria "Litle dragon/Gestapo" Kuźma	1	[{"added": {}}]	7	1
120	2025-04-29 15:28:43.592336+02	20	Anna "Mała Ania" Pawlicka	1	[{"added": {}}]	7	1
121	2025-04-29 15:29:26.206486+02	21	Anna "Hipster" Stachowiak	1	[{"added": {}}]	7	1
122	2025-04-29 15:30:02.141561+02	22	Anna Wyroba	1	[{"added": {}}]	7	1
123	2025-04-29 15:30:46.62961+02	23	Antoni "Astel" Krzyżanowski	1	[{"added": {}}]	7	1
124	2025-04-29 15:31:45.634632+02	24	Artur "Biba" Biba	1	[{"added": {}}]	7	1
125	2025-04-29 15:32:54.845924+02	25	Artur "Dar Szczecina" Czajkowski	1	[{"added": {}}]	7	1
126	2025-04-29 23:07:50.582152+02	26	Artur Halcarz	1	[{"added": {}}]	7	1
127	2025-04-29 23:14:41.043862+02	27	Artur Miadzielec	1	[{"added": {}}]	7	1
128	2025-04-29 23:17:43.656811+02	28	Artur Szymański	1	[{"added": {}}]	7	1
129	2025-04-29 23:22:39.143674+02	29	Bartłomiej "Nobod" Grzeszykowski	1	[{"added": {}}]	7	1
130	2025-04-30 00:18:41.953339+02	29	Bartłomiej "Nobod" Grzeszykowski	2	[]	7	1
131	2025-04-30 10:19:31.715413+02	30	Bartłomiej "Kucharz" Olajossy	1	[{"added": {}}]	7	1
132	2025-04-30 10:25:04.217088+02	31	Bartosz "Heniek" Hepek	1	[{"added": {}}]	7	1
133	2025-04-30 10:28:05.99771+02	32	Bartosz "Geolog" Maciejewski	1	[{"added": {}}]	7	1
134	2025-04-30 10:47:16.87581+02	33	Bartosz Sieniawski	1	[{"added": {}}]	7	1
135	2025-04-30 10:47:50.408171+02	34	Bartosz Spytkowski	1	[{"added": {}}]	7	1
136	2025-04-30 10:49:14.963172+02	35	Beanus "Poronny Panicz" Perennus	1	[{"added": {}}]	7	1
137	2025-04-30 10:51:30.20207+02	36	Benedykt Mateusz "Benio" Dzięcielski	1	[{"added": {}}]	7	1
138	2025-04-30 10:53:03.368938+02	37	Błażej "Szanciarz" Hałat	1	[{"added": {}}]	7	1
139	2025-04-30 11:01:20.382953+02	31	NIEMCY_niebieska_XXX	1	[{"added": {}}]	8	1
140	2025-04-30 11:02:34.904511+02	38	Camilla "Cami" Schindler	1	[{"added": {}}]	7	1
141	2025-04-30 11:03:23.675296+02	39	Cezary Sołtysik	1	[{"added": {}}]	7	1
142	2025-04-30 11:04:04.17929+02	40	Christine Przybyła-Kowalska	1	[{"added": {}}]	7	1
143	2025-04-30 11:04:55.119772+02	41	Damian "Bandera" Zych	1	[{"added": {}}]	7	1
144	2025-04-30 11:05:39.013125+02	42	Daniel "Deanus" Zgliński	1	[{"added": {}}]	7	1
145	2025-04-30 11:15:11.280536+02	43	Dawid "Bisquit" Wiklik	1	[{"added": {}}]	7	1
146	2025-04-30 11:15:42.322205+02	44	Dominik "Gimli" Ciebiera	1	[{"added": {}}]	7	1
147	2025-04-30 11:16:32.472765+02	45	Dominika Liszka	1	[{"added": {}}]	7	1
148	2025-04-30 11:18:19.955656+02	46	Dominika "Szparag" Szponar	1	[{"added": {}}]	7	1
149	2025-04-30 11:19:28.126278+02	47	Dorota "Waćpanna" Drożyńska	1	[{"added": {}}]	7	1
150	2025-04-30 11:19:47.677949+02	48	Elżbieta Mierzejewska	1	[{"added": {}}]	7	1
151	2025-04-30 11:20:27.081886+02	49	Eryk Królczyk	1	[{"added": {}}]	7	1
152	2025-04-30 11:21:00.760709+02	50	Ewa Smuga-Codutti	1	[{"added": {}}]	7	1
153	2025-04-30 11:21:41.476117+02	51	Gabriela Michalik (Mucha)	1	[{"added": {}}]	7	1
154	2025-04-30 11:27:36.74226+02	52	Gniewko Wawrzyńczak	1	[{"added": {}}]	7	1
155	2025-04-30 11:28:31.313748+02	53	Grażyna "Malina" Malinowska	1	[{"added": {}}]	7	1
156	2025-04-30 11:29:33.377401+02	54	Grzegorz "Dziadek" Dziadek	1	[{"added": {}}]	7	1
157	2025-04-30 11:30:08.506809+02	55	Grzegorz "Cytrynek" Lebedowicz	1	[{"added": {}}]	7	1
158	2025-04-30 11:31:16.075364+02	56	Herman "Stabilizator/Rakieta" Chekurda	1	[{"added": {}}]	7	1
159	2025-04-30 11:31:40.687949+02	57	Jacek Onisk	1	[{"added": {}}]	7	1
160	2025-04-30 11:32:08.289086+02	58	Jakub Bukalski	1	[{"added": {}}]	7	1
161	2025-04-30 11:33:09.097466+02	59	Jakub "Ada z penisem" Kornacki	1	[{"added": {}}]	7	1
162	2025-04-30 11:33:58.905624+02	60	Jakub "Cybuch" Łukasik	1	[{"added": {}}]	7	1
163	2025-04-30 11:34:35.067154+02	61	Jakub Nawrot	1	[{"added": {}}]	7	1
164	2025-04-30 11:35:27.298349+02	62	Joanna "Szysza" Krawczyk	1	[{"added": {}}]	7	1
165	2025-04-30 11:36:42.502043+02	63	Joanna "Aśka" Lorenc	1	[{"added": {}}]	7	1
166	2025-04-30 11:37:47.54997+02	64	John "Jasiek" Graff-Warburton	1	[{"added": {}}]	7	1
167	2025-04-30 11:38:17.899418+02	65	Julia Jurczuk	1	[{"added": {}}]	7	1
168	2025-04-30 11:39:01.800194+02	66	Julia "Spanko" Musiał	1	[{"added": {}}]	7	1
169	2025-04-30 11:39:48.155116+02	67	Kamila "Krwawa Baronessa" Dziewońska (Paisley)	1	[{"added": {}}]	7	1
170	2025-04-30 11:40:25.87057+02	68	Kamila Rozesłaniec	1	[{"added": {}}]	7	1
171	2025-04-30 11:41:09.702561+02	69	Karol Konrad Czekałowski	1	[{"added": {}}]	7	1
172	2025-04-30 11:41:42.324092+02	70	Karol Starowicz	1	[{"added": {}}]	7	1
173	2025-04-30 11:42:07.698075+02	71	Karolina Dzierżawska	1	[{"added": {}}]	7	1
174	2025-04-30 11:43:10.104696+02	72	Karolina "Bezimienna" Kania	1	[{"added": {}}]	7	1
175	2025-04-30 11:43:33.910296+02	73	Karolina Mater	1	[{"added": {}}]	7	1
176	2025-04-30 11:44:13.509692+02	74	Karolina Szklanny	1	[{"added": {}}]	7	1
177	2025-04-30 11:44:36.411362+02	75	Karolina Wielgus	1	[{"added": {}}]	7	1
178	2025-04-30 11:46:18.595969+02	76	Kasper "Pumba" Krawet	1	[{"added": {}}]	7	1
179	2025-04-30 11:47:29.003491+02	77	Katarzyna Marek	1	[{"added": {}}]	7	1
180	2025-04-30 11:48:13.595522+02	78	Katarzyna Ostrowska	1	[{"added": {}}]	7	1
181	2025-04-30 11:48:34.211769+02	79	Katarzyna Smuga	1	[{"added": {}}]	7	1
182	2025-04-30 11:48:51.175347+02	80	Katarzyna Żanowska	1	[{"added": {}}]	7	1
183	2025-04-30 11:49:09.190179+02	81	Kinga Radwan	1	[{"added": {}}]	7	1
184	2025-04-30 11:49:37.116435+02	82	Klaudia Buchalska	1	[{"added": {}}]	7	1
185	2025-04-30 11:51:18.478317+02	83	Kolega Zuzy "Wieża" 	1	[{"added": {}}]	7	1
186	2025-04-30 11:52:13.99641+02	84	Konrad "Benikaza/Peruano" 	1	[{"added": {}}]	7	1
187	2025-04-30 11:52:40.31493+02	85	Konrad Piwowarczyk	1	[{"added": {}}]	7	1
188	2025-04-30 11:53:01.445157+02	84	Konrad "Benikaza/Peruano" 	2	[{"changed": {"fields": ["Rodzic czapkowy"]}}]	7	1
189	2025-04-30 11:53:54.401518+02	86	Krzysztof "Poniatowski" Sadowski	1	[{"added": {}}]	7	1
190	2025-04-30 11:54:17.112503+02	87	Krzysztof Tomczyk	1	[{"added": {}}]	7	1
191	2025-04-30 11:54:55.388957+02	88	Ludwik "El Michał" Janiszewski	1	[{"added": {}}]	7	1
192	2025-04-30 11:55:52.654342+02	89	Łukasz "Ciepły" Ciepły (Lindert)	1	[{"added": {}}]	7	1
193	2025-04-30 11:56:46.658341+02	90	Łukasz "Yoda" Pryk	1	[{"added": {}}]	7	1
194	2025-04-30 11:57:25.223062+02	91	Ma Rysia	1	[{"added": {}}]	7	1
195	2025-04-30 11:57:54.971501+02	92	Maciej Hyla	1	[{"added": {}}]	7	1
196	2025-04-30 11:58:22.852422+02	93	Maciej Krzyżanek	1	[{"added": {}}]	7	1
197	2025-04-30 11:59:21.910079+02	94	Maciej "Mmm..." Lisowski	1	[{"added": {}}]	7	1
198	2025-04-30 12:00:05.93761+02	95	Maciej "Dzidzia" Małecki	1	[{"added": {}}]	7	1
199	2025-04-30 12:01:05.68874+02	96	Maciej "Solon jak ten grek" Solon	1	[{"added": {}}]	7	1
200	2025-04-30 12:01:55.263313+02	97	Magdalena "Kasztanka" Brilha	1	[{"added": {}}]	7	1
201	2025-04-30 12:03:08.292053+02	98	Maksymilian "Max" Depa	1	[{"added": {}}]	7	1
202	2025-04-30 12:04:06.44723+02	99	Małgorzata Głuszek	1	[{"added": {}}]	7	1
203	2025-04-30 12:04:29.86549+02	100	Małgorzata Lurzyńska	1	[{"added": {}}]	7	1
204	2025-04-30 12:05:11.819949+02	101	Małgorzata Żurek	1	[{"added": {}}]	7	1
205	2025-04-30 14:15:47.477203+02	102	Marceli "Księciunio" Mart-Łakomy	1	[{"added": {}}]	7	1
206	2025-04-30 14:17:01.368628+02	103	Marcin "Martinus" Loch	1	[{"added": {}}]	7	1
207	2025-04-30 14:28:33.92139+02	1	Krwawa Baronessa - Kamila Dziewońska (Paisley)	1	[{"added": {}}]	9	1
208	2025-04-30 14:29:46.661408+02	2	"Księciunio" - Marceli Mart-Łakomy	1	[{"added": {}}]	9	1
209	2025-04-30 14:29:53.61787+02	3	"Księżniczka" - Aleksandra Klekocińska	1	[{"added": {}}]	9	1
210	2025-04-30 14:30:01.00657+02	4	"Księżniczka" - Anna Łopatniuk	1	[{"added": {}}]	9	1
211	2025-04-30 14:30:56.1379+02	5	"Waćpanna" - Dorota Drożyńska	1	[{"added": {}}]	9	1
212	2025-04-30 14:34:06.225816+02	6	"Poronny Panicz" - Beanus Perennus	1	[{"added": {}}]	9	1
213	2025-04-30 14:34:40.342358+02	7	"Poniatowski" - Krzysztof Sadowski	1	[{"added": {}}]	9	1
214	2025-04-30 14:44:06.599884+02	104	Maria "Rysia" Babiuch	1	[{"added": {}}]	7	1
215	2025-04-30 14:45:02.832643+02	105	Maria "Felis" Turakiewicz	1	[{"added": {}}]	7	1
216	2025-04-30 14:45:43.578866+02	106	Marta Toumia	1	[{"added": {}}]	7	1
217	2025-04-30 14:46:48.852951+02	107	Martyna "Bober" Kubiak	1	[{"added": {}}]	7	1
218	2025-04-30 14:48:10.087577+02	108	Mateusz "Sułtan" Sułek	1	[{"added": {}}]	7	1
219	2025-04-30 14:48:19.64116+02	8	"Sułtan" - Mateusz Sułek	1	[{"added": {}}]	9	1
220	2025-04-30 14:50:16.238691+02	109	Mateusz "Jezus" Tomczyk	1	[{"added": {}}]	7	1
221	2025-04-30 14:51:34.812461+02	110	Mateusz "Kotlet" Żurek	1	[{"added": {}}]	7	1
222	2025-04-30 14:53:33.181066+02	111	Michalina "Equus" Kokosińska	1	[{"added": {}}]	7	1
223	2025-04-30 15:08:17.311771+02	1	"Avis" - Ptak	1	[{"added": {}}]	10	1
224	2025-04-30 15:08:50.506032+02	1	"Avis" - Ptak (z łaciny)	2	[{"changed": {"fields": ["Zwierz\\u0119"]}}]	10	1
225	2025-04-30 15:12:27.608588+02	1	"Avis" - Ptak (z łaciny)	2	[{"changed": {"fields": ["Zwierz\\u0119", "Wyja\\u015bnienie (opcjonalne)"]}}]	10	1
226	2025-04-30 15:15:55.081471+02	2	"Abeille" - Pszczoła (z francuskiego)	1	[{"added": {}}]	10	1
227	2025-04-30 15:16:49.881832+02	3	"Litle dragon" - Smok (z angielskiego)	1	[{"added": {}}]	10	1
228	2025-04-30 15:18:47.96962+02	4	"Pumba" - Guziec	1	[{"added": {}}]	10	1
229	2025-04-30 15:19:51.783113+02	5	"Kasztanka" - Koń	1	[{"added": {}}]	10	1
230	2025-04-30 15:20:34.869387+02	6	"Felis" - Kot (z łaciny)	1	[{"added": {}}]	10	1
231	2025-04-30 15:20:48.696252+02	3	"Litle dragon" - Smok (z angielskiego)	2	[]	10	1
232	2025-04-30 15:22:45.592392+02	7	"Equus" - Koń (z łaciny)	1	[{"added": {}}]	10	1
233	2025-04-30 15:23:42.667779+02	111	Michalina "Equus" Kokosińska	2	[]	7	1
234	2025-04-30 18:02:28.844346+02	112	Michał Boryka	1	[{"added": {}}]	7	1
235	2025-04-30 18:14:52.850309+02	113	Michał "I Sekretarz PZPR towarzysz Władysław Gomułka, ps. Wiesław/Gomuł" Gumułka	1	[{"added": {}}]	7	1
236	2025-04-30 18:16:57.433464+02	114	Michał "Śnięty Cwel Kasper" Kasperek	1	[{"added": {}}]	7	1
237	2025-04-30 18:17:30.236529+02	115	Michał Lenik	1	[{"added": {}}]	7	1
238	2025-04-30 18:17:46.136341+02	115	Michał Lenik	2	[]	7	1
239	2025-04-30 18:23:19.024752+02	116	Michał "Cukier/Małolata" Malata	1	[{"added": {}}]	7	1
240	2025-04-30 18:24:32.3783+02	117	Monika "Monia" Góralik	1	[{"added": {}}]	7	1
241	2025-04-30 18:25:28.347453+02	118	Monika "Koala" Kwater-Boryka	1	[{"added": {}}]	7	1
242	2025-04-30 18:25:42.514407+02	8	"Koala" - Koala	1	[{"added": {}}]	10	1
243	2025-04-30 18:26:14.544925+02	119	Monika Stępień	1	[{"added": {}}]	7	1
244	2025-04-30 18:30:12.665452+02	32	UEK_zielona z bordowym otokiem_UEK	1	[{"added": {}}]	8	1
245	2025-04-30 18:30:56.329848+02	22	AGH_czarna z niebieskim otokiem_PG	2	[]	8	1
246	2025-04-30 18:31:33.810807+02	22	AGH_czarna z niebieskim otokiem_Inne	2	[{"changed": {"fields": ["Wydzia\\u0142"]}}]	8	1
247	2025-04-30 18:32:58.694297+02	120	Natalia "Szynka" Ciesielska (Olajossy)	1	[{"added": {}}]	7	1
248	2025-04-30 18:33:54.734755+02	121	Natalia "Lis" Lisowska	1	[{"added": {}}]	7	1
249	2025-04-30 18:34:08.431707+02	9	"Lis" - Lis	1	[{"added": {}}]	10	1
250	2025-04-30 18:34:45.655887+02	122	Natalia Stachura	1	[{"added": {}}]	7	1
251	2025-04-30 18:42:34.25873+02	123	Olga "Equus" Wajda	1	[{"added": {}}]	7	1
252	2025-04-30 18:43:07.447634+02	111	Michalina "Allec" Kokosińska	2	[{"changed": {"fields": ["Wpisz imi\\u0119 czapkowe:"]}}]	7	1
253	2025-04-30 18:43:21.787154+02	7	"Equus" - Koń (z łaciny)	2	[{"changed": {"fields": ["Cz\\u0142onek"]}}]	10	1
254	2025-04-30 18:43:26.77632+02	7	"Equus" - Koń (z łaciny)	2	[]	10	1
255	2025-04-30 18:45:32.581642+02	123	Olga "Equus/Dajcie mi telefon, mam tam notatki" Wajda	2	[{"changed": {"fields": ["Inne imi\\u0119 czapkowe", "Wpisz inne imi\\u0119 czapkowe:"]}}]	7	1
256	2025-04-30 18:47:06.765357+02	124	Pamela Anna Drozd	1	[{"added": {}}]	7	1
257	2025-04-30 18:48:09.056671+02	125	Patrycja "Chate" Karauda	1	[{"added": {}}]	7	1
258	2025-04-30 18:50:31.057002+02	125	Patrycja "Chat" Karauda	2	[{"changed": {"fields": ["Wpisz imi\\u0119 czapkowe:"]}}]	7	1
259	2025-04-30 18:51:26.834144+02	10	"Chat" - Kot (z francuskiego)	1	[{"added": {}}]	10	1
260	2025-04-30 18:53:29.373777+02	126	Patrycja Malinowska-Majdak	1	[{"added": {}}]	7	1
261	2025-04-30 18:54:41.353674+02	127	Patrycja "Hrabina" Szaniawska	1	[{"added": {}}]	7	1
262	2025-04-30 18:54:50.687304+02	9	"Hrabina" - Patrycja Szaniawska	1	[{"added": {}}]	9	1
263	2025-04-30 18:59:40.911479+02	128	Patryk Gujda	1	[{"added": {}}]	7	1
264	2025-04-30 19:00:17.88999+02	129	Paula Dybowska	1	[{"added": {}}]	7	1
265	2025-04-30 19:05:21.180894+02	130	Paulina "Koziołek" Kozioł	1	[{"added": {}}]	7	1
266	2025-04-30 19:06:38.515597+02	131	Paulina Tomżyńska	1	[{"added": {}}]	7	1
267	2025-04-30 19:07:13.503846+02	132	Paweł Grzegorczyk	1	[{"added": {}}]	7	1
268	2025-04-30 19:08:09.959172+02	133	Paweł "Synek" Mucha	1	[{"added": {}}]	7	1
269	2025-04-30 19:16:00.085659+02	11	"Koziołek" - Koza	1	[{"added": {}}]	10	1
270	2025-04-30 19:17:04.005366+02	134	Paweł Nawrot	1	[{"added": {}}]	7	1
271	2025-04-30 19:17:18.817675+02	134	Paweł Nawrot	2	[]	7	1
272	2025-04-30 19:17:46.073655+02	135	Piotr Bulica	1	[{"added": {}}]	7	1
273	2025-04-30 19:18:38.089719+02	136	Piotr "Cieplejszy" Litwin	1	[{"added": {}}]	7	1
274	2025-04-30 19:19:05.050233+02	137	Piotr Szewczyk	1	[{"added": {}}]	7	1
275	2025-04-30 19:19:27.427669+02	138	Piotr Szota	1	[{"added": {}}]	7	1
276	2025-04-30 19:20:08.103245+02	139	Przemysław Jankowski	1	[{"added": {}}]	7	1
277	2025-04-30 19:20:31.740332+02	140	Richard Staryszak	1	[{"added": {}}]	7	1
278	2025-04-30 19:21:05.079267+02	141	Robert Ścieszka	1	[{"added": {}}]	7	1
279	2025-04-30 19:21:39.320964+02	142	Roksana Kidawa	1	[{"added": {}}]	7	1
280	2025-04-30 19:24:31.406429+02	143	Sandra "Sander" Chandzlik	1	[{"added": {}}]	7	1
281	2025-04-30 19:24:53.373912+02	12	"Sander" - Sander (inaczej sandacz)	1	[{"added": {}}]	10	1
282	2025-04-30 19:27:07.019518+02	144	Sebastian Stala	1	[{"added": {}}]	7	1
283	2025-04-30 19:28:04.660815+02	144	Sebastian "Dżdżysław" Stala	2	[{"changed": {"fields": ["Wpisz imi\\u0119 czapkowe:"]}}]	7	1
284	2025-04-30 19:28:42.387687+02	144	Sebastian "Dżdżysław" Stala	2	[]	7	1
285	2025-04-30 19:29:27.413402+02	145	Stanisław Stokłosa	1	[{"added": {}}]	7	1
286	2025-04-30 19:30:09.874533+02	146	Stefan "Stefan Pierwszy Płaszcz Gondoru" Bocheński	1	[{"added": {}}]	7	1
287	2025-04-30 19:30:57.878174+02	147	Szymon "Lewe Jądro w Ciemności" Stankiewicz	1	[{"added": {}}]	7	1
288	2025-04-30 19:31:40.724202+02	148	Tadeusz "Kumdo" Hessel	1	[{"added": {}}]	7	1
289	2025-04-30 19:32:31.922304+02	149	Tomasz Andrzej "Potomek" Cieciora	1	[{"added": {}}]	7	1
290	2025-04-30 19:33:17.862864+02	150	Tomasz "Sigurd" Krok	1	[{"added": {}}]	7	1
291	2025-04-30 19:33:42.540607+02	151	Urszula Kasprzyk	1	[{"added": {}}]	7	1
292	2025-04-30 19:34:12.670836+02	152	Wacław Chmiel	1	[{"added": {}}]	7	1
293	2025-04-30 19:35:01.21855+02	153	Wawrzyniec "Wawrzyn" Ordziniak	1	[{"added": {}}]	7	1
294	2025-04-30 19:37:46.233619+02	148	Tadeusz "Kumdo/Tadek" Hessel	2	[{"changed": {"fields": ["Wpisz inne imi\\u0119 czapkowe:"]}}]	7	1
295	2025-04-30 19:37:50.314908+02	154	Weronika "Manista" Manista	1	[{"added": {}}]	7	1
296	2025-04-30 19:38:55.767574+02	155	Wiktor "Prawnik" Sobol	1	[{"added": {}}]	7	1
297	2025-04-30 19:39:13.479471+02	156	Wiktoria Kałka	1	[{"added": {}}]	7	1
298	2025-04-30 19:39:57.894632+02	157	Zdzisław "Profesor" Gajda	1	[{"added": {}}]	7	1
299	2025-04-30 19:40:07.47401+02	148	Tadeusz "Kumdo/Tadek" Hessel	2	[{"changed": {"fields": ["Status"]}}]	7	1
300	2025-04-30 19:42:20.679312+02	158	Zofia "Estel" Krasińska-Krawet	1	[{"added": {}}]	7	1
301	2025-04-30 19:42:37.199824+02	158	Zofia "Estel" Krasińska-Krawet	2	[{"changed": {"fields": ["Rodzic czapkowy"]}}]	7	1
302	2025-04-30 19:43:47.275842+02	159	Zuzanna "Rana" Żmuda	1	[{"added": {}}]	7	1
303	2025-04-30 19:44:02.35618+02	13	"Rana" - Żaba	1	[{"added": {}}]	10	1
304	2025-04-30 19:45:20.54242+02	1	Adrianna "Adrenalina/Chupa Chups" Kapelak	2	[{"changed": {"fields": ["Rodzic czapkowy"]}}]	7	1
305	2025-04-30 19:46:10.908983+02	3	Agnieszka "Avis" Albrychiewicz	2	[{"changed": {"fields": ["Rok chrztu", "Miesi\\u0105c chrztu", "Dzie\\u0144 chrztu", "Rodzic czapkowy"]}}]	7	1
306	2025-04-30 19:46:29.664957+02	11	Aleksandra "Księżniczka" Klekocińska	2	[{"changed": {"fields": ["Rodzic czapkowy"]}}]	7	1
307	2025-04-30 19:46:57.517151+02	15	Alicja Waleria "Abeille" Barć	2	[{"changed": {"fields": ["Rodzic czapkowy"]}}]	7	1
308	2025-04-30 19:47:07.727087+02	16	Amelia "Emalia" Boufenghour	2	[{"changed": {"fields": ["Rodzic czapkowy"]}}]	7	1
309	2025-04-30 19:47:22.524194+02	17	Aneta Galara	2	[{"changed": {"fields": ["Rodzic czapkowy"]}}]	7	1
310	2025-04-30 19:47:35.367373+02	19	Anna Maria "Litle dragon/Gestapo" Kuźma	2	[{"changed": {"fields": ["Rodzic czapkowy"]}}]	7	1
311	2025-04-30 19:48:05.904527+02	20	Anna "Mała Ania" Pawlicka	2	[{"changed": {"fields": ["Rodzic czapkowy"]}}]	7	1
312	2025-04-30 19:48:17.195678+02	21	Anna "Hipster" Stachowiak	2	[{"changed": {"fields": ["Rodzic czapkowy"]}}]	7	1
313	2025-04-30 19:48:30.205557+02	23	Antoni "Astel" Krzyżanowski	2	[{"changed": {"fields": ["Rodzic czapkowy"]}}]	7	1
314	2025-04-30 19:48:41.484273+02	24	Artur "Biba" Biba	2	[{"changed": {"fields": ["Rodzic czapkowy"]}}]	7	1
315	2025-04-30 19:48:55.34894+02	25	Artur "Dar Szczecina" Czajkowski	2	[{"changed": {"fields": ["Rodzic czapkowy"]}}]	7	1
316	2025-04-30 19:49:06.038222+02	26	Artur Halcarz	2	[]	7	1
317	2025-04-30 19:49:18.420929+02	27	Artur Miadzielec	2	[{"changed": {"fields": ["Rodzic czapkowy"]}}]	7	1
318	2025-04-30 19:49:28.671061+02	29	Bartłomiej "Nobod" Grzeszykowski	2	[{"changed": {"fields": ["Rodzic czapkowy"]}}]	7	1
319	2025-04-30 19:50:11.918958+02	30	Bartłomiej "Kucharz" Olajossy	2	[{"changed": {"fields": ["Rodzic czapkowy", "Drugi rodzic czapkowy"]}}]	7	1
320	2025-04-30 19:50:20.359988+02	31	Bartosz "Heniek" Hepek	2	[]	7	1
321	2025-04-30 19:50:30.969472+02	32	Bartosz "Geolog" Maciejewski	2	[{"changed": {"fields": ["Rodzic czapkowy"]}}]	7	1
322	2025-04-30 19:50:45.725114+02	35	Beanus "Poronny Panicz" Perennus	2	[{"changed": {"fields": ["Rodzic czapkowy"]}}]	7	1
323	2025-04-30 19:50:54.19047+02	36	Benedykt Mateusz "Benio" Dzięcielski	2	[{"changed": {"fields": ["Rodzic czapkowy"]}}]	7	1
324	2025-04-30 19:51:12.473489+02	37	Błażej "Szanciarz" Hałat	2	[{"changed": {"fields": ["Rodzic czapkowy"]}}]	7	1
325	2025-04-30 19:51:26.510587+02	38	Camilla "Cami" Schindler	2	[{"changed": {"fields": ["Rodzic czapkowy"]}}]	7	1
326	2025-04-30 19:51:36.052587+02	39	Cezary Sołtysik	2	[{"changed": {"fields": ["Rodzic czapkowy"]}}]	7	1
327	2025-04-30 19:51:52.72464+02	41	Damian "Bandera" Zych	2	[{"changed": {"fields": ["Rodzic czapkowy"]}}]	7	1
328	2025-04-30 19:52:05.356743+02	42	Daniel "Deanus" Zgliński	2	[{"changed": {"fields": ["Rodzic czapkowy"]}}]	7	1
329	2025-04-30 19:52:28.843553+02	43	Dawid "Bisquit" Wiklik	2	[{"changed": {"fields": ["Rodzic czapkowy"]}}]	7	1
330	2025-04-30 19:52:39.325229+02	44	Dominik "Gimli" Ciebiera	2	[{"changed": {"fields": ["Rodzic czapkowy"]}}]	7	1
331	2025-04-30 19:52:49.246179+02	46	Dominika "Szparag" Szponar	2	[]	7	1
332	2025-04-30 19:53:11.013953+02	51	Gabriela Michalik (Mucha)	2	[{"changed": {"fields": ["Rodzic czapkowy", "Drugi rodzic czapkowy"]}}]	7	1
333	2025-04-30 19:53:25.931657+02	54	Grzegorz "Dziadek" Dziadek	2	[{"changed": {"fields": ["Rodzic czapkowy"]}}]	7	1
334	2025-04-30 19:53:57.612493+02	55	Grzegorz "Cytrynek" Lebedowicz	2	[{"changed": {"fields": ["Rodzic czapkowy"]}}]	7	1
335	2025-04-30 19:54:14.799971+02	59	Jakub "Ada z penisem" Kornacki	2	[{"changed": {"fields": ["Rodzic czapkowy"]}}]	7	1
336	2025-04-30 19:54:37.103324+02	60	Jakub "Cybuch" Łukasik	2	[{"changed": {"fields": ["Rodzic czapkowy"]}}]	7	1
337	2025-04-30 19:54:51.747073+02	61	Jakub Nawrot	2	[{"changed": {"fields": ["Rodzic czapkowy"]}}]	7	1
338	2025-04-30 19:55:09.154301+02	63	Joanna "Aśka" Lorenc	2	[{"changed": {"fields": ["Rodzic czapkowy"]}}]	7	1
339	2025-04-30 19:55:24.909974+02	64	John "Jasiek" Graff-Warburton	2	[{"changed": {"fields": ["Rodzic czapkowy"]}}]	7	1
340	2025-04-30 19:55:38.595015+02	66	Julia "Spanko" Musiał	2	[{"changed": {"fields": ["Rodzic czapkowy"]}}]	7	1
341	2025-04-30 19:56:06.083404+02	67	Kamila "Krwawa Baronessa" Dziewońska (Paisley)	2	[{"changed": {"fields": ["Rodzic czapkowy"]}}]	7	1
342	2025-04-30 19:56:21.044759+02	68	Kamila Rozesłaniec	2	[{"changed": {"fields": ["Rodzic czapkowy"]}}]	7	1
343	2025-04-30 19:56:39.757371+02	72	Karolina "Bezimienna" Kania	2	[{"changed": {"fields": ["Rodzic czapkowy"]}}]	7	1
344	2025-04-30 19:57:40.058066+02	74	Karolina Szklanny	2	[{"changed": {"fields": ["Rodzic czapkowy"]}}]	7	1
345	2025-04-30 19:57:56.50739+02	76	Kasper "Pumba" Krawet	2	[{"changed": {"fields": ["Rodzic czapkowy"]}}]	7	1
346	2025-04-30 19:58:13.913743+02	86	Krzysztof "Poniatowski" Sadowski	2	[{"changed": {"fields": ["Rodzic czapkowy"]}}]	7	1
347	2025-04-30 19:58:32.22371+02	89	Łukasz "Ciepły" Ciepły (Lindert)	2	[{"changed": {"fields": ["Rodzic czapkowy"]}}]	7	1
348	2025-04-30 19:59:03.966799+02	90	Łukasz "Yoda" Pryk	2	[{"changed": {"fields": ["Rodzic czapkowy"]}}]	7	1
349	2025-04-30 19:59:24.970772+02	95	Maciej "Dzidzia" Małecki	2	[{"changed": {"fields": ["Rodzic czapkowy"]}}]	7	1
350	2025-04-30 19:59:36.758985+02	97	Magdalena "Kasztanka" Brilha	2	[{"changed": {"fields": ["Rodzic czapkowy"]}}]	7	1
351	2025-04-30 20:00:02.398614+02	98	Maksymilian "Max" Depa	2	[{"changed": {"fields": ["Rodzic czapkowy"]}}]	7	1
352	2025-04-30 20:00:18.849773+02	101	Małgorzata Żurek	2	[{"changed": {"fields": ["Rodzic czapkowy"]}}]	7	1
353	2025-04-30 20:00:37.503035+02	102	Marceli "Księciunio" Mart-Łakomy	2	[{"changed": {"fields": ["Rodzic czapkowy"]}}]	7	1
354	2025-04-30 20:01:00.131886+02	104	Maria "Rysia" Babiuch	2	[{"changed": {"fields": ["Rodzic czapkowy"]}}]	7	1
355	2025-04-30 20:01:12.949381+02	105	Maria "Felis" Turakiewicz	2	[{"changed": {"fields": ["Rodzic czapkowy"]}}]	7	1
356	2025-04-30 20:01:33.657561+02	107	Martyna "Bober" Kubiak	2	[{"changed": {"fields": ["Rodzic czapkowy"]}}]	7	1
357	2025-04-30 20:02:51.614111+02	108	Mateusz "Sułtan" Sułek	2	[{"changed": {"fields": ["Rodzic czapkowy"]}}]	7	1
358	2025-04-30 20:03:52.59983+02	110	Mateusz "Kotlet" Żurek	2	[{"changed": {"fields": ["Rodzic czapkowy"]}}]	7	1
359	2025-04-30 20:04:05.934081+02	111	Michalina "Allec" Kokosińska	2	[{"changed": {"fields": ["Rodzic czapkowy"]}}]	7	1
360	2025-04-30 20:04:19.048958+02	112	Michał Boryka	2	[{"changed": {"fields": ["Rodzic czapkowy"]}}]	7	1
361	2025-04-30 20:04:38.079034+02	114	Michał "Śnięty Cwel Kasper" Kasperek	2	[{"changed": {"fields": ["Rodzic czapkowy"]}}]	7	1
362	2025-04-30 20:04:48.229781+02	115	Michał Lenik	2	[{"changed": {"fields": ["Rodzic czapkowy"]}}]	7	1
363	2025-04-30 20:05:00.617561+02	117	Monika "Monia" Góralik	2	[{"changed": {"fields": ["Rodzic czapkowy"]}}]	7	1
364	2025-04-30 20:05:27.64459+02	118	Monika "Koala" Kwater-Boryka	2	[{"changed": {"fields": ["Rodzic czapkowy"]}}]	7	1
365	2025-04-30 20:05:38.305352+02	120	Natalia "Szynka" Ciesielska (Olajossy)	2	[{"changed": {"fields": ["Rodzic czapkowy"]}}]	7	1
366	2025-04-30 20:05:54.78141+02	121	Natalia "Lis" Lisowska	2	[{"changed": {"fields": ["Rodzic czapkowy"]}}]	7	1
367	2025-04-30 20:06:07.421792+02	123	Olga "Equus/Dajcie mi telefon, mam tam notatki" Wajda	2	[{"changed": {"fields": ["Rodzic czapkowy"]}}]	7	1
368	2025-04-30 20:06:20.381862+02	125	Patrycja "Chat" Karauda	2	[{"changed": {"fields": ["Rodzic czapkowy"]}}]	7	1
369	2025-04-30 20:06:33.998649+02	126	Patrycja Malinowska-Majdak	2	[{"changed": {"fields": ["Rodzic czapkowy"]}}]	7	1
370	2025-04-30 20:07:16.487956+02	128	Patryk Gujda	2	[{"changed": {"fields": ["Rodzic czapkowy"]}}]	7	1
371	2025-04-30 20:07:25.92184+02	134	Paweł Nawrot	2	[{"changed": {"fields": ["Rodzic czapkowy"]}}]	7	1
372	2025-04-30 20:07:40.79375+02	142	Roksana Kidawa	2	[{"changed": {"fields": ["Rodzic czapkowy"]}}]	7	1
373	2025-04-30 20:08:16.945544+02	144	Sebastian "Dżdżysław" Stala	2	[]	7	1
374	2025-04-30 20:08:27.775055+02	148	Tadeusz "Kumdo/Tadek" Hessel	2	[{"changed": {"fields": ["Rodzic czapkowy"]}}]	7	1
375	2025-04-30 20:08:39.757366+02	151	Urszula Kasprzyk	2	[{"changed": {"fields": ["Rodzic czapkowy"]}}]	7	1
376	2025-04-30 20:08:46.839868+02	154	Weronika "Manista" Manista	2	[]	7	1
377	2025-05-01 11:22:54.783147+02	1	Zarząd 20092010/20092011	1	[{"added": {}}]	11	1
378	2025-05-01 11:24:18.171662+02	1	Zarząd 2009/2010	2	[{"changed": {"fields": ["Kadencja"]}}]	11	1
379	2025-05-01 11:35:03.009171+02	1	Zarząd 2009/2010	2	[]	11	1
380	2025-05-01 11:43:24.763742+02	2	Zarząd 2010/2011	1	[{"added": {}}]	11	1
381	2025-05-01 11:49:50.139855+02	160	Zofia Krasińska	1	[{"added": {}}]	7	1
382	2025-05-01 11:50:59.353302+02	1	Zarząd 2011/2012	1	[{"added": {}}]	12	1
383	2025-05-01 12:03:43.785056+02	2	Zarząd 2011/2012	1	[{"added": {}}]	12	1
384	2025-05-01 12:07:46.102759+02	3	Zarząd 2012/2013	1	[{"added": {}}]	12	1
385	2025-05-01 12:08:23.819711+02	4	Zarząd 2013/2014	1	[{"added": {}}]	12	1
386	2025-05-01 12:09:16.352106+02	5	Zarząd 2014/2015	1	[{"added": {}}]	12	1
387	2025-05-01 12:10:55.032439+02	6	Zarząd 2015/2016	1	[{"added": {}}]	12	1
388	2025-05-01 12:11:28.308017+02	7	Zarząd 2016/2017	1	[{"added": {}}]	12	1
389	2025-05-01 12:12:05.530783+02	8	Zarząd 2017/2018	1	[{"added": {}}]	12	1
390	2025-05-01 12:12:27.379538+02	9	Zarząd 2018/2019	1	[{"added": {}}]	12	1
391	2025-05-01 12:13:08.71218+02	10	Zarząd 2019/2020	1	[{"added": {}}]	12	1
392	2025-05-01 12:14:14.024636+02	10	Zarząd 2021/2022	2	[{"changed": {"fields": ["Kadencja", "Wielki Mistrz", "Kasztelan", "Skarbnik", "Cantandi", "Sekretarz"]}}]	12	1
393	2025-05-01 12:14:27.816868+02	11	Zarząd 2021/2022	1	[{"added": {}}]	12	1
394	2025-05-01 12:16:12.105919+02	12	Zarząd 2022/2023	1	[{"added": {}}]	12	1
395	2025-05-01 12:17:24.90589+02	12	Zarząd 2020/2021	2	[{"changed": {"fields": ["Kadencja", "Wielki Mistrz", "Kasztelan", "Cantandi", "Sekretarz"]}}]	12	1
396	2025-05-01 12:18:17.570454+02	10	Zarząd 2021/2022	2	[]	12	1
397	2025-05-01 12:18:25.437471+02	11	Zarząd 2021/2022	2	[]	12	1
398	2025-05-01 12:18:29.525603+02	10	Zarząd 2021/2022	2	[]	12	1
399	2025-05-01 12:18:32.747016+02	10	Zarząd 2021/2022	2	[]	12	1
400	2025-05-01 12:19:39.011889+02	13	Zarząd 2022/2023	1	[{"added": {}}]	12	1
401	2025-05-01 12:20:13.6691+02	14	Zarząd 2023/2024	1	[{"added": {}}]	12	1
402	2025-05-01 12:20:57.953323+02	14	Zarząd 2024/2025	2	[{"changed": {"fields": ["Kadencja", "Wielki Mistrz", "Kasztelan", "Skarbnik", "Cantandi"]}}]	12	1
403	2025-05-01 12:21:01.93308+02	15	Zarząd 2020/2021	1	[{"added": {}}]	12	1
404	2025-05-01 12:21:07.813261+02	15	Zarząd 2025/2026	2	[{"changed": {"fields": ["Kadencja"]}}]	12	1
405	2025-05-01 12:37:53.053993+02	14	Zarząd 2024/2025	2	[]	12	1
406	2025-05-01 13:36:20.778128+02	2	2009/None	1	[{"added": {}}]	14	1
407	2025-05-01 13:39:53.703156+02	2	2009/2010	2	[]	14	1
408	2025-05-01 13:39:57.507703+02	3	2009/2010	1	[{"added": {}}]	14	1
409	2025-05-01 13:40:01.714984+02	4	2010/2011	1	[{"added": {}}]	14	1
410	2025-05-01 13:40:05.43957+02	5	2011/2012	1	[{"added": {}}]	14	1
411	2025-05-01 13:40:08.597279+02	6	2012/2013	1	[{"added": {}}]	14	1
412	2025-05-01 13:40:13.820039+02	7	2013/2014	1	[{"added": {}}]	14	1
413	2025-05-01 13:40:16.967329+02	8	2014/2015	1	[{"added": {}}]	14	1
414	2025-05-01 13:40:24.700188+02	9	2015/2016	1	[{"added": {}}]	14	1
415	2025-05-01 13:40:28.352501+02	10	2016/2017	1	[{"added": {}}]	14	1
416	2025-05-01 13:40:31.791467+02	11	2017/2018	1	[{"added": {}}]	14	1
417	2025-05-01 13:40:34.573037+02	12	2018/2019	1	[{"added": {}}]	14	1
418	2025-05-01 13:40:38.506943+02	13	2019/2020	1	[{"added": {}}]	14	1
419	2025-05-01 13:40:45.783106+02	14	2020/2021	1	[{"added": {}}]	14	1
420	2025-05-01 13:40:53.757359+02	15	2021/2022	1	[{"added": {}}]	14	1
421	2025-05-01 13:40:57.697089+02	16	2022/2023	1	[{"added": {}}]	14	1
422	2025-05-01 13:41:01.9492+02	17	2023/2024	1	[{"added": {}}]	14	1
423	2025-05-01 13:41:07.206425+02	17	2024/2025	2	[{"changed": {"fields": ["Rozpocz\\u0119cie"]}}]	14	1
424	2025-05-01 13:41:25.104324+02	2	2023/2024	2	[{"changed": {"fields": ["Rozpocz\\u0119cie"]}}]	14	1
425	2025-05-01 14:56:09.61426+02	1	Zarząd 2009/2010	1	[{"added": {}}]	11	1
426	2025-05-01 14:56:14.046001+02	2	Zarząd 2009/2010	1	[{"added": {}}]	11	1
427	2025-05-01 14:56:44.133138+02	2	Zarząd 2010/2011	2	[{"changed": {"fields": ["Kadencja"]}}]	11	1
428	2025-05-01 14:56:54.678713+02	1	Zarząd 2009/2010	2	[{"changed": {"fields": ["Cantandi"]}}]	11	1
429	2025-05-01 14:57:48.771149+02	1	Zarząd 2011/2012	1	[{"added": {}}]	12	1
430	2025-05-01 14:57:51.875582+02	2	Zarząd 2011/2012	1	[{"added": {}}]	12	1
431	2025-05-01 14:58:06.331582+02	3	Zarząd 2012/2013	1	[{"added": {}}]	12	1
432	2025-05-01 14:59:11.382965+02	4	Zarząd 2013/2014	1	[{"added": {}}]	12	1
433	2025-05-01 14:59:58.047781+02	5	Zarząd 2014/2015	1	[{"added": {}}]	12	1
434	2025-05-01 15:00:34.399306+02	6	Zarząd 2015/2016	1	[{"added": {}}]	12	1
435	2025-05-01 15:01:06.691887+02	7	Zarząd 2016/2017	1	[{"added": {}}]	12	1
436	2025-05-01 15:01:37.93576+02	8	Zarząd 2017/2018	1	[{"added": {}}]	12	1
437	2025-05-01 15:02:02.95048+02	9	Zarząd 2018/2019	1	[{"added": {}}]	12	1
438	2025-05-01 15:02:45.334754+02	10	Zarząd 2019/2020	1	[{"added": {}}]	12	1
439	2025-05-01 15:03:52.955475+02	5	Nie dotyczy	2	[{"changed": {"fields": ["Rok chrztu", "Miesi\\u0105c chrztu", "Dzie\\u0144 chrztu", "Rok pojawienia si\\u0119"]}}]	7	1
440	2025-05-01 15:06:57.888598+02	5	Szymon Zwias	2	[{"changed": {"fields": ["Imi\\u0119", "Nazwisko"]}}]	7	1
441	2025-05-01 15:07:23.719511+02	5	Nie Dotyczy	2	[{"changed": {"fields": ["Imi\\u0119", "Nazwisko"]}}]	7	1
442	2025-05-01 15:10:25.084146+02	5	Nie Zwias	2	[{"changed": {"fields": ["Nazwisko"]}}]	7	1
443	2025-05-01 15:13:21.434273+02	5	Nie dotyczy	2	[{"changed": {"fields": ["Nazwisko"]}}]	7	1
444	2025-05-01 15:21:35.934109+02	10	Zarząd 2020/2021	2	[{"changed": {"fields": ["Kadencja", "Wielki Mistrz", "Kasztelan", "Skarbnik", "Cantandi"]}}]	12	1
445	2025-05-01 15:30:24.320667+02	5	Nie zwias	2	[{"changed": {"fields": ["Nazwisko"]}}]	7	1
446	2025-05-01 15:37:44.752815+02	4	Nie wiem	3		7	1
447	2025-05-01 15:38:09.195941+02	5	Nie zwias	3		7	1
448	2025-05-01 15:39:08.691189+02	161	Nie wiem	1	[{"added": {}}]	7	1
449	2025-05-01 15:40:05.130639+02	161	Nie wiem	3		7	1
450	2025-05-01 15:41:08.475633+02	162	Nie wiem	1	[{"added": {}}]	7	1
451	2025-05-01 15:42:49.116326+02	107	Martyna "Bober" Kubiak	2	[]	7	1
452	2025-05-01 15:45:36.063334+02	162	Niet wiem	2	[{"changed": {"fields": ["Imi\\u0119"]}}]	7	1
453	2025-05-01 15:47:36.796241+02	162	Nie "ZMIENILEM" wiem	2	[{"changed": {"fields": ["Imi\\u0119"]}}]	7	1
454	2025-05-01 15:47:58.812417+02	12	Aleksandra "ZMIENILEM" Król	2	[]	7	1
455	2025-05-01 19:19:08.319408+02	12	Aleksandra "ZMIENILEM" Król	2	[{"changed": {"fields": ["Imi\\u0119 czapkowe"]}}]	7	1
456	2025-05-01 19:19:26.44632+02	12	Aleksandra Król	2	[{"changed": {"fields": ["Imi\\u0119 czapkowe", "Wpisz imi\\u0119 czapkowe:"]}}]	7	1
457	2025-05-01 19:21:25.18202+02	162	Nie wiem	2	[{"changed": {"fields": ["Imi\\u0119 czapkowe", "Wpisz imi\\u0119 czapkowe:"]}}]	7	1
458	2025-05-01 19:21:33.547306+02	162	Nie wiem	2	[]	7	1
459	2025-05-01 19:22:05.925052+02	163	Nie dotyczy	1	[{"added": {}}]	7	1
460	2025-05-01 19:22:25.065775+02	163	Nie dotyczy	2	[{"changed": {"fields": ["Imi\\u0119 czapkowe", "Wpisz imi\\u0119 czapkowe:"]}}]	7	1
461	2025-05-01 19:23:45.461523+02	11	Zarząd 2020/2021	1	[{"added": {}}]	12	1
462	2025-05-01 19:24:15.009744+02	12	Zarząd 2021/2022	1	[{"added": {}}]	12	1
463	2025-05-01 19:24:42.562987+02	13	Zarząd 2022/2023	1	[{"added": {}}]	12	1
464	2025-05-01 19:25:12.096442+02	14	Zarząd 2023/2024	1	[{"added": {}}]	12	1
465	2025-05-01 19:25:31.78675+02	14	Zarząd 2024/2025	2	[{"changed": {"fields": ["Kadencja", "Wielki Mistrz", "Kasztelan", "Skarbnik", "Cantandi"]}}]	12	1
466	2025-05-01 19:25:55.756053+02	1	2009/2010 Tadeusz "Kumdo/Tadek" Hessel - Tadeusz I, 	1	[{"added": {}}]	13	1
467	2025-05-01 19:26:08.562489+02	2	2010/2011 Tadeusz "Kumdo/Tadek" Hessel - Tadeusz I, 	1	[{"added": {}}]	13	1
468	2025-05-01 19:26:14.14564+02	3	2010/2011 Tadeusz "Kumdo/Tadek" Hessel - Tadeusz I, 	1	[{"added": {}}]	13	1
469	2025-05-01 19:26:26.905456+02	4	2011/2012 Magdalena "Kasztanka" Brilha - Tadeusz II, 	1	[{"added": {}}]	13	1
470	2025-05-01 19:26:31.097923+02	5	2012/2013 Magdalena "Kasztanka" Brilha - Tadeusz II, 	1	[{"added": {}}]	13	1
471	2025-05-01 19:26:37.64561+02	6	2013/2014 Magdalena "Kasztanka" Brilha - Tadeusz II, 	1	[{"added": {}}]	13	1
472	2025-05-01 19:26:51.535633+02	7	2014/2015 Grażyna "Malina" Malinowska - Tadeusz III, 	1	[{"added": {}}]	13	1
473	2025-05-01 19:27:38.427594+02	8	2015/2016 Paweł "Synek" Mucha - Tadeusz IV, 	1	[{"added": {}}]	13	1
474	2025-05-01 19:27:49.847192+02	9	2016/2017 Maciej "Dzidzia" Małecki - Tadeusz V, 	1	[{"added": {}}]	13	1
475	2025-05-01 19:28:45.329878+02	9	2017/2018 Damian "Bandera" Zych - Tadeusz VI, Wielki Antymistrz Bandera Łże-Tadeusz VI, czerwono-czarny ognień tańczący na wioskach wrogów	2	[{"changed": {"fields": ["Kadencja", "Imi\\u0119", "Tadeusz", "Tytu\\u0142y"]}}]	13	1
476	2025-05-01 19:30:08.32907+02	10	2017/2018 Damian "Bandera" Zych - Tadeusz VI, Wielki Antymistrz Bandera Łże-Tadeusz VI, czerwono-czarny ognień tańczący na wioskach wrogów	1	[{"added": {}}]	13	1
477	2025-05-01 19:30:15.466623+02	10	2018/2019 Damian "Bandera" Zych - Tadeusz VI, Wielki Antymistrz Bandera Łże-Tadeusz VI, czerwono-czarny ognień tańczący na wioskach wrogów	2	[{"changed": {"fields": ["Kadencja"]}}]	13	1
478	2025-05-01 19:30:19.773598+02	11	2018/2019 Damian "Bandera" Zych - Tadeusz VI, Wielki Antymistrz Bandera Łże-Tadeusz VI, czerwono-czarny ognień tańczący na wioskach wrogów	1	[{"added": {}}]	13	1
479	2025-05-01 19:30:56.181868+02	12	2019/2020 Michał "I Sekretarz PZPR towarzysz Władysław Gomułka, ps. Wiesław/Gomuł" Gumułka - Tadeusz VII, Ostatni Książę Pszczyny, władca studentów i zwierząt nie wyłączając smoków i panter	1	[{"added": {}}]	13	1
480	2025-05-01 19:31:23.496989+02	13	2021/2022 Bartłomiej "Kucharz" Olajossy - Tadeusz VIII, Gałązka z Boskiego Drzewa Wpierdolu	1	[{"added": {}}]	13	1
481	2025-05-01 19:31:46.927567+02	14	2022/2023 John "Jasiek" Graff-Warburton - Tadeusz IX, Zawsze Trzeźwy Landlord Czerwonomakowskich Luster	1	[{"added": {}}]	13	1
482	2025-05-01 19:32:07.328482+02	15	2023/2024 Paulina "Koziołek" Kozioł - Tadeusz X, Patronka Słowa Mówionego i Pisanego	1	[{"added": {}}]	13	1
483	2025-05-01 19:32:26.104565+02	15	2024/2025 Michał "Cukier/Małolata" Malata - Tadeusz XI, Czerwona Opcja Śląska	2	[{"changed": {"fields": ["Kadencja", "Imi\\u0119", "Tadeusz", "Tytu\\u0142y"]}}]	13	1
484	2025-05-01 19:32:53.929174+02	11	2018/2019 Damian "Bandera" Zych - Tadeusz VI, Wielki Antymistrz Bandera Łże-Tadeusz VI, czerwono-czarny ognień tańczący na wioskach wrogów	3		13	1
485	2025-05-01 19:36:54.400574+02	10	Damian "Bandera" Zych - Tadeusz VI, Wielki Antymistrz Bandera Łże-Tadeusz VI, czerwono-czarny ognień tańczący na wioskach wrogów	3		13	1
486	2025-05-01 19:36:54.400614+02	6	Magdalena "Kasztanka" Brilha - Tadeusz II	3		13	1
487	2025-05-01 19:36:54.400633+02	5	Magdalena "Kasztanka" Brilha - Tadeusz II	3		13	1
488	2025-05-01 19:36:54.400651+02	2	Tadeusz "Kumdo/Tadek" Hessel - Tadeusz I	3		13	1
489	2025-05-01 19:58:38.880637+02	16	John "Jasiek" Graff-Warburton - Tadeusz IX, Zawsze Trzeźwy Landlord Czerwonomakowskich Luster	1	[{"added": {}}]	13	1
490	2025-05-01 19:59:12.715342+02	16	Paulina "Koziołek" Kozioł - Tadeusz X, Patronka Słowa Mówionego i Pisanego	2	[{"changed": {"fields": ["Imi\\u0119", "Tadeusz", "Tytu\\u0142y"]}}]	13	1
491	2025-05-01 20:00:46.101558+02	15	11 Michał "Cukier/Małolata" Malata - Tadeusz XI, Czerwona Opcja Śląska	2	[]	13	1
492	2025-05-01 20:00:52.708776+02	14	9 John "Jasiek" Graff-Warburton - Tadeusz IX, Zawsze Trzeźwy Landlord Czerwonomakowskich Luster	2	[]	13	1
493	2025-05-01 20:01:01.579244+02	13	8 Bartłomiej "Kucharz" Olajossy - Tadeusz VIII, Gałązka z Boskiego Drzewa Wpierdolu	2	[]	13	1
494	2025-05-01 20:01:06.693784+02	12	7 Michał "I Sekretarz PZPR towarzysz Władysław Gomułka, ps. Wiesław/Gomuł" Gumułka - Tadeusz VII, Ostatni Książę Pszczyny, władca studentów i zwierząt nie wyłączając smoków i panter	2	[]	13	1
495	2025-05-01 20:01:09.81964+02	9	6 Damian "Bandera" Zych - Tadeusz VI, Wielki Antymistrz Bandera Łże-Tadeusz VI, czerwono-czarny ognień tańczący na wioskach wrogów	2	[]	13	1
496	2025-05-01 20:01:12.481495+02	8	4 Paweł "Synek" Mucha - Tadeusz IV	2	[]	13	1
497	2025-05-01 20:01:15.86895+02	7	3 Grażyna "Malina" Malinowska - Tadeusz III	2	[]	13	1
498	2025-05-01 20:01:18.485089+02	4	2 Magdalena "Kasztanka" Brilha - Tadeusz II	2	[]	13	1
499	2025-05-01 20:01:21.05402+02	3	1 Tadeusz "Kumdo/Tadek" Hessel - Tadeusz I	2	[]	13	1
500	2025-05-01 20:01:38.253546+02	1	5 Maciej "Dzidzia" Małecki - Tadeusz V	2	[{"changed": {"fields": ["Imi\\u0119", "Tadeusz"]}}]	13	1
501	2025-05-01 23:53:58.800979+02	1	Nie wiem - Inny, XXX	1	[{"added": {}}]	16	1
502	2025-05-02 01:00:15.584059+02	1	Powstanie BCS	1	[{"added": {}}]	19	1
503	2025-05-02 01:02:01.382838+02	1	Powstawanie idei BCS 2009-03-01 - 2009-08-20	1	[{"added": {}}]	15	1
504	2025-05-02 01:09:14.465704+02	1	Powstawanie idei BCS: 01.03.2009 - 20.08.2009	2	[{"changed": {"fields": ["Opis"]}}]	15	1
505	2025-05-02 01:09:23.102476+02	1	Powstawanie idei BCS: 01.03.2009 - 20.08.2009	2	[]	15	1
506	2025-05-02 01:14:17.777686+02	1	Wybory 2009/2010	1	[{"added": {}}]	17	1
507	2025-05-02 01:16:25.496878+02	2	Wybory 2009/2010	1	[{"added": {}}]	19	1
508	2025-05-02 01:17:30.161855+02	2	Pierwsza karczma BCS	1	[{"added": {}}]	17	1
509	2025-05-02 01:17:33.901529+02	3	Pierwsza karczma BCS	1	[{"added": {}}]	17	1
572	2025-05-05 09:12:23.779572+02	5	2010.12.05 - Złożenie kwiatów pod grobem Królowej Jadwigi	3		19	1
510	2025-05-02 01:19:01.266411+02	3	Konferencja naukowa na Wydziale Historycznym (Roberto Martinez del Rio)	2	[{"changed": {"fields": ["Nazwa"]}}]	17	1
511	2025-05-02 01:23:19.478631+02	2	Wydział Historyczny UJ - Uczel, ul. Gołębia 24, Kraków, Polska	1	[{"added": {}}]	16	1
512	2025-05-02 01:26:28.840427+02	3	Konferencja naukowa - Roberto Martinez del Rio	2	[{"changed": {"fields": ["Nazwa", "Typ spotkania", "Data", "Miejsce"]}}]	17	1
513	2025-05-02 02:12:42.781413+02	1	Joanna "Aśka" Lorenc	1	[{"added": {}}]	21	1
514	2025-05-02 02:13:59.264742+02	2	Marceli "Księciunio" Mart-Łakomy	1	[{"added": {}}]	21	1
515	2025-05-02 02:17:39.816913+02	164	BCS 	1	[{"added": {}}]	7	1
516	2025-05-02 02:18:16.081611+02	3	BCS 	1	[{"added": {}}]	21	1
517	2025-05-02 02:19:02.060577+02	3	BCS 	2	[{"changed": {"fields": ["Zas\\u0142ugi"]}}]	21	1
518	2025-05-02 02:24:11.220701+02	1	Joanna "Aśka" Lorenc	1	[{"added": {}}]	22	1
519	2025-05-02 02:24:52.447442+02	2	Marceli "Księciunio" Mart-Łakomy	1	[{"added": {}}]	22	1
520	2025-05-02 02:26:32.527221+02	3	Weterani BCS	1	[{"added": {}}]	22	1
521	2025-05-02 02:27:55.547124+02	4	Bartłomiej "Kucharz" Olajossy	1	[{"added": {}}]	22	1
522	2025-05-02 02:29:38.898932+02	5	Michał "I Sekretarz PZPR towarzysz Władysław Gomułka, ps. Wiesław/Gomuł" Gumułka	1	[{"added": {}}]	22	1
523	2025-05-02 02:31:01.655412+02	6	Czat firmowy BCS	1	[{"added": {}}]	22	1
524	2025-05-02 02:32:02.718169+02	7	Piotr Kociński	1	[{"added": {}}]	22	1
525	2025-05-02 02:32:51.831786+02	8	Łukasz "Ciepły" Ciepły (Lindert)	1	[{"added": {}}]	22	1
526	2025-05-02 02:33:57.263205+02	9	Damian "Bandera" Zych	1	[{"added": {}}]	22	1
527	2025-05-02 02:34:19.134505+02	1	Joanna "Aśka" Lorenc	2	[]	22	1
528	2025-05-02 02:37:17.166165+02	1	Joanna "Aśka" Lorenc	2	[{"changed": {"fields": ["Numer"]}}]	22	1
529	2025-05-02 02:37:37.071234+02	4	Bartłomiej "Kucharz" Olajossy	2	[{"changed": {"fields": ["Numer"]}}]	22	1
530	2025-05-02 02:37:47.369146+02	9	Damian "Bandera" Zych	2	[{"changed": {"fields": ["Numer"]}}]	22	1
531	2025-05-02 02:37:58.339835+02	8	Łukasz "Ciepły" Ciepły (Lindert)	2	[{"changed": {"fields": ["Numer"]}}]	22	1
532	2025-05-02 02:38:18.985944+02	5	Michał "I Sekretarz PZPR towarzysz Władysław Gomułka, ps. Wiesław/Gomuł" Gumułka	3		22	1
533	2025-05-02 02:38:28.316564+02	7	Piotr Kociński	2	[{"changed": {"fields": ["Numer"]}}]	22	1
534	2025-05-02 02:38:34.373059+02	8	Łukasz "Ciepły" Ciepły (Lindert)	2	[{"changed": {"fields": ["Numer"]}}]	22	1
535	2025-05-02 02:38:44.346273+02	8	Łukasz "Ciepły" Ciepły (Lindert)	2	[]	22	1
536	2025-05-02 02:38:54.110766+02	9	Damian "Bandera" Zych	2	[{"changed": {"fields": ["Numer"]}}]	22	1
537	2025-05-02 02:39:04.606306+02	2	Marceli "Księciunio" Mart-Łakomy	2	[{"changed": {"fields": ["Numer"]}}]	22	1
538	2025-05-02 02:39:13.991154+02	6	Czat firmowy BCS	2	[{"changed": {"fields": ["Numer"]}}]	22	1
539	2025-05-02 02:39:27.948829+02	3	Weterani BCS	2	[{"changed": {"fields": ["Numer"]}}]	22	1
540	2025-05-02 15:44:53.418128+02	9	Damian "Bandera" Zych	2	[]	22	1
541	2025-05-02 15:45:05.235217+02	8	Łukasz "Ciepły" Ciepły (Lindert)	2	[]	22	1
542	2025-05-02 15:45:08.302441+02	4	Bartłomiej "Kucharz" Olajossy	2	[]	22	1
543	2025-05-02 15:45:11.73192+02	2	Marceli "Księciunio" Mart-Łakomy	2	[]	22	1
544	2025-05-02 15:45:14.89656+02	1	Joanna "Aśka" Lorenc	2	[]	22	1
545	2025-05-02 15:45:18.036002+02	6	Czat firmowy BCS	2	[]	22	1
546	2025-05-02 15:45:21.088147+02	7	Piotr Kociński	2	[]	22	1
547	2025-05-02 15:45:24.023646+02	3	Weterani BCS	2	[]	22	1
548	2025-05-04 21:36:00.340999+02	1	Powstawanie koncepcji BCS: 01.03.2009 - 20.08.2009	1	[{"added": {}}]	15	1
549	2025-05-04 21:38:05.222505+02	3	CMUJ - Uczelnia, św. Anny, Kraków, Polska	1	[{"added": {}}]	16	1
550	2025-05-04 21:40:29.877048+02	1	Założenie BCS	1	[{"added": {}}]	19	1
551	2025-05-04 21:51:25.515014+02	1	Założenie BCS	2	[{"added": {"name": "Uczestnictwo", "object": "Tadeusz \\"Kumdo/Tadek\\" Hessel - Kronika | Wydarzenie - Za\\u0142o\\u017cenie BCS"}}, {"added": {"name": "Uczestnictwo", "object": "Kasper \\"Pumba\\" Krawet - Kronika | Wydarzenie - Za\\u0142o\\u017cenie BCS"}}]	19	1
552	2025-05-04 22:37:40.441857+02	1	Założenie BCS	2	[]	19	1
553	2025-05-04 22:40:31.786293+02	2	Pierwsze wybory	1	[{"added": {}}, {"added": {"name": "Uczestnictwo", "object": "Tadeusz \\"Kumdo/Tadek\\" Hessel - Kronika | Wydarzenie - Pierwsze wybory"}}, {"added": {"name": "Uczestnictwo", "object": "Kasper \\"Pumba\\" Krawet - Kronika | Wydarzenie - Pierwsze wybory"}}, {"added": {"name": "Uczestnictwo", "object": "Pawe\\u0142 Nawrot - Kronika | Wydarzenie - Pierwsze wybory"}}, {"added": {"name": "Uczestnictwo", "object": "Jakub Nawrot - Kronika | Wydarzenie - Pierwsze wybory"}}, {"added": {"name": "Uczestnictwo", "object": "Urszula Kasprzyk - Kronika | Wydarzenie - Pierwsze wybory"}}, {"added": {"name": "Uczestnictwo", "object": "Ma\\u0142gorzata Lurzy\\u0144ska - Kronika | Wydarzenie - Pierwsze wybory"}}]	19	1
554	2025-05-04 22:42:26.603607+02	3	Pierwsza karczma	1	[{"added": {}}]	19	1
555	2025-05-04 22:46:42.36498+02	4	2010.28.01 - Pierwsza karczma	1	[{"added": {}}]	19	1
556	2025-05-04 22:53:11.00536+02	1	Roberto Martinez del Rio	1	[{"added": {}}]	23	1
557	2025-05-04 22:54:20.109106+02	5	2010.28.04 - Pierwsza konferencja	1	[{"added": {}}, {"added": {"name": "Uczestnictwo", "object": "None - Kronika | Wydarzenie - 2010.28.04 - Pierwsza konferencja"}}]	19	1
558	2025-05-04 22:56:31.993463+02	5	2010.12.05 - Złożenie kwiatów pod grobem Królowej Jadwigi	2	[{"changed": {"fields": ["Nazwa", "Data", "Typ wydarzenia", "Opis"]}}]	19	1
559	2025-05-04 22:58:58.209139+02	4	Grób królowej Jadwigi - Obiekt kultury, Katedra Wawelska, Kraków, Polska	1	[{"added": {}}]	16	1
560	2025-05-04 23:10:30.642152+02	2	SSUJ	1	[{"added": {}}]	23	1
561	2025-05-04 23:11:03.986729+02	1	Roberto Martinez del Rio	2	[{"changed": {"fields": ["Nazwa", "Kategoria"]}}]	23	1
562	2025-05-04 23:11:07.842401+02	2	SSUJ	2	[]	23	1
563	2025-05-04 23:11:21.06416+02	1	Samorząd nosi czapki	1	[{"added": {}}]	20	1
564	2025-05-04 23:11:34.263756+02	1	Samorząd nosi czapki	2	[{"added": {"name": "Uczestnictwo", "object": "None - Kronika | Zdarzenie - Samorz\\u0105d nosi czapki"}}]	20	1
565	2025-05-04 23:16:51.925293+02	5	Auditorium Maximum UJ - Uczelnia, Krupnicza 33, Kraków, Polska	1	[{"added": {}}]	16	1
566	2025-05-04 23:19:29.665208+02	2	2010.01.10 - International Cantus: Gaudeamus	1	[{"added": {}}]	20	1
567	2025-05-04 23:21:03.040049+02	3	2010.12.05 - Pierwszy pochód z Collegium Maius do Auditorium Maximum	1	[{"added": {}}]	20	1
568	2025-05-04 23:24:58.955572+02	3	2010.01.10 - Pierwszy pochód z Collegium Maius do Auditorium Maximum	2	[{"changed": {"fields": ["Data"]}}]	20	1
569	2025-05-04 23:25:08.479657+02	1	2010.12.05 - Samorząd nosi czapki	2	[]	20	1
570	2025-05-04 23:25:20.187396+02	4	2010.28.01 - Pierwsza karczma	3		19	1
571	2025-05-05 09:10:44.772573+02	5	2010.12.05 - Złożenie kwiatów pod grobem Królowej Jadwigi	2	[{"changed": {"fields": ["Zdarzenia"]}}]	19	1
573	2025-05-05 09:41:36.607473+02	5	Auditorium Maximum UJ - Uczelnia, Krupnicza 33, Kraków, Polska	2	[]	16	1
574	2025-05-05 09:42:37.77729+02	6	Collegium Maius - Uczelnia, Jagiellońska 15, Kraków, Polska	1	[{"added": {}}]	16	1
575	2025-05-05 09:42:57.177165+02	6	2010.01.10 - Czapka Reactivation Party	1	[{"added": {}}, {"added": {"name": "Uczestnictwo", "object": "Kasper \\"Pumba\\" Krawet - Kronika | Wydarzenie - 2010.01.10 - Czapka Reactivation Party"}}]	19	1
576	2025-05-05 09:46:33.28247+02	3	Christobalt Mitrugno	1	[{"added": {}}]	23	1
577	2025-05-05 09:47:44.37808+02	4	Frederic Widart	1	[{"added": {}}]	23	1
578	2025-05-05 09:47:51.972392+02	4	2010.01.10 - Prelekcje na temat studenckiego folkloru	1	[{"added": {}}, {"added": {"name": "Uczestnictwo", "object": "Kasper \\"Pumba\\" Krawet - Kronika | Zdarzenie - 2010.01.10 - Prelekcje na temat studenckiego folkloru"}}, {"added": {"name": "Uczestnictwo", "object": "None - Kronika | Zdarzenie - 2010.01.10 - Prelekcje na temat studenckiego folkloru"}}, {"added": {"name": "Uczestnictwo", "object": "None - Kronika | Zdarzenie - 2010.01.10 - Prelekcje na temat studenckiego folkloru"}}, {"added": {"name": "Uczestnictwo", "object": "None - Kronika | Zdarzenie - 2010.01.10 - Prelekcje na temat studenckiego folkloru"}}]	20	1
579	2025-05-05 09:47:58.429495+02	7	2010.01.10 - Pierwsza inauguracja roku akademickiego	1	[{"added": {}}]	19	1
580	2025-05-05 09:48:08.190611+02	7	2010.01.10 - Pierwsza inauguracja roku akademickiego	2	[]	19	1
581	2025-05-05 14:10:55.683549+02	1	Czapka Reactivation Party - Uniwersytecki Dzień PamięciUniwersyteckiDzienPamieci.jpg	1	[{"added": {}}]	25	1
582	2025-05-05 14:14:18.587744+02	6	2010.01.10 - Czapka Reactivation Party	2	[{"changed": {"name": "Uczestnictwo", "object": "None - Kronika | Wydarzenie - 2010.01.10 - Czapka Reactivation Party", "fields": ["Cz\\u0142onek"]}}, {"changed": {"name": "Zdj\\u0119cie z wydarzenia", "object": "Czapka Reactivation Party - UniwersyteckiDzienPamieci.jpg", "fields": ["Tytu\\u0142"]}}]	19	1
583	2025-05-05 14:17:06.092388+02	6	2010.01.10 - Czapka Reactivation Party	2	[{"deleted": {"name": "Zdj\\u0119cie z wydarzenia", "object": "Czapka Reactivation Party - UniwersyteckiDzienPamieci.jpg"}}]	19	1
584	2025-05-05 14:20:39.056423+02	7	2010.01.10 - Pierwsza inauguracja roku akademickiego	2	[{"added": {"name": "Uczestnictwo", "object": "Kasper \\"Pumba\\" Krawet - Kronika | Wydarzenie - 2010.01.10 - Pierwsza inauguracja roku akademickiego"}}, {"added": {"name": "Uczestnictwo", "object": "None - Kronika | Wydarzenie - 2010.01.10 - Pierwsza inauguracja roku akademickiego"}}, {"added": {"name": "Uczestnictwo", "object": "None - Kronika | Wydarzenie - 2010.01.10 - Pierwsza inauguracja roku akademickiego"}}, {"added": {"name": "Uczestnictwo", "object": "None - Kronika | Wydarzenie - 2010.01.10 - Pierwsza inauguracja roku akademickiego"}}]	19	1
585	2025-05-05 14:22:45.978001+02	7	Collegium Novum - Uczelnia, Gołębia 24, Kraków, Polska	1	[{"added": {}}]	16	1
586	2025-05-05 14:24:49.517219+02	8	2010.06.11 - Uniwersytecki Dzień Pamięci	1	[{"added": {}}, {"added": {"name": "Zdj\\u0119cie z wydarzenia", "object": "Uniwersytecki Dzie\\u0144 Pami\\u0119ci - Uniwersytecki Dzie\\u0144 Pami\\u0119ciUniwersyteckiDzienPamieci_23yMlpx.jpg"}}]	19	1
587	2025-05-05 14:25:39.154967+02	8	2010.06.11 - Uniwersytecki Dzień Pamięci	2	[{"changed": {"fields": ["Zdj\\u0119cia"]}}, {"changed": {"name": "Zdj\\u0119cie z wydarzenia", "object": "Uniwersytecki Dzie\\u0144 Pami\\u0119ci - Uniwersytecki Dzie\\u0144 Pami\\u0119ciUniwersyteckiDzienPamieci_23yMlpx.jpg", "fields": ["Opis"]}}]	19	1
588	2025-05-05 14:26:36.562917+02	8	2010.06.11 - Uniwersytecki Dzień Pamięci	2	[{"changed": {"fields": ["Opis"]}}]	19	1
589	2025-05-05 14:28:50.137568+02	8	Klub Studencki Nawojka - Pub, Władysława Reymonta 11, Kraków, Polska	1	[{"added": {}}]	16	1
590	2025-05-05 14:29:11.521676+02	9	2011.16.01 - Czapkowa Karczma Karnawałowa	1	[{"added": {}}]	19	1
591	2025-05-05 14:29:21.921319+02	10	2011.16.01 - Czapkowa Karczma Karnawałowa	1	[{"added": {}}]	19	1
592	2025-05-05 14:53:38.145264+02	9	Shot Pub - Pub, Szpitalna 5, Kraków, Polska	1	[{"added": {}}]	16	1
593	2025-05-05 14:53:42.606317+02	11	2011.12.02 - Czapkowa Karczma Posesyjna	1	[{"added": {}}]	19	1
594	2025-05-05 14:56:22.114714+02	12	2011.05.03 - Puchar Prorektora CMUJ	1	[{"added": {}}]	19	1
595	2025-05-05 14:57:28.130301+02	10	Klub Buda - Pub, Czapskich 2, Kraków, Polska	1	[{"added": {}}]	16	1
596	2025-05-05 15:03:35.119094+02	5	2011.12.03 - Nowa tradycja: Toast w stronę Nawojki	1	[{"added": {}}]	20	1
597	2025-05-05 15:25:36.559786+02	12	2011.12.03 - Wielka Karczma Piwna	2	[{"changed": {"fields": ["Nazwa", "Data", "Miejsce", "Typ wydarzenia", "Zdarzenia"]}}]	19	1
598	2025-05-05 15:28:11.655218+02	1	Toast w stronę Nawojki	1	[{"added": {}}]	26	1
599	2025-05-05 15:28:18.659992+02	1	Toast w stronę Nawojki	2	[]	26	1
600	2025-05-05 15:28:42.372195+02	13	2011.12.03 - Wielka Karczma Piwna	1	[{"added": {}}]	19	1
601	2025-05-05 15:31:23.727975+02	11	Collegium Iuridicum UJ - Uczelnia, Grodzka 53, Kraków, Polska	1	[{"added": {}}]	16	1
602	2025-05-05 15:35:06.775473+02	5	Babcia Tadka	1	[{"added": {}}]	23	1
603	2025-05-05 15:35:13.184105+02	6	2011.18.03 - Spotkanie z babcią Tadka	1	[{"added": {}}, {"added": {"name": "Uczestnictwo", "object": "Tadeusz \\"Kumdo/Tadek\\" Hessel - Kronika | Zdarzenie - 2011.18.03 - Spotkanie z babci\\u0105 Tadka"}}, {"added": {"name": "Uczestnictwo", "object": "None - Kronika | Zdarzenie - 2011.18.03 - Spotkanie z babci\\u0105 Tadka"}}]	20	1
604	2025-05-05 15:35:39.41435+02	14	2011.18.03 - Wykład dla Stowarzyszenia Absolwentów UJ	1	[{"added": {}}, {"added": {"name": "Uczestnictwo", "object": "Tadeusz \\"Kumdo/Tadek\\" Hessel - Kronika | Wydarzenie - 2011.18.03 - Wyk\\u0142ad dla Stowarzyszenia Absolwent\\u00f3w UJ"}}]	19	1
605	2025-05-05 15:40:09.469545+02	12	Wrocław - Miasto, Wrocław, Polska	1	[{"added": {}}]	16	1
606	2025-05-05 15:41:21.168611+02	15	2011.25.03 - Konferencja medyczna we Wrocławiu	1	[{"added": {}}, {"added": {"name": "Uczestnictwo", "object": "None - Kronika | Wydarzenie - 2011.25.03 - Konferencja medyczna we Wroc\\u0142awiu"}}]	19	1
607	2025-05-05 15:43:34.177822+02	13	Kopiec Kościuszki - Obiekt kultury, al. Waszyngtona 1, Kraków, Polska	1	[{"added": {}}]	16	1
608	2025-05-05 15:43:47.770962+02	16	2011.03.04 - Wycieczka na Kopiec Kościuszki	1	[{"added": {}}, {"added": {"name": "Uczestnictwo", "object": "None - Kronika | Wydarzenie - 2011.03.04 - Wycieczka na Kopiec Ko\\u015bciuszki"}}]	19	1
609	2025-05-05 15:45:31.733168+02	14	Wydział Polonistyki UJ - Uczelnia, Gołębia 16, Kraków, Polska	1	[{"added": {}}]	16	1
610	2025-05-05 15:46:01.481957+02	17	2011.06.04 - Wykład na Wydziale Polonistyki	1	[{"added": {}}, {"added": {"name": "Uczestnictwo", "object": "None - Kronika | Wydarzenie - 2011.06.04 - Wyk\\u0142ad na Wydziale Polonistyki"}}]	19	1
611	2025-05-05 15:46:43.92187+02	18	2011.16.04 - Czapkowa Karczma w klimatach międzywojennych	1	[{"added": {}}, {"added": {"name": "Uczestnictwo", "object": "None - Kronika | Wydarzenie - 2011.16.04 - Czapkowa Karczma w klimatach mi\\u0119dzywojennych"}}]	19	1
612	2025-05-05 15:47:16.220973+02	19	2011.19.04 - Spotkanie statutowe BCS	1	[{"added": {}}, {"added": {"name": "Uczestnictwo", "object": "None - Kronika | Wydarzenie - 2011.19.04 - Spotkanie statutowe BCS"}}]	19	1
613	2025-05-05 15:48:30.213231+02	15	Klub Studencki "Żaczek" - Pub/Klub, Al. 3 Maja, Kraków, Polska	1	[{"added": {}}]	16	1
614	2025-05-05 15:52:56.118763+02	7	2011.30.04 - Urodziny "Geologa"	1	[{"added": {}}, {"added": {"name": "Uczestnictwo", "object": "Bartosz \\"Geolog\\" Maciejewski - Kronika | Zdarzenie - 2011.30.04 - Urodziny \\"Geologa\\""}}]	20	1
615	2025-05-05 15:53:00.142103+02	20	2011.30.04 - Grill pod Żaczkiem: urodziny Geologa	1	[{"added": {}}, {"added": {"name": "Uczestnictwo", "object": "Bartosz \\"Geolog\\" Maciejewski - Kronika | Wydarzenie - 2011.30.04 - Grill pod \\u017baczkiem: urodziny Geologa"}}]	19	1
616	2025-05-05 15:55:18.631572+02	21	2011.07.05 - Czapkowa eskapada rowerowa szlakiem Bema	1	[{"added": {}}, {"added": {"name": "Uczestnictwo", "object": "Anna Maria \\"Litle dragon/Gestapo\\" Ku\\u017ama - Kronika | Wydarzenie - 2011.07.05 - Czapkowa eskapada rowerowa szlakiem Bema"}}]	19	1
617	2025-05-05 15:55:56.307648+02	22	2011.14.05 - Majowa Karczma Piwna	1	[{"added": {}}, {"added": {"name": "Uczestnictwo", "object": "None - Kronika | Wydarzenie - 2011.14.05 - Majowa Karczma Piwna"}}]	19	1
618	2025-05-05 15:56:39.075614+02	16	Kraków - Miasto, Kraków, Polska	1	[{"added": {}}]	16	1
619	2025-05-05 15:57:07.211273+02	23	2011.17.05 - akcja Przygarnij Belga w Juwenalia!	1	[{"added": {}}, {"added": {"name": "Uczestnictwo", "object": "None - Kronika | Wydarzenie - 2011.17.05 - akcja Przygarnij Belga w Juwenalia!"}}]	19	1
620	2025-05-06 11:10:21.020636+02	23	2011.17.05 - Akcja: akcja Przygarnij Belga w Juwenalia!	2	[{"changed": {"fields": ["Typ wydarzenia"]}}]	19	1
621	2025-05-06 11:10:44.818695+02	10	2011.16.01 - Karczma: Czapkowa Karczma Karnawałowa	2	[]	19	1
622	2025-05-06 11:11:30.104335+02	13	2011.12.03 - Karczma: Wielka Karczma Piwna	3		19	1
623	2025-05-06 11:11:30.104388+02	10	2011.16.01 - Karczma: Czapkowa Karczma Karnawałowa	3		19	1
624	2025-05-06 11:11:56.351915+02	23	2011.17.05 - Akcja: Przygarnij Belga w Juwenalia!	2	[{"changed": {"fields": ["Nazwa"]}}]	19	1
625	2025-05-06 12:32:50.869178+02	63	Joanna "Aśka" Lorenc	2	[{"changed": {"fields": ["Rok chrztu"]}}]	7	1
626	2025-05-09 09:28:02.463293+02	1	Damian "Bandera" Zych - Stepowy Ataman	1	[{"added": {}}]	27	1
627	2025-05-09 09:28:28.813106+02	83	Kolega Zuzy "Wieża" 	3		7	1
628	2025-05-09 09:57:06.999414+02	1	Toast w stronę Nawojki	2	[]	26	1
629	2025-05-13 12:25:14.242227+02	17	Bolonia - Miasto, Włochy	1	[{"added": {}}]	16	1
630	2025-05-13 12:28:13.915577+02	47	Dorota "Waćpanna/Doris" Drożyńska	2	[{"changed": {"fields": ["Inne imi\\u0119 czapkowe", "Wpisz inne imi\\u0119 czapkowe:"]}}]	7	1
631	2025-05-13 12:30:24.08556+02	6	Kacper Wilk	1	[{"added": {}}]	23	1
632	2025-05-13 12:30:28.614911+02	6	Kacper Wilk	3		23	1
633	2025-05-13 12:43:08.467624+02	1	ZAGR "Faerie Matricularum" - Bolonia - Miasto, Włochy, 08.05.2025 - 11.05.2025	1	[{"added": {}}, {"added": {"name": "Uczestnictwo", "object": "Bart\\u0142omiej \\"Nobod\\" Grzeszykowski - Kronika | Wyjazd - ZAGR \\"Faerie Matricularum\\" - Bolonia - Miasto, W\\u0142ochy, 08.05.2025 - 11.05.2025"}}, {"added": {"name": "Uczestnictwo", "object": "Micha\\u0142 \\"Cukier/Ma\\u0142olata\\" Malata - Kronika | Wyjazd - ZAGR \\"Faerie Matricularum\\" - Bolonia - Miasto, W\\u0142ochy, 08.05.2025 - 11.05.2025"}}, {"added": {"name": "Uczestnictwo", "object": "Martyna \\"Bober\\" Kubiak - Kronika | Wyjazd - ZAGR \\"Faerie Matricularum\\" - Bolonia - Miasto, W\\u0142ochy, 08.05.2025 - 11.05.2025"}}, {"added": {"name": "Uczestnictwo", "object": "Bartosz \\"Heniek\\" Hepek - Kronika | Wyjazd - ZAGR \\"Faerie Matricularum\\" - Bolonia - Miasto, W\\u0142ochy, 08.05.2025 - 11.05.2025"}}, {"added": {"name": "Uczestnictwo", "object": "Herman \\"Stabilizator/Rakieta\\" Chekurda - Kronika | Wyjazd - ZAGR \\"Faerie Matricularum\\" - Bolonia - Miasto, W\\u0142ochy, 08.05.2025 - 11.05.2025"}}, {"added": {"name": "Uczestnictwo", "object": "Maria \\"Felis\\" Turakiewicz - Kronika | Wyjazd - ZAGR \\"Faerie Matricularum\\" - Bolonia - Miasto, W\\u0142ochy, 08.05.2025 - 11.05.2025"}}, {"added": {"name": "Uczestnictwo", "object": "Michalina \\"Allec\\" Kokosi\\u0144ska - Kronika | Wyjazd - ZAGR \\"Faerie Matricularum\\" - Bolonia - Miasto, W\\u0142ochy, 08.05.2025 - 11.05.2025"}}, {"added": {"name": "Uczestnictwo", "object": "Damian \\"Bandera\\" Zych - Kronika | Wyjazd - ZAGR \\"Faerie Matricularum\\" - Bolonia - Miasto, W\\u0142ochy, 08.05.2025 - 11.05.2025"}}, {"added": {"name": "Uczestnictwo", "object": "Dorota \\"Wa\\u0107panna/Doris\\" Dro\\u017cy\\u0144ska - Kronika | Wyjazd - ZAGR \\"Faerie Matricularum\\" - Bolonia - Miasto, W\\u0142ochy, 08.05.2025 - 11.05.2025"}}, {"added": {"name": "Uczestnictwo", "object": "Bart\\u0142omiej \\"Kucharz\\" Olajossy - Kronika | Wyjazd - ZAGR \\"Faerie Matricularum\\" - Bolonia - Miasto, W\\u0142ochy, 08.05.2025 - 11.05.2025"}}, {"added": {"name": "Uczestnictwo", "object": "Natalia \\"Szynka\\" Ciesielska (Olajossy) - Kronika | Wyjazd - ZAGR \\"Faerie Matricularum\\" - Bolonia - Miasto, W\\u0142ochy, 08.05.2025 - 11.05.2025"}}]	18	1
634	2025-05-13 12:46:48.911629+02	23	2011.17.05 - Akcja: Przygarnij Belga w Juwenalia!	2	[{"changed": {"fields": ["Typ wydarzenia"]}}]	19	1
635	2025-05-13 12:46:59.781238+02	21	2011.07.05 - Wycieczka: Czapkowa eskapada rowerowa szlakiem Bema	2	[{"changed": {"fields": ["Typ wydarzenia"]}}]	19	1
636	2025-05-13 12:47:08.625771+02	16	2011.03.04 - Wycieczka: Wycieczka na Kopiec Kościuszki	2	[{"changed": {"fields": ["Typ wydarzenia"]}}]	19	1
637	2025-05-13 12:47:26.820487+02	7	2010.01.10 - Historyczne: Pierwsza inauguracja roku akademickiego	2	[{"changed": {"fields": ["Typ wydarzenia"]}}]	19	1
638	2025-05-13 12:48:06.935742+02	1	2009.03.08 - Historyczne: Założenie BCS	2	[{"changed": {"fields": ["Typ wydarzenia"]}}]	19	1
639	2025-05-13 12:53:27.671899+02	1	Kacper Wilk	1	[{"added": {}}]	30	1
640	2025-05-13 12:54:32.047423+02	2	Krysia Cholewa	1	[{"added": {}}]	30	1
641	2025-05-13 12:54:51.704781+02	2	Krysia Cholewa	2	[{"changed": {"fields": ["Rodzic czapkowy"]}}]	30	1
642	2025-05-13 13:01:35.074998+02	3	Szymon Zwias	1	[{"added": {}}]	30	1
643	2025-05-13 13:02:18.138752+02	4	Wiktoria Doleżych	1	[{"added": {}}]	30	1
644	2025-05-13 13:03:06.703965+02	1	ZAGR "Faerie Matricularum" - Bolonia - Miasto, Włochy, 08.05.2025 - 11.05.2025	2	[{"added": {"name": "Uczestnictwo", "object": "Sandra \\"Sander\\" Chandzlik - Kronika | Wyjazd - ZAGR \\"Faerie Matricularum\\" - Bolonia - Miasto, W\\u0142ochy, 08.05.2025 - 11.05.2025"}}]	18	1
645	2025-05-13 13:07:27.457983+02	1	Zagraniczny "Faerie Matricularum" - Bolonia - Miasto, Włochy, 08.05.2025 - 11.05.2025	2	[{"added": {"name": "Uczestnictwo", "object": "None - Kronika | Wyjazd - Zagraniczny \\"Faerie Matricularum\\" - Bolonia - Miasto, W\\u0142ochy, 08.05.2025 - 11.05.2025"}}]	18	1
646	2025-05-13 13:23:39.039992+02	2	Uniwersytecki Dzień Pamięci - Uniwersytecki Dzień PamięciUniwersyteckiDzienPamieci_23yMlpx.jpg	2	[]	25	1
647	2025-05-13 13:30:04.170425+02	2	Uniwersytecki Dzień Pamięci - Zdjęcie 1	2	[{"changed": {"fields": ["Tytu\\u0142"]}}]	25	1
648	2025-05-13 13:30:31.114282+02	2	Uniwersytecki Dzień Pamięci - Złożenie kwiatów	2	[{"changed": {"fields": ["Tytu\\u0142"]}}]	25	1
649	2025-05-13 13:34:07.965521+02	2	Uniwersytecki Dzień Pamięci - Złożenie kwiatów	2	[]	25	1
650	2025-05-13 13:35:53.565132+02	2	Uniwersytecki Dzień Pamięci - Złożenie kwiatów	2	[]	25	1
651	2025-05-13 13:46:43.176053+02	2	Uniwersytecki Dzień Pamięci - Złożenie kwiatów	2	[]	25	1
652	2025-05-13 13:47:40.273135+02	2	Uniwersytecki Dzień Pamięci - Złożenie kwiatów	2	[]	25	1
653	2025-05-13 14:50:55.969445+02	1	Zagraniczny "Faerie Matricularum" - Bolonia - Miasto, Włochy, 08.05.2025 - 11.05.2025	2	[{"added": {"name": "Osoba", "object": "None - Kronika | Wyjazd - Zagraniczny \\"Faerie Matricularum\\" - Bolonia - Miasto, W\\u0142ochy, 08.05.2025 - 11.05.2025"}}, {"added": {"name": "Osoba", "object": "None - Kronika | Wyjazd - Zagraniczny \\"Faerie Matricularum\\" - Bolonia - Miasto, W\\u0142ochy, 08.05.2025 - 11.05.2025"}}, {"added": {"name": "Osoba", "object": "None - Kronika | Wyjazd - Zagraniczny \\"Faerie Matricularum\\" - Bolonia - Miasto, W\\u0142ochy, 08.05.2025 - 11.05.2025"}}]	18	1
654	2025-05-13 14:57:02.636798+02	1	ITA Monte Christo Balla	1	[{"added": {}}]	31	1
655	2025-05-13 14:57:09.273874+02	1	ITA Monte Christo Balla	2	[]	31	1
656	2025-05-13 14:57:42.382521+02	1	ITA Monte Christo Balla	2	[]	31	1
657	2025-05-13 14:58:24.083601+02	1	ITA Monte Christo Balla	3		31	1
658	2025-05-13 15:04:14.657727+02	3	ITA Monte Christo Balla	1	[{"added": {}}]	31	1
659	2025-05-13 15:15:09.646235+02	7	Stefano Campagna	1	[{"added": {}}]	23	1
660	2025-05-13 15:15:16.488513+02	1	Zagraniczny "Faerie Matricularum" - Bolonia - Miasto, Włochy, 08.05.2025 - 11.05.2025	2	[{"added": {"name": "Osoba", "object": "None - Kronika | Wyjazd - Zagraniczny \\"Faerie Matricularum\\" - Bolonia - Miasto, W\\u0142ochy, 08.05.2025 - 11.05.2025"}}]	18	1
661	2025-05-13 15:16:09.436497+02	7	Stefano Campagna	2	[{"changed": {"fields": ["Bractwo"]}}]	23	1
662	2025-05-13 15:16:16.690143+02	2	SSUJ	2	[]	23	1
663	2025-05-13 16:43:42.948558+02	3	CMUJ, św. Anny 12, Kraków, Polska (Uczelnia)	2	[{"changed": {"fields": ["Adres"]}}]	16	1
664	2025-05-13 16:45:18.398485+02	1	Zagraniczny: "Faerie Matricularum" - Bolonia, Włochy (Miasto), 08.05.2025 - 11.05.2025	2	[]	18	1
665	2025-05-13 16:46:51.555782+02	1	Zagraniczny: "Faerie Matricularum" - Bolonia, Włochy (Miasto), 08.05.2025 - 11.05.2025	2	[]	18	1
666	2025-05-13 16:53:21.042379+02	8	2025.09.05 - Przekazanie kluczy do miasta bolońskim goliardom	1	[{"added": {}}, {"added": {"name": "Osoba", "object": "None - Kronika | Zdarzenie - 2025.09.05 - Przekazanie kluczy do miasta bolo\\u0144skim goliardom"}}]	20	1
667	2025-05-13 17:01:20.642807+02	9	2025.09.05 - Zwiedzanie MEUS	1	[{"added": {}}]	20	1
668	2025-05-13 17:09:00.568718+02	10	2025.09.05 - Uroczyste nadanie feluk nowym goliardom	1	[{"added": {}}]	20	1
669	2025-05-13 18:14:27.87521+02	1	Zagraniczny: "Faerie Matricularum" - Bolonia, Włochy (Miasto), 08.05.2025 - 11.05.2025	2	[{"changed": {"fields": ["Zdarzenia"]}}]	18	1
670	2025-05-13 18:17:34.538499+02	10	2025.09.05 - Uroczyste nadanie feluk nowym goliardom	2	[{"changed": {"fields": ["Opis"]}}, {"added": {"name": "Osoba", "object": "Bartosz \\"Heniek\\" Hepek - Kronika | Zdarzenie - 2025.09.05 - Uroczyste nadanie feluk nowym goliardom"}}]	20	1
671	2025-05-13 18:24:44.533179+02	11	2025.09.05 - Impreza w Giardini Filippo Re	1	[{"added": {}}]	20	1
672	2025-05-13 18:30:15.021149+02	1	Zagraniczny: "Faerie Matricularum" - Bolonia, Włochy (Miasto), 08.05.2025 - 11.05.2025	2	[{"changed": {"fields": ["Zdarzenia"]}}]	18	1
673	2025-05-13 18:34:40.41327+02	18	Giardini di via Filippo Re, Via Filippo Re, Bolonia, Włochy (Ogródek/Plac)	1	[{"added": {}}]	16	1
674	2025-05-13 18:35:04.302965+02	11	2025.09.05 - Impreza ze stoiskami balli i muzyką	2	[{"changed": {"fields": ["Nazwa", "Miejsce"]}}]	20	1
675	2025-05-13 18:36:07.956622+02	19	Palazzo d'Accursio, Piazza Maggiore 6, Bolonia, Włochy (Obiekt kultury)	1	[{"added": {}}]	16	1
676	2025-05-13 18:36:29.0944+02	8	2025.09.05 - Przekazanie kluczy do miasta bolońskim goliardom	2	[{"changed": {"fields": ["Miejsce"]}}, {"changed": {"name": "Osoba", "object": "None - Kronika | Zdarzenie - 2025.09.05 - Przekazanie kluczy do miasta bolo\\u0144skim goliardom", "fields": ["Inna osoba"]}}]	20	1
677	2025-05-13 18:41:57.310221+02	20	Spawner Włochów, Via delle Moline 7, Bolonia, Włochy (Lokum)	1	[{"added": {}}]	16	1
678	2025-05-13 18:44:46.712358+02	21	MEUS, Via Zamboni 33, Bolonia, Włochy (Obiekt kultury)	1	[{"added": {}}]	16	1
679	2025-05-13 18:45:26.346172+02	10	2025.09.05 - Uroczyste nadanie feluk nowym goliardom	2	[{"changed": {"fields": ["Miejsce"]}}]	20	1
680	2025-05-13 18:47:06.222353+02	10	2025.09.05 - Uroczyste nadanie feluk nowym goliardom	2	[]	20	1
681	2025-05-13 18:47:16.251041+02	9	2025.09.05 - Zwiedzanie MEUS	2	[{"changed": {"fields": ["Miejsce"]}}]	20	1
682	2025-05-13 18:48:11.035497+02	20	2011.30.04 - Grill/Ognisko: Grill pod Żaczkiem: urodziny Geologa	2	[{"changed": {"fields": ["Zdarzenia"]}}]	19	1
683	2025-05-13 18:48:46.423458+02	7	2011.30.04 - Urodziny "Geologa"	3		20	1
684	2025-05-13 18:49:19.552157+02	6	2011.18.03 - Spotkanie z babcią Tadka	2	[{"changed": {"fields": ["Miejsce"]}}]	20	1
685	2025-05-13 18:49:41.801225+02	5	2011.12.03 - Nowa tradycja: Toast w stronę Nawojki	2	[{"changed": {"fields": ["Miejsce"]}}]	20	1
686	2025-05-13 18:50:00.101544+02	2	2010.01.10 - International Cantus: Gaudeamus	2	[{"changed": {"fields": ["Miejsce"]}}]	20	1
687	2025-05-13 18:50:24.250728+02	3	2010.01.10 - Pierwszy pochód z Collegium Maius do Auditorium Maximum	2	[{"changed": {"fields": ["Miejsce"]}}]	20	1
688	2025-05-13 18:52:33.344086+02	7	2010.01.10 - Historyczne: Pierwsza inauguracja roku akademickiego	2	[]	19	1
689	2025-05-13 19:08:29.926682+02	11	2025.09.05 - Impreza ze stoiskami balli i muzyką	2	[{"added": {"name": "Okazja", "object": "Zagraniczny: \\"Faerie Matricularum\\" - Bolonia, W\\u0142ochy (Miasto), 08.05.2025 - 11.05.2025 - Kronika | Zdarzenie - 2025.09.05 - Impreza ze stoiskami balli i muzyk\\u0105"}}]	20	1
690	2025-05-13 19:08:35.751501+02	8	2025.09.05 - Przekazanie kluczy do miasta bolońskim goliardom	2	[{"added": {"name": "Okazja", "object": "Zagraniczny: \\"Faerie Matricularum\\" - Bolonia, W\\u0142ochy (Miasto), 08.05.2025 - 11.05.2025 - Kronika | Zdarzenie - 2025.09.05 - Przekazanie kluczy do miasta bolo\\u0144skim goliardom"}}]	20	1
691	2025-05-13 19:08:59.722066+02	10	2025.09.05 - Uroczyste nadanie feluk nowym goliardom	2	[{"added": {"name": "Okazja", "object": "Zagraniczny: \\"Faerie Matricularum\\" - Bolonia, W\\u0142ochy (Miasto), 08.05.2025 - 11.05.2025 - Kronika | Zdarzenie - 2025.09.05 - Uroczyste nadanie feluk nowym goliardom"}}]	20	1
692	2025-05-13 19:09:05.175403+02	9	2025.09.05 - Zwiedzanie MEUS	2	[{"added": {"name": "Okazja", "object": "Zagraniczny: \\"Faerie Matricularum\\" - Bolonia, W\\u0142ochy (Miasto), 08.05.2025 - 11.05.2025 - Kronika | Zdarzenie - 2025.09.05 - Zwiedzanie MEUS"}}]	20	1
693	2025-05-13 19:09:28.243167+02	1	2009.03.08 - Historyczne: Założenie BCS	2	[]	19	1
694	2025-05-13 19:09:34.874452+02	2	2009.01.09 - Wybory: Pierwsze wybory	2	[]	19	1
695	2025-05-13 19:10:11.626694+02	3	2010.28.01 - Karczma: Pierwsza karczma	2	[]	19	1
696	2025-05-13 21:49:55.272268+02	3	2010.01.10 - Pierwszy pochód z Collegium Maius do Auditorium Maximum	2	[{"added": {"name": "Okazja", "object": "2010.01.10 - Reaktywacja: Czapka Reactivation Party - Kronika | Zdarzenie - 2010.01.10 - Pierwszy poch\\u00f3d z Collegium Maius do Auditorium Maximum"}}]	20	1
697	2025-05-13 21:50:10.33114+02	2	2010.01.10 - International Cantus: Gaudeamus	2	[{"added": {"name": "Okazja", "object": "2010.01.10 - Reaktywacja: Czapka Reactivation Party - Kronika | Zdarzenie - 2010.01.10 - International Cantus: Gaudeamus"}}]	20	1
698	2025-05-13 21:50:29.993234+02	4	2010.01.10 - Prelekcje na temat studenckiego folkloru	2	[{"added": {"name": "Okazja", "object": "2010.01.10 - Historyczne: Pierwsza inauguracja roku akademickiego - Kronika | Zdarzenie - 2010.01.10 - Prelekcje na temat studenckiego folkloru"}}]	20	1
699	2025-05-13 21:51:18.74545+02	1	2010.12.05 - Samorząd nosi czapki	2	[]	20	1
700	2025-05-14 00:17:12.844993+02	1	Zagraniczny: "Faerie Matricularum" - Bolonia, Włochy (Miasto), 08.05.2025 - 11.05.2025	2	[]	18	1
701	2025-05-14 00:40:07.436723+02	3	Faerie Matricularum - Z buta z lotniska 1	1	[{"added": {}}, {"added": {"name": "Osoba", "object": "Maria \\"Felis\\" Turakiewicz - Kronika | Zdj\\u0119cie z wyjazdu - Faerie Matricularum - Z buta z lotniska 1"}}, {"added": {"name": "Osoba", "object": "Kacper Wilk - Kronika | Zdj\\u0119cie z wyjazdu - Faerie Matricularum - Z buta z lotniska 1"}}, {"added": {"name": "Osoba", "object": "Krysia Cholewa - Kronika | Zdj\\u0119cie z wyjazdu - Faerie Matricularum - Z buta z lotniska 1"}}, {"added": {"name": "Osoba", "object": "Szymon Zwias - Kronika | Zdj\\u0119cie z wyjazdu - Faerie Matricularum - Z buta z lotniska 1"}}]	35	1
702	2025-05-14 00:42:00.654823+02	4	Faerie Matricularum - Posterunek karabinieri	1	[{"added": {}}]	35	1
703	2025-05-14 00:44:41.308162+02	4	Faerie Matricularum - Posterunek karabinieri	2	[{"changed": {"fields": ["Data wykonania"]}}]	35	1
704	2025-05-14 00:44:54.411055+02	3	Faerie Matricularum - Z buta z lotniska 1	2	[{"changed": {"fields": ["Data wykonania"]}}]	35	1
705	2025-05-14 00:52:41.865759+02	22	Pizza Casa, Via S. Donato, 124, Bolonia, Włochy (Restauracja)	1	[{"added": {}}]	16	1
706	2025-05-14 00:55:44.652585+02	23	Pizza Gingio, Via Rizzoli, 40a, Bolonia, Włochy (Restauracja)	1	[{"added": {}}]	16	1
707	2025-05-14 00:56:05.966957+02	21	MEUS, Via Zamboni, 33, Bolonia, Włochy (Obiekt kultury)	2	[{"changed": {"fields": ["Adres"]}}]	16	1
708	2025-05-14 00:56:15.054086+02	19	Palazzo d'Accursio, Piazza Maggiore, 6, Bolonia, Włochy (Obiekt kultury)	2	[{"changed": {"fields": ["Adres"]}}]	16	1
709	2025-05-14 00:56:22.874621+02	20	Spawner Włochów, Via delle Moline, 7, Bolonia, Włochy (Lokum)	2	[{"changed": {"fields": ["Adres"]}}]	16	1
713	2025-05-14 17:32:08.122834+02	1	Zagraniczny "Faerie Matricularum" - Bolonia - Miasto, Włochy, 08.05.2025 - 11.05.2025	3		18	1
714	2025-05-14 18:23:56.834327+02	11	2025-05-09 - Impreza ze stoiskami balli i muzyką	2	[{"changed": {"fields": ["Miejsce"]}}]	20	1
715	2025-05-14 19:49:25.973334+02	9	2025-05-14 - Zwiedzanie MEUS	2	[{"changed": {"fields": ["Wydarzenie"]}}]	20	1
716	2025-05-14 19:49:42.491452+02	9	2025-05-14 - Zwiedzanie MEUS	2	[{"changed": {"fields": ["Wydarzenie"]}}]	20	1
717	2025-05-14 19:50:58.895457+02	9	2025-05-14 - Zwiedzanie MEUS	2	[{"changed": {"fields": ["Wydarzenie"]}}]	20	1
718	2025-05-14 19:52:27.20759+02	9	2025-05-14 - Zwiedzanie MEUS	2	[{"changed": {"fields": ["Wydarzenie"]}}]	20	1
719	2025-05-14 19:56:35.483384+02	8	Zdzisław Gajda	1	[{"added": {}}]	23	1
720	2025-05-14 19:57:00.587265+02	1	2009-08-20: Historyczne "Założenie BCS"	2	[{"changed": {"fields": ["Data rozpocz\\u0119cia", "Data zako\\u0144czenia", "Typ wydarzenia"]}}, {"added": {"name": "Osoba", "object": "Tadeusz \\"Kumdo/Tadek\\" Hessel - Kronika | Wydarzenie - 2009-08-20: Historyczne \\"Za\\u0142o\\u017cenie BCS\\""}}, {"added": {"name": "Osoba", "object": "Kasper \\"Pumba\\" Krawet - Kronika | Wydarzenie - 2009-08-20: Historyczne \\"Za\\u0142o\\u017cenie BCS\\""}}, {"added": {"name": "Osoba", "object": "None - Kronika | Wydarzenie - 2009-08-20: Historyczne \\"Za\\u0142o\\u017cenie BCS\\""}}]	19	1
721	2025-05-14 20:00:34.147638+02	2	2009-09-01: Wybory "Pierwsze wybory"	2	[{"changed": {"fields": ["Data rozpocz\\u0119cia", "Data zako\\u0144czenia", "Typ wydarzenia"]}}, {"added": {"name": "Osoba", "object": "Tadeusz \\"Kumdo/Tadek\\" Hessel - Kronika | Wydarzenie - 2009-09-01: Wybory \\"Pierwsze wybory\\""}}, {"added": {"name": "Osoba", "object": "Kasper \\"Pumba\\" Krawet - Kronika | Wydarzenie - 2009-09-01: Wybory \\"Pierwsze wybory\\""}}, {"added": {"name": "Osoba", "object": "Pawe\\u0142 Nawrot - Kronika | Wydarzenie - 2009-09-01: Wybory \\"Pierwsze wybory\\""}}, {"added": {"name": "Osoba", "object": "Jakub Nawrot - Kronika | Wydarzenie - 2009-09-01: Wybory \\"Pierwsze wybory\\""}}, {"added": {"name": "Osoba", "object": "Urszula Kasprzyk - Kronika | Wydarzenie - 2009-09-01: Wybory \\"Pierwsze wybory\\""}}, {"added": {"name": "Osoba", "object": "Ma\\u0142gorzata Lurzy\\u0144ska - Kronika | Wydarzenie - 2009-09-01: Wybory \\"Pierwsze wybory\\""}}, {"added": {"name": "Osoba", "object": "Micha\\u0142 Lenik - Kronika | Wydarzenie - 2009-09-01: Wybory \\"Pierwsze wybory\\""}}, {"added": {"name": "Osoba", "object": "Ma\\u0142gorzata \\u017burek - Kronika | Wydarzenie - 2009-09-01: Wybory \\"Pierwsze wybory\\""}}, {"added": {"name": "Osoba", "object": "Kamila Rozes\\u0142aniec - Kronika | Wydarzenie - 2009-09-01: Wybory \\"Pierwsze wybory\\""}}]	19	1
722	2025-05-14 20:01:14.084029+02	2	2009-09-01: Wybory "2009/2010"	2	[{"changed": {"fields": ["Nazwa"]}}]	19	1
723	2025-05-14 20:02:02.096319+02	3	2010-01-28: Karczma "Pierwsza karczma"	2	[{"changed": {"fields": ["Data rozpocz\\u0119cia", "Data zako\\u0144czenia", "Typ wydarzenia"]}}]	19	1
724	2025-05-14 20:05:33.363747+02	24	2010-04-28: Konferencja naukowa/wykład/prelekcja "Konferencja naukowa Roberto o folklorze studenckim"	1	[{"added": {}}, {"added": {"name": "Osoba", "object": "None - Kronika | Wydarzenie - 2010-04-28: Konferencja naukowa/wyk\\u0142ad/prelekcja \\"Konferencja naukowa Roberto o folklorze studenckim\\""}}]	19	1
725	2025-05-14 20:07:13.12105+02	25	2010-05-12: Uroczystość "Złożenie kwiatów pod grobem królowej Jadwigi"	1	[{"added": {}}, {"added": {"name": "Osoba", "object": "None - Kronika | Wydarzenie - 2010-05-12: Uroczysto\\u015b\\u0107 \\"Z\\u0142o\\u017cenie kwiat\\u00f3w pod grobem kr\\u00f3lowej Jadwigi\\""}}]	19	1
726	2025-05-14 20:10:02.109162+02	24	Centrum Dydaktyczno Kongresowe - Uczelnia, świętego Łazarza 16, Kraków, Polska	1	[{"added": {}}]	16	1
727	2025-05-14 20:24:53.850623+02	6	2010-10-01: Uroczystość "Czapka Reactivation Party"	2	[{"changed": {"fields": ["Data rozpocz\\u0119cia", "Data zako\\u0144czenia", "Miejsce", "Typ wydarzenia", "Zdarzenia"]}}, {"added": {"name": "Osoba", "object": "Kasper \\"Pumba\\" Krawet - Kronika | Wydarzenie - 2010-10-01: Uroczysto\\u015b\\u0107 \\"Czapka Reactivation Party\\""}}, {"added": {"name": "Osoba", "object": "None - Kronika | Wydarzenie - 2010-10-01: Uroczysto\\u015b\\u0107 \\"Czapka Reactivation Party\\""}}, {"added": {"name": "Osoba", "object": "None - Kronika | Wydarzenie - 2010-10-01: Uroczysto\\u015b\\u0107 \\"Czapka Reactivation Party\\""}}, {"added": {"name": "Osoba", "object": "None - Kronika | Wydarzenie - 2010-10-01: Uroczysto\\u015b\\u0107 \\"Czapka Reactivation Party\\""}}]	19	1
728	2025-05-14 20:26:33.875303+02	6	2010-10-01: Uroczystość "Pierwsza inauguracja roku akademickiego BCS"	2	[{"changed": {"fields": ["Nazwa"]}}]	19	1
729	2025-05-14 20:27:09.012632+02	7	2025-05-14: Nie dotyczy "Pierwsza inauguracja roku akademickiego"	3		19	1
730	2025-05-14 20:27:20.25438+02	6	2010-10-01: Uroczystość "Pierwsza inauguracja roku akademickiego BCS"	2	[]	19	1
731	2025-05-14 20:27:46.03916+02	2	2010-10-01 - International Cantus: Gaudeamus	2	[{"changed": {"fields": ["Wydarzenie"]}}]	20	1
732	2025-05-14 20:28:46.297592+02	2	2010-10-01 - International Cantus: Gaudeamus	2	[{"changed": {"fields": ["Miejsce"]}}]	20	1
733	2025-05-14 20:30:07.064689+02	2	2010-10-01 - International Cantus: Gaudeamus	2	[{"changed": {"fields": ["Wydarzenie"]}}]	20	1
734	2025-05-14 20:30:40.453745+02	2	2010-10-01 - International Cantus: Gaudeamus	2	[]	20	1
735	2025-05-14 20:31:06.133965+02	2	2010-10-01 - International Cantus: Gaudeamus	2	[]	20	1
736	2025-05-14 20:31:39.59533+02	2	2010-10-01 - International Cantus: Gaudeamus	2	[]	20	1
737	2025-05-14 20:38:50.077756+02	2	2010-10-01 - International Cantus: Gaudeamus	2	[]	20	1
738	2025-05-14 20:45:43.07654+02	2	2010-10-01 - International Cantus: Gaudeamus	2	[{"changed": {"fields": ["Miejsce"]}}]	20	1
767	2025-05-14 23:29:47.193464+02	6	2010-10-01: Uroczystość "Pierwsza inauguracja roku akademickiego BCS"	2	[{"deleted": {"name": "Zdarzenie", "object": "2025-05-14 - bobo"}}]	19	1
768	2025-05-14 23:31:18.570248+02	6	2010-10-01: Uroczystość "Pierwsza inauguracja roku akademickiego BCS"	2	[{"added": {"name": "Zdarzenie", "object": "2010-10-01 - bobo"}}]	19	1
770	2025-05-14 23:32:22.904678+02	18	2010-10-01 - bobo	2	[]	20	1
739	2025-05-14 20:47:31.762372+02	2	2010-10-01 - International Cantus: Gaudeamus	2	[{"changed": {"name": "Osoba", "object": "None - Kronika | Zdarzenie - 2010-10-01 - International Cantus: Gaudeamus", "fields": ["Cz\\u0142onek"]}}, {"changed": {"name": "Osoba", "object": "None - Kronika | Zdarzenie - 2010-10-01 - International Cantus: Gaudeamus", "fields": ["Inna osoba"]}}, {"changed": {"name": "Osoba", "object": "None - Kronika | Zdarzenie - 2010-10-01 - International Cantus: Gaudeamus", "fields": ["Inna osoba"]}}, {"changed": {"name": "Osoba", "object": "None - Kronika | Zdarzenie - 2010-10-01 - International Cantus: Gaudeamus", "fields": ["Inna osoba"]}}]	20	1
740	2025-05-14 20:47:38.535016+02	2	2010-10-01 - International Cantus: Gaudeamus	2	[]	20	1
741	2025-05-14 20:48:22.920262+02	3	2010-10-01 - Pierwszy pochód z Collegium Maius do Auditorium Maximum	2	[{"changed": {"fields": ["Wydarzenie", "Miejsce"]}}]	20	1
742	2025-05-14 20:49:20.017801+02	6	2010-10-01: Uroczystość "Pierwsza inauguracja roku akademickiego BCS"	2	[{"added": {"name": "Osoba", "object": "Kasper \\"Pumba\\" Krawet - Kronika | Wydarzenie - 2010-10-01: Uroczysto\\u015b\\u0107 \\"Pierwsza inauguracja roku akademickiego BCS\\""}}, {"added": {"name": "Osoba", "object": "None - Kronika | Wydarzenie - 2010-10-01: Uroczysto\\u015b\\u0107 \\"Pierwsza inauguracja roku akademickiego BCS\\""}}, {"added": {"name": "Osoba", "object": "None - Kronika | Wydarzenie - 2010-10-01: Uroczysto\\u015b\\u0107 \\"Pierwsza inauguracja roku akademickiego BCS\\""}}, {"added": {"name": "Osoba", "object": "None - Kronika | Wydarzenie - 2010-10-01: Uroczysto\\u015b\\u0107 \\"Pierwsza inauguracja roku akademickiego BCS\\""}}]	19	1
743	2025-05-14 20:49:31.346615+02	3	2010-10-01 - Pierwszy pochód z Collegium Maius do Auditorium Maximum	2	[]	20	1
744	2025-05-14 20:53:40.298157+02	3	2010-10-01 - Pierwszy pochód z Collegium Maius do Auditorium Maximum	2	[{"changed": {"name": "Osoba", "object": "None - Kronika | Zdarzenie - 2010-10-01 - Pierwszy poch\\u00f3d z Collegium Maius do Auditorium Maximum", "fields": ["Cz\\u0142onek"]}}, {"changed": {"name": "Osoba", "object": "None - Kronika | Zdarzenie - 2010-10-01 - Pierwszy poch\\u00f3d z Collegium Maius do Auditorium Maximum", "fields": ["Inna osoba"]}}, {"changed": {"name": "Osoba", "object": "None - Kronika | Zdarzenie - 2010-10-01 - Pierwszy poch\\u00f3d z Collegium Maius do Auditorium Maximum", "fields": ["Inna osoba"]}}, {"changed": {"name": "Osoba", "object": "None - Kronika | Zdarzenie - 2010-10-01 - Pierwszy poch\\u00f3d z Collegium Maius do Auditorium Maximum", "fields": ["Inna osoba"]}}]	20	1
745	2025-05-14 20:54:10.755102+02	6	2010-10-01: Uroczystość "Pierwsza inauguracja roku akademickiego BCS"	2	[{"added": {"name": "Osoba", "object": "Kasper \\"Pumba\\" Krawet - Kronika | Wydarzenie - 2010-10-01: Uroczysto\\u015b\\u0107 \\"Pierwsza inauguracja roku akademickiego BCS\\""}}, {"added": {"name": "Osoba", "object": "None - Kronika | Wydarzenie - 2010-10-01: Uroczysto\\u015b\\u0107 \\"Pierwsza inauguracja roku akademickiego BCS\\""}}, {"added": {"name": "Osoba", "object": "None - Kronika | Wydarzenie - 2010-10-01: Uroczysto\\u015b\\u0107 \\"Pierwsza inauguracja roku akademickiego BCS\\""}}, {"added": {"name": "Osoba", "object": "None - Kronika | Wydarzenie - 2010-10-01: Uroczysto\\u015b\\u0107 \\"Pierwsza inauguracja roku akademickiego BCS\\""}}]	19	1
746	2025-05-14 20:54:41.037161+02	3	2010-10-01 - Pierwszy pochód z Collegium Maius do Auditorium Maximum	2	[]	20	1
747	2025-05-14 20:55:53.479371+02	4	2010-10-01 - Prelekcje na temat studenckiego folkloru	2	[{"changed": {"fields": ["Wydarzenie", "Miejsce"]}}]	20	1
748	2025-05-14 20:56:45.187632+02	4	2010-10-01 - Prelekcje na temat studenckiego folkloru	3		20	1
749	2025-05-14 20:57:46.605605+02	12	2025-05-14 - Prelekcje na temat studenckiego folkloru	1	[{"added": {}}]	20	1
750	2025-05-14 20:58:15.239433+02	6	2010-10-01: Uroczystość "Pierwsza inauguracja roku akademickiego BCS"	2	[{"changed": {"fields": ["Zdarzenia"]}}]	19	1
751	2025-05-14 21:01:12.696863+02	12	2010-10-01 - Prelekcje na temat studenckiego folkloru	2	[]	20	1
752	2025-05-14 21:01:22.771319+02	12	2010-10-01 - Prelekcje na temat studenckiego folkloru	2	[]	20	1
753	2025-05-14 22:57:27.486357+02	6	2010-10-01: Uroczystość "Pierwsza inauguracja roku akademickiego BCS"	2	[]	19	1
754	2025-05-14 22:58:33.370925+02	6	2010-10-01: Uroczystość "Pierwsza inauguracja roku akademickiego BCS"	2	[]	19	1
755	2025-05-14 23:03:40.849531+02	13	2010-10-01 - Prelekcje na temat studenckiego folkloru	1	[{"added": {}}, {"added": {"name": "Osoba", "object": "Kasper \\"Pumba\\" Krawet - Kronika | Zdarzenie - 2010-10-01 - Prelekcje na temat studenckiego folkloru"}}, {"added": {"name": "Osoba", "object": "None - Kronika | Zdarzenie - 2010-10-01 - Prelekcje na temat studenckiego folkloru"}}, {"added": {"name": "Osoba", "object": "None - Kronika | Zdarzenie - 2010-10-01 - Prelekcje na temat studenckiego folkloru"}}, {"added": {"name": "Osoba", "object": "None - Kronika | Zdarzenie - 2010-10-01 - Prelekcje na temat studenckiego folkloru"}}]	20	1
756	2025-05-14 23:04:08.329538+02	14	2010-10-01 - Prelekcje na temat studenckiego folkloru	1	[{"added": {}}, {"added": {"name": "Osoba", "object": "Kasper \\"Pumba\\" Krawet - Kronika | Zdarzenie - 2010-10-01 - Prelekcje na temat studenckiego folkloru"}}, {"added": {"name": "Osoba", "object": "None - Kronika | Zdarzenie - 2010-10-01 - Prelekcje na temat studenckiego folkloru"}}, {"added": {"name": "Osoba", "object": "None - Kronika | Zdarzenie - 2010-10-01 - Prelekcje na temat studenckiego folkloru"}}, {"added": {"name": "Osoba", "object": "None - Kronika | Zdarzenie - 2010-10-01 - Prelekcje na temat studenckiego folkloru"}}, {"added": {"name": "Osoba", "object": "Kasper \\"Pumba\\" Krawet - Kronika | Zdarzenie - 2010-10-01 - Prelekcje na temat studenckiego folkloru"}}, {"added": {"name": "Osoba", "object": "None - Kronika | Zdarzenie - 2010-10-01 - Prelekcje na temat studenckiego folkloru"}}, {"added": {"name": "Osoba", "object": "None - Kronika | Zdarzenie - 2010-10-01 - Prelekcje na temat studenckiego folkloru"}}, {"added": {"name": "Osoba", "object": "None - Kronika | Zdarzenie - 2010-10-01 - Prelekcje na temat studenckiego folkloru"}}]	20	1
757	2025-05-14 23:04:20.07876+02	14	2010-10-01 - Prelekcje na temat studenckiego folkloru	3		20	1
758	2025-05-14 23:04:39.567131+02	13	2010-10-01 - Prelekcje na temat studenckiego folkloru	3		20	1
759	2025-05-14 23:05:41.945839+02	1	2010-05-12 - Samorząd nosi czapki	2	[{"changed": {"fields": ["Wydarzenie"]}}]	20	1
760	2025-05-14 23:05:56.418303+02	1	2010-05-12 - Samorząd nosi czapki	2	[{"changed": {"fields": ["Miejsce"]}}]	20	1
761	2025-05-14 23:06:38.104409+02	6	2010-10-01: Uroczystość "Pierwsza inauguracja roku akademickiego BCS"	2	[{"added": {"name": "Zdarzenie", "object": "2010-10-01 - blabla"}}]	19	1
762	2025-05-14 23:20:54.354797+02	6	2010-10-01: Uroczystość "Pierwsza inauguracja roku akademickiego BCS"	2	[]	19	1
763	2025-05-14 23:22:21.666436+02	6	2010-10-01: Uroczystość "Pierwsza inauguracja roku akademickiego BCS"	2	[{"added": {"name": "Zdarzenie", "object": "2025-05-14 - bobo"}}, {"deleted": {"name": "Zdarzenie", "object": "2010-10-01 - blabla"}}]	19	1
764	2025-05-14 23:22:59.253925+02	16	2025-05-14 - bobo	2	[]	20	1
765	2025-05-14 23:23:40.368555+02	16	2025-05-14 - bobo	3		20	1
766	2025-05-14 23:24:40.076932+02	6	2010-10-01: Uroczystość "Pierwsza inauguracja roku akademickiego BCS"	2	[{"added": {"name": "Zdarzenie", "object": "2025-05-14 - bobo"}}]	19	1
769	2025-05-14 23:31:56.989219+02	18	2010-10-01 - bobo	2	[{"changed": {"fields": ["Miejsce"]}}]	20	1
771	2025-05-14 23:32:27.125455+02	18	2010-10-01 - bobo	2	[]	20	1
772	2025-05-14 23:32:47.121223+02	6	2010-10-01: Uroczystość "Pierwsza inauguracja roku akademickiego BCS"	2	[{"deleted": {"name": "Zdarzenie", "object": "2010-10-01 - bobo"}}]	19	1
773	2025-05-14 23:40:04.710904+02	6	2010-10-01: Uroczystość "Pierwsza inauguracja roku akademickiego BCS"	2	[]	19	1
774	2025-05-14 23:55:56.461316+02	6	2010-10-01: Uroczystość "Pierwsza inauguracja roku akademickiego BCS"	2	[]	19	1
775	2025-05-15 00:32:49.239103+02	11	2025-05-09 - Impreza ze stoiskami balli i muzyką	2	[{"added": {"name": "Zdj\\u0119cie ze zdarzenia", "object": "Impreza ze stoiskami balli i muzyk\\u0105 - karabinieri.jpg 2025-05-14"}}]	20	1
776	2025-05-15 00:41:09.085842+02	1	Impreza ze stoiskami balli i muzyką - karabinieri.jpg 2025-05-09	2	[]	34	1
777	2025-05-15 00:42:12.905799+02	1	Impreza ze stoiskami balli i muzyką - karabinieri.jpg 2025-05-09	2	[]	34	1
778	2025-05-15 00:42:20.318968+02	1	Impreza ze stoiskami balli i muzyką - karabinieri.jpg 2025-05-09	2	[]	34	1
779	2025-05-15 01:56:35.155504+02	1	Damian "Bandera" Zych - "Stepowy Ataman"	2	[{"changed": {"fields": ["Czlonek"]}}]	27	1
780	2025-05-15 02:17:33.258225+02	41	Damian "Bandera/Buch" Zych	2	[{"changed": {"fields": ["Przezwiska"]}}]	7	1
781	2025-05-15 02:25:22.74933+02	41	Damian "Bandera/Buch" Zych	2	[]	7	1
782	2025-05-15 02:26:02.41497+02	41	Damian "Bandera/Buch" Zych	2	[]	7	1
783	2025-05-15 02:26:11.794496+02	41	Damian "Bandera/Buch" Zych	2	[]	7	1
784	2025-05-15 02:26:41.546091+02	41	Damian "Bandera/Buch" Zych	2	[]	7	1
785	2025-05-15 02:35:41.113453+02	4	Wiktoria Wedel Doleżych	2	[{"changed": {"fields": ["przezwiska"]}}]	30	1
786	2025-05-15 02:37:16.636913+02	5	Mateusz "Skorpion/Szczur" Sokół	1	[{"added": {}}]	30	1
787	2025-05-15 02:38:04.631986+02	3	Szymon "Tur" Zwias	2	[{"changed": {"fields": ["przezwiska"]}}]	30	1
788	2025-05-15 02:38:29.173869+02	1	Kacper "Szogun" Wilk	2	[{"changed": {"fields": ["przezwiska"]}}]	30	1
789	2025-05-15 02:38:54.783672+02	5	Mateusz "Skorpion/Szczur" Sokół	2	[{"changed": {"fields": ["przezwiska"]}}]	30	1
790	2025-05-15 03:00:57.300863+02	5	Babcia Tadka	2	[{"changed": {"fields": ["Imi\\u0119"]}}]	23	1
791	2025-05-15 03:01:41.409578+02	3	Christobalt Mitrugno	2	[{"changed": {"fields": ["Imi\\u0119", "Nazwisko"]}}]	23	1
792	2025-05-15 03:01:52.886458+02	4	Frederic Widart	2	[{"changed": {"fields": ["Imi\\u0119", "Nazwisko"]}}]	23	1
793	2025-05-15 03:02:06.957672+02	1	Roberto Martinez del Rio	2	[{"changed": {"fields": ["Imi\\u0119", "Nazwisko"]}}]	23	1
794	2025-05-15 03:02:16.021486+02	2	SSUJ 	2	[{"changed": {"fields": ["Imi\\u0119"]}}]	23	1
795	2025-05-15 03:05:17.703378+02	7	Stefano "Kwaśny Krab" Campagna	2	[{"changed": {"fields": ["Imi\\u0119", "Nazwisko", "Przezwiska"]}}]	23	1
796	2025-05-15 03:05:37.957196+02	8	Zdzisław "Profesor" Gajda	2	[{"changed": {"fields": ["Imi\\u0119", "Nazwisko", "Przezwiska"]}}]	23	1
797	2025-05-15 03:06:42.544754+02	7	Stefano "Kwaśny Krab" Campagna	2	[]	23	1
798	2025-05-15 12:53:00.734833+02	26	2025-05-08 - 2025-05-11: Nie dotyczy "Faerie Matricularum"	1	[{"added": {}}]	19	1
799	2025-05-15 12:59:58.408698+02	26	2025-05-08 - 2025-05-11: Zagraniczny "Faerie Matricularum"	2	[{"changed": {"fields": ["Czy to wyjazd?", "Typ wyjazdu"]}}, {"added": {"name": "Zdarzenie", "object": "2025-05-09 - Impreza ze stoiskami balli i muzyk\\u0105"}}, {"added": {"name": "Zdarzenie", "object": "2025-05-09 - Przekazanie kluczy do miasta bolo\\u0144skim goliardom"}}, {"added": {"name": "Zdarzenie", "object": "2025-05-09 - Uroczyste nadanie feluk nowym goliardom"}}, {"added": {"name": "Zdarzenie", "object": "2025-05-09 - Zwiedzanie MEUS"}}, {"added": {"name": "Osoba", "object": "Micha\\u0142 \\"Cukier/Ma\\u0142olata\\" Malata - Kronika | Wydarzenie - 2025-05-08 - 2025-05-11: Zagraniczny \\"Faerie Matricularum\\""}}, {"added": {"name": "Osoba", "object": "Bart\\u0142omiej \\"Nobod\\" Grzeszykowski - Kronika | Wydarzenie - 2025-05-08 - 2025-05-11: Zagraniczny \\"Faerie Matricularum\\""}}, {"added": {"name": "Osoba", "object": "Bartosz \\"Heniek\\" Hepek - Kronika | Wydarzenie - 2025-05-08 - 2025-05-11: Zagraniczny \\"Faerie Matricularum\\""}}, {"added": {"name": "Osoba", "object": "Martyna \\"Bober\\" Kubiak - Kronika | Wydarzenie - 2025-05-08 - 2025-05-11: Zagraniczny \\"Faerie Matricularum\\""}}, {"added": {"name": "Osoba", "object": "Sandra \\"Sander\\" Chandzlik - Kronika | Wydarzenie - 2025-05-08 - 2025-05-11: Zagraniczny \\"Faerie Matricularum\\""}}, {"added": {"name": "Osoba", "object": "Maria \\"Felis\\" Turakiewicz - Kronika | Wydarzenie - 2025-05-08 - 2025-05-11: Zagraniczny \\"Faerie Matricularum\\""}}, {"added": {"name": "Osoba", "object": "Herman \\"Stabilizator/Rakieta\\" Chekurda - Kronika | Wydarzenie - 2025-05-08 - 2025-05-11: Zagraniczny \\"Faerie Matricularum\\""}}, {"added": {"name": "Osoba", "object": "Michalina \\"Allec\\" Kokosi\\u0144ska - Kronika | Wydarzenie - 2025-05-08 - 2025-05-11: Zagraniczny \\"Faerie Matricularum\\""}}, {"added": {"name": "Osoba", "object": "Damian \\"Bandera/Buch\\" Zych - Kronika | Wydarzenie - 2025-05-08 - 2025-05-11: Zagraniczny \\"Faerie Matricularum\\""}}, {"added": {"name": "Osoba", "object": "Dorota \\"Wa\\u0107panna/Doris\\" Dro\\u017cy\\u0144ska - Kronika | Wydarzenie - 2025-05-08 - 2025-05-11: Zagraniczny \\"Faerie Matricularum\\""}}, {"added": {"name": "Osoba", "object": "Bart\\u0142omiej \\"Kucharz\\" Olajossy - Kronika | Wydarzenie - 2025-05-08 - 2025-05-11: Zagraniczny \\"Faerie Matricularum\\""}}, {"added": {"name": "Osoba", "object": "Natalia \\"Szynka\\" Ciesielska (Olajossy) - Kronika | Wydarzenie - 2025-05-08 - 2025-05-11: Zagraniczny \\"Faerie Matricularum\\""}}, {"added": {"name": "Osoba", "object": "Kacper \\"Szogun\\" Wilk - Kronika | Wydarzenie - 2025-05-08 - 2025-05-11: Zagraniczny \\"Faerie Matricularum\\""}}, {"added": {"name": "Osoba", "object": "Krysia Cholewa - Kronika | Wydarzenie - 2025-05-08 - 2025-05-11: Zagraniczny \\"Faerie Matricularum\\""}}, {"added": {"name": "Osoba", "object": "Szymon \\"Tur\\" Zwias - Kronika | Wydarzenie - 2025-05-08 - 2025-05-11: Zagraniczny \\"Faerie Matricularum\\""}}, {"added": {"name": "Osoba", "object": "Wiktoria \\"Wedel\\" Dole\\u017cych - Kronika | Wydarzenie - 2025-05-08 - 2025-05-11: Zagraniczny \\"Faerie Matricularum\\""}}]	19	1
800	2025-05-15 13:00:39.535508+02	19	2025-05-09 - Impreza ze stoiskami balli i muzyką	2	[{"changed": {"fields": ["Miejsce", "Opis"]}}]	20	1
801	2025-05-15 13:10:47.813727+02	19	2025-05-09 - Impreza ze stoiskami balli i muzyką	2	[]	20	1
802	2025-05-15 15:27:55.542235+02	19	2025-05-09 - Impreza ze stoiskami balli i muzyką	2	[{"changed": {"name": "Osoba", "object": "Damian \\"Bandera/Buch\\" Zych - Kronika | Zdarzenie - 2025-05-09 - Impreza ze stoiskami balli i muzyk\\u0105", "fields": ["Cz\\u0142onek"]}}, {"deleted": {"name": "Osoba", "object": "None - Kronika | Zdarzenie - 2025-05-09 - Impreza ze stoiskami balli i muzyk\\u0105"}}, {"deleted": {"name": "Osoba", "object": "None - Kronika | Zdarzenie - 2025-05-09 - Impreza ze stoiskami balli i muzyk\\u0105"}}]	20	1
803	2025-05-15 15:28:11.919122+02	19	2025-05-09 - Impreza ze stoiskami balli i muzyką	2	[{"deleted": {"name": "Osoba", "object": "Damian \\"Bandera/Buch\\" Zych - Kronika | Zdarzenie - 2025-05-09 - Impreza ze stoiskami balli i muzyk\\u0105"}}]	20	1
804	2025-05-15 15:28:24.74594+02	11	2025-05-09 - Impreza ze stoiskami balli i muzyką	3		20	1
805	2025-05-15 15:29:01.924491+02	20	2025-05-09 - Przekazanie kluczy do miasta bolońskim goliardom	2	[{"changed": {"fields": ["Miejsce", "Opis"]}}]	20	1
806	2025-05-15 15:29:20.788462+02	20	2025-05-09 - Przekazanie kluczy do miasta bolońskim goliardom	2	[]	20	1
807	2025-05-15 15:29:46.146554+02	20	2025-05-09 - Przekazanie kluczy do miasta bolońskim goliardom	2	[{"deleted": {"name": "Osoba", "object": "Bart\\u0142omiej \\"Kucharz\\" Olajossy - Kronika | Zdarzenie - 2025-05-09 - Przekazanie kluczy do miasta bolo\\u0144skim goliardom"}}, {"deleted": {"name": "Osoba", "object": "Natalia \\"Szynka\\" Ciesielska (Olajossy) - Kronika | Zdarzenie - 2025-05-09 - Przekazanie kluczy do miasta bolo\\u0144skim goliardom"}}]	20	1
808	2025-05-15 15:30:02.499761+02	8	2025-05-09 - Przekazanie kluczy do miasta bolońskim goliardom	3		20	1
809	2025-05-15 15:30:38.06787+02	21	2025-05-09 - Uroczyste nadanie feluk nowym goliardom	2	[{"changed": {"fields": ["Miejsce", "Opis"]}}]	20	1
810	2025-05-15 15:31:10.163778+02	21	2025-05-09 - Uroczyste nadanie feluk nowym goliardom	2	[{"deleted": {"name": "Osoba", "object": "Bart\\u0142omiej \\"Kucharz\\" Olajossy - Kronika | Zdarzenie - 2025-05-09 - Uroczyste nadanie feluk nowym goliardom"}}, {"deleted": {"name": "Osoba", "object": "Natalia \\"Szynka\\" Ciesielska (Olajossy) - Kronika | Zdarzenie - 2025-05-09 - Uroczyste nadanie feluk nowym goliardom"}}, {"deleted": {"name": "Osoba", "object": "Krysia Cholewa - Kronika | Zdarzenie - 2025-05-09 - Uroczyste nadanie feluk nowym goliardom"}}]	20	1
811	2025-05-15 15:31:20.202879+02	10	2025-05-09 - Uroczyste nadanie feluk nowym goliardom	3		20	1
812	2025-05-15 15:31:39.08055+02	22	2025-05-09 - Zwiedzanie MEUS	2	[{"changed": {"fields": ["Miejsce", "Opis"]}}]	20	1
813	2025-05-15 15:32:04.422313+02	22	2025-05-09 - Zwiedzanie MEUS	2	[{"deleted": {"name": "Osoba", "object": "Bart\\u0142omiej \\"Kucharz\\" Olajossy - Kronika | Zdarzenie - 2025-05-09 - Zwiedzanie MEUS"}}, {"deleted": {"name": "Osoba", "object": "Natalia \\"Szynka\\" Ciesielska (Olajossy) - Kronika | Zdarzenie - 2025-05-09 - Zwiedzanie MEUS"}}, {"deleted": {"name": "Osoba", "object": "Wiktoria \\"Wedel\\" Dole\\u017cych - Kronika | Zdarzenie - 2025-05-09 - Zwiedzanie MEUS"}}]	20	1
814	2025-05-15 15:32:11.763962+02	9	2025-05-09 - Zwiedzanie MEUS	3		20	1
815	2025-05-15 15:34:04.078841+02	25	Piazza Maggiore - Ogród/Plac, Piazza Maggiore, Bolonia, Włochy	1	[{"added": {}}]	16	1
816	2025-05-15 15:35:10.530477+02	26	Bazylika św. Petroniusza - Obiekt kultury, Piazza Maggiore, Bolonia, Włochy	1	[{"added": {}}]	16	1
817	2025-05-15 15:36:41.495441+02	27	Bar Birroteca Lupulus - Pub/Klub, Via Giuseppe Petroni, 7a, Bolonia, Włochy	1	[{"added": {}}]	16	1
818	2025-05-15 15:37:33.023469+02	26	2025-05-08 - 2025-05-11: Zagraniczny "Faerie Matricularum"	2	[{"changed": {"fields": ["Miejsca"]}}]	19	1
819	2025-05-15 15:37:42.652051+02	27	Bar Birroteca Lupulus - Bar, Via Giuseppe Petroni, 7a, Bolonia, Włochy	2	[{"changed": {"fields": ["Typ miejsca"]}}]	16	1
820	2025-05-15 15:53:51.150725+02	19	2025-05-09 - Impreza ze stoiskami balli i muzyką	2	[]	20	1
821	2025-05-17 17:36:10.906494+02	165	Krzysztof Trela	1	[{"added": {}}]	7	1
822	2025-05-17 17:37:50.045821+02	165	Krzysztof Trela	2	[{"changed": {"fields": ["Rok chrztu", "Miesi\\u0105c chrztu", "Dzie\\u0144 chrztu", "Status"]}}]	7	1
823	2025-05-17 17:38:27.300876+02	165	Krzysztof "Artifex" Trela	2	[{"changed": {"fields": ["Imi\\u0119 czapkowe", "Wpisz imi\\u0119 czapkowe:", "Rodzic czapkowy"]}}]	7	1
824	2025-05-17 17:40:21.249682+02	6	Patrycja Skowronek	1	[{"added": {}}]	30	1
825	2025-05-17 17:41:11.03598+02	1	Kacper "Szogun" Wilk	2	[{"changed": {"fields": ["Drugi rodzic czapkowy"]}}]	30	1
826	2025-05-17 17:41:21.18887+02	2	Krysia Cholewa	2	[{"changed": {"fields": ["Drugi rodzic czapkowy"]}}]	30	1
827	2025-05-17 17:41:30.896252+02	5	Mateusz "Skorpion/Szczur" Sokół	2	[{"changed": {"fields": ["Drugi rodzic czapkowy"]}}]	30	1
828	2025-05-17 17:41:38.124683+02	3	Szymon "Tur" Zwias	2	[{"changed": {"fields": ["Drugi rodzic czapkowy"]}}]	30	1
829	2025-05-17 17:41:45.120647+02	4	Wiktoria "Wedel" Doleżych	2	[{"changed": {"fields": ["Drugi rodzic czapkowy"]}}]	30	1
830	2025-05-17 17:42:02.988473+02	12	Aleksandra Król	2	[]	7	1
831	2025-05-17 17:44:17.557701+02	166	Dawid Otłowski	1	[{"added": {}}]	7	1
832	2025-05-17 17:44:48.782837+02	166	Dawid Otłowski	3		7	1
833	2025-05-17 17:50:09.508839+02	167	Dawid "Rudy" Otłowski	1	[{"added": {}}]	7	1
834	2025-05-17 17:50:26.009517+02	167	Dawid "Rudy" Otłowski	2	[]	7	1
835	2025-05-17 18:35:43.464722+02	162	Nie wiem	2	[{"changed": {"fields": ["Pewno\\u015b\\u0107 daty sta\\u017cu", "Rodzic czapkowy", "Drugi rodzic czapkowy"]}}]	7	1
836	2025-05-18 23:37:46.91789+02	16	Amelia "Emalia" Boufenghour	2	[{"changed": {"fields": ["Pewno\\u015b\\u0107 daty sta\\u017cu", "Status"]}}]	7	1
837	2025-05-18 23:50:24.520471+02	172	Weronika "Marchewka" Marchewa	1	[{"added": {}}]	7	1
838	2025-05-18 23:50:50.750794+02	172	Weronika "Marchewa" Marchewka	2	[{"changed": {"fields": ["Nazwisko", "Wpisz imi\\u0119 czapkowe:"]}}]	7	1
839	2025-05-18 23:58:33.984744+02	33	UJ_bordowa z granatowym otokiem_WFarm	1	[{"added": {}}]	8	1
840	2025-05-18 23:59:02.475025+02	34	UJ_zielona_WB	1	[{"added": {}}]	8	1
841	2025-05-19 00:01:37.314314+02	35	UJ_popielata z granatowym otokiem_MISH	1	[{"added": {}}]	8	1
842	2025-05-19 00:03:25.01553+02	173	Elżunia "Jeżyk" Krasiejko	1	[{"added": {}}]	7	1
843	2025-05-19 00:03:27.687789+02	174	Elżunia "Jeżyk" Krasiejko	1	[{"added": {}}]	7	1
844	2025-05-19 00:04:22.282244+02	174	Feliks "Chłopiec z Warszawy" Kwiatkowski	2	[{"changed": {"fields": ["Imi\\u0119", "Nazwisko", "Czapka", "Wpisz imi\\u0119 czapkowe:", "Rodzic czapkowy"]}}]	7	1
845	2025-05-19 00:11:30.47722+02	7	Piotr Kociński	1	[{"added": {}}]	30	1
846	2025-05-19 00:13:30.275577+02	164	BCS 	3		7	1
847	2025-05-19 00:47:19.231979+02	7	Piotr Kociński	2	[]	22	1
848	2025-05-19 01:05:30.170414+02	7	None	2	[{"changed": {"fields": ["Bean", "Nazwa alternatywna"]}}]	22	1
849	2025-05-19 01:06:58.876065+02	4	Bartłomiej "Kucharz" Olajossy	2	[]	22	1
850	2025-05-19 01:09:38.024771+02	10	Krzysztof "Artifex" Trela: Dzielenie się wszystkimi materiałami jakie wpadły mu w ręce	1	[{"added": {}}]	22	1
851	2025-05-19 01:09:52.575643+02	10	Krzysztof "Artifex" Trela: Dzielenie się wszystkimi materiałami jakie wpadły mu w ręce	2	[]	22	1
852	2025-05-19 01:10:58.658096+02	6	Paulina "Koziołek" Kozioł: Odpowiedzenie na pytanie "Jak dołączyć do BCS?" (odpowiedź to: przyjdź na spotkanie)	2	[{"changed": {"fields": ["Cz\\u0142onek", "Nazwa alternatywna"]}}]	22	1
853	2025-05-19 23:45:04.109203+02	1	Django	1	[{"added": {}}]	37	1
854	2025-05-19 23:48:47.041186+02	1	Django	2	[{"changed": {"fields": ["Sticky submit", "Sticky pagination", "Quick remove links for active filters at top of sidebar", "Collapsible stacked inlines", "Collapsible tabular inlines"]}}]	37	1
855	2025-05-19 23:53:35.654209+02	1	Django	2	[{"changed": {"fields": ["Favicon"]}}]	37	1
856	2025-05-19 23:57:33.709651+02	1	Django	2	[{"changed": {"fields": ["Color"]}}]	37	1
857	2025-05-20 00:00:24.296462+02	1	Django	2	[{"changed": {"fields": ["Background color"]}}]	37	1
858	2025-05-20 00:00:33.513245+02	1	Django	2	[{"changed": {"fields": ["Active"]}}]	37	1
859	2025-05-20 00:04:23.341618+02	2	Django	2	[{"changed": {"fields": ["Active"]}}]	37	1
860	2025-05-20 00:11:02.035213+02	2	Django	2	[{"changed": {"fields": ["Background color", "Text color"]}}]	37	1
861	2025-05-21 22:48:03.237713+02	28	W dupie - Inny, Ulica 1, Kraków, Polska	1	[{"added": {}}]	16	1
862	2025-05-21 22:48:54.892546+02	28	W dupie - Inny, Chyba wiesz, gdzie masz dupę	2	[{"changed": {"fields": ["Adres"]}}]	16	1
863	2025-05-21 23:12:55.743357+02	26	2025-05-08 - 2025-05-11: Zagraniczny "Faerie Matricularum"	2	[{"changed": {"name": "Zdarzenie", "object": "2025-05-09 - Przekazanie kluczy do miasta bolo\\u0144skim goliardom", "fields": ["Godzina"]}}, {"changed": {"name": "Zdarzenie", "object": "2025-05-09 - Uroczyste nadanie feluk nowym goliardom", "fields": ["Godzina"]}}, {"changed": {"name": "Zdarzenie", "object": "2025-05-09 - Zwiedzanie MEUS", "fields": ["Godzina"]}}]	19	1
864	2025-05-21 23:14:02.936349+02	26	2025-05-08 - 2025-05-11: Zagraniczny "Faerie Matricularum"	2	[]	19	1
865	2025-05-21 23:15:51.936548+02	26	2025-05-08 - 2025-05-11: Zagraniczny "Faerie Matricularum"	2	[]	19	1
866	2025-05-21 23:19:29.403366+02	29	Piazza Vittorio Puntoni - Ogród/Plac, Bolonia, Włochy	1	[{"added": {}}]	16	1
867	2025-05-21 23:23:29.714157+02	26	2025-05-08 - 2025-05-11: Zagraniczny "Faerie Matricularum"	2	[{"added": {"name": "Zdarzenie", "object": "2025-05-10 12:00:00 - Parada przebierana"}}, {"added": {"name": "Zdarzenie", "object": "2025-05-10 14:00:00 - Darmowy lunch dla uczestnik\\u00f3w parady"}}, {"changed": {"name": "Zdarzenie", "object": "2025-05-09 20:00:00 - Impreza ze stoiskami balli i muzyk\\u0105", "fields": ["Godzina"]}}]	19	1
868	2025-05-21 23:26:35.870341+02	24	2025-05-10 14:00:00 - Darmowy lunch dla uczestników parady	2	[{"changed": {"fields": ["Miejsce", "Opis"]}}]	20	1
945	2025-07-01 13:22:32.882215+02	18	Anna "Księżniczka" Łopatniuk	2	[{"changed": {"fields": ["Pewno\\u015b\\u0107 daty sta\\u017cu", "Rodzic czapkowy", "Drugi rodzic czapkowy"]}}]	7	1
1177	2025-07-17 16:54:07.450425+02	383	Osoby object (383)	3		36	1
869	2025-05-21 23:37:14.015033+02	23	2025-05-10 12:00:00 - Parada przebierana	2	[{"changed": {"fields": ["Opis"]}}, {"deleted": {"name": "Osoba", "object": "Bart\\u0142omiej \\"Kucharz\\" Olajossy - Kronika | Zdarzenie - 2025-05-10 12:00:00 - Parada przebierana"}}, {"deleted": {"name": "Osoba", "object": "Natalia \\"Szynka\\" Ciesielska (Olajossy) - Kronika | Zdarzenie - 2025-05-10 12:00:00 - Parada przebierana"}}]	20	1
870	2025-05-21 23:37:35.719713+02	26	2025-05-08 - 2025-05-11: Zagraniczny "Faerie Matricularum"	2	[{"changed": {"name": "Zdarzenie", "object": "2025-05-10 14:00:00 - Darmowy lunch dla uczestnik\\u00f3w parady", "fields": ["Miejsce"]}}]	19	1
871	2025-05-21 23:39:10.429534+02	24	2025-05-10 14:00:00 - Darmowy lunch dla uczestników parady	2	[{"changed": {"fields": ["Miejsce"]}}, {"deleted": {"name": "Osoba", "object": "Micha\\u0142 \\"Cukier/Ma\\u0142olata\\" Malata - Kronika | Zdarzenie - 2025-05-10 14:00:00 - Darmowy lunch dla uczestnik\\u00f3w parady"}}, {"deleted": {"name": "Osoba", "object": "Bart\\u0142omiej \\"Nobod\\" Grzeszykowski - Kronika | Zdarzenie - 2025-05-10 14:00:00 - Darmowy lunch dla uczestnik\\u00f3w parady"}}, {"deleted": {"name": "Osoba", "object": "Bartosz \\"Heniek\\" Hepek - Kronika | Zdarzenie - 2025-05-10 14:00:00 - Darmowy lunch dla uczestnik\\u00f3w parady"}}, {"deleted": {"name": "Osoba", "object": "Martyna \\"Bober\\" Kubiak - Kronika | Zdarzenie - 2025-05-10 14:00:00 - Darmowy lunch dla uczestnik\\u00f3w parady"}}, {"deleted": {"name": "Osoba", "object": "Sandra \\"Sander\\" Chandzlik - Kronika | Zdarzenie - 2025-05-10 14:00:00 - Darmowy lunch dla uczestnik\\u00f3w parady"}}, {"deleted": {"name": "Osoba", "object": "Maria \\"Felis\\" Turakiewicz - Kronika | Zdarzenie - 2025-05-10 14:00:00 - Darmowy lunch dla uczestnik\\u00f3w parady"}}, {"deleted": {"name": "Osoba", "object": "Herman \\"Stabilizator/Rakieta\\" Chekurda - Kronika | Zdarzenie - 2025-05-10 14:00:00 - Darmowy lunch dla uczestnik\\u00f3w parady"}}, {"deleted": {"name": "Osoba", "object": "Michalina \\"Allec\\" Kokosi\\u0144ska - Kronika | Zdarzenie - 2025-05-10 14:00:00 - Darmowy lunch dla uczestnik\\u00f3w parady"}}, {"deleted": {"name": "Osoba", "object": "Damian \\"Bandera/Buch\\" Zych - Kronika | Zdarzenie - 2025-05-10 14:00:00 - Darmowy lunch dla uczestnik\\u00f3w parady"}}, {"deleted": {"name": "Osoba", "object": "Dorota \\"Wa\\u0107panna/Doris\\" Dro\\u017cy\\u0144ska - Kronika | Zdarzenie - 2025-05-10 14:00:00 - Darmowy lunch dla uczestnik\\u00f3w parady"}}, {"deleted": {"name": "Osoba", "object": "Bart\\u0142omiej \\"Kucharz\\" Olajossy - Kronika | Zdarzenie - 2025-05-10 14:00:00 - Darmowy lunch dla uczestnik\\u00f3w parady"}}, {"deleted": {"name": "Osoba", "object": "Natalia \\"Szynka\\" Ciesielska (Olajossy) - Kronika | Zdarzenie - 2025-05-10 14:00:00 - Darmowy lunch dla uczestnik\\u00f3w parady"}}, {"deleted": {"name": "Osoba", "object": "Kacper \\"Szogun\\" Wilk - Kronika | Zdarzenie - 2025-05-10 14:00:00 - Darmowy lunch dla uczestnik\\u00f3w parady"}}, {"deleted": {"name": "Osoba", "object": "Krysia Cholewa - Kronika | Zdarzenie - 2025-05-10 14:00:00 - Darmowy lunch dla uczestnik\\u00f3w parady"}}, {"deleted": {"name": "Osoba", "object": "Szymon \\"Tur\\" Zwias - Kronika | Zdarzenie - 2025-05-10 14:00:00 - Darmowy lunch dla uczestnik\\u00f3w parady"}}, {"deleted": {"name": "Osoba", "object": "Wiktoria \\"Wedel\\" Dole\\u017cych - Kronika | Zdarzenie - 2025-05-10 14:00:00 - Darmowy lunch dla uczestnik\\u00f3w parady"}}, {"deleted": {"name": "Osoba", "object": "Micha\\u0142 \\"Cukier/Ma\\u0142olata\\" Malata - Kronika | Zdarzenie - 2025-05-10 14:00:00 - Darmowy lunch dla uczestnik\\u00f3w parady"}}, {"deleted": {"name": "Osoba", "object": "Bart\\u0142omiej \\"Nobod\\" Grzeszykowski - Kronika | Zdarzenie - 2025-05-10 14:00:00 - Darmowy lunch dla uczestnik\\u00f3w parady"}}, {"deleted": {"name": "Osoba", "object": "Bartosz \\"Heniek\\" Hepek - Kronika | Zdarzenie - 2025-05-10 14:00:00 - Darmowy lunch dla uczestnik\\u00f3w parady"}}, {"deleted": {"name": "Osoba", "object": "Martyna \\"Bober\\" Kubiak - Kronika | Zdarzenie - 2025-05-10 14:00:00 - Darmowy lunch dla uczestnik\\u00f3w parady"}}, {"deleted": {"name": "Osoba", "object": "Sandra \\"Sander\\" Chandzlik - Kronika | Zdarzenie - 2025-05-10 14:00:00 - Darmowy lunch dla uczestnik\\u00f3w parady"}}, {"deleted": {"name": "Osoba", "object": "Maria \\"Felis\\" Turakiewicz - Kronika | Zdarzenie - 2025-05-10 14:00:00 - Darmowy lunch dla uczestnik\\u00f3w parady"}}, {"deleted": {"name": "Osoba", "object": "Herman \\"Stabilizator/Rakieta\\" Chekurda - Kronika | Zdarzenie - 2025-05-10 14:00:00 - Darmowy lunch dla uczestnik\\u00f3w parady"}}, {"deleted": {"name": "Osoba", "object": "Michalina \\"Allec\\" Kokosi\\u0144ska - Kronika | Zdarzenie - 2025-05-10 14:00:00 - Darmowy lunch dla uczestnik\\u00f3w parady"}}, {"deleted": {"name": "Osoba", "object": "Damian \\"Bandera/Buch\\" Zych - Kronika | Zdarzenie - 2025-05-10 14:00:00 - Darmowy lunch dla uczestnik\\u00f3w parady"}}, {"deleted": {"name": "Osoba", "object": "Dorota \\"Wa\\u0107panna/Doris\\" Dro\\u017cy\\u0144ska - Kronika | Zdarzenie - 2025-05-10 14:00:00 - Darmowy lunch dla uczestnik\\u00f3w parady"}}, {"deleted": {"name": "Osoba", "object": "Bart\\u0142omiej \\"Kucharz\\" Olajossy - Kronika | Zdarzenie - 2025-05-10 14:00:00 - Darmowy lunch dla uczestnik\\u00f3w parady"}}, {"deleted": {"name": "Osoba", "object": "Natalia \\"Szynka\\" Ciesielska (Olajossy) - Kronika | Zdarzenie - 2025-05-10 14:00:00 - Darmowy lunch dla uczestnik\\u00f3w parady"}}, {"deleted": {"name": "Osoba", "object": "Kacper \\"Szogun\\" Wilk - Kronika | Zdarzenie - 2025-05-10 14:00:00 - Darmowy lunch dla uczestnik\\u00f3w parady"}}, {"deleted": {"name": "Osoba", "object": "Krysia Cholewa - Kronika | Zdarzenie - 2025-05-10 14:00:00 - Darmowy lunch dla uczestnik\\u00f3w parady"}}, {"deleted": {"name": "Osoba", "object": "Szymon \\"Tur\\" Zwias - Kronika | Zdarzenie - 2025-05-10 14:00:00 - Darmowy lunch dla uczestnik\\u00f3w parady"}}, {"deleted": {"name": "Osoba", "object": "Wiktoria \\"Wedel\\" Dole\\u017cych - Kronika | Zdarzenie - 2025-05-10 14:00:00 - Darmowy lunch dla uczestnik\\u00f3w parady"}}]	20	1
872	2025-05-21 23:40:21.449673+02	24	2025-05-10 14:00:00 - Darmowy lunch dla uczestników parady	2	[{"deleted": {"name": "Osoba", "object": "Micha\\u0142 \\"Cukier/Ma\\u0142olata\\" Malata - Kronika | Zdarzenie - 2025-05-10 14:00:00 - Darmowy lunch dla uczestnik\\u00f3w parady"}}, {"deleted": {"name": "Osoba", "object": "Bart\\u0142omiej \\"Nobod\\" Grzeszykowski - Kronika | Zdarzenie - 2025-05-10 14:00:00 - Darmowy lunch dla uczestnik\\u00f3w parady"}}, {"deleted": {"name": "Osoba", "object": "Bartosz \\"Heniek\\" Hepek - Kronika | Zdarzenie - 2025-05-10 14:00:00 - Darmowy lunch dla uczestnik\\u00f3w parady"}}, {"deleted": {"name": "Osoba", "object": "Martyna \\"Bober\\" Kubiak - Kronika | Zdarzenie - 2025-05-10 14:00:00 - Darmowy lunch dla uczestnik\\u00f3w parady"}}, {"deleted": {"name": "Osoba", "object": "Sandra \\"Sander\\" Chandzlik - Kronika | Zdarzenie - 2025-05-10 14:00:00 - Darmowy lunch dla uczestnik\\u00f3w parady"}}, {"deleted": {"name": "Osoba", "object": "Maria \\"Felis\\" Turakiewicz - Kronika | Zdarzenie - 2025-05-10 14:00:00 - Darmowy lunch dla uczestnik\\u00f3w parady"}}, {"deleted": {"name": "Osoba", "object": "Herman \\"Stabilizator/Rakieta\\" Chekurda - Kronika | Zdarzenie - 2025-05-10 14:00:00 - Darmowy lunch dla uczestnik\\u00f3w parady"}}, {"deleted": {"name": "Osoba", "object": "Michalina \\"Allec\\" Kokosi\\u0144ska - Kronika | Zdarzenie - 2025-05-10 14:00:00 - Darmowy lunch dla uczestnik\\u00f3w parady"}}, {"deleted": {"name": "Osoba", "object": "Damian \\"Bandera/Buch\\" Zych - Kronika | Zdarzenie - 2025-05-10 14:00:00 - Darmowy lunch dla uczestnik\\u00f3w parady"}}, {"deleted": {"name": "Osoba", "object": "Dorota \\"Wa\\u0107panna/Doris\\" Dro\\u017cy\\u0144ska - Kronika | Zdarzenie - 2025-05-10 14:00:00 - Darmowy lunch dla uczestnik\\u00f3w parady"}}, {"deleted": {"name": "Osoba", "object": "Bart\\u0142omiej \\"Kucharz\\" Olajossy - Kronika | Zdarzenie - 2025-05-10 14:00:00 - Darmowy lunch dla uczestnik\\u00f3w parady"}}, {"deleted": {"name": "Osoba", "object": "Natalia \\"Szynka\\" Ciesielska (Olajossy) - Kronika | Zdarzenie - 2025-05-10 14:00:00 - Darmowy lunch dla uczestnik\\u00f3w parady"}}, {"deleted": {"name": "Osoba", "object": "Kacper \\"Szogun\\" Wilk - Kronika | Zdarzenie - 2025-05-10 14:00:00 - Darmowy lunch dla uczestnik\\u00f3w parady"}}, {"deleted": {"name": "Osoba", "object": "Krysia Cholewa - Kronika | Zdarzenie - 2025-05-10 14:00:00 - Darmowy lunch dla uczestnik\\u00f3w parady"}}, {"deleted": {"name": "Osoba", "object": "Szymon \\"Tur\\" Zwias - Kronika | Zdarzenie - 2025-05-10 14:00:00 - Darmowy lunch dla uczestnik\\u00f3w parady"}}, {"deleted": {"name": "Osoba", "object": "Wiktoria \\"Wedel\\" Dole\\u017cych - Kronika | Zdarzenie - 2025-05-10 14:00:00 - Darmowy lunch dla uczestnik\\u00f3w parady"}}]	20	1
873	2025-05-21 23:40:26.861076+02	24	2025-05-10 14:00:00 - Darmowy lunch dla uczestników parady	2	[]	20	1
874	2025-05-21 23:42:01.257572+02	26	2025-05-08 - 2025-05-11: Zagraniczny "Faerie Matricularum"	2	[{"changed": {"name": "Zdarzenie", "object": "2025-05-10 14:00:00 - Darmowy lunch dla uczestnik\\u00f3w parady", "fields": ["Miejsce"]}}]	19	1
875	2025-05-21 23:42:21.055748+02	24	2025-05-10 14:00:00 - Darmowy lunch dla uczestników parady	2	[{"changed": {"fields": ["Miejsce"]}}]	20	1
876	2025-05-21 23:42:26.48494+02	24	2025-05-10 14:00:00 - Darmowy lunch dla uczestników parady	2	[]	20	1
877	2025-05-21 23:42:30.722778+02	26	2025-05-08 - 2025-05-11: Zagraniczny "Faerie Matricularum"	2	[{"changed": {"name": "Zdarzenie", "object": "2025-05-10 14:00:00 - Darmowy lunch dla uczestnik\\u00f3w parady", "fields": ["Miejsce"]}}]	19	1
878	2025-05-21 23:46:04.923601+02	26	2025-05-08 - 2025-05-11: Zagraniczny "Faerie Matricularum"	2	[]	19	1
879	2025-05-21 23:46:43.718319+02	26	2025-05-08 - 2025-05-11: Zagraniczny "Faerie Matricularum"	2	[{"changed": {"name": "Zdarzenie", "object": "2025-05-10 14:00:00 - Darmowy lunch dla uczestnik\\u00f3w parady", "fields": ["Miejsce"]}}]	19	1
880	2025-05-21 23:56:33.837814+02	26	2025-05-08 - 2025-05-11: Zagraniczny "Faerie Matricularum"	2	[]	19	1
881	2025-05-22 00:01:03.379442+02	20	2025-05-09 12:00:00 - Przekazanie kluczy do miasta bolońskim goliardom	2	[{"deleted": {"name": "Osoba", "object": "Micha\\u0142 \\"Cukier/Ma\\u0142olata\\" Malata - Kronika | Zdarzenie - 2025-05-09 12:00:00 - Przekazanie kluczy do miasta bolo\\u0144skim goliardom"}}, {"deleted": {"name": "Osoba", "object": "Bart\\u0142omiej \\"Nobod\\" Grzeszykowski - Kronika | Zdarzenie - 2025-05-09 12:00:00 - Przekazanie kluczy do miasta bolo\\u0144skim goliardom"}}, {"deleted": {"name": "Osoba", "object": "Bartosz \\"Heniek\\" Hepek - Kronika | Zdarzenie - 2025-05-09 12:00:00 - Przekazanie kluczy do miasta bolo\\u0144skim goliardom"}}, {"deleted": {"name": "Osoba", "object": "Martyna \\"Bober\\" Kubiak - Kronika | Zdarzenie - 2025-05-09 12:00:00 - Przekazanie kluczy do miasta bolo\\u0144skim goliardom"}}, {"deleted": {"name": "Osoba", "object": "Sandra \\"Sander\\" Chandzlik - Kronika | Zdarzenie - 2025-05-09 12:00:00 - Przekazanie kluczy do miasta bolo\\u0144skim goliardom"}}, {"deleted": {"name": "Osoba", "object": "Maria \\"Felis\\" Turakiewicz - Kronika | Zdarzenie - 2025-05-09 12:00:00 - Przekazanie kluczy do miasta bolo\\u0144skim goliardom"}}, {"deleted": {"name": "Osoba", "object": "Herman \\"Stabilizator/Rakieta\\" Chekurda - Kronika | Zdarzenie - 2025-05-09 12:00:00 - Przekazanie kluczy do miasta bolo\\u0144skim goliardom"}}, {"deleted": {"name": "Osoba", "object": "Michalina \\"Allec\\" Kokosi\\u0144ska - Kronika | Zdarzenie - 2025-05-09 12:00:00 - Przekazanie kluczy do miasta bolo\\u0144skim goliardom"}}, {"deleted": {"name": "Osoba", "object": "Damian \\"Bandera/Buch\\" Zych - Kronika | Zdarzenie - 2025-05-09 12:00:00 - Przekazanie kluczy do miasta bolo\\u0144skim goliardom"}}, {"deleted": {"name": "Osoba", "object": "Dorota \\"Wa\\u0107panna/Doris\\" Dro\\u017cy\\u0144ska - Kronika | Zdarzenie - 2025-05-09 12:00:00 - Przekazanie kluczy do miasta bolo\\u0144skim goliardom"}}, {"deleted": {"name": "Osoba", "object": "Bart\\u0142omiej \\"Kucharz\\" Olajossy - Kronika | Zdarzenie - 2025-05-09 12:00:00 - Przekazanie kluczy do miasta bolo\\u0144skim goliardom"}}, {"deleted": {"name": "Osoba", "object": "Natalia \\"Szynka\\" Ciesielska (Olajossy) - Kronika | Zdarzenie - 2025-05-09 12:00:00 - Przekazanie kluczy do miasta bolo\\u0144skim goliardom"}}, {"deleted": {"name": "Osoba", "object": "Kacper \\"Szogun\\" Wilk - Kronika | Zdarzenie - 2025-05-09 12:00:00 - Przekazanie kluczy do miasta bolo\\u0144skim goliardom"}}, {"deleted": {"name": "Osoba", "object": "Krysia Cholewa - Kronika | Zdarzenie - 2025-05-09 12:00:00 - Przekazanie kluczy do miasta bolo\\u0144skim goliardom"}}, {"deleted": {"name": "Osoba", "object": "Szymon \\"Tur\\" Zwias - Kronika | Zdarzenie - 2025-05-09 12:00:00 - Przekazanie kluczy do miasta bolo\\u0144skim goliardom"}}, {"deleted": {"name": "Osoba", "object": "Wiktoria \\"Wedel\\" Dole\\u017cych - Kronika | Zdarzenie - 2025-05-09 12:00:00 - Przekazanie kluczy do miasta bolo\\u0144skim goliardom"}}, {"deleted": {"name": "Osoba", "object": "Micha\\u0142 \\"Cukier/Ma\\u0142olata\\" Malata - Kronika | Zdarzenie - 2025-05-09 12:00:00 - Przekazanie kluczy do miasta bolo\\u0144skim goliardom"}}, {"deleted": {"name": "Osoba", "object": "Bart\\u0142omiej \\"Nobod\\" Grzeszykowski - Kronika | Zdarzenie - 2025-05-09 12:00:00 - Przekazanie kluczy do miasta bolo\\u0144skim goliardom"}}, {"deleted": {"name": "Osoba", "object": "Bartosz \\"Heniek\\" Hepek - Kronika | Zdarzenie - 2025-05-09 12:00:00 - Przekazanie kluczy do miasta bolo\\u0144skim goliardom"}}, {"deleted": {"name": "Osoba", "object": "Martyna \\"Bober\\" Kubiak - Kronika | Zdarzenie - 2025-05-09 12:00:00 - Przekazanie kluczy do miasta bolo\\u0144skim goliardom"}}, {"deleted": {"name": "Osoba", "object": "Sandra \\"Sander\\" Chandzlik - Kronika | Zdarzenie - 2025-05-09 12:00:00 - Przekazanie kluczy do miasta bolo\\u0144skim goliardom"}}, {"deleted": {"name": "Osoba", "object": "Maria \\"Felis\\" Turakiewicz - Kronika | Zdarzenie - 2025-05-09 12:00:00 - Przekazanie kluczy do miasta bolo\\u0144skim goliardom"}}, {"deleted": {"name": "Osoba", "object": "Herman \\"Stabilizator/Rakieta\\" Chekurda - Kronika | Zdarzenie - 2025-05-09 12:00:00 - Przekazanie kluczy do miasta bolo\\u0144skim goliardom"}}, {"deleted": {"name": "Osoba", "object": "Michalina \\"Allec\\" Kokosi\\u0144ska - Kronika | Zdarzenie - 2025-05-09 12:00:00 - Przekazanie kluczy do miasta bolo\\u0144skim goliardom"}}, {"deleted": {"name": "Osoba", "object": "Damian \\"Bandera/Buch\\" Zych - Kronika | Zdarzenie - 2025-05-09 12:00:00 - Przekazanie kluczy do miasta bolo\\u0144skim goliardom"}}, {"deleted": {"name": "Osoba", "object": "Dorota \\"Wa\\u0107panna/Doris\\" Dro\\u017cy\\u0144ska - Kronika | Zdarzenie - 2025-05-09 12:00:00 - Przekazanie kluczy do miasta bolo\\u0144skim goliardom"}}, {"deleted": {"name": "Osoba", "object": "Bart\\u0142omiej \\"Kucharz\\" Olajossy - Kronika | Zdarzenie - 2025-05-09 12:00:00 - Przekazanie kluczy do miasta bolo\\u0144skim goliardom"}}, {"deleted": {"name": "Osoba", "object": "Natalia \\"Szynka\\" Ciesielska (Olajossy) - Kronika | Zdarzenie - 2025-05-09 12:00:00 - Przekazanie kluczy do miasta bolo\\u0144skim goliardom"}}, {"deleted": {"name": "Osoba", "object": "Kacper \\"Szogun\\" Wilk - Kronika | Zdarzenie - 2025-05-09 12:00:00 - Przekazanie kluczy do miasta bolo\\u0144skim goliardom"}}, {"deleted": {"name": "Osoba", "object": "Krysia Cholewa - Kronika | Zdarzenie - 2025-05-09 12:00:00 - Przekazanie kluczy do miasta bolo\\u0144skim goliardom"}}, {"deleted": {"name": "Osoba", "object": "Szymon \\"Tur\\" Zwias - Kronika | Zdarzenie - 2025-05-09 12:00:00 - Przekazanie kluczy do miasta bolo\\u0144skim goliardom"}}, {"deleted": {"name": "Osoba", "object": "Wiktoria \\"Wedel\\" Dole\\u017cych - Kronika | Zdarzenie - 2025-05-09 12:00:00 - Przekazanie kluczy do miasta bolo\\u0144skim goliardom"}}]	20	1
882	2025-05-22 00:02:28.95711+02	22	2025-05-09 16:00:00 - Zwiedzanie MEUS	2	[{"deleted": {"name": "Osoba", "object": "Micha\\u0142 \\"Cukier/Ma\\u0142olata\\" Malata - Kronika | Zdarzenie - 2025-05-09 16:00:00 - Zwiedzanie MEUS"}}, {"deleted": {"name": "Osoba", "object": "Bart\\u0142omiej \\"Nobod\\" Grzeszykowski - Kronika | Zdarzenie - 2025-05-09 16:00:00 - Zwiedzanie MEUS"}}, {"deleted": {"name": "Osoba", "object": "Bartosz \\"Heniek\\" Hepek - Kronika | Zdarzenie - 2025-05-09 16:00:00 - Zwiedzanie MEUS"}}, {"deleted": {"name": "Osoba", "object": "Martyna \\"Bober\\" Kubiak - Kronika | Zdarzenie - 2025-05-09 16:00:00 - Zwiedzanie MEUS"}}, {"deleted": {"name": "Osoba", "object": "Sandra \\"Sander\\" Chandzlik - Kronika | Zdarzenie - 2025-05-09 16:00:00 - Zwiedzanie MEUS"}}, {"deleted": {"name": "Osoba", "object": "Maria \\"Felis\\" Turakiewicz - Kronika | Zdarzenie - 2025-05-09 16:00:00 - Zwiedzanie MEUS"}}, {"deleted": {"name": "Osoba", "object": "Herman \\"Stabilizator/Rakieta\\" Chekurda - Kronika | Zdarzenie - 2025-05-09 16:00:00 - Zwiedzanie MEUS"}}, {"deleted": {"name": "Osoba", "object": "Michalina \\"Allec\\" Kokosi\\u0144ska - Kronika | Zdarzenie - 2025-05-09 16:00:00 - Zwiedzanie MEUS"}}, {"deleted": {"name": "Osoba", "object": "Damian \\"Bandera/Buch\\" Zych - Kronika | Zdarzenie - 2025-05-09 16:00:00 - Zwiedzanie MEUS"}}, {"deleted": {"name": "Osoba", "object": "Dorota \\"Wa\\u0107panna/Doris\\" Dro\\u017cy\\u0144ska - Kronika | Zdarzenie - 2025-05-09 16:00:00 - Zwiedzanie MEUS"}}, {"deleted": {"name": "Osoba", "object": "Kacper \\"Szogun\\" Wilk - Kronika | Zdarzenie - 2025-05-09 16:00:00 - Zwiedzanie MEUS"}}, {"deleted": {"name": "Osoba", "object": "Krysia Cholewa - Kronika | Zdarzenie - 2025-05-09 16:00:00 - Zwiedzanie MEUS"}}, {"deleted": {"name": "Osoba", "object": "Szymon \\"Tur\\" Zwias - Kronika | Zdarzenie - 2025-05-09 16:00:00 - Zwiedzanie MEUS"}}, {"deleted": {"name": "Osoba", "object": "Micha\\u0142 \\"Cukier/Ma\\u0142olata\\" Malata - Kronika | Zdarzenie - 2025-05-09 16:00:00 - Zwiedzanie MEUS"}}, {"deleted": {"name": "Osoba", "object": "Bart\\u0142omiej \\"Nobod\\" Grzeszykowski - Kronika | Zdarzenie - 2025-05-09 16:00:00 - Zwiedzanie MEUS"}}, {"deleted": {"name": "Osoba", "object": "Bartosz \\"Heniek\\" Hepek - Kronika | Zdarzenie - 2025-05-09 16:00:00 - Zwiedzanie MEUS"}}, {"deleted": {"name": "Osoba", "object": "Martyna \\"Bober\\" Kubiak - Kronika | Zdarzenie - 2025-05-09 16:00:00 - Zwiedzanie MEUS"}}, {"deleted": {"name": "Osoba", "object": "Sandra \\"Sander\\" Chandzlik - Kronika | Zdarzenie - 2025-05-09 16:00:00 - Zwiedzanie MEUS"}}, {"deleted": {"name": "Osoba", "object": "Maria \\"Felis\\" Turakiewicz - Kronika | Zdarzenie - 2025-05-09 16:00:00 - Zwiedzanie MEUS"}}, {"deleted": {"name": "Osoba", "object": "Herman \\"Stabilizator/Rakieta\\" Chekurda - Kronika | Zdarzenie - 2025-05-09 16:00:00 - Zwiedzanie MEUS"}}, {"deleted": {"name": "Osoba", "object": "Michalina \\"Allec\\" Kokosi\\u0144ska - Kronika | Zdarzenie - 2025-05-09 16:00:00 - Zwiedzanie MEUS"}}, {"deleted": {"name": "Osoba", "object": "Damian \\"Bandera/Buch\\" Zych - Kronika | Zdarzenie - 2025-05-09 16:00:00 - Zwiedzanie MEUS"}}, {"deleted": {"name": "Osoba", "object": "Dorota \\"Wa\\u0107panna/Doris\\" Dro\\u017cy\\u0144ska - Kronika | Zdarzenie - 2025-05-09 16:00:00 - Zwiedzanie MEUS"}}, {"deleted": {"name": "Osoba", "object": "Bart\\u0142omiej \\"Kucharz\\" Olajossy - Kronika | Zdarzenie - 2025-05-09 16:00:00 - Zwiedzanie MEUS"}}, {"deleted": {"name": "Osoba", "object": "Natalia \\"Szynka\\" Ciesielska (Olajossy) - Kronika | Zdarzenie - 2025-05-09 16:00:00 - Zwiedzanie MEUS"}}, {"deleted": {"name": "Osoba", "object": "Kacper \\"Szogun\\" Wilk - Kronika | Zdarzenie - 2025-05-09 16:00:00 - Zwiedzanie MEUS"}}, {"deleted": {"name": "Osoba", "object": "Krysia Cholewa - Kronika | Zdarzenie - 2025-05-09 16:00:00 - Zwiedzanie MEUS"}}, {"deleted": {"name": "Osoba", "object": "Szymon \\"Tur\\" Zwias - Kronika | Zdarzenie - 2025-05-09 16:00:00 - Zwiedzanie MEUS"}}, {"deleted": {"name": "Osoba", "object": "Wiktoria \\"Wedel\\" Dole\\u017cych - Kronika | Zdarzenie - 2025-05-09 16:00:00 - Zwiedzanie MEUS"}}]	20	1
883	2025-05-22 00:03:23.707079+02	21	2025-05-09 17:00:00 - Uroczyste nadanie feluk nowym goliardom	2	[{"deleted": {"name": "Osoba", "object": "Micha\\u0142 \\"Cukier/Ma\\u0142olata\\" Malata - Kronika | Zdarzenie - 2025-05-09 17:00:00 - Uroczyste nadanie feluk nowym goliardom"}}, {"deleted": {"name": "Osoba", "object": "Bart\\u0142omiej \\"Nobod\\" Grzeszykowski - Kronika | Zdarzenie - 2025-05-09 17:00:00 - Uroczyste nadanie feluk nowym goliardom"}}, {"deleted": {"name": "Osoba", "object": "Bartosz \\"Heniek\\" Hepek - Kronika | Zdarzenie - 2025-05-09 17:00:00 - Uroczyste nadanie feluk nowym goliardom"}}, {"deleted": {"name": "Osoba", "object": "Martyna \\"Bober\\" Kubiak - Kronika | Zdarzenie - 2025-05-09 17:00:00 - Uroczyste nadanie feluk nowym goliardom"}}, {"deleted": {"name": "Osoba", "object": "Sandra \\"Sander\\" Chandzlik - Kronika | Zdarzenie - 2025-05-09 17:00:00 - Uroczyste nadanie feluk nowym goliardom"}}, {"deleted": {"name": "Osoba", "object": "Maria \\"Felis\\" Turakiewicz - Kronika | Zdarzenie - 2025-05-09 17:00:00 - Uroczyste nadanie feluk nowym goliardom"}}, {"deleted": {"name": "Osoba", "object": "Herman \\"Stabilizator/Rakieta\\" Chekurda - Kronika | Zdarzenie - 2025-05-09 17:00:00 - Uroczyste nadanie feluk nowym goliardom"}}, {"deleted": {"name": "Osoba", "object": "Michalina \\"Allec\\" Kokosi\\u0144ska - Kronika | Zdarzenie - 2025-05-09 17:00:00 - Uroczyste nadanie feluk nowym goliardom"}}, {"deleted": {"name": "Osoba", "object": "Damian \\"Bandera/Buch\\" Zych - Kronika | Zdarzenie - 2025-05-09 17:00:00 - Uroczyste nadanie feluk nowym goliardom"}}, {"deleted": {"name": "Osoba", "object": "Dorota \\"Wa\\u0107panna/Doris\\" Dro\\u017cy\\u0144ska - Kronika | Zdarzenie - 2025-05-09 17:00:00 - Uroczyste nadanie feluk nowym goliardom"}}, {"deleted": {"name": "Osoba", "object": "Bart\\u0142omiej \\"Kucharz\\" Olajossy - Kronika | Zdarzenie - 2025-05-09 17:00:00 - Uroczyste nadanie feluk nowym goliardom"}}, {"deleted": {"name": "Osoba", "object": "Natalia \\"Szynka\\" Ciesielska (Olajossy) - Kronika | Zdarzenie - 2025-05-09 17:00:00 - Uroczyste nadanie feluk nowym goliardom"}}, {"deleted": {"name": "Osoba", "object": "Kacper \\"Szogun\\" Wilk - Kronika | Zdarzenie - 2025-05-09 17:00:00 - Uroczyste nadanie feluk nowym goliardom"}}, {"deleted": {"name": "Osoba", "object": "Krysia Cholewa - Kronika | Zdarzenie - 2025-05-09 17:00:00 - Uroczyste nadanie feluk nowym goliardom"}}, {"deleted": {"name": "Osoba", "object": "Szymon \\"Tur\\" Zwias - Kronika | Zdarzenie - 2025-05-09 17:00:00 - Uroczyste nadanie feluk nowym goliardom"}}, {"deleted": {"name": "Osoba", "object": "Wiktoria \\"Wedel\\" Dole\\u017cych - Kronika | Zdarzenie - 2025-05-09 17:00:00 - Uroczyste nadanie feluk nowym goliardom"}}, {"deleted": {"name": "Osoba", "object": "Micha\\u0142 \\"Cukier/Ma\\u0142olata\\" Malata - Kronika | Zdarzenie - 2025-05-09 17:00:00 - Uroczyste nadanie feluk nowym goliardom"}}, {"deleted": {"name": "Osoba", "object": "Bart\\u0142omiej \\"Nobod\\" Grzeszykowski - Kronika | Zdarzenie - 2025-05-09 17:00:00 - Uroczyste nadanie feluk nowym goliardom"}}, {"deleted": {"name": "Osoba", "object": "Bartosz \\"Heniek\\" Hepek - Kronika | Zdarzenie - 2025-05-09 17:00:00 - Uroczyste nadanie feluk nowym goliardom"}}, {"deleted": {"name": "Osoba", "object": "Martyna \\"Bober\\" Kubiak - Kronika | Zdarzenie - 2025-05-09 17:00:00 - Uroczyste nadanie feluk nowym goliardom"}}, {"deleted": {"name": "Osoba", "object": "Sandra \\"Sander\\" Chandzlik - Kronika | Zdarzenie - 2025-05-09 17:00:00 - Uroczyste nadanie feluk nowym goliardom"}}, {"deleted": {"name": "Osoba", "object": "Maria \\"Felis\\" Turakiewicz - Kronika | Zdarzenie - 2025-05-09 17:00:00 - Uroczyste nadanie feluk nowym goliardom"}}, {"deleted": {"name": "Osoba", "object": "Herman \\"Stabilizator/Rakieta\\" Chekurda - Kronika | Zdarzenie - 2025-05-09 17:00:00 - Uroczyste nadanie feluk nowym goliardom"}}, {"deleted": {"name": "Osoba", "object": "Michalina \\"Allec\\" Kokosi\\u0144ska - Kronika | Zdarzenie - 2025-05-09 17:00:00 - Uroczyste nadanie feluk nowym goliardom"}}, {"deleted": {"name": "Osoba", "object": "Damian \\"Bandera/Buch\\" Zych - Kronika | Zdarzenie - 2025-05-09 17:00:00 - Uroczyste nadanie feluk nowym goliardom"}}, {"deleted": {"name": "Osoba", "object": "Dorota \\"Wa\\u0107panna/Doris\\" Dro\\u017cy\\u0144ska - Kronika | Zdarzenie - 2025-05-09 17:00:00 - Uroczyste nadanie feluk nowym goliardom"}}, {"deleted": {"name": "Osoba", "object": "Bart\\u0142omiej \\"Kucharz\\" Olajossy - Kronika | Zdarzenie - 2025-05-09 17:00:00 - Uroczyste nadanie feluk nowym goliardom"}}, {"deleted": {"name": "Osoba", "object": "Natalia \\"Szynka\\" Ciesielska (Olajossy) - Kronika | Zdarzenie - 2025-05-09 17:00:00 - Uroczyste nadanie feluk nowym goliardom"}}, {"deleted": {"name": "Osoba", "object": "Kacper \\"Szogun\\" Wilk - Kronika | Zdarzenie - 2025-05-09 17:00:00 - Uroczyste nadanie feluk nowym goliardom"}}, {"deleted": {"name": "Osoba", "object": "Krysia Cholewa - Kronika | Zdarzenie - 2025-05-09 17:00:00 - Uroczyste nadanie feluk nowym goliardom"}}, {"deleted": {"name": "Osoba", "object": "Szymon \\"Tur\\" Zwias - Kronika | Zdarzenie - 2025-05-09 17:00:00 - Uroczyste nadanie feluk nowym goliardom"}}, {"deleted": {"name": "Osoba", "object": "Wiktoria \\"Wedel\\" Dole\\u017cych - Kronika | Zdarzenie - 2025-05-09 17:00:00 - Uroczyste nadanie feluk nowym goliardom"}}]	20	1
884	2025-05-22 00:04:24.161085+02	19	2025-05-09 20:00:00 - Impreza ze stoiskami balli i muzyką	2	[{"deleted": {"name": "Osoba", "object": "Micha\\u0142 \\"Cukier/Ma\\u0142olata\\" Malata - Kronika | Zdarzenie - 2025-05-09 20:00:00 - Impreza ze stoiskami balli i muzyk\\u0105"}}, {"deleted": {"name": "Osoba", "object": "Bart\\u0142omiej \\"Nobod\\" Grzeszykowski - Kronika | Zdarzenie - 2025-05-09 20:00:00 - Impreza ze stoiskami balli i muzyk\\u0105"}}, {"deleted": {"name": "Osoba", "object": "Bartosz \\"Heniek\\" Hepek - Kronika | Zdarzenie - 2025-05-09 20:00:00 - Impreza ze stoiskami balli i muzyk\\u0105"}}, {"deleted": {"name": "Osoba", "object": "Martyna \\"Bober\\" Kubiak - Kronika | Zdarzenie - 2025-05-09 20:00:00 - Impreza ze stoiskami balli i muzyk\\u0105"}}, {"deleted": {"name": "Osoba", "object": "Sandra \\"Sander\\" Chandzlik - Kronika | Zdarzenie - 2025-05-09 20:00:00 - Impreza ze stoiskami balli i muzyk\\u0105"}}, {"deleted": {"name": "Osoba", "object": "Maria \\"Felis\\" Turakiewicz - Kronika | Zdarzenie - 2025-05-09 20:00:00 - Impreza ze stoiskami balli i muzyk\\u0105"}}, {"deleted": {"name": "Osoba", "object": "Herman \\"Stabilizator/Rakieta\\" Chekurda - Kronika | Zdarzenie - 2025-05-09 20:00:00 - Impreza ze stoiskami balli i muzyk\\u0105"}}, {"deleted": {"name": "Osoba", "object": "Michalina \\"Allec\\" Kokosi\\u0144ska - Kronika | Zdarzenie - 2025-05-09 20:00:00 - Impreza ze stoiskami balli i muzyk\\u0105"}}, {"deleted": {"name": "Osoba", "object": "Damian \\"Bandera/Buch\\" Zych - Kronika | Zdarzenie - 2025-05-09 20:00:00 - Impreza ze stoiskami balli i muzyk\\u0105"}}, {"deleted": {"name": "Osoba", "object": "Dorota \\"Wa\\u0107panna/Doris\\" Dro\\u017cy\\u0144ska - Kronika | Zdarzenie - 2025-05-09 20:00:00 - Impreza ze stoiskami balli i muzyk\\u0105"}}, {"deleted": {"name": "Osoba", "object": "Bart\\u0142omiej \\"Kucharz\\" Olajossy - Kronika | Zdarzenie - 2025-05-09 20:00:00 - Impreza ze stoiskami balli i muzyk\\u0105"}}, {"deleted": {"name": "Osoba", "object": "Natalia \\"Szynka\\" Ciesielska (Olajossy) - Kronika | Zdarzenie - 2025-05-09 20:00:00 - Impreza ze stoiskami balli i muzyk\\u0105"}}, {"deleted": {"name": "Osoba", "object": "Kacper \\"Szogun\\" Wilk - Kronika | Zdarzenie - 2025-05-09 20:00:00 - Impreza ze stoiskami balli i muzyk\\u0105"}}, {"deleted": {"name": "Osoba", "object": "Krysia Cholewa - Kronika | Zdarzenie - 2025-05-09 20:00:00 - Impreza ze stoiskami balli i muzyk\\u0105"}}, {"deleted": {"name": "Osoba", "object": "Szymon \\"Tur\\" Zwias - Kronika | Zdarzenie - 2025-05-09 20:00:00 - Impreza ze stoiskami balli i muzyk\\u0105"}}, {"deleted": {"name": "Osoba", "object": "Wiktoria \\"Wedel\\" Dole\\u017cych - Kronika | Zdarzenie - 2025-05-09 20:00:00 - Impreza ze stoiskami balli i muzyk\\u0105"}}, {"deleted": {"name": "Osoba", "object": "Micha\\u0142 \\"Cukier/Ma\\u0142olata\\" Malata - Kronika | Zdarzenie - 2025-05-09 20:00:00 - Impreza ze stoiskami balli i muzyk\\u0105"}}, {"deleted": {"name": "Osoba", "object": "Bart\\u0142omiej \\"Nobod\\" Grzeszykowski - Kronika | Zdarzenie - 2025-05-09 20:00:00 - Impreza ze stoiskami balli i muzyk\\u0105"}}, {"deleted": {"name": "Osoba", "object": "Bartosz \\"Heniek\\" Hepek - Kronika | Zdarzenie - 2025-05-09 20:00:00 - Impreza ze stoiskami balli i muzyk\\u0105"}}, {"deleted": {"name": "Osoba", "object": "Martyna \\"Bober\\" Kubiak - Kronika | Zdarzenie - 2025-05-09 20:00:00 - Impreza ze stoiskami balli i muzyk\\u0105"}}, {"deleted": {"name": "Osoba", "object": "Sandra \\"Sander\\" Chandzlik - Kronika | Zdarzenie - 2025-05-09 20:00:00 - Impreza ze stoiskami balli i muzyk\\u0105"}}, {"deleted": {"name": "Osoba", "object": "Maria \\"Felis\\" Turakiewicz - Kronika | Zdarzenie - 2025-05-09 20:00:00 - Impreza ze stoiskami balli i muzyk\\u0105"}}, {"deleted": {"name": "Osoba", "object": "Herman \\"Stabilizator/Rakieta\\" Chekurda - Kronika | Zdarzenie - 2025-05-09 20:00:00 - Impreza ze stoiskami balli i muzyk\\u0105"}}, {"deleted": {"name": "Osoba", "object": "Michalina \\"Allec\\" Kokosi\\u0144ska - Kronika | Zdarzenie - 2025-05-09 20:00:00 - Impreza ze stoiskami balli i muzyk\\u0105"}}, {"deleted": {"name": "Osoba", "object": "Damian \\"Bandera/Buch\\" Zych - Kronika | Zdarzenie - 2025-05-09 20:00:00 - Impreza ze stoiskami balli i muzyk\\u0105"}}, {"deleted": {"name": "Osoba", "object": "Dorota \\"Wa\\u0107panna/Doris\\" Dro\\u017cy\\u0144ska - Kronika | Zdarzenie - 2025-05-09 20:00:00 - Impreza ze stoiskami balli i muzyk\\u0105"}}, {"deleted": {"name": "Osoba", "object": "Bart\\u0142omiej \\"Kucharz\\" Olajossy - Kronika | Zdarzenie - 2025-05-09 20:00:00 - Impreza ze stoiskami balli i muzyk\\u0105"}}, {"deleted": {"name": "Osoba", "object": "Natalia \\"Szynka\\" Ciesielska (Olajossy) - Kronika | Zdarzenie - 2025-05-09 20:00:00 - Impreza ze stoiskami balli i muzyk\\u0105"}}, {"deleted": {"name": "Osoba", "object": "Kacper \\"Szogun\\" Wilk - Kronika | Zdarzenie - 2025-05-09 20:00:00 - Impreza ze stoiskami balli i muzyk\\u0105"}}, {"deleted": {"name": "Osoba", "object": "Krysia Cholewa - Kronika | Zdarzenie - 2025-05-09 20:00:00 - Impreza ze stoiskami balli i muzyk\\u0105"}}, {"deleted": {"name": "Osoba", "object": "Szymon \\"Tur\\" Zwias - Kronika | Zdarzenie - 2025-05-09 20:00:00 - Impreza ze stoiskami balli i muzyk\\u0105"}}, {"deleted": {"name": "Osoba", "object": "Wiktoria \\"Wedel\\" Dole\\u017cych - Kronika | Zdarzenie - 2025-05-09 20:00:00 - Impreza ze stoiskami balli i muzyk\\u0105"}}]	20	1
885	2025-05-22 00:04:41.510828+02	24	2025-05-10 14:00:00 - Darmowy lunch dla uczestników parady	2	[]	20	1
886	2025-05-22 00:05:15.441689+02	23	2025-05-10 12:00:00 - Parada przebierana	2	[{"deleted": {"name": "Osoba", "object": "Micha\\u0142 \\"Cukier/Ma\\u0142olata\\" Malata - Kronika | Zdarzenie - 2025-05-10 12:00:00 - Parada przebierana"}}, {"deleted": {"name": "Osoba", "object": "Bart\\u0142omiej \\"Nobod\\" Grzeszykowski - Kronika | Zdarzenie - 2025-05-10 12:00:00 - Parada przebierana"}}, {"deleted": {"name": "Osoba", "object": "Bartosz \\"Heniek\\" Hepek - Kronika | Zdarzenie - 2025-05-10 12:00:00 - Parada przebierana"}}, {"deleted": {"name": "Osoba", "object": "Martyna \\"Bober\\" Kubiak - Kronika | Zdarzenie - 2025-05-10 12:00:00 - Parada przebierana"}}, {"deleted": {"name": "Osoba", "object": "Sandra \\"Sander\\" Chandzlik - Kronika | Zdarzenie - 2025-05-10 12:00:00 - Parada przebierana"}}, {"deleted": {"name": "Osoba", "object": "Maria \\"Felis\\" Turakiewicz - Kronika | Zdarzenie - 2025-05-10 12:00:00 - Parada przebierana"}}, {"deleted": {"name": "Osoba", "object": "Herman \\"Stabilizator/Rakieta\\" Chekurda - Kronika | Zdarzenie - 2025-05-10 12:00:00 - Parada przebierana"}}, {"deleted": {"name": "Osoba", "object": "Michalina \\"Allec\\" Kokosi\\u0144ska - Kronika | Zdarzenie - 2025-05-10 12:00:00 - Parada przebierana"}}, {"deleted": {"name": "Osoba", "object": "Damian \\"Bandera/Buch\\" Zych - Kronika | Zdarzenie - 2025-05-10 12:00:00 - Parada przebierana"}}, {"deleted": {"name": "Osoba", "object": "Dorota \\"Wa\\u0107panna/Doris\\" Dro\\u017cy\\u0144ska - Kronika | Zdarzenie - 2025-05-10 12:00:00 - Parada przebierana"}}, {"deleted": {"name": "Osoba", "object": "Bart\\u0142omiej \\"Kucharz\\" Olajossy - Kronika | Zdarzenie - 2025-05-10 12:00:00 - Parada przebierana"}}, {"deleted": {"name": "Osoba", "object": "Natalia \\"Szynka\\" Ciesielska (Olajossy) - Kronika | Zdarzenie - 2025-05-10 12:00:00 - Parada przebierana"}}, {"deleted": {"name": "Osoba", "object": "Kacper \\"Szogun\\" Wilk - Kronika | Zdarzenie - 2025-05-10 12:00:00 - Parada przebierana"}}, {"deleted": {"name": "Osoba", "object": "Krysia Cholewa - Kronika | Zdarzenie - 2025-05-10 12:00:00 - Parada przebierana"}}, {"deleted": {"name": "Osoba", "object": "Szymon \\"Tur\\" Zwias - Kronika | Zdarzenie - 2025-05-10 12:00:00 - Parada przebierana"}}, {"deleted": {"name": "Osoba", "object": "Wiktoria \\"Wedel\\" Dole\\u017cych - Kronika | Zdarzenie - 2025-05-10 12:00:00 - Parada przebierana"}}]	20	1
919	2025-05-22 23:57:47.42696+02	26	2025-05-08 - 2025-05-11: Zagraniczny "Faerie Matricularum"	2	[{"added": {"name": "Zdarzenie", "object": "2025-05-10 15:00:00 - Pub Crawl"}}, {"added": {"name": "Zdarzenie", "object": "2025-05-10 19:00:00 - Impreza z muzyk\\u0105 w Giardini Filippo Re"}}, {"added": {"name": "Zdarzenie", "object": "2025-05-11 14:00:00 - Wy\\u015bcig gokart\\u00f3w"}}, {"added": {"name": "Zdarzenie", "object": "2025-05-11 16:00:00 - Zwiedzanie Piazza Magiore"}}]	19	1
920	2025-05-23 00:01:38.838414+02	25	2025-05-10 15:00:00 - Pub Crawl	2	[{"changed": {"fields": ["Opis"]}}, {"deleted": {"name": "Osoba", "object": "Micha\\u0142 \\"Cukier/Ma\\u0142olata\\" Malata - Kronika | Zdarzenie - 2025-05-10 15:00:00 - Pub Crawl"}}, {"deleted": {"name": "Osoba", "object": "Martyna \\"Bober\\" Kubiak - Kronika | Zdarzenie - 2025-05-10 15:00:00 - Pub Crawl"}}, {"deleted": {"name": "Osoba", "object": "Damian \\"Bandera/Buch\\" Zych - Kronika | Zdarzenie - 2025-05-10 15:00:00 - Pub Crawl"}}, {"deleted": {"name": "Osoba", "object": "Dorota \\"Wa\\u0107panna/Doris\\" Dro\\u017cy\\u0144ska - Kronika | Zdarzenie - 2025-05-10 15:00:00 - Pub Crawl"}}]	20	1
921	2025-05-23 00:04:09.364728+02	26	2025-05-10 19:00:00 - Impreza z muzyką w Giardini Filippo Re	2	[{"changed": {"fields": ["Opis"]}}, {"deleted": {"name": "Osoba", "object": "Micha\\u0142 \\"Cukier/Ma\\u0142olata\\" Malata - Kronika | Zdarzenie - 2025-05-10 19:00:00 - Impreza z muzyk\\u0105 w Giardini Filippo Re"}}, {"deleted": {"name": "Osoba", "object": "Martyna \\"Bober\\" Kubiak - Kronika | Zdarzenie - 2025-05-10 19:00:00 - Impreza z muzyk\\u0105 w Giardini Filippo Re"}}, {"deleted": {"name": "Osoba", "object": "Krysia Cholewa - Kronika | Zdarzenie - 2025-05-10 19:00:00 - Impreza z muzyk\\u0105 w Giardini Filippo Re"}}]	20	1
922	2025-05-23 00:18:03.149259+02	27	2025-05-11 14:00:00 - Wyścig gokartów	2	[{"changed": {"fields": ["Opis"]}}, {"deleted": {"name": "Osoba", "object": "Maria \\"Felis\\" Turakiewicz - Kronika | Zdarzenie - 2025-05-11 14:00:00 - Wy\\u015bcig gokart\\u00f3w"}}, {"deleted": {"name": "Osoba", "object": "Krysia Cholewa - Kronika | Zdarzenie - 2025-05-11 14:00:00 - Wy\\u015bcig gokart\\u00f3w"}}]	20	1
923	2025-05-23 00:29:23.807654+02	28	2025-05-11 16:00:00 - Zwiedzanie Piazza Magiore	2	[{"changed": {"fields": ["Opis"]}}, {"deleted": {"name": "Osoba", "object": "Maria \\"Felis\\" Turakiewicz - Kronika | Zdarzenie - 2025-05-11 16:00:00 - Zwiedzanie Piazza Magiore"}}, {"deleted": {"name": "Osoba", "object": "Damian \\"Bandera/Buch\\" Zych - Kronika | Zdarzenie - 2025-05-11 16:00:00 - Zwiedzanie Piazza Magiore"}}, {"deleted": {"name": "Osoba", "object": "Dorota \\"Wa\\u0107panna/Doris\\" Dro\\u017cy\\u0144ska - Kronika | Zdarzenie - 2025-05-11 16:00:00 - Zwiedzanie Piazza Magiore"}}, {"deleted": {"name": "Osoba", "object": "Bart\\u0142omiej \\"Kucharz\\" Olajossy - Kronika | Zdarzenie - 2025-05-11 16:00:00 - Zwiedzanie Piazza Magiore"}}, {"deleted": {"name": "Osoba", "object": "Natalia \\"Szynka\\" Ciesielska (Olajossy) - Kronika | Zdarzenie - 2025-05-11 16:00:00 - Zwiedzanie Piazza Magiore"}}, {"deleted": {"name": "Osoba", "object": "Krysia Cholewa - Kronika | Zdarzenie - 2025-05-11 16:00:00 - Zwiedzanie Piazza Magiore"}}]	20	1
924	2025-05-23 00:30:18.865689+02	26	2025-05-08 - 2025-05-11: Zagraniczny "Faerie Matricularum"	2	[{"added": {"name": "Zdarzenie", "object": "2025-05-11 19:00:00 - Kolacje wszystkich balli"}}]	19	1
925	2025-05-23 00:30:53.1592+02	29	2025-05-11 19:00:00 - Kolacje wszystkich balli	2	[{"deleted": {"name": "Osoba", "object": "Bartosz \\"Heniek\\" Hepek - Kronika | Zdarzenie - 2025-05-11 19:00:00 - Kolacje wszystkich balli"}}, {"deleted": {"name": "Osoba", "object": "Martyna \\"Bober\\" Kubiak - Kronika | Zdarzenie - 2025-05-11 19:00:00 - Kolacje wszystkich balli"}}, {"deleted": {"name": "Osoba", "object": "Sandra \\"Sander\\" Chandzlik - Kronika | Zdarzenie - 2025-05-11 19:00:00 - Kolacje wszystkich balli"}}, {"deleted": {"name": "Osoba", "object": "Maria \\"Felis\\" Turakiewicz - Kronika | Zdarzenie - 2025-05-11 19:00:00 - Kolacje wszystkich balli"}}, {"deleted": {"name": "Osoba", "object": "Herman \\"Stabilizator/Rakieta\\" Chekurda - Kronika | Zdarzenie - 2025-05-11 19:00:00 - Kolacje wszystkich balli"}}, {"deleted": {"name": "Osoba", "object": "Michalina \\"Allec\\" Kokosi\\u0144ska - Kronika | Zdarzenie - 2025-05-11 19:00:00 - Kolacje wszystkich balli"}}, {"deleted": {"name": "Osoba", "object": "Damian \\"Bandera/Buch\\" Zych - Kronika | Zdarzenie - 2025-05-11 19:00:00 - Kolacje wszystkich balli"}}, {"deleted": {"name": "Osoba", "object": "Dorota \\"Wa\\u0107panna/Doris\\" Dro\\u017cy\\u0144ska - Kronika | Zdarzenie - 2025-05-11 19:00:00 - Kolacje wszystkich balli"}}, {"deleted": {"name": "Osoba", "object": "Bart\\u0142omiej \\"Kucharz\\" Olajossy - Kronika | Zdarzenie - 2025-05-11 19:00:00 - Kolacje wszystkich balli"}}, {"deleted": {"name": "Osoba", "object": "Natalia \\"Szynka\\" Ciesielska (Olajossy) - Kronika | Zdarzenie - 2025-05-11 19:00:00 - Kolacje wszystkich balli"}}, {"deleted": {"name": "Osoba", "object": "Kacper \\"Szogun\\" Wilk - Kronika | Zdarzenie - 2025-05-11 19:00:00 - Kolacje wszystkich balli"}}, {"deleted": {"name": "Osoba", "object": "Krysia Cholewa - Kronika | Zdarzenie - 2025-05-11 19:00:00 - Kolacje wszystkich balli"}}, {"deleted": {"name": "Osoba", "object": "Szymon \\"Tur\\" Zwias - Kronika | Zdarzenie - 2025-05-11 19:00:00 - Kolacje wszystkich balli"}}, {"deleted": {"name": "Osoba", "object": "Wiktoria \\"Wedel\\" Dole\\u017cych - Kronika | Zdarzenie - 2025-05-11 19:00:00 - Kolacje wszystkich balli"}}]	20	1
926	2025-05-23 00:32:22.065343+02	26	2025-05-10 19:00:00 - Impreza z muzyką w Giardini Filippo Re	2	[{"changed": {"fields": ["Opis"]}}]	20	1
927	2025-05-23 00:37:40.430224+02	30	Port Lotniczy Bolonia - Lotnisko, Via del Triumvirato, 84, Bolonia, Włochy	1	[{"added": {}}]	16	1
928	2025-05-23 00:39:07.360334+02	26	2025-05-08 - 2025-05-11: Zagraniczny "Faerie Matricularum"	2	[{"changed": {"fields": ["Miejsca"]}}, {"added": {"name": "Zdarzenie", "object": "2025-05-08 06:30:00 - Podr\\u00f3\\u017c z buta do centrum"}}]	19	1
929	2025-05-23 00:48:00.738142+02	30	2025-05-08 06:30:00 - Podróż z buta do centrum	2	[{"changed": {"fields": ["Opis"]}}, {"deleted": {"name": "Osoba", "object": "Micha\\u0142 \\"Cukier/Ma\\u0142olata\\" Malata - Kronika | Zdarzenie - 2025-05-08 06:30:00 - Podr\\u00f3\\u017c z buta do centrum"}}, {"deleted": {"name": "Osoba", "object": "Bart\\u0142omiej \\"Nobod\\" Grzeszykowski - Kronika | Zdarzenie - 2025-05-08 06:30:00 - Podr\\u00f3\\u017c z buta do centrum"}}, {"deleted": {"name": "Osoba", "object": "Martyna \\"Bober\\" Kubiak - Kronika | Zdarzenie - 2025-05-08 06:30:00 - Podr\\u00f3\\u017c z buta do centrum"}}, {"deleted": {"name": "Osoba", "object": "Damian \\"Bandera/Buch\\" Zych - Kronika | Zdarzenie - 2025-05-08 06:30:00 - Podr\\u00f3\\u017c z buta do centrum"}}, {"deleted": {"name": "Osoba", "object": "Dorota \\"Wa\\u0107panna/Doris\\" Dro\\u017cy\\u0144ska - Kronika | Zdarzenie - 2025-05-08 06:30:00 - Podr\\u00f3\\u017c z buta do centrum"}}, {"deleted": {"name": "Osoba", "object": "Bart\\u0142omiej \\"Kucharz\\" Olajossy - Kronika | Zdarzenie - 2025-05-08 06:30:00 - Podr\\u00f3\\u017c z buta do centrum"}}, {"deleted": {"name": "Osoba", "object": "Natalia \\"Szynka\\" Ciesielska (Olajossy) - Kronika | Zdarzenie - 2025-05-08 06:30:00 - Podr\\u00f3\\u017c z buta do centrum"}}, {"added": {"name": "Zdj\\u0119cie ze zdarzenia", "object": "Podr\\u00f3\\u017c z buta do centrum - Mural kotki 2025-05-08"}}, {"added": {"name": "Zdj\\u0119cie ze zdarzenia", "object": "Podr\\u00f3\\u017c z buta do centrum - Posterunek karabinieri 2025-05-08"}}, {"added": {"name": "Zdj\\u0119cie ze zdarzenia", "object": "Podr\\u00f3\\u017c z buta do centrum - Punkt zbi\\u00f3rkowy - fontanna Neptuna 2025-05-08"}}, {"added": {"name": "Zdj\\u0119cie ze zdarzenia", "object": "Podr\\u00f3\\u017c z buta do centrum - Jaka\\u015b kaplica 2025-05-08"}}]	20	1
930	2025-06-09 18:12:16.016556+02	160	Zofia Krasińska	3		7	1
931	2025-06-22 13:33:24.92777+02	175	Czapka "BCS UJ" 	1	[{"added": {}}]	7	1
932	2025-06-22 21:46:52.383472+02	2	Agata Grochowina	2	[{"changed": {"fields": ["Rok pojawienia si\\u0119", "Pewno\\u015b\\u0107 daty sta\\u017cu", "Rok chrztu", "Miesi\\u0105c chrztu", "Dzie\\u0144 chrztu"]}}]	7	1
933	2025-06-22 21:53:34.730919+02	157	Zdzisław "Profesor" Gajda	2	[{"changed": {"fields": ["Pewno\\u015b\\u0107 daty sta\\u017cu", "Ochrzczony?", "Rok chrztu"]}}]	7	1
934	2025-06-22 22:14:36.465982+02	116	Michał "Cukier/Małolata" Malata	2	[{"changed": {"fields": ["przezwiska", "Pewno\\u015b\\u0107 daty sta\\u017cu"]}}]	7	1
935	2025-06-22 22:15:18.704259+02	116	Michał "Cukier/Małolata" Malata	2	[{"changed": {"fields": ["Drugi rodzic czapkowy"]}}]	7	1
936	2025-06-22 22:16:42.502725+02	163	Nie dotyczy	3		7	1
937	2025-06-22 22:17:14.298061+02	162	Nie wiem	3		7	1
938	2025-07-01 12:10:58.436575+02	170	Nie "Czapka" wiem	2	[{"changed": {"fields": ["Wpisz imi\\u0119 czapkowe:"]}}]	7	1
939	2025-07-01 12:14:15.196295+02	170	Nie "Nie wiem" wiem	2	[{"changed": {"fields": ["Wpisz imi\\u0119 czapkowe:"]}}]	7	1
940	2025-07-01 12:15:33.270339+02	170	Nie wiem	2	[{"changed": {"fields": ["Imi\\u0119 czapkowe"]}}]	7	1
941	2025-07-01 12:15:44.47964+02	170	Nie wiem	2	[]	7	1
942	2025-07-01 13:20:06.297691+02	2	Agata Grochowina	2	[]	7	1
943	2025-07-01 13:20:53.168714+02	2	Agata Grochowina	2	[{"changed": {"fields": ["Rodzic czapkowy"]}}]	7	1
944	2025-07-01 13:21:05.899455+02	2	Agata Grochowina	2	[{"changed": {"fields": ["Drugi rodzic czapkowy"]}}]	7	1
946	2025-07-01 13:23:38.124027+02	22	Anna Wyroba	2	[{"changed": {"fields": ["Pewno\\u015b\\u0107 daty sta\\u017cu", "Rodzic czapkowy", "Drugi rodzic czapkowy"]}}]	7	1
947	2025-07-01 13:24:07.219695+02	49	Eryk Królczyk	2	[{"changed": {"fields": ["Pewno\\u015b\\u0107 daty sta\\u017cu", "Rodzic czapkowy", "Drugi rodzic czapkowy"]}}]	7	1
948	2025-07-01 13:24:46.998394+02	79	Katarzyna Smuga	2	[{"changed": {"fields": ["Pewno\\u015b\\u0107 daty sta\\u017cu", "Rodzic czapkowy", "Drugi rodzic czapkowy"]}}]	7	1
949	2025-07-01 13:25:16.065866+02	80	Katarzyna Żanowska	2	[{"changed": {"fields": ["Pewno\\u015b\\u0107 daty sta\\u017cu", "Rodzic czapkowy", "Drugi rodzic czapkowy"]}}]	7	1
950	2025-07-01 13:25:48.758609+02	87	Krzysztof Tomczyk	2	[{"changed": {"fields": ["Pewno\\u015b\\u0107 daty sta\\u017cu", "Rodzic czapkowy", "Drugi rodzic czapkowy"]}}]	7	1
951	2025-07-01 13:26:12.063034+02	92	Maciej Hyla	2	[{"changed": {"fields": ["Pewno\\u015b\\u0107 daty sta\\u017cu", "Rodzic czapkowy", "Drugi rodzic czapkowy"]}}]	7	1
952	2025-07-01 13:26:38.234358+02	100	Małgorzata Lurzyńska	2	[{"changed": {"fields": ["Pewno\\u015b\\u0107 daty sta\\u017cu", "Rodzic czapkowy", "Drugi rodzic czapkowy"]}}]	7	1
953	2025-07-01 13:27:12.964092+02	103	Marcin "Martinus" Loch	2	[{"changed": {"fields": ["Pewno\\u015b\\u0107 daty sta\\u017cu", "Rodzic czapkowy", "Drugi rodzic czapkowy"]}}]	7	1
954	2025-07-01 13:27:31.999993+02	122	Natalia Stachura	2	[{"changed": {"fields": ["Pewno\\u015b\\u0107 daty sta\\u017cu", "Rodzic czapkowy", "Drugi rodzic czapkowy"]}}]	7	1
955	2025-07-01 13:28:04.89329+02	132	Paweł Grzegorczyk	2	[{"changed": {"fields": ["Pewno\\u015b\\u0107 daty sta\\u017cu", "Rodzic czapkowy", "Drugi rodzic czapkowy"]}}]	7	1
956	2025-07-01 13:28:43.721139+02	135	Piotr Bulica	2	[{"changed": {"fields": ["Pewno\\u015b\\u0107 daty sta\\u017cu", "Rodzic czapkowy", "Drugi rodzic czapkowy"]}}]	7	1
957	2025-07-01 13:31:19.87139+02	157	Zdzisław "Profesor" Gajda	2	[{"changed": {"fields": ["Rodzic czapkowy", "Drugi rodzic czapkowy"]}}]	7	1
958	2025-07-01 13:33:34.031502+02	157	Zdzisław "Profesor" Gajda	2	[]	7	1
959	2025-07-01 13:33:49.922194+02	175	Czapka "BCS UJ" 	3		7	1
960	2025-07-01 13:43:17.845048+02	176	Czapka "BCS UJ" 	1	[{"added": {}}]	7	1
961	2025-07-01 15:31:51.371628+02	68	Kamila Rozesłaniec	2	[{"changed": {"fields": ["Pewno\\u015b\\u0107 daty sta\\u017cu", "Drugi rodzic czapkowy"]}}]	7	1
962	2025-07-01 15:41:10.4531+02	10	Aleksander Wędrychowski	2	[{"changed": {"fields": ["Pewno\\u015b\\u0107 daty sta\\u017cu", "Drugi rodzic czapkowy"]}}]	7	1
963	2025-07-01 15:41:18.124254+02	10	Aleksander Wędrychowski	2	[{"changed": {"fields": ["Drugi rodzic czapkowy"]}}]	7	1
964	2025-07-01 15:52:32.381001+02	10	Aleksander Wędrychowski	2	[]	7	1
965	2025-07-01 15:53:09.204438+02	12	Aleksandra Król	2	[{"changed": {"fields": ["Pewno\\u015b\\u0107 daty sta\\u017cu"]}}]	7	1
966	2025-07-01 15:54:25.297195+02	17	Aneta Galara	2	[{"changed": {"fields": ["Pewno\\u015b\\u0107 daty sta\\u017cu"]}}]	7	1
967	2025-07-01 16:18:50.23584+02	134	Paweł Nawrot	2	[{"changed": {"fields": ["Pewno\\u015b\\u0107 daty sta\\u017cu"]}}]	7	1
968	2025-07-01 16:20:28.842212+02	134	Paweł Nawrot	2	[{"changed": {"fields": ["Drugi rodzic czapkowy"]}}]	7	1
969	2025-07-01 16:43:04.598887+02	115	Michał Lenik	2	[{"changed": {"fields": ["Pewno\\u015b\\u0107 daty sta\\u017cu"]}}]	7	1
970	2025-07-01 17:02:55.756871+02	1	Adrianna "Adrenalina/Chupa Chups" Kapelak	2	[{"changed": {"fields": ["Pewno\\u015b\\u0107 daty sta\\u017cu"]}}]	7	1
971	2025-07-01 17:03:51.285847+02	3	Agnieszka "Avis" Albrychiewicz	2	[{"changed": {"fields": ["Pewno\\u015b\\u0107 daty sta\\u017cu"]}}]	7	1
972	2025-07-01 17:15:37.148586+02	148	Tadeusz "Kumdo/Tadek" Hessel	2	[{"changed": {"fields": ["Pewno\\u015b\\u0107 daty sta\\u017cu"]}}]	7	1
973	2025-07-01 17:15:57.455719+02	151	Urszula Kasprzyk	2	[{"changed": {"fields": ["Pewno\\u015b\\u0107 daty sta\\u017cu"]}}]	7	1
974	2025-07-01 17:16:23.824276+02	133	Paweł "Synek" Mucha	2	[{"changed": {"fields": ["Pewno\\u015b\\u0107 daty sta\\u017cu"]}}]	7	1
975	2025-07-01 17:16:41.323518+02	142	Roksana Kidawa	2	[{"changed": {"fields": ["Pewno\\u015b\\u0107 daty sta\\u017cu"]}}]	7	1
976	2025-07-01 17:17:00.603391+02	153	Wawrzyniec "Wawrzyn" Ordziniak	2	[{"changed": {"fields": ["Pewno\\u015b\\u0107 daty sta\\u017cu"]}}]	7	1
977	2025-07-01 18:06:46.525599+02	176	Czapka "" 	2	[{"changed": {"fields": ["Imi\\u0119 czapkowe", "Wpisz imi\\u0119 czapkowe:"]}}]	7	1
978	2025-07-01 18:07:14.421947+02	176	Czapka "" 	2	[{"changed": {"fields": ["Imi\\u0119 czapkowe"]}}]	7	1
979	2025-07-01 18:07:38.336993+02	176	Czapka "" 	2	[{"changed": {"fields": ["Imi\\u0119 czapkowe"]}}]	7	1
980	2025-07-01 18:07:50.380177+02	176	Czapka "" 	2	[{"changed": {"fields": ["Imi\\u0119 czapkowe"]}}]	7	1
981	2025-07-01 18:10:37.54106+02	176	Czapka "Nie dotyczy" 	2	[{"changed": {"fields": ["Wpisz imi\\u0119 czapkowe:"]}}]	7	1
982	2025-07-01 18:10:44.754595+02	176	Czapka 	2	[{"changed": {"fields": ["Imi\\u0119 czapkowe"]}}]	7	1
983	2025-07-04 14:27:22.41977+02	170	Nie "Czapka" wiem	2	[{"changed": {"fields": ["przezwiska", "Ochrzczony?", "Rok chrztu", "Rodzic czapkowy", "Drugi rodzic czapkowy"]}}]	7	1
984	2025-07-04 14:27:36.811211+02	170	Nie wiem	2	[{"changed": {"fields": ["przezwiska"]}}]	7	1
985	2025-07-04 23:44:16.799956+02	176	Czapka 	3		7	1
986	2025-07-06 11:27:05.074579+02	63	Joanna "Aśka" Lorenc	2	[{"changed": {"fields": ["Miesi\\u0105c chrztu", "Dzie\\u0144 chrztu"]}}]	7	1
987	2025-07-06 11:27:26.767476+02	128	Patryk Gujda	2	[{"changed": {"fields": ["Rok pojawienia si\\u0119", "Pewno\\u015b\\u0107 daty sta\\u017cu"]}}]	7	1
988	2025-07-06 11:34:05.383739+02	53	Grażyna "Malina" Malinowska	2	[{"changed": {"fields": ["Rok pojawienia si\\u0119"]}}]	7	1
989	2025-07-06 15:35:16.259737+02	147	Szymon "Lewe Jądro w Ciemności" Stankiewicz	2	[{"changed": {"fields": ["Ochrzczony?"]}}]	7	1
990	2025-07-06 15:35:27.135328+02	147	Szymon "Lewe Jądro w Ciemności" Stankiewicz	2	[]	7	1
991	2025-07-06 15:39:26.405519+02	51	Gabriela Michalik (Mucha)	2	[{"changed": {"fields": ["Rok pojawienia si\\u0119"]}}]	7	1
992	2025-07-06 23:02:26.040793+02	177	Czapka "BCS UJ" 	1	[{"added": {}}]	7	1
993	2025-07-06 23:03:19.177742+02	90	Łukasz "Yoda" Pryk	2	[{"changed": {"fields": ["Drugi rodzic czapkowy"]}}]	7	1
994	2025-07-06 23:04:43.066128+02	170	Nie wiem	2	[{"changed": {"fields": ["Rodzic czapkowy", "Drugi rodzic czapkowy"]}}]	7	1
995	2025-07-10 18:58:38.71523+02	23	2025-05-14: Akcja "Przygarnij Belga w Juwenalia!"	2	[{"changed": {"fields": ["Typ wydarzenia"]}}]	19	1
996	2025-07-10 18:58:54.094114+02	22	2025-05-14: Karczma "Majowa Karczma Piwna"	2	[{"changed": {"fields": ["Typ wydarzenia"]}}]	19	1
997	2025-07-10 18:59:06.69423+02	21	2025-05-14: Wycieczka "Czapkowa eskapada rowerowa szlakiem Bema"	2	[{"changed": {"fields": ["Typ wydarzenia"]}}]	19	1
998	2025-07-10 18:59:20.902703+02	20	2025-05-14: Grill/Ognisko "Grill pod Żaczkiem: urodziny Geologa"	2	[{"changed": {"fields": ["Typ wydarzenia"]}}]	19	1
999	2025-07-10 18:59:31.051171+02	19	2025-05-14: Walne "Spotkanie statutowe BCS"	2	[{"changed": {"fields": ["Typ wydarzenia"]}}]	19	1
1000	2025-07-10 18:59:41.497147+02	18	2025-05-14: Karczma "Czapkowa Karczma w klimatach międzywojennych"	2	[{"changed": {"fields": ["Typ wydarzenia"]}}]	19	1
1050	2025-07-11 02:01:13.335916+02	2	Zarząd 2011/2012 - WM Magdalena "Kasztanka" Brilha - Tadeusz II	3		12	1
1001	2025-07-10 18:59:52.384508+02	17	2025-05-14: Konferencja naukowa/wykład/prelekcja "Wykład na Wydziale Polonistyki"	2	[{"changed": {"fields": ["Typ wydarzenia"]}}]	19	1
1002	2025-07-10 19:00:05.835066+02	16	2025-05-14: Wycieczka "Wycieczka na Kopiec Kościuszki"	2	[{"changed": {"fields": ["Typ wydarzenia"]}}]	19	1
1003	2025-07-10 19:00:17.329273+02	15	2025-05-14: Konferencja naukowa/wykład/prelekcja "Konferencja medyczna we Wrocławiu"	2	[{"changed": {"fields": ["Typ wydarzenia"]}}]	19	1
1004	2025-07-10 19:00:29.466138+02	14	2025-05-14: Konferencja naukowa/wykład/prelekcja "Wykład dla Stowarzyszenia Absolwentów UJ"	2	[{"changed": {"fields": ["Typ wydarzenia"]}}]	19	1
1005	2025-07-10 19:00:39.899946+02	12	2025-05-14: Karczma "Wielka Karczma Piwna"	2	[{"changed": {"fields": ["Typ wydarzenia"]}}]	19	1
1006	2025-07-10 19:00:49.447231+02	11	2025-05-14: Karczma "Czapkowa Karczma Posesyjna"	2	[{"changed": {"fields": ["Typ wydarzenia"]}}]	19	1
1007	2025-07-10 19:01:00.702497+02	9	2025-05-14: Karczma "Czapkowa Karczma Karnawałowa"	2	[{"changed": {"fields": ["Typ wydarzenia"]}}]	19	1
1008	2025-07-10 19:01:14.145664+02	8	2025-05-14: Uroczystość "Uniwersytecki Dzień Pamięci"	2	[{"changed": {"fields": ["Typ wydarzenia"]}}]	19	1
1009	2025-07-10 20:28:52.008025+02	1	Wymienianie się pinsami	1	[{"added": {}}]	29	1
1010	2025-07-10 20:29:21.860607+02	1	2009-08-20: Historyczne "Założenie BCS"	2	[]	19	1
1011	2025-07-10 20:34:04.203094+02	23	2011-05-07: Akcja "Przygarnij Belga w Juwenalia!"	2	[{"changed": {"fields": ["Data rozpocz\\u0119cia", "Data zako\\u0144czenia", "Miejsca"]}}]	19	1
1012	2025-07-10 20:34:44.718033+02	22	2011-05-14: Karczma "Majowa Karczma Piwna"	2	[{"changed": {"fields": ["Data rozpocz\\u0119cia", "Data zako\\u0144czenia", "Miejsca"]}}]	19	1
1013	2025-07-10 20:40:53.55885+02	31	Krakowski Szlak Generała Bema - Szlak, powiat krakowski, Polska	1	[{"added": {}}]	16	1
1014	2025-07-10 20:41:53.031694+02	21	2011-05-07: Wycieczka "Czapkowa eskapada rowerowa szlakiem Bema"	2	[{"changed": {"fields": ["Data rozpocz\\u0119cia", "Data zako\\u0144czenia", "Miejsca"]}}, {"added": {"name": "Osoba", "object": "Anna Maria \\"Litle dragon/Gestapo\\" Ku\\u017ama - Kronika | Wydarzenie - 2011-05-07: Wycieczka \\"Czapkowa eskapada rowerowa szlakiem Bema\\""}}]	19	1
1015	2025-07-10 20:42:09.415112+02	23	2011-05-17: Akcja "Przygarnij Belga w Juwenalia!"	2	[{"changed": {"fields": ["Data rozpocz\\u0119cia", "Data zako\\u0144czenia"]}}]	19	1
1016	2025-07-10 20:43:21.353964+02	20	2011-04-30: Grill/Ognisko "Grill pod Żaczkiem: urodziny Geologa"	2	[{"changed": {"fields": ["Data rozpocz\\u0119cia", "Data zako\\u0144czenia", "Miejsca"]}}, {"added": {"name": "Osoba", "object": "Bartosz \\"Geolog\\" Maciejewski - Kronika | Wydarzenie - 2011-04-30: Grill/Ognisko \\"Grill pod \\u017baczkiem: urodziny Geologa\\""}}]	19	1
1017	2025-07-10 20:44:15.801531+02	19	2011-04-19: Walne "Spotkanie statutowe BCS"	2	[{"changed": {"fields": ["Data rozpocz\\u0119cia", "Data zako\\u0144czenia", "Miejsca"]}}]	19	1
1018	2025-07-10 20:45:12.278569+02	23	2011-05-17 - 2011-05-21: Akcja "Przygarnij Belga w Juwenalia!"	2	[{"changed": {"fields": ["Data zako\\u0144czenia"]}}]	19	1
1019	2025-07-10 20:46:01.920068+02	18	2025-04-16: Karczma "Czapkowa Karczma w klimatach międzywojennych"	2	[{"changed": {"fields": ["Data rozpocz\\u0119cia", "Data zako\\u0144czenia", "Miejsca"]}}]	19	1
1020	2025-07-10 20:50:49.169126+02	9	Andrzej "Pan Andrzej" 	1	[{"added": {}}]	23	1
1021	2025-07-11 00:20:05.659658+02	1	Zarząd 2009/2010	2	[{"added": {"name": "Charakterystyka dzia\\u0142a\\u0144 Zarz\\u0105du", "object": "None - Joanna \\"A\\u015bka\\" Lorenc"}}]	11	1
1022	2025-07-11 00:20:50.209968+02	2	Zarząd 2010/2011	2	[]	11	1
1023	2025-07-11 00:21:29.458813+02	1	Zarząd 2009/2010 - Joanna "Aśka" Lorenc	2	[]	38	1
1024	2025-07-11 00:37:41.300245+02	1	Bretelle	1	[{"added": {}}]	39	1
1025	2025-07-11 00:39:41.594957+02	1	Bretelle	2	[{"changed": {"fields": ["Opis"]}}]	39	1
1026	2025-07-11 01:08:40.450824+02	1	Bretelle	2	[{"added": {"name": "Osoba", "object": "Tadeusz \\"Kumdo/Tadek\\" Hessel - Encyklopedia | Zwyczaj - Bretelle"}}]	39	1
1027	2025-07-11 01:08:56.0949+02	1	Bretelle	2	[]	39	1
1028	2025-07-11 01:20:55.075021+02	17	2011-04-06: Konferencja naukowa/wykład/prelekcja "Wykład na Wydziale Polonistyki"	2	[{"changed": {"fields": ["Data rozpocz\\u0119cia", "Data zako\\u0144czenia", "Miejsca"]}}]	19	1
1029	2025-07-11 01:22:20.984582+02	1	Kacper "Szogun/Czwarty Wilk Noboda" Wilk	2	[{"changed": {"fields": ["przezwiska", "Pewno\\u015b\\u0107 daty sta\\u017cu"]}}]	30	1
1030	2025-07-11 01:22:55.042065+02	6	Patrycja "Wiktoriańskie Dziecko" Skowronek	2	[{"changed": {"fields": ["przezwiska", "Pewno\\u015b\\u0107 daty sta\\u017cu"]}}]	30	1
1031	2025-07-11 01:46:18.343392+02	2	Dawny Zarząd 2010/2011 - WM None	2	[{"changed": {"fields": ["Wielki Mistrz"]}}]	11	1
1032	2025-07-11 01:52:32.407909+02	1	Dawny Zarząd 2009/2010 - WM None	2	[{"changed": {"fields": ["Wielki Mistrz"]}}]	11	1
1033	2025-07-11 01:53:42.280837+02	14	Zarząd 2024/2025 - WM Michał "Cukier/Małolata" Malata	2	[]	12	1
1034	2025-07-11 01:53:58.276929+02	14	Zarząd 2024/2025 - WM Michał "Cukier/Małolata" Malata	2	[]	12	1
1035	2025-07-11 01:54:06.827973+02	14	Zarząd 2024/2025 - WM None	2	[{"changed": {"fields": ["Wielki Mistrz"]}}]	12	1
1036	2025-07-11 01:54:14.474798+02	13	Zarząd 2022/2023 - WM None	2	[{"changed": {"fields": ["Wielki Mistrz"]}}]	12	1
1037	2025-07-11 01:54:21.279929+02	12	Zarząd 2021/2022 - WM None	2	[{"changed": {"fields": ["Wielki Mistrz"]}}]	12	1
1038	2025-07-11 01:54:27.705631+02	9	Zarząd 2018/2019 - WM None	2	[{"changed": {"fields": ["Wielki Mistrz"]}}]	12	1
1039	2025-07-11 01:54:35.456874+02	8	Zarząd 2017/2018 - WM None	2	[{"changed": {"fields": ["Wielki Mistrz"]}}]	12	1
1040	2025-07-11 01:54:42.872385+02	7	Zarząd 2016/2017 - WM None	2	[{"changed": {"fields": ["Wielki Mistrz"]}}]	12	1
1041	2025-07-11 01:54:48.874996+02	6	Zarząd 2015/2016 - WM None	2	[{"changed": {"fields": ["Wielki Mistrz"]}}]	12	1
1042	2025-07-11 01:54:55.576802+02	5	Zarząd 2014/2015 - WM None	2	[{"changed": {"fields": ["Wielki Mistrz"]}}]	12	1
1043	2025-07-11 01:55:01.608021+02	4	Zarząd 2013/2014 - WM None	2	[{"changed": {"fields": ["Wielki Mistrz"]}}]	12	1
1044	2025-07-11 01:55:36.000817+02	3	Zarząd 2012/2013 - WM None	2	[{"changed": {"fields": ["Wielki Mistrz", "Skarbnik"]}}]	12	1
1045	2025-07-11 01:55:48.654244+02	2	Zarząd 2011/2012 - WM Magdalena "Kasztanka" Brilha	2	[{"changed": {"fields": ["Skarbnik"]}}]	12	1
1046	2025-07-11 01:56:00.590877+02	2	Zarząd 2011/2012 - WM None	2	[{"changed": {"fields": ["Wielki Mistrz"]}}]	12	1
1047	2025-07-11 01:56:12.883+02	1	Zarząd 2011/2012 - WM None	2	[{"changed": {"fields": ["Wielki Mistrz", "Skarbnik"]}}]	12	1
1048	2025-07-11 02:00:37.731009+02	1	Zarząd 2011/2012 - WM Magdalena "Kasztanka" Brilha - Tadeusz II	2	[{"changed": {"fields": ["Wielki Mistrz"]}}, {"added": {"name": "Charakterystyka dzia\\u0142a\\u0144 Zarz\\u0105du", "object": "Joanna \\"A\\u015bka\\" Lorenc: Zarz\\u0105d 2011/2012 - WM Magdalena \\"Kasztanka\\" Brilha - Tadeusz II"}}]	12	1
1049	2025-07-11 02:01:00.700439+02	2	Zarząd 2011/2012 - WM Magdalena "Kasztanka" Brilha - Tadeusz II	2	[{"changed": {"fields": ["Wielki Mistrz"]}}]	12	1
1176	2025-07-17 16:54:07.450404+02	384	Osoby object (384)	3		36	1
1051	2025-07-11 02:02:48.823925+02	1	Zarząd 2011/2012 - WM Magdalena "Kasztanka" Brilha - Tadeusz II	2	[{"changed": {"fields": ["Skarbnik"]}}]	12	1
1052	2025-07-11 02:03:02.648813+02	1	Zarząd 2011/2012 - WM Magdalena "Kasztanka" Brilha - Tadeusz II	2	[]	12	1
1053	2025-07-11 02:05:32.70628+02	3	Zarząd 2012/2013 - WM Magdalena "Kasztanka" Brilha - Tadeusz II	2	[{"changed": {"fields": ["Wielki Mistrz", "Skarbnik"]}}, {"added": {"name": "Charakterystyka dzia\\u0142a\\u0144 Zarz\\u0105du", "object": "Joanna \\"A\\u015bka\\" Lorenc: 2012/2013"}}]	12	1
1054	2025-07-11 02:06:34.476003+02	4	Zarząd 2013/2014 - WM Magdalena "Kasztanka" Brilha - Tadeusz II	2	[{"changed": {"fields": ["Wielki Mistrz", "Kasztelan"]}}, {"added": {"name": "Charakterystyka dzia\\u0142a\\u0144 Zarz\\u0105du", "object": "Joanna \\"A\\u015bka\\" Lorenc: 2013/2014"}}]	12	1
1055	2025-07-11 02:07:37.794148+02	5	Zarząd 2014/2015 - WM Grażyna "Malina" Malinowska - Tadeusz III	2	[{"changed": {"fields": ["Wielki Mistrz"]}}, {"added": {"name": "Charakterystyka dzia\\u0142a\\u0144 Zarz\\u0105du", "object": "Joanna \\"A\\u015bka\\" Lorenc: 2014/2015"}}]	12	1
1056	2025-07-11 02:08:32.32019+02	6	Zarząd 2015/2016 - WM Paweł "Synek" Mucha - Tadeusz IV	2	[{"changed": {"fields": ["Wielki Mistrz"]}}, {"added": {"name": "Charakterystyka dzia\\u0142a\\u0144 Zarz\\u0105du", "object": "Joanna \\"A\\u015bka\\" Lorenc: 2015/2016"}}]	12	1
1057	2025-07-11 02:09:31.06504+02	7	Zarząd 2016/2017 - WM Maciej "Dzidzia" Małecki - Tadeusz V	2	[{"changed": {"fields": ["Wielki Mistrz"]}}, {"added": {"name": "Charakterystyka dzia\\u0142a\\u0144 Zarz\\u0105du", "object": "Joanna \\"A\\u015bka\\" Lorenc: 2016/2017"}}]	12	1
1058	2025-07-11 02:10:11.440625+02	8	Zarząd 2017/2018 - WM Damian "Bandera/Buch" Zych - Tadeusz VI, Wielki Antymistrz Bandera Łże-Tadeusz VI, czerwono-czarny ognień tańczący na wioskach wrogów	2	[{"changed": {"fields": ["Wielki Mistrz"]}}, {"added": {"name": "Charakterystyka dzia\\u0142a\\u0144 Zarz\\u0105du", "object": "Joanna \\"A\\u015bka\\" Lorenc: 2017/2018"}}]	12	1
1059	2025-07-11 02:11:17.887211+02	9	Zarząd 2018/2019 - WM Damian "Bandera/Buch" Zych - Tadeusz VI, Wielki Antymistrz Bandera Łże-Tadeusz VI, czerwono-czarny ognień tańczący na wioskach wrogów	2	[{"changed": {"fields": ["Wielki Mistrz"]}}, {"added": {"name": "Charakterystyka dzia\\u0142a\\u0144 Zarz\\u0105du", "object": "Joanna \\"A\\u015bka\\" Lorenc: 2018/2019"}}]	12	1
1060	2025-07-11 02:12:50.922596+02	10	Zarząd 2019/2020 - WM Michał "I Sekretarz PZPR towarzysz Władysław Gomułka, ps. Wiesław/Gomuł" Gumułka - Tadeusz VII, Ostatni Książę Pszczyny, władca studentów i zwierząt nie wyłączając smoków i pante	2	[{"changed": {"fields": ["Kadencja", "Wielki Mistrz", "Kasztelan", "Skarbnik", "Cantandi"]}}, {"added": {"name": "Charakterystyka dzia\\u0142a\\u0144 Zarz\\u0105du", "object": "Joanna \\"A\\u015bka\\" Lorenc: 2019/2020"}}]	12	1
1061	2025-07-11 02:13:10.329441+02	10	Zarząd 2019/2020 - WM Michał "I Sekretarz PZPR towarzysz Władysław Gomułka, ps. Wiesław/Gomuł" Gumułka - Tadeusz VII, Ostatni Książę Pszczyny, władca studentów i zwierząt nie wyłączając smoków i pante	2	[{"changed": {"name": "Charakterystyka dzia\\u0142a\\u0144 Zarz\\u0105du", "object": "Joanna \\"A\\u015bka\\" Lorenc: 2019/2020", "fields": ["Charakterystyka dzia\\u0142a\\u0144 Zarz\\u0105du"]}}]	12	1
1062	2025-07-11 02:25:35.401775+02	1	Maciej "Dzidzia" Małecki - Tadeusz V	2	[]	13	1
1063	2025-07-11 02:25:42.105786+02	9	Damian "Bandera/Buch" Zych - Tadeusz V, Wielki Antymistrz Bandera Łże-Tadeusz VI, czerwono-czarny ognień tańczący na wioskach wrogów	2	[{"changed": {"fields": ["Tadeusz"]}}]	13	1
1064	2025-07-11 02:25:51.090892+02	12	Michał "I Sekretarz PZPR towarzysz Władysław Gomułka, ps. Wiesław/Gomuł" Gumułka - Tadeusz VI, Ostatni Książę Pszczyny, władca studentów i zwierząt nie wyłączając smoków i panter	2	[{"changed": {"fields": ["Tadeusz"]}}]	13	1
1065	2025-07-11 02:26:44.027407+02	17	Patrycja "Chat" Karauda - Tadeusz VII	1	[{"added": {}}]	13	1
1066	2025-07-11 02:27:52.615283+02	11	Zarząd 2020/2021 - WM Patrycja "Chat" Karauda - Tadeusz VII	2	[{"changed": {"fields": ["Wielki Mistrz", "Kasztelan", "Skarbnik", "Cantandi", "Sekretarz"]}}, {"added": {"name": "Charakterystyka dzia\\u0142a\\u0144 Zarz\\u0105du", "object": "Joanna \\"A\\u015bka\\" Lorenc: 2020/2021"}}]	12	1
1067	2025-07-11 02:34:03.276807+02	12	Zarząd 2021/2022 - WM Bartłomiej "Kucharz" Olajossy - Tadeusz VIII, Gałązka z Boskiego Drzewa Wpierdolu	2	[{"changed": {"fields": ["Wielki Mistrz"]}}]	12	1
1068	2025-07-11 02:35:01.788+02	32	UEK_zielona z bordowym otokiem_UEK	3		8	1
1069	2025-07-11 02:35:42.57011+02	36	WSE_zielona z bordowym otokiem_WSE	1	[{"added": {}}]	8	1
1070	2025-07-11 02:37:22.79073+02	120	Natalia "Szynka" Ciesielska (Olajossy)	2	[{"changed": {"fields": ["Czapka", "Rodzic czapkowy"]}}]	7	1
1071	2025-07-11 02:37:31.03398+02	120	Natalia "Szynka" Ciesielska (Olajossy)	2	[]	7	1
1072	2025-07-11 13:01:21.581927+02	1	Rucham ci starego	1	[{"added": {}}, {"added": {"name": "Osoba", "object": "Bartosz \\"Heniek\\" Hepek - Encyklopedia | Powiedzenie - Rucham ci starego"}}]	40	1
1073	2025-07-11 13:55:02.272172+02	9	Damian "Bandera/Buch" Zych - Tadeusz VI, Wielki Antymistrz Bandera Łże-Tadeusz VI, czerwono-czarny ognień tańczący na wioskach wrogów	2	[{"changed": {"fields": ["Tadeusz"]}}]	13	1
1074	2025-07-11 13:55:42.664339+02	9	Damian "Bandera/Buch" Zych - Tadeusz VI, Wielki Antymistrz Bandera Łże-Tadeusz VI, czerwono-czarny ognień tańczący na wioskach wrogów	2	[]	13	1
1075	2025-07-11 13:55:50.108251+02	12	Michał "I Sekretarz PZPR towarzysz Władysław Gomułka, ps. Wiesław/Gomuł" Gumułka - Tadeusz VII, Ostatni Książę Pszczyny, władca studentów i zwierząt nie wyłączając smoków i panter	2	[{"changed": {"fields": ["Tadeusz"]}}]	13	1
1076	2025-07-11 13:55:59.322959+02	17	Patrycja "Chat" Karauda - Tadeusz VIII	2	[{"changed": {"fields": ["Tadeusz"]}}]	13	1
1077	2025-07-11 13:57:26.768501+02	13	Bartłomiej "Kucharz" Olajossy - Tadeusz IX, Gałązka z Boskiego Drzewa Wpierdolu	2	[{"changed": {"fields": ["Tadeusz"]}}]	13	1
1078	2025-07-11 13:57:36.46348+02	14	John "Jasiek" Graff-Warburton - Tadeusz X, Zawsze Trzeźwy Landlord Czerwonomakowskich Luster	2	[{"changed": {"fields": ["Tadeusz"]}}]	13	1
1079	2025-07-11 14:00:54.210119+02	17	Patrycja "Chat" Karauda - Tadeusz VIII	2	[]	13	1
1080	2025-07-11 14:01:20.373577+02	9	Damian "Bandera/Buch" Zych - Tadeusz V, Wielki Antymistrz Bandera Łże-Tadeusz VI, czerwono-czarny ognień tańczący na wioskach wrogów	2	[{"changed": {"fields": ["Tadeusz"]}}]	13	1
1081	2025-07-11 14:01:33.164399+02	12	Michał "I Sekretarz PZPR towarzysz Władysław Gomułka, ps. Wiesław/Gomuł" Gumułka - Tadeusz VI, Ostatni Książę Pszczyny, władca studentów i zwierząt nie wyłączając smoków i panter	2	[{"changed": {"fields": ["Tadeusz"]}}]	13	1
1082	2025-07-11 14:05:29.139624+02	13	Zarząd 2022/2023 - WM John "Jasiek" Graff-Warburton - Tadeusz X, Zawsze Trzeźwy Landlord Czerwonomakowskich Luster	2	[{"changed": {"fields": ["Wielki Mistrz"]}}]	12	1
1083	2025-07-11 14:07:07.297573+02	15	Zarząd 2023/2024 - WM Paulina "Koziołek" Kozioł - Tadeusz X, Patronka Słowa Mówionego i Pisanego	1	[{"added": {}}]	12	1
1084	2025-07-11 14:07:21.384778+02	14	Zarząd 2024/2025 - WM Michał "Cukier/Małolata" Malata - Tadeusz XI, Czerwona Opcja Śląska	2	[{"changed": {"fields": ["Wielki Mistrz"]}}]	12	1
1085	2025-07-11 14:08:33.116192+02	16	Paulina "Koziołek" Kozioł - Tadeusz X, Patronka Słowa Mówionego i Pisanego, Jedyny Prawowity Tadeusz X	2	[{"changed": {"fields": ["Tytu\\u0142y"]}}]	13	1
1086	2025-07-11 14:08:40.107571+02	15	Zarząd 2023/2024 - WM Paulina "Koziołek" Kozioł - Tadeusz X, Patronka Słowa Mówionego i Pisanego, Jedyny Prawowity Tadeusz X	2	[]	12	1
1087	2025-07-11 14:14:37.706296+02	2	Dawny Zarząd 2010/2011 - WM Tadeusz "Kumdo/Tadek" Hessel - Tadeusz I	2	[{"changed": {"fields": ["Wielki Mistrz"]}}]	11	1
1088	2025-07-11 14:16:33.979483+02	1	Dawny Zarząd 2009/2010 - WM Tadeusz "Kumdo/Tadek" Hessel - Tadeusz I	2	[{"changed": {"fields": ["Wielki Mistrz"]}}]	11	1
1089	2025-07-11 14:16:51.494378+02	2	Dawny Zarząd 2010/2011 - WM Tadeusz "Kumdo/Tadek" Hessel - Tadeusz I	2	[]	11	1
1090	2025-07-16 19:59:18.694542+02	8	Konrad "Austriak" 	1	[{"added": {}}]	30	1
1091	2025-07-16 20:01:33.148037+02	9	Mateusz "Najpiękniejszy Bean" Warmus	1	[{"added": {}}]	30	1
1092	2025-07-17 16:54:07.448345+02	498	Osoby object (498)	3		36	1
1093	2025-07-17 16:54:07.448435+02	497	Osoby object (497)	3		36	1
1094	2025-07-17 16:54:07.448469+02	496	Osoby object (496)	3		36	1
1095	2025-07-17 16:54:07.448499+02	495	Osoby object (495)	3		36	1
1096	2025-07-17 16:54:07.448529+02	494	Osoby object (494)	3		36	1
1097	2025-07-17 16:54:07.448558+02	493	Osoby object (493)	3		36	1
1098	2025-07-17 16:54:07.448586+02	492	Osoby object (492)	3		36	1
1099	2025-07-17 16:54:07.448614+02	491	Osoby object (491)	3		36	1
1100	2025-07-17 16:54:07.448642+02	490	Osoby object (490)	3		36	1
1101	2025-07-17 16:54:07.448669+02	489	Osoby object (489)	3		36	1
1102	2025-07-17 16:54:07.448696+02	488	Osoby object (488)	3		36	1
1103	2025-07-17 16:54:07.448722+02	487	Osoby object (487)	3		36	1
1104	2025-07-17 16:54:07.448749+02	486	Osoby object (486)	3		36	1
1105	2025-07-17 16:54:07.448776+02	485	Osoby object (485)	3		36	1
1106	2025-07-17 16:54:07.448803+02	484	Osoby object (484)	3		36	1
1107	2025-07-17 16:54:07.448829+02	483	Osoby object (483)	3		36	1
1108	2025-07-17 16:54:07.448856+02	482	Osoby object (482)	3		36	1
1109	2025-07-17 16:54:07.448884+02	481	Osoby object (481)	3		36	1
1110	2025-07-17 16:54:07.448911+02	480	Osoby object (480)	3		36	1
1111	2025-07-17 16:54:07.448937+02	479	Osoby object (479)	3		36	1
1112	2025-07-17 16:54:07.448964+02	478	Osoby object (478)	3		36	1
1113	2025-07-17 16:54:07.44899+02	477	Osoby object (477)	3		36	1
1114	2025-07-17 16:54:07.449027+02	476	Osoby object (476)	3		36	1
1115	2025-07-17 16:54:07.449057+02	475	Osoby object (475)	3		36	1
1116	2025-07-17 16:54:07.449085+02	474	Osoby object (474)	3		36	1
1117	2025-07-17 16:54:07.449115+02	473	Osoby object (473)	3		36	1
1118	2025-07-17 16:54:07.449143+02	472	Osoby object (472)	3		36	1
1119	2025-07-17 16:54:07.44917+02	471	Osoby object (471)	3		36	1
1120	2025-07-17 16:54:07.449198+02	470	Osoby object (470)	3		36	1
1121	2025-07-17 16:54:07.449224+02	469	Osoby object (469)	3		36	1
1122	2025-07-17 16:54:07.449251+02	468	Osoby object (468)	3		36	1
1123	2025-07-17 16:54:07.449277+02	467	Osoby object (467)	3		36	1
1124	2025-07-17 16:54:07.449304+02	466	Osoby object (466)	3		36	1
1125	2025-07-17 16:54:07.449329+02	465	Osoby object (465)	3		36	1
1126	2025-07-17 16:54:07.449349+02	464	Osoby object (464)	3		36	1
1127	2025-07-17 16:54:07.449369+02	463	Osoby object (463)	3		36	1
1128	2025-07-17 16:54:07.44939+02	462	Osoby object (462)	3		36	1
1129	2025-07-17 16:54:07.449411+02	461	Osoby object (461)	3		36	1
1130	2025-07-17 16:54:07.449431+02	460	Osoby object (460)	3		36	1
1131	2025-07-17 16:54:07.449451+02	459	Osoby object (459)	3		36	1
1132	2025-07-17 16:54:07.449472+02	458	Osoby object (458)	3		36	1
1133	2025-07-17 16:54:07.449493+02	457	Osoby object (457)	3		36	1
1134	2025-07-17 16:54:07.449514+02	456	Osoby object (456)	3		36	1
1135	2025-07-17 16:54:07.449538+02	455	Osoby object (455)	3		36	1
1136	2025-07-17 16:54:07.44956+02	450	Osoby object (450)	3		36	1
1137	2025-07-17 16:54:07.449581+02	449	Osoby object (449)	3		36	1
1138	2025-07-17 16:54:07.449601+02	448	Osoby object (448)	3		36	1
1139	2025-07-17 16:54:07.449623+02	447	Osoby object (447)	3		36	1
1140	2025-07-17 16:54:07.449643+02	445	Osoby object (445)	3		36	1
1141	2025-07-17 16:54:07.449664+02	428	Osoby object (428)	3		36	1
1142	2025-07-17 16:54:07.449686+02	427	Osoby object (427)	3		36	1
1143	2025-07-17 16:54:07.449706+02	426	Osoby object (426)	3		36	1
1144	2025-07-17 16:54:07.449726+02	425	Osoby object (425)	3		36	1
1145	2025-07-17 16:54:07.449747+02	423	Osoby object (423)	3		36	1
1146	2025-07-17 16:54:07.449767+02	418	Osoby object (418)	3		36	1
1147	2025-07-17 16:54:07.449787+02	417	Osoby object (417)	3		36	1
1148	2025-07-17 16:54:07.449808+02	415	Osoby object (415)	3		36	1
1149	2025-07-17 16:54:07.449828+02	414	Osoby object (414)	3		36	1
1150	2025-07-17 16:54:07.449848+02	413	Osoby object (413)	3		36	1
1151	2025-07-17 16:54:07.449869+02	412	Osoby object (412)	3		36	1
1152	2025-07-17 16:54:07.449889+02	411	Osoby object (411)	3		36	1
1153	2025-07-17 16:54:07.44991+02	410	Osoby object (410)	3		36	1
1154	2025-07-17 16:54:07.449933+02	409	Osoby object (409)	3		36	1
1155	2025-07-17 16:54:07.449952+02	407	Osoby object (407)	3		36	1
1156	2025-07-17 16:54:07.449974+02	406	Osoby object (406)	3		36	1
1157	2025-07-17 16:54:07.449998+02	405	Osoby object (405)	3		36	1
1158	2025-07-17 16:54:07.450019+02	404	Osoby object (404)	3		36	1
1159	2025-07-17 16:54:07.45004+02	403	Osoby object (403)	3		36	1
1160	2025-07-17 16:54:07.450064+02	402	Osoby object (402)	3		36	1
1161	2025-07-17 16:54:07.450085+02	401	Osoby object (401)	3		36	1
1162	2025-07-17 16:54:07.450106+02	399	Osoby object (399)	3		36	1
1163	2025-07-17 16:54:07.450127+02	398	Osoby object (398)	3		36	1
1164	2025-07-17 16:54:07.450148+02	397	Osoby object (397)	3		36	1
1165	2025-07-17 16:54:07.450169+02	396	Osoby object (396)	3		36	1
1166	2025-07-17 16:54:07.45019+02	395	Osoby object (395)	3		36	1
1167	2025-07-17 16:54:07.450211+02	394	Osoby object (394)	3		36	1
1168	2025-07-17 16:54:07.450232+02	393	Osoby object (393)	3		36	1
1169	2025-07-17 16:54:07.450255+02	391	Osoby object (391)	3		36	1
1170	2025-07-17 16:54:07.450278+02	390	Osoby object (390)	3		36	1
1171	2025-07-17 16:54:07.450299+02	389	Osoby object (389)	3		36	1
1172	2025-07-17 16:54:07.450321+02	388	Osoby object (388)	3		36	1
1173	2025-07-17 16:54:07.450342+02	387	Osoby object (387)	3		36	1
1174	2025-07-17 16:54:07.450363+02	386	Osoby object (386)	3		36	1
1175	2025-07-17 16:54:07.450384+02	385	Osoby object (385)	3		36	1
1178	2025-07-17 16:54:07.450445+02	381	Osoby object (381)	3		36	1
1179	2025-07-17 16:54:07.450466+02	380	Osoby object (380)	3		36	1
1180	2025-07-17 16:54:07.450487+02	378	Osoby object (378)	3		36	1
1181	2025-07-17 16:54:07.450508+02	377	Osoby object (377)	3		36	1
1182	2025-07-17 16:54:07.450529+02	376	Osoby object (376)	3		36	1
1183	2025-07-17 16:54:07.450549+02	375	Osoby object (375)	3		36	1
1184	2025-07-17 16:54:07.45057+02	374	Osoby object (374)	3		36	1
1185	2025-07-17 16:54:07.450593+02	373	Osoby object (373)	3		36	1
1186	2025-07-17 16:54:07.450613+02	370	Osoby object (370)	3		36	1
1187	2025-07-17 16:54:07.450634+02	369	Osoby object (369)	3		36	1
1188	2025-07-17 16:54:07.450654+02	368	Osoby object (368)	3		36	1
1189	2025-07-17 16:54:07.450675+02	367	Osoby object (367)	3		36	1
1190	2025-07-17 16:54:07.450695+02	365	Osoby object (365)	3		36	1
1191	2025-07-17 16:54:07.450716+02	364	Osoby object (364)	3		36	1
1192	2025-07-17 16:54:19.079853+02	298	Osoby object (298)	3		36	1
1193	2025-07-17 16:54:19.079913+02	297	Osoby object (297)	3		36	1
1194	2025-07-17 16:54:19.079939+02	296	Osoby object (296)	3		36	1
1195	2025-07-17 16:54:19.079961+02	295	Osoby object (295)	3		36	1
1196	2025-07-17 16:54:19.079983+02	294	Osoby object (294)	3		36	1
1197	2025-07-17 16:54:19.080005+02	293	Osoby object (293)	3		36	1
1198	2025-07-17 16:54:19.080026+02	292	Osoby object (292)	3		36	1
1199	2025-07-17 16:54:19.080049+02	291	Osoby object (291)	3		36	1
1200	2025-07-17 16:54:19.080072+02	290	Osoby object (290)	3		36	1
1201	2025-07-17 16:54:19.080094+02	289	Osoby object (289)	3		36	1
1202	2025-07-17 16:54:19.080116+02	288	Osoby object (288)	3		36	1
1203	2025-07-17 16:54:19.080138+02	287	Osoby object (287)	3		36	1
1204	2025-07-17 16:54:19.08016+02	286	Osoby object (286)	3		36	1
1205	2025-07-17 16:54:19.080182+02	285	Osoby object (285)	3		36	1
1206	2025-07-17 16:54:19.080203+02	284	Osoby object (284)	3		36	1
1207	2025-07-17 16:54:19.080225+02	283	Osoby object (283)	3		36	1
1208	2025-07-17 16:54:19.080247+02	282	Osoby object (282)	3		36	1
1209	2025-07-17 16:54:19.080269+02	281	Osoby object (281)	3		36	1
1210	2025-07-17 16:54:19.08029+02	280	Osoby object (280)	3		36	1
1211	2025-07-17 16:54:19.080312+02	279	Osoby object (279)	3		36	1
1212	2025-07-17 16:54:19.080333+02	276	Osoby object (276)	3		36	1
1213	2025-07-17 16:54:19.080355+02	275	Osoby object (275)	3		36	1
1214	2025-07-17 16:54:19.080376+02	274	Osoby object (274)	3		36	1
1215	2025-07-17 16:54:19.080397+02	273	Osoby object (273)	3		36	1
1216	2025-07-17 16:54:19.080418+02	272	Osoby object (272)	3		36	1
1217	2025-07-17 16:54:19.08044+02	271	Osoby object (271)	3		36	1
1218	2025-07-17 16:54:19.080461+02	270	Osoby object (270)	3		36	1
1219	2025-07-17 16:54:19.080485+02	269	Osoby object (269)	3		36	1
1220	2025-07-17 16:54:19.080506+02	268	Osoby object (268)	3		36	1
1221	2025-07-17 16:54:19.080527+02	267	Osoby object (267)	3		36	1
1222	2025-07-17 16:54:19.080549+02	186	Osoby object (186)	3		36	1
1223	2025-07-17 16:54:19.080571+02	185	Osoby object (185)	3		36	1
1224	2025-07-17 16:54:19.080593+02	184	Osoby object (184)	3		36	1
1225	2025-07-17 16:54:19.080615+02	183	Osoby object (183)	3		36	1
1226	2025-07-17 16:54:19.080636+02	182	Osoby object (182)	3		36	1
1227	2025-07-17 16:54:19.080658+02	181	Osoby object (181)	3		36	1
1228	2025-07-17 16:54:19.08068+02	180	Osoby object (180)	3		36	1
1229	2025-07-17 16:54:19.080892+02	179	Osoby object (179)	3		36	1
1230	2025-07-17 16:54:19.080917+02	178	Osoby object (178)	3		36	1
1231	2025-07-17 16:54:19.080939+02	177	Osoby object (177)	3		36	1
1232	2025-07-17 16:54:19.080957+02	176	Osoby object (176)	3		36	1
1233	2025-07-17 16:54:19.080977+02	175	Osoby object (175)	3		36	1
1234	2025-07-17 16:54:19.080998+02	174	Osoby object (174)	3		36	1
1235	2025-07-17 16:54:19.08102+02	173	Osoby object (173)	3		36	1
1236	2025-07-17 16:54:19.081041+02	172	Osoby object (172)	3		36	1
1237	2025-07-17 16:54:19.081062+02	171	Osoby object (171)	3		36	1
1238	2025-07-17 16:54:19.081083+02	138	Osoby object (138)	3		36	1
1239	2025-07-17 16:54:19.081104+02	137	Osoby object (137)	3		36	1
1240	2025-07-17 16:54:19.081126+02	135	Osoby object (135)	3		36	1
1241	2025-07-17 16:54:19.081147+02	132	Osoby object (132)	3		36	1
1242	2025-07-17 16:54:19.081168+02	131	Osoby object (131)	3		36	1
1243	2025-07-17 16:54:19.08119+02	130	Osoby object (130)	3		36	1
1244	2025-07-17 16:54:19.081212+02	129	Osoby object (129)	3		36	1
1245	2025-07-17 16:54:19.081234+02	128	Osoby object (128)	3		36	1
1246	2025-07-17 16:54:19.081256+02	127	Osoby object (127)	3		36	1
1247	2025-07-17 16:54:19.081278+02	126	Osoby object (126)	3		36	1
1248	2025-07-17 16:54:19.0813+02	125	Osoby object (125)	3		36	1
1249	2025-07-17 16:54:19.081321+02	124	Osoby object (124)	3		36	1
1250	2025-07-17 16:54:19.081342+02	123	Osoby object (123)	3		36	1
1251	2025-07-17 16:54:19.081364+02	106	Osoby object (106)	3		36	1
1252	2025-07-17 16:54:19.081386+02	105	Osoby object (105)	3		36	1
1253	2025-07-17 16:54:19.081407+02	104	Osoby object (104)	3		36	1
1254	2025-07-17 16:54:19.081428+02	103	Osoby object (103)	3		36	1
1255	2025-07-17 16:54:19.08145+02	100	Osoby object (100)	3		36	1
1256	2025-07-17 16:54:19.081472+02	99	Osoby object (99)	3		36	1
1257	2025-07-17 16:54:19.081494+02	98	Osoby object (98)	3		36	1
1258	2025-07-17 16:54:19.081517+02	97	Osoby object (97)	3		36	1
1259	2025-07-17 16:54:19.081538+02	96	Osoby object (96)	3		36	1
1260	2025-07-17 16:54:19.08156+02	95	Osoby object (95)	3		36	1
1261	2025-07-17 16:54:19.081581+02	94	Osoby object (94)	3		36	1
1262	2025-07-17 16:54:19.081602+02	93	Osoby object (93)	3		36	1
1263	2025-07-17 16:54:19.081623+02	92	Osoby object (92)	3		36	1
1264	2025-07-17 16:54:19.081644+02	91	Osoby object (91)	3		36	1
1265	2025-07-17 16:54:19.081666+02	90	Osoby object (90)	3		36	1
1266	2025-07-17 16:54:19.081688+02	89	Osoby object (89)	3		36	1
1267	2025-07-17 16:54:19.08171+02	88	Osoby object (88)	3		36	1
1268	2025-07-17 16:54:19.081733+02	87	Osoby object (87)	3		36	1
1269	2025-07-17 16:54:19.081756+02	83	Osoby object (83)	3		36	1
1270	2025-07-17 16:54:19.081778+02	82	Osoby object (82)	3		36	1
1271	2025-07-17 16:54:19.0818+02	81	Osoby object (81)	3		36	1
1272	2025-07-17 16:54:19.081821+02	80	Osoby object (80)	3		36	1
1273	2025-07-17 16:54:19.081843+02	79	Osoby object (79)	3		36	1
1274	2025-07-17 16:54:19.081864+02	78	Osoby object (78)	3		36	1
1275	2025-07-17 16:54:19.081885+02	77	Osoby object (77)	3		36	1
1276	2025-07-17 16:54:19.081907+02	76	Osoby object (76)	3		36	1
1277	2025-07-17 16:54:19.081928+02	75	Osoby object (75)	3		36	1
1278	2025-07-17 16:54:19.08195+02	74	Osoby object (74)	3		36	1
1279	2025-07-17 16:54:19.081971+02	73	Osoby object (73)	3		36	1
1280	2025-07-17 16:54:19.081993+02	72	Osoby object (72)	3		36	1
1281	2025-07-17 16:54:19.082014+02	71	Osoby object (71)	3		36	1
1282	2025-07-17 16:54:19.082036+02	70	Osoby object (70)	3		36	1
1283	2025-07-17 16:54:19.082057+02	69	Osoby object (69)	3		36	1
1284	2025-07-17 16:54:19.082078+02	68	Osoby object (68)	3		36	1
1285	2025-07-17 16:54:19.0821+02	67	Osoby object (67)	3		36	1
1286	2025-07-17 16:54:19.082122+02	66	Osoby object (66)	3		36	1
1287	2025-07-17 16:54:19.082143+02	65	Osoby object (65)	3		36	1
1288	2025-07-17 16:54:19.082165+02	64	Osoby object (64)	3		36	1
1289	2025-07-17 16:54:19.082187+02	63	Osoby object (63)	3		36	1
1290	2025-07-17 16:54:19.082208+02	62	Osoby object (62)	3		36	1
1291	2025-07-17 16:54:19.08223+02	61	Osoby object (61)	3		36	1
1292	2025-07-17 16:54:19.082251+02	60	Osoby object (60)	3		36	1
1293	2025-07-17 16:54:19.082273+02	59	Osoby object (59)	3		36	1
1294	2025-07-17 16:54:19.082294+02	30	Osoby object (30)	3		36	1
1295	2025-07-17 16:54:19.082316+02	29	Osoby object (29)	3		36	1
1296	2025-07-17 16:54:19.082343+02	28	Osoby object (28)	3		36	1
1297	2025-07-17 16:54:19.082367+02	27	Osoby object (27)	3		36	1
1298	2025-07-17 16:54:19.082389+02	26	Osoby object (26)	3		36	1
1299	2025-07-17 16:54:19.08241+02	25	Osoby object (25)	3		36	1
1300	2025-07-17 16:54:19.082432+02	24	Osoby object (24)	3		36	1
1301	2025-07-17 16:54:19.082454+02	23	Osoby object (23)	3		36	1
1302	2025-07-17 16:54:19.082475+02	22	Osoby object (22)	3		36	1
1303	2025-07-17 16:54:19.082497+02	21	Osoby object (21)	3		36	1
1304	2025-07-17 16:54:19.082519+02	20	Osoby object (20)	3		36	1
1305	2025-07-17 16:54:19.082541+02	19	Osoby object (19)	3		36	1
1306	2025-07-17 16:54:19.082563+02	14	Osoby object (14)	3		36	1
1307	2025-07-17 16:54:19.082585+02	13	Osoby object (13)	3		36	1
1308	2025-07-17 16:54:19.082607+02	12	Osoby object (12)	3		36	1
1309	2025-07-17 16:54:19.08263+02	11	Osoby object (11)	3		36	1
1310	2025-07-17 16:54:19.082652+02	10	Osoby object (10)	3		36	1
1311	2025-07-17 16:54:19.082674+02	9	Osoby object (9)	3		36	1
1312	2025-07-17 16:54:19.082696+02	8	Osoby object (8)	3		36	1
1313	2025-07-17 16:54:19.082717+02	7	Osoby object (7)	3		36	1
1314	2025-07-17 16:54:19.082739+02	6	Osoby object (6)	3		36	1
1315	2025-07-17 16:54:19.08276+02	5	Osoby object (5)	3		36	1
1316	2025-07-17 16:54:19.082781+02	4	Osoby object (4)	3		36	1
1317	2025-07-17 16:54:19.082803+02	3	Osoby object (3)	3		36	1
1318	2025-07-17 16:54:19.082825+02	2	Osoby object (2)	3		36	1
1319	2025-07-17 16:54:19.082845+02	1	Osoby object (1)	3		36	1
1320	2025-07-17 20:47:25.445267+02	2	Dawny Zarząd 2010/2011 - WM None - Tadeusz I	2	[{"changed": {"fields": ["Wielki Mistrz"]}}]	11	1
1321	2025-07-17 22:21:28.764815+02	1	Polska	1	[{"added": {}}]	46	1
1322	2025-07-17 22:21:30.351371+02	1	Uniwersytet Jagielloński	1	[{"added": {}}]	44	1
1323	2025-07-17 22:21:36.226786+02	1	Uniwersytet Jagielloński: Wydział Prawa i Administracji (WPiA)	1	[{"added": {}}]	45	1
1324	2025-07-17 22:23:20.937378+02	2	UJ: Collegium Medicum (CMUJ)	1	[{"added": {}}]	45	1
1325	2025-07-17 22:24:06.223166+02	3	UJ: Collegium Medicum (CMUJ)	1	[{"added": {}}]	45	1
1326	2025-07-17 22:24:20.730968+02	4	UJ: Wydział Farmaceutyczny (WFarm)	1	[{"added": {}}]	45	1
1327	2025-07-17 22:24:45.810239+02	5	UJ: Wydział Nauk o Zdrowiu (WNoZ)	1	[{"added": {}}]	45	1
1328	2025-07-17 22:25:51.381583+02	6	UJ: Wydział Nauk o Zdrowiu (WNoZ)	1	[{"added": {}}]	45	1
1329	2025-07-17 22:26:02.92523+02	7	UJ: Wydział Historyczny (WHist)	1	[{"added": {}}]	45	1
1330	2025-07-17 22:27:03.007563+02	8	UJ: Wydział Filologiczny (WFilol)	1	[{"added": {}}]	45	1
1331	2025-07-17 22:27:24.883964+02	9	UJ: Wydział Polonistyki (WPol)	1	[{"added": {}}]	45	1
1332	2025-07-17 22:27:37.641773+02	10	UJ: Wydział Fizyki, Astronomii i Informatyki Stosowanej (WFAiIS)	1	[{"added": {}}]	45	1
1333	2025-07-17 22:28:15.541001+02	11	UJ: Wydział Chemii (WChUJ)	1	[{"added": {}}]	45	1
1334	2025-07-17 22:28:25.439311+02	12	UJ: Wydział Biologii (WB)	1	[{"added": {}}]	45	1
1335	2025-07-17 22:28:53.760291+02	12	UJ: Wydział Studiów Międzynarodowych i Politycznych (WSMiP)	2	[{"changed": {"fields": ["Wydzia\\u0142", "Skr\\u00f3t"]}}]	45	1
1336	2025-07-17 22:29:32.34657+02	2	UJ: Collegium Medicum (CMUJ)	3		45	1
1337	2025-07-17 22:29:32.346596+02	6	UJ: Wydział Nauk o Zdrowiu (WNoZ)	3		45	1
1338	2025-07-17 22:30:06.071633+02	13	UJ: Wydział Filozoficzny (WFiloz)	1	[{"added": {}}]	45	1
1339	2025-07-17 22:31:01.985226+02	14	UJ: Wydział Matematyki i Informatyki (WMiI)	1	[{"added": {}}]	45	1
1340	2025-07-17 22:31:40.744516+02	15	UJ: Wydział Zarządzania i Komunikacji Społecznej (WZiKS)	1	[{"added": {}}]	45	1
1341	2025-07-17 22:31:57.877182+02	16	UJ: Wydział Biologii (WB)	1	[{"added": {}}]	45	1
1342	2025-07-17 22:32:10.833+02	17	UJ: Wydział Studiów Międzynarodowych i Politycznych (WSMiP)	1	[{"added": {}}]	45	1
1343	2025-07-17 22:32:28.661559+02	18	UJ: Wydział Biochemii, Biofizyki i Biotechnologii (WBBiB)	1	[{"added": {}}]	45	1
1344	2025-07-17 22:32:49.26079+02	19	UJ: Wydział Geografii i Geologii (WGiG)	1	[{"added": {}}]	45	1
1345	2025-07-17 22:33:02.71305+02	20	UJ: Studia Matematyczno-Przyrodnicze (SMP)	1	[{"added": {}}]	45	1
1346	2025-07-17 22:33:16.553251+02	21	UJ: Międzywydziałowe Indywidualne Studia Humanistyczne (MISH)	1	[{"added": {}}]	45	1
1347	2025-07-17 22:38:26.456018+02	2	Akademia Górniczo-Hutnicza	1	[{"added": {}}]	44	1
1348	2025-07-17 22:38:30.359027+02	3	Akademia Górniczo-Hutnicza	1	[{"added": {}}]	44	1
1349	2025-07-17 22:38:44.416437+02	4	Politechnika Krakowska	1	[{"added": {}}]	44	1
1350	2025-07-17 22:39:20.782353+02	5	Uniwersytet Ekonomiczny w Krakowie	1	[{"added": {}}]	44	1
1351	2025-07-17 22:41:51.189082+02	6	Uniwersytet SWPS	1	[{"added": {}}]	44	1
1352	2025-07-17 22:42:05.551489+02	7	Uniwersytet Warszawski	1	[{"added": {}}]	44	1
1353	2025-07-17 22:42:25.882752+02	7	Uniwersytet Śląski	2	[{"changed": {"fields": ["Uczelnia", "Akronim"]}}]	44	1
1354	2025-07-17 22:43:13.630132+02	2	Uniwersytet Łódzki	2	[{"changed": {"fields": ["Uczelnia", "Akronim"]}}]	44	1
1355	2025-07-17 22:43:55.904879+02	8	Uniwersytet Przyrodniczy w Lublinie	1	[{"added": {}}]	44	1
1356	2025-07-17 22:45:37.261531+02	2	Nie wiem	1	[{"added": {}}]	46	1
1357	2025-07-17 22:45:40.068385+02	9	Nie wiem	1	[{"added": {}}]	44	1
1358	2025-07-17 22:46:06.308678+02	3	Nie dotyczy	1	[{"added": {}}]	46	1
1359	2025-07-17 22:46:07.891937+02	10	Nie dotyczy	1	[{"added": {}}]	44	1
1360	2025-07-17 22:49:53.60323+02	4	Niemcy	1	[{"added": {}}]	46	1
1361	2025-07-17 22:50:00.732266+02	11	Niemcy: Każda uczelnia	1	[{"added": {}}]	44	1
1362	2025-07-17 22:50:40.122631+02	11	Niemcy: Nie wiem	2	[{"changed": {"fields": ["Uczelnia", "Akronim"]}}]	44	1
1363	2025-07-17 22:51:16.234425+02	22	XXX_Niemcy: Nie wiem (XXX)	1	[{"added": {}}]	45	1
1364	2025-07-17 22:54:53.410346+02	23	XXX: Nie wiem (XXX)	1	[{"added": {}}]	45	1
1365	2025-07-17 22:55:06.435327+02	24	XXX: Nie dotyczy (XXX)	1	[{"added": {}}]	45	1
1366	2025-07-17 22:57:31.948075+02	25	AGH: Pion górniczy (PG)	1	[{"added": {}}]	45	1
1367	2025-07-17 22:57:39.283271+02	26	AGH: Pion górniczy (PG)	1	[{"added": {}}]	45	1
1368	2025-07-17 22:57:49.950563+02	27	AGH: Pion hutniczy (PH)	1	[{"added": {}}]	45	1
1369	2025-07-17 22:58:17.449288+02	25	AGH: Pion hutniczy (PH)	2	[{"changed": {"fields": ["Wydzia\\u0142", "Skr\\u00f3t"]}}]	45	1
1370	2025-07-17 22:58:27.527+02	25	AGH: Pion hutniczy (PH)	3		45	1
1371	2025-07-17 22:59:59.452961+02	28	PK: Wydział Architektury (WA)	1	[{"added": {}}]	45	1
1372	2025-07-17 23:00:28.332561+02	29	PK: Wydział Mechaniczny (WM)	1	[{"added": {}}]	45	1
1373	2025-07-17 23:00:58.322095+02	30	PK: Wydział Inżynierii Lądowej (WIL)	1	[{"added": {}}]	45	1
1374	2025-07-17 23:02:28.040051+02	31	UEK: Dowolny wydział (Dowolny)	1	[{"added": {}}]	45	1
1375	2025-07-17 23:03:29.036622+02	12	Uniwersytet Warszawski (UW)	1	[{"added": {}}]	44	1
1376	2025-07-17 23:03:31.328193+02	32	UW: Dowolny wydział (Dowolny)	1	[{"added": {}}]	45	1
1377	2025-07-17 23:03:44.612947+02	33	UEK: Dowolny wydział (Dowolny)	1	[{"added": {}}]	45	1
1378	2025-07-17 23:03:50.626041+02	34	UŚ: Dowolny wydział (Dowolny)	1	[{"added": {}}]	45	1
1379	2025-07-17 23:03:54.949643+02	35	UŁ: Dowolny wydział (Dowolny)	1	[{"added": {}}]	45	1
1380	2025-07-17 23:03:58.809274+02	36	UP_Lublin: Dowolny wydział (Dowolny)	1	[{"added": {}}]	45	1
1381	2025-07-17 23:14:34.826695+02	1	UJ_CMUJ: bordowa	1	[{"added": {}}]	47	1
1382	2025-07-17 23:14:39.559496+02	2	UJ_CMUJ: bordowa	1	[{"added": {}}]	47	1
1383	2025-07-17 23:15:03.331673+02	2	UJ_WPiA: czarna	2	[{"changed": {"fields": ["Wydzia\\u0142", "Kolor"]}}]	47	1
1384	2025-07-17 23:15:22.756102+02	3	UJ_WZiKS: brązowa	1	[{"added": {}}]	47	1
1385	2025-07-17 23:15:39.955212+02	4	UJ_WBBiB: ecrú	1	[{"added": {}}]	47	1
1386	2025-07-17 23:15:56.746716+02	5	UJ_WFAiIS: fioletowa	1	[{"added": {}}]	47	1
1387	2025-07-17 23:16:12.835649+02	6	UJ_WFilol: granatowa	1	[{"added": {}}]	47	1
1388	2025-07-17 23:16:31.981041+02	7	UJ_WSMiP: karminowa	1	[{"added": {}}]	47	1
1389	2025-07-17 23:16:54.90687+02	8	UJ_WMiI: fioletowa z niebieskim otokiem	1	[{"added": {}}]	47	1
1390	2025-07-17 23:17:12.571513+02	9	UJ_WPol: granatowa z niebieskim otokiem	1	[{"added": {}}]	47	1
1391	2025-07-17 23:17:38.200198+02	10	UJ_WPol: granatowa z niebieskim otokiem	1	[{"added": {}}]	47	1
1392	2025-07-17 23:18:11.700563+02	11	Honorowa: pomarańczowy	1	[{"added": {}}]	47	1
1393	2025-07-17 23:18:35.508091+02	12	UJ_WFiloz: srebrna	1	[{"added": {}}]	47	1
1394	2025-07-17 23:18:46.633433+02	13	UJ_WGiG: szmaragdowa	1	[{"added": {}}]	47	1
1395	2025-07-17 23:18:56.914148+02	14	UJ_WGiG: szmaragdowa	1	[{"added": {}}]	47	1
1396	2025-07-17 23:19:28.425378+02	15	UJ_WHist: niebieska	1	[{"added": {}}]	47	1
1397	2025-07-17 23:19:48.819566+02	16	UJ_WNoZ: bordowa z zielonym otokiem	1	[{"added": {}}]	47	1
1398	2025-07-17 23:20:09.402658+02	17	UJ_SMP: fioletowa z zielonym otokiem	1	[{"added": {}}]	47	1
1399	2025-07-17 23:20:28.927996+02	18	UJ_WChUJ: żółta	1	[{"added": {}}]	47	1
1400	2025-07-17 23:20:35.072405+02	19	UJ_WChUJ: żółta	1	[{"added": {}}]	47	1
1401	2025-07-17 23:20:37.792647+02	19	UJ_WChUJ: żółta	2	[]	47	1
1402	2025-07-17 23:21:00.890036+02	20	AGH_PG: czarna z zielonym otokiem	1	[{"added": {}}]	47	1
1403	2025-07-17 23:21:20.533611+02	21	AGH_PH: czarna z niebieskim otokiem	1	[{"added": {}}]	47	1
1404	2025-07-17 23:21:24.702614+02	22	AGH_PH: czarna z niebieskim otokiem	1	[{"added": {}}]	47	1
1405	2025-07-17 23:21:27.90508+02	22	AGH_PH: czarna z niebieskim otokiem	2	[]	47	1
1406	2025-07-17 23:21:49.043672+02	23	PK_WA: granatowa	1	[{"added": {}}]	47	1
1407	2025-07-17 23:22:26.057577+02	24	PK_WM: granatowa z czerwonym otokiem	1	[{"added": {}}]	47	1
1408	2025-07-17 23:23:11.625779+02	25	PK_WIL: granatowa z czarnym otokiem	1	[{"added": {}}]	47	1
1409	2025-07-17 23:23:33.489363+02	26	UW_Dowolny: biała z amarantowym otokiem	1	[{"added": {}}]	47	1
1410	2025-07-17 23:25:23.652194+02	27	UŚ_Dowolny: granatowa z napisem "UNIWERSYTET ŚLĄSKI"	1	[{"added": {}}]	47	1
1411	2025-07-17 23:26:17.806859+02	28	UP_Lublin_Dowolny: szmaragdowa	1	[{"added": {}}]	47	1
1412	2025-07-17 23:26:31.679124+02	29	XXX_XXX: Nie wiem	1	[{"added": {}}]	47	1
1413	2025-07-17 23:26:47.195364+02	30	XXX_XXX: Nie dotyczy	1	[{"added": {}}]	47	1
1414	2025-07-17 23:27:15.956707+02	31	XXX_Niemcy_XXX: niebieska	1	[{"added": {}}]	47	1
1415	2025-07-17 23:27:19.650074+02	32	XXX_Niemcy_XXX: niebieska	1	[{"added": {}}]	47	1
1416	2025-07-17 23:27:21.230976+02	32	XXX_Niemcy_XXX: niebieska	2	[]	47	1
1417	2025-07-17 23:27:44.843477+02	33	UJ_WFarm: bordowa z granatowym otokiem	1	[{"added": {}}]	47	1
1418	2025-07-17 23:27:57.961151+02	34	UJ_WB: zielona	1	[{"added": {}}]	47	1
1419	2025-07-17 23:28:15.402891+02	35	UJ_MISH: srebrna z granatowym otokiem	1	[{"added": {}}]	47	1
1420	2025-07-17 23:30:24.996218+02	37	SWPS_Kra: Nie wiem (XXX)	1	[{"added": {}}]	45	1
1421	2025-07-17 23:30:46.946121+02	36	SWPS_Kra_XXX: zielona z bordowym otokiem	1	[{"added": {}}]	47	1
1422	2025-07-18 00:26:27.332459+02	1	Inny	1	[{"added": {}}]	49	1
1423	2025-07-18 00:27:20.928271+02	2	Nie wiem - Inny, XXX	1	[{"added": {}}]	48	1
1424	2025-07-18 00:29:11.00013+02	2	Uczelnia	1	[{"added": {}}]	49	1
1425	2025-07-18 00:29:15.381591+02	3	Wydział Historyczny UJ - Uczelnia, ul. Gołębia 24, Kraków, Polska	1	[{"added": {}}]	48	1
1426	2025-07-18 00:29:35.941415+02	4	CMUJ - Uczelnia, św. Anny 12, Kraków, Polska	1	[{"added": {}}]	48	1
1427	2025-07-18 00:30:04.291611+02	3	Obiekt kultury	1	[{"added": {}}]	49	1
1428	2025-07-18 00:30:07.119218+02	5	Grób królowej Jadwigi - Obiekt kultury, Katedra Wawelska, Kraków, Polska	1	[{"added": {}}]	48	1
1429	2025-07-18 00:30:33.426539+02	6	Auditorium Maximum UJ - Uczelnia, Krupnicza 33, Kraków, Polska	1	[{"added": {}}]	48	1
1430	2025-07-18 08:55:38.460673+02	7	Collegium Maius - Uczelnia, Jagiellońska 15, Kraków, Polska	1	[{"added": {}}]	48	1
1431	2025-07-18 08:56:30.713157+02	8	Collegium Novum - Uczelnia, Gołębia 24, Kraków, Polska	1	[{"added": {}}]	48	1
1432	2025-07-18 08:56:59.705552+02	4	Pub/Klub	1	[{"added": {}}]	49	1
1433	2025-07-18 08:57:11.735063+02	9	Klub Studencki Nawojka - Pub/Klub, Władysława Reymonta 11, Kraków, Polska	1	[{"added": {}}]	48	1
1434	2025-07-18 08:57:34.385235+02	10	Shot Pub - Pub/Klub, Szpitalna 5, Kraków, Polska	1	[{"added": {}}]	48	1
1435	2025-07-18 08:57:58.188598+02	11	Klub Buda - Pub/Klub, Czapskich 2, Kraków, Polska	1	[{"added": {}}]	48	1
1436	2025-07-18 08:58:31.234285+02	12	Collegium Iuridicum UJ - Uczelnia, Grodzka 53, Kraków, Polska	1	[{"added": {}}]	48	1
1437	2025-07-18 08:59:58.479017+02	5	Miasto	1	[{"added": {}}]	49	1
1438	2025-07-18 09:00:01.654811+02	13	Wrocław - Miasto, Wrocław, Polska	1	[{"added": {}}]	48	1
1439	2025-07-18 09:00:24.1393+02	6	Auditorium Maximum UJ - Uczelnia, Krupnicza 33, 31-123 Kraków	2	[{"changed": {"fields": ["Adres"]}}]	48	1
1440	2025-07-18 09:00:53.262331+02	4	CMUJ - Uczelnia, Świętej Anny 12, 31-008 Kraków	2	[{"changed": {"fields": ["Adres"]}}]	48	1
1441	2025-07-18 09:01:14.700854+02	12	Collegium Iuridicum UJ - Uczelnia, Grodzka 53, 33-332 Kraków	2	[{"changed": {"fields": ["Adres"]}}]	48	1
1442	2025-07-18 09:01:38.027197+02	7	Collegium Maius - Uczelnia, Jagiellońska 15, 31-010 Kraków	2	[{"changed": {"fields": ["Adres"]}}]	48	1
1443	2025-07-18 09:02:14.25832+02	8	Collegium Novum UJ - Uczelnia, Gołębia 24, 31-007 Kraków	2	[{"changed": {"fields": ["Nazwa", "Adres"]}}]	48	1
1444	2025-07-18 09:02:22.40628+02	7	Collegium Maius UJ - Uczelnia, Jagiellońska 15, 31-010 Kraków	2	[{"changed": {"fields": ["Nazwa"]}}]	48	1
1445	2025-07-18 09:03:45.270009+02	5	Grób królowej Jadwigi - Obiekt kultury, Katedra Wawelska, 31-001 Kraków	2	[{"changed": {"fields": ["Adres"]}}]	48	1
1446	2025-07-18 09:04:15.441746+02	11	Klub Buda - Pub/Klub, Czapskich 2, 31-110 Kraków	2	[{"changed": {"fields": ["Adres"]}}]	48	1
1447	2025-07-18 09:04:37.513409+02	9	Klub Studencki Nawojka - Pub/Klub, Władysława Reymonta 11, 30-059 Kraków	2	[{"changed": {"fields": ["Adres"]}}]	48	1
1448	2025-07-18 09:05:09.029519+02	10	Shot Pub - Pub/Klub, Szpitalna, 30-962 Kraków	2	[{"changed": {"fields": ["Adres"]}}]	48	1
1449	2025-07-18 09:16:47.284343+02	3	Wydział Historyczny UJ - Uczelnia, ul. Gołębia 24, 31-007 Kraków	2	[{"changed": {"fields": ["Adres"]}}]	48	1
1450	2025-07-18 09:17:59.107444+02	14	Kopiec Kościuszki - Obiekt kultury, al. Waszyngtona 1, 30-204 Kraków	1	[{"added": {}}]	48	1
1451	2025-07-18 09:18:41.964998+02	15	Gołębnik - Uczelnia, Gołębia 16, 31-007 Kraków	1	[{"added": {}}]	48	1
1452	2025-07-18 09:19:40.32704+02	16	Klub Studencki "Żaczek" - Pub/Klub, al. 3 Maja 5, 30-063 Kraków	1	[{"added": {}}]	48	1
1453	2025-07-18 09:20:34.826182+02	17	Kraków - Miasto, Kraków, Polska	1	[{"added": {}}]	48	1
1454	2025-07-18 09:21:21.197836+02	18	Bolonia - Miasto, Bologna, Włochy	1	[{"added": {}}]	48	1
1455	2025-07-18 09:26:08.751269+02	6	Park	1	[{"added": {}}]	49	1
1456	2025-07-18 09:26:11.123284+02	19	Giardini di via Filippo Re - Park, Via Filippo Re, 40126 Bologna BO, Włochy	1	[{"added": {}}]	48	1
1457	2025-07-18 09:26:35.459964+02	20	Palazzo d'Accursio - Obiekt kultury, Piazza Maggiore, 6, 40121 Bologna BO, Włochy	1	[{"added": {}}]	48	1
1458	2025-07-18 09:27:11.120116+02	7	Lokum	1	[{"added": {}}]	49	1
1459	2025-07-18 09:27:13.928527+02	21	Spawner Włochów - Lokum, Via delle Moline, 7, 40126 Bologna BO, Włochy	1	[{"added": {}}]	48	1
1460	2025-07-18 09:27:41.588142+02	22	MEUS - Obiekt kultury, Via Zamboni, 33, 40126 Bologna BO, Włochy	1	[{"added": {}}]	48	1
1461	2025-07-18 09:28:10.605148+02	8	Restauracja	1	[{"added": {}}]	49	1
1462	2025-07-18 09:28:13.024815+02	23	Pizza Casa - Restauracja, Via S. Vitale, 45/A, 40125 Bologna BO, Włochy	1	[{"added": {}}]	48	1
1463	2025-07-18 09:28:34.921279+02	24	Pizza Gingio - Restauracja, Via Rizzoli, 40a, 40126 Bologna BO, Włochy	1	[{"added": {}}]	48	1
1464	2025-07-18 09:29:09.818391+02	25	Centrum Dydaktyczno Kongresowe - Uczelnia, świętego Łazarza 16, 31-530 Kraków	1	[{"added": {}}]	48	1
1465	2025-07-18 09:29:44.192339+02	9	Plac	1	[{"added": {}}]	49	1
1466	2025-07-18 09:29:46.397627+02	26	Piazza Maggiore - Plac, Piazza Maggiore, 40124 Bologna BO, Włochy	1	[{"added": {}}]	48	1
1467	2025-07-18 09:30:35.965123+02	10	Obiekt kultu	1	[{"added": {}}]	49	1
1468	2025-07-18 09:30:39.422453+02	27	Bazylika św. Petroniusza - Obiekt kultu, Piazza Maggiore, 40124 Bologna BO, Włochy	1	[{"added": {}}]	48	1
1469	2025-07-18 09:31:22.047461+02	11	Bar	1	[{"added": {}}]	49	1
1470	2025-07-18 09:31:27.023527+02	28	Bar Birroteca Lupulus - Bar, Via Giuseppe Petroni, 7a, 40126 Bologna BO, Włochy	1	[{"added": {}}]	48	1
1471	2025-07-18 09:32:02.720618+02	29	W dupie - Inny, Chyba wiesz, gdzie masz dupę	1	[{"added": {}}]	48	1
1472	2025-07-18 09:34:18.440553+02	30	Piazza Vittorio Puntoni - Plac, 40126 Bolonia, Włochy	1	[{"added": {}}]	48	1
1473	2025-07-18 09:34:42.575348+02	12	Lotnisko	1	[{"added": {}}]	49	1
1474	2025-07-18 09:34:44.685627+02	31	Port Lotniczy Bolonia - Lotnisko, Via del Triumvirato, 84, 40132 Bologna BO, Włochy	1	[{"added": {}}]	48	1
1475	2025-07-18 09:35:37.844608+02	13	Szlak	1	[{"added": {}}]	49	1
1476	2025-07-18 09:35:44.336098+02	32	Krakowski Szlak Generała Bema - Szlak, powiat krakowski, Polska	1	[{"added": {}}]	48	1
1477	2025-07-18 09:36:38.381962+02	30	Piazza Vittorio Puntoni - Plac, 40126 Bologna BO, Włochy	2	[{"changed": {"fields": ["Adres"]}}]	48	1
1478	2025-07-18 11:39:52.74732+02	9	Shot Pub - Pub/Klub, Szpitalna, 30-962 Kraków	2	[{"changed": {"fields": ["Zamkni\\u0119te na sta\\u0142e"]}}]	48	1
1479	2025-07-18 11:41:08.445788+02	14	Bar mleczny	1	[{"added": {}}]	49	1
1480	2025-07-18 11:41:18.486436+02	15	Dworzec	1	[{"added": {}}]	49	1
1481	2025-07-18 11:41:28.78454+02	16	Bar karaoke	1	[{"added": {}}]	49	1
1482	2025-07-18 11:41:33.206861+02	17	Kino	1	[{"added": {}}]	49	1
1483	2025-07-18 11:41:43.986445+02	18	Schronisko	1	[{"added": {}}]	49	1
1484	2025-07-18 11:41:47.918219+02	19	Teatr	1	[{"added": {}}]	49	1
1485	2025-07-18 11:41:53.980056+02	20	Szczyt	1	[{"added": {}}]	49	1
1486	2025-07-18 11:53:11.629213+02	5	Belgia	1	[{"added": {}}]	46	1
1487	2025-07-18 11:53:16.76629+02	6	Dania	1	[{"added": {}}]	46	1
1488	2025-07-18 11:53:20.804579+02	7	Finlandia	1	[{"added": {}}]	46	1
1489	2025-07-18 11:53:24.337836+02	8	Francja	1	[{"added": {}}]	46	1
1490	2025-07-18 11:53:30.648855+02	9	Norwegia	1	[{"added": {}}]	46	1
1491	2025-07-18 11:53:42.371859+02	10	Szwecja	1	[{"added": {}}]	46	1
1492	2025-07-18 11:53:51.471848+02	11	Włochy	1	[{"added": {}}]	46	1
1493	2025-07-18 12:03:14.464488+02	3	ITA Monte Christo Balla	3		31	1
1494	2025-07-18 12:05:22.431289+02	4	None Balla Monte Christo	1	[{"added": {}}]	31	1
1495	2025-07-18 12:24:08.064916+02	4	Włochy Balla Monte Christo	2	[{"changed": {"fields": ["Kraj pochodzenia"]}}]	31	1
1496	2025-07-18 12:41:04.966707+02	1	Calotte	1	[{"added": {}}]	50	1
1497	2025-07-18 12:41:36.273356+02	2	Czapka	1	[{"added": {}}]	50	1
1498	2025-07-18 12:52:57.455111+02	1	Calotte	2	[]	50	1
1499	2025-07-18 12:53:20.512899+02	2	Czapka	2	[]	50	1
1500	2025-07-18 12:53:43.153457+02	3	Faluch	1	[{"added": {}}]	50	1
1501	2025-07-18 12:54:18.942198+02	4	Feluca	1	[{"added": {}}]	50	1
1502	2025-07-18 12:54:31.464244+02	4	Feluca	2	[{"changed": {"fields": ["Od czego zale\\u017cy kolor"]}}]	50	1
1503	2025-07-18 13:04:02.671595+02	4	Włochy Balla Monte Christo	3		31	1
1504	2025-07-18 10:45:57.685973+02	1	Belgowie: Belgia	1	[{"added": {}}]	51	1
1505	2025-07-18 10:46:29.077635+02	2	Polskie: Polska	1	[{"added": {}}]	51	1
1506	2025-07-18 10:47:00.468289+02	3	Faluszardzi: Belgia, Francja	1	[{"added": {}}]	51	1
1507	2025-07-18 10:47:28.648845+02	12	Hiszpania	1	[{"added": {}}]	46	1
1508	2025-07-18 10:47:41.067423+02	4	Goliardzi: Hiszpania, Włochy	1	[{"added": {}}]	51	1
1509	2025-07-18 10:48:15.481726+02	5	Korporacje studenckie: Niemcy, Polska	1	[{"added": {}}]	51	1
1510	2025-07-18 10:49:35.079768+02	5	Polska Bractwo Czapki Studenckiej UJ	1	[{"added": {}}]	31	1
1511	2025-07-18 10:50:44.390821+02	6	Polska: Bractwo Czapki Studenckiej Animus	1	[{"added": {}}]	31	1
1512	2025-07-18 16:06:44.121258+02	1	Wymienianie się pinsami	3		29	1
1513	2025-07-18 20:13:38.522654+02	1	Ignacy "Nerwus" Zwias	1	[{"added": {}}]	53	1
1514	2025-07-18 20:14:16.072302+02	1	Ignacy "Nerwus" Zwias	3		53	1
1515	2025-07-19 13:43:42.698288+02	4	r 	1	[{"added": {}}]	53	1
1516	2025-07-19 13:44:19.134766+02	4	Kacper Wilk	2	[{"changed": {"fields": ["Imi\\u0119", "Nazwisko", "Czapka", "Rodzic czapkowy"]}}]	53	1
1517	2025-07-19 13:45:01.851339+02	5	Konrad "Austriak" 	1	[{"added": {}}]	53	1
1518	2025-07-19 13:45:19.517621+02	4	Kacper Wilk	2	[{"changed": {"fields": ["Drugi rodzic czapkowy"]}}]	53	1
1519	2025-07-19 13:45:25.008845+02	8	Konrad "Austriak" 	2	[]	30	1
1520	2025-07-19 13:46:10.58982+02	6	Krysia Cholewa	1	[{"added": {}}]	53	1
1521	2025-07-19 13:46:58.582875+02	7	Mateusz "Skorpion/Szczur" Sokół	1	[{"added": {}}]	53	1
1522	2025-07-19 13:47:53.764081+02	8	Mateusz "Najpiękniejszy Bean" Warmus	1	[{"added": {}}]	53	1
1523	2025-07-19 13:48:36.446985+02	9	Patrycja "Wiktoriańskie Dziecko" Skowronek	1	[{"added": {}}]	53	1
1524	2025-07-19 13:56:18.697145+02	178	r 	1	[{"added": {}}]	53	1
1525	2025-07-19 13:57:24.961282+02	178	Szymon "Tur" Zwias	2	[{"changed": {"fields": ["Imi\\u0119", "Nazwisko", "przezwiska", "Czapka", "Rodzic czapkowy", "Drugi rodzic czapkowy"]}}]	53	1
1526	2025-07-19 13:58:07.168601+02	179	Wiktoria "Wedel" Doleżych	1	[{"added": {}}]	53	1
1527	2025-07-19 13:59:10.725583+02	180	Andrzej 	1	[{"added": {}}]	54	1
1528	2025-07-19 13:59:36.15492+02	180	Andrzej Pawłowski	2	[{"changed": {"fields": ["Nazwisko"]}}]	54	1
1529	2025-07-19 13:59:57.158964+02	181	Babcia Tadka 	1	[{"added": {}}]	54	1
1530	2025-07-19 14:00:21.063488+02	182	Christobalt Miltrugno	1	[{"added": {}}]	54	1
1531	2025-07-19 14:00:39.552079+02	183	Frederic Widart	1	[{"added": {}}]	54	1
1532	2025-07-19 14:01:11.55537+02	184	Roberto Martinez del Rio	1	[{"added": {}}]	54	1
1533	2025-07-19 14:01:45.73623+02	185	SSUJ 	1	[{"added": {}}]	54	1
1534	2025-07-19 14:02:07.449845+02	186	Stefano "Kwaśny Krab" Campagna	1	[{"added": {}}]	54	1
1535	2025-07-19 14:03:02.460455+02	187	Zdzisław "Profesor" Gajda	1	[{"added": {}}]	54	1
1536	2025-07-19 14:41:27.986131+02	167	Dawid "Rudy" Otłowski	2	[{"changed": {"fields": ["Rodzic czapkowy", "Drugi rodzic czapkowy"]}}]	52	1
1537	2025-07-19 19:03:13.882031+02	6	Polska: Bractwo Czapki Studenckiej Animus	2	[]	31	1
1538	2025-07-19 19:04:03.628107+02	5	Polska: Bractwo Czapki Studenckiej UJ	2	[{"changed": {"fields": ["Za\\u0142o\\u017cyciele"]}}]	31	1
1539	2025-07-19 19:05:01.316633+02	187	Zdzisław "Profesor" Gajda	2	[]	54	1
1540	2025-07-19 20:25:35.515097+02	3	Tadeusz "Kumdo/Tadek" Hessel - Tadeusz I	2	[{"changed": {"fields": ["Imi\\u0119"]}}]	13	1
1541	2025-07-19 20:25:45.863164+02	4	Tadeusz "Kumdo/Tadek" Hessel - Tadeusz II	2	[{"changed": {"fields": ["Imi\\u0119"]}}]	13	1
1542	2025-07-19 20:25:59.902977+02	4	Magdalena "Kasztanka" Brilha - Tadeusz II	2	[{"changed": {"fields": ["Imi\\u0119"]}}]	13	1
1543	2025-07-19 21:52:43.482065+02	7	Paweł "Synek" Mucha - Tadeusz III	2	[{"changed": {"fields": ["Imi\\u0119"]}}]	13	1
1544	2025-07-19 21:53:04.315263+02	8	Maciej "Dzidzia" Małecki - Tadeusz IV	2	[{"changed": {"fields": ["Imi\\u0119"]}}]	13	1
1545	2025-07-19 21:54:28.539437+02	7	Grażyna "Malina" Malinowska - Tadeusz III	2	[{"changed": {"fields": ["Imi\\u0119"]}}]	13	1
1546	2025-07-19 21:54:41.77278+02	8	Paweł "Synek" Mucha - Tadeusz IV	2	[{"changed": {"fields": ["Imi\\u0119"]}}]	13	1
1547	2025-07-19 21:54:58.386849+02	1	Maciej "Dzidzia" Małecki - Tadeusz V	2	[{"changed": {"fields": ["Imi\\u0119"]}}]	13	1
1548	2025-07-19 21:55:34.612256+02	9	Damian "Bandera/Buch" Zych - Tadeusz V, Wielki Antymistrz Bandera Łże-Tadeusz VI, czerwono-czarny ognień tańczący na wioskach wrogów	2	[{"changed": {"fields": ["Imi\\u0119"]}}]	13	1
1549	2025-07-19 21:55:50.611264+02	12	Michał "I Sekretarz PZPR towarzysz Władysław Gomułka, ps. Wiesław/Gomuł" Gumułka - Tadeusz VI, Ostatni Książę Pszczyny, władca studentów i zwierząt nie wyłączając smoków i panter	2	[{"changed": {"fields": ["Imi\\u0119"]}}]	13	1
1550	2025-07-19 21:56:09.723073+02	17	Patrycja "Chat" Karauda - Tadeusz VIII	2	[{"changed": {"fields": ["Imi\\u0119"]}}]	13	1
1551	2025-07-19 21:56:22.981209+02	13	Bartłomiej "Kucharz" Olajossy - Tadeusz IX, Gałązka z Boskiego Drzewa Wpierdolu	2	[{"changed": {"fields": ["Imi\\u0119"]}}]	13	1
1552	2025-07-19 21:56:33.861116+02	14	John "Jasiek" Graff-Warburton - Tadeusz X, Zawsze Trzeźwy Landlord Czerwonomakowskich Luster	2	[{"changed": {"fields": ["Imi\\u0119"]}}]	13	1
1553	2025-07-19 21:56:40.862301+02	16	Paulina "Koziołek" Kozioł - Tadeusz X, Patronka Słowa Mówionego i Pisanego, Jedyny Prawowity Tadeusz X	2	[{"changed": {"fields": ["Imi\\u0119"]}}]	13	1
1554	2025-07-19 21:56:49.027777+02	15	Michał "Cukier/Małolata" Malata - Tadeusz XI, Czerwona Opcja Śląska	2	[{"changed": {"fields": ["Imi\\u0119"]}}]	13	1
1555	2025-07-19 21:58:37.766748+02	1	Dawny Zarząd 2009/2010 - WM Tadeusz "Kumdo/Tadek" Hessel - Tadeusz I	2	[{"changed": {"fields": ["Wielki Mistrz"]}}, {"added": {"name": "Charakterystyka dzia\\u0142a\\u0144 Zarz\\u0105du", "object": "Joanna \\"A\\u015bka\\" Lorenc: 2009/2010"}}]	11	1
1556	2025-07-19 22:33:10.479411+02	15	Zarząd None - WM None	3		12	1
1557	2025-07-19 22:33:10.479451+02	14	Zarząd None - WM None	3		12	1
1558	2025-07-19 22:33:10.479467+02	13	Zarząd None - WM None	3		12	1
1559	2025-07-19 22:33:10.479482+02	12	Zarząd None - WM None	3		12	1
1560	2025-07-19 22:33:10.479496+02	11	Zarząd None - WM None	3		12	1
1561	2025-07-19 22:33:10.479506+02	10	Zarząd None - WM None	3		12	1
1562	2025-07-19 22:33:10.479517+02	9	Zarząd None - WM None	3		12	1
1563	2025-07-19 22:33:10.479526+02	8	Zarząd None - WM None	3		12	1
1564	2025-07-19 22:33:10.479535+02	7	Zarząd None - WM None	3		12	1
1565	2025-07-19 22:33:10.479544+02	6	Zarząd None - WM None	3		12	1
1566	2025-07-19 22:33:10.479554+02	5	Zarząd None - WM None	3		12	1
1567	2025-07-19 22:33:10.479563+02	4	Zarząd None - WM None	3		12	1
1568	2025-07-19 22:33:10.479572+02	3	Zarząd None - WM None	3		12	1
1569	2025-07-19 22:33:10.479581+02	1	Zarząd None - WM None	3		12	1
1570	2025-07-19 22:34:22.337769+02	16	Zarząd 2011/2012 - WM Magdalena "Kasztanka" Brilha - Tadeusz II	1	[{"added": {}}, {"added": {"name": "Charakterystyka dzia\\u0142a\\u0144 Zarz\\u0105du", "object": "Joanna \\"A\\u015bka\\" Lorenc: 2011/2012"}}]	12	1
1571	2025-07-19 22:38:00.925574+02	17	Zarząd 2011/2012 - WM Magdalena "Kasztanka" Brilha - Tadeusz II	1	[{"added": {}}, {"added": {"name": "Charakterystyka dzia\\u0142a\\u0144 Zarz\\u0105du", "object": "Joanna \\"A\\u015bka\\" Lorenc: 2011/2012"}}]	12	1
1572	2025-07-19 22:41:16.48969+02	17	Zarząd 2012/2013 - WM Magdalena "Kasztanka" Brilha - Tadeusz II	2	[{"changed": {"fields": ["Kadencja", "Skarbnik", "Cantandi", "Sekretarz"]}}, {"changed": {"name": "Charakterystyka dzia\\u0142a\\u0144 Zarz\\u0105du", "object": "Joanna \\"A\\u015bka\\" Lorenc: 2012/2013", "fields": ["Charakterystyka dzia\\u0142a\\u0144 Zarz\\u0105du"]}}]	12	1
1573	2025-07-19 22:43:52.476222+02	17	Zarząd 2012/2013 - WM Magdalena "Kasztanka" Brilha - Tadeusz II	2	[{"changed": {"fields": ["Skarbnik", "Sekretarz", "Cantandi"]}}]	12	1
1574	2025-07-19 22:44:15.356261+02	16	Zarząd 2011/2012 - WM Magdalena "Kasztanka" Brilha - Tadeusz II	2	[{"changed": {"fields": ["Cantandi"]}}]	12	1
1575	2025-07-19 22:44:22.645111+02	18	Zarząd 2012/2013 - WM Magdalena "Kasztanka" Brilha - Tadeusz II	1	[{"added": {}}, {"added": {"name": "Charakterystyka dzia\\u0142a\\u0144 Zarz\\u0105du", "object": "Joanna \\"A\\u015bka\\" Lorenc: 2012/2013"}}]	12	1
1576	2025-07-19 22:44:59.775748+02	19	Zarząd 2013/2014 - WM Magdalena "Kasztanka" Brilha - Tadeusz II	1	[{"added": {}}]	12	1
1577	2025-07-19 22:46:04.207719+02	20	Zarząd 2014/2015 - WM Grażyna "Malina" Malinowska - Tadeusz III	1	[{"added": {}}, {"added": {"name": "Charakterystyka dzia\\u0142a\\u0144 Zarz\\u0105du", "object": "Joanna \\"A\\u015bka\\" Lorenc: 2014/2015"}}]	12	1
1578	2025-07-19 22:46:55.46047+02	21	Zarząd 2015/2016 - WM Paweł "Synek" Mucha - Tadeusz IV	1	[{"added": {}}, {"added": {"name": "Charakterystyka dzia\\u0142a\\u0144 Zarz\\u0105du", "object": "Joanna \\"A\\u015bka\\" Lorenc: 2015/2016"}}]	12	1
1579	2025-07-19 22:47:55.877602+02	22	Zarząd 2016/2017 - WM Maciej "Dzidzia" Małecki - Tadeusz V	1	[{"added": {}}, {"added": {"name": "Charakterystyka dzia\\u0142a\\u0144 Zarz\\u0105du", "object": "Joanna \\"A\\u015bka\\" Lorenc: 2016/2017"}}]	12	1
1580	2025-07-19 22:48:45.528879+02	23	Zarząd 2017/2018 - WM Damian "Bandera/Buch" Zych - Tadeusz V, Wielki Antymistrz Bandera Łże-Tadeusz VI, czerwono-czarny ognień tańczący na wioskach wrogów	1	[{"added": {}}, {"added": {"name": "Charakterystyka dzia\\u0142a\\u0144 Zarz\\u0105du", "object": "Joanna \\"A\\u015bka\\" Lorenc: 2017/2018"}}]	12	1
1581	2025-07-19 22:49:46.159424+02	24	Zarząd 2018/2019 - WM Damian "Bandera/Buch" Zych - Tadeusz V, Wielki Antymistrz Bandera Łże-Tadeusz VI, czerwono-czarny ognień tańczący na wioskach wrogów	1	[{"added": {}}, {"added": {"name": "Charakterystyka dzia\\u0142a\\u0144 Zarz\\u0105du", "object": "Joanna \\"A\\u015bka\\" Lorenc: 2018/2019"}}]	12	1
1582	2025-07-19 22:50:42.942732+02	25	Zarząd 2019/2020 - WM Michał "I Sekretarz PZPR towarzysz Władysław Gomułka, ps. Wiesław/Gomuł" Gumułka - Tadeusz VI, Ostatni Książę Pszczyny, władca studentów i zwierząt nie wyłączając smoków i panter	1	[{"added": {}}, {"added": {"name": "Charakterystyka dzia\\u0142a\\u0144 Zarz\\u0105du", "object": "Joanna \\"A\\u015bka\\" Lorenc: 2019/2020"}}]	12	1
1583	2025-07-19 22:51:27.357264+02	26	Zarząd 2020/2021 - WM Patrycja "Chat" Karauda - Tadeusz VIII	1	[{"added": {}}, {"added": {"name": "Charakterystyka dzia\\u0142a\\u0144 Zarz\\u0105du", "object": "Joanna \\"A\\u015bka\\" Lorenc: 2020/2021"}}]	12	1
1584	2025-07-19 22:51:59.158665+02	27	Zarząd 2021/2022 - WM Bartłomiej "Kucharz" Olajossy - Tadeusz IX, Gałązka z Boskiego Drzewa Wpierdolu	1	[{"added": {}}]	12	1
1585	2025-07-19 22:52:41.161811+02	28	Zarząd 2022/2023 - WM John "Jasiek" Graff-Warburton - Tadeusz X, Zawsze Trzeźwy Landlord Czerwonomakowskich Luster	1	[{"added": {}}]	12	1
1586	2025-07-19 22:53:15.066561+02	29	Zarząd 2023/2024 - WM Paulina "Koziołek" Kozioł - Tadeusz X, Patronka Słowa Mówionego i Pisanego, Jedyny Prawowity Tadeusz X	1	[{"added": {}}]	12	1
1587	2025-07-19 22:53:51.867826+02	29	Zarząd 2024/2025 - WM Michał "Cukier/Małolata" Malata - Tadeusz XI, Czerwona Opcja Śląska	2	[{"changed": {"fields": ["Kadencja", "Wielki Mistrz", "Kasztelan", "Skarbnik", "Cantandi"]}}]	12	1
\.


--
-- Data for Name: django_content_type; Type: TABLE DATA; Schema: public; Owner: projectuser
--

COPY public.django_content_type (id, app_label, model) FROM stdin;
1	admin	logentry
2	auth	permission
3	auth	group
4	auth	user
5	contenttypes	contenttype
6	sessions	session
8	czlonkowie	czapka
9	czlonkowie	imieszlacheckie
10	czlonkowie	zwierzeczapkowe
11	czlonkowie	dawnyzarzad
12	czlonkowie	zarzad
13	czlonkowie	wielkimistrz
14	core	kadencja
15	kronika	proces
16	kronika	miejsce
17	kronika	spotkanieczapkowe
18	kronika	wyjazd
19	kronika	wydarzenie
20	kronika	zdarzenie
21	czlonkowie	podziekowania
22	czlonkowie	halloffame
25	kronika	obrazwydarzenie
26	encyklopedia	tradycja
27	czlonkowie	przezwisko
28	encyklopedia	tradycjainnegobractwa
29	encyklopedia	tradycjabcs
24	kronika	osoby
31	encyklopedia	bractwo
32	encyklopedia	lengths
33	kronika	okazja
34	kronika	obrazzdarzenie
35	kronika	obrazwyjazd
36	czlonkowie	osoby
37	admin_interface	theme
38	kronika	charakterystykadzialanzarzadu
39	encyklopedia	zwyczaj
40	encyklopedia	powiedzenie
41	encyklopedia	pojecie
42	encyklopedia	zrodlo
43	czlonkowie	osoba
44	miejsca	uczelnia
45	miejsca	wydzial
46	miejsca	kraj
47	czapki	czapka
48	miejsca	miejsce
49	miejsca	typmiejsca
50	czapki	rodzajczapki
51	encyklopedia	grupabractw
7	czlonkowie	oldczlonek
30	czlonkowie	oldbean
23	czlonkowie	innaoldosoba
52	czlonkowie	czlonek
53	czlonkowie	bean
54	czlonkowie	innaosoba
\.


--
-- Data for Name: django_migrations; Type: TABLE DATA; Schema: public; Owner: projectuser
--

COPY public.django_migrations (id, app, name, applied) FROM stdin;
1	contenttypes	0001_initial	2025-04-24 10:18:16.501024+02
2	auth	0001_initial	2025-04-24 10:18:16.549697+02
3	admin	0001_initial	2025-04-24 10:18:16.563003+02
4	admin	0002_logentry_remove_auto_add	2025-04-24 10:18:16.567753+02
5	admin	0003_logentry_add_action_flag_choices	2025-04-24 10:18:16.572893+02
6	contenttypes	0002_remove_content_type_name	2025-04-24 10:18:16.585132+02
7	auth	0002_alter_permission_name_max_length	2025-04-24 10:18:16.591515+02
8	auth	0003_alter_user_email_max_length	2025-04-24 10:18:16.597672+02
9	auth	0004_alter_user_username_opts	2025-04-24 10:18:16.602301+02
10	auth	0005_alter_user_last_login_null	2025-04-24 10:18:16.609842+02
11	auth	0006_require_contenttypes_0002	2025-04-24 10:18:16.61108+02
12	auth	0007_alter_validators_add_error_messages	2025-04-24 10:18:16.616143+02
13	auth	0008_alter_user_username_max_length	2025-04-24 10:18:16.627553+02
14	auth	0009_alter_user_last_name_max_length	2025-04-24 10:18:16.633054+02
15	auth	0010_alter_group_name_max_length	2025-04-24 10:18:16.639366+02
16	auth	0011_update_proxy_permissions	2025-04-24 10:18:16.643979+02
17	auth	0012_alter_user_first_name_max_length	2025-04-24 10:18:16.648699+02
18	sessions	0001_initial	2025-04-24 10:18:16.659781+02
57	core	0001_initial	2025-05-01 13:34:26.80324+02
58	core	0002_alter_kadencja_zakonczenie	2025-05-01 13:36:11.334519+02
59	core	0003_alter_kadencja_zakonczenie	2025-05-01 13:39:47.154955+02
60	czlonkowie	0001_initial	2025-05-01 14:42:59.071568+02
61	czlonkowie	0002_delete_dawnyzarzad	2025-05-01 14:45:38.611799+02
62	czlonkowie	0003_dawnyzarzad	2025-05-01 14:47:09.802001+02
63	czlonkowie	0002_wielkimistrz_zarzad	2025-05-01 14:52:23.390129+02
64	czlonkowie	0003_alter_czapka_uczelnia_alter_czlonek_dzien_chrztu_and_more	2025-05-01 15:49:29.859326+02
65	czlonkowie	0004_alter_czapka_uczelnia_alter_czlonek_dzien_chrztu_and_more	2025-05-01 19:29:53.304221+02
66	czlonkowie	0005_alter_wielkimistrz_options_and_more	2025-05-01 19:36:25.050151+02
67	czlonkowie	0006_alter_wielkimistrz_options	2025-05-01 19:48:09.925965+02
68	czlonkowie	0007_alter_wielkimistrz_options_and_more	2025-05-01 19:58:00.631491+02
69	kronika	0001_initial	2025-05-01 23:44:07.467652+02
70	kronika	0002_alter_wyjazd_options_proces_opis_alter_miejsce_typ	2025-05-02 01:08:25.262438+02
71	kronika	0003_delete_proces_remove_wyjazd_wydarzenia_and_more	2025-05-02 01:39:54.986502+02
72	kronika	0004_zdarzenie_alter_miejsce_adres_wyjazd_wydarzenie_and_more	2025-05-02 01:55:53.973021+02
73	czlonkowie	0008_podziekowania	2025-05-02 02:10:42.706539+02
74	czlonkowie	0009_halloffame_delete_podziekowania	2025-05-02 02:22:46.38963+02
75	czlonkowie	0010_alter_halloffame_options_remove_halloffame_edited_and_more	2025-05-02 02:36:40.306926+02
76	czlonkowie	0011_alter_halloffame_options_remove_halloffame_numer	2025-05-02 02:40:27.054743+02
77	czlonkowie	0012_alter_halloffame_options	2025-05-02 02:56:03.118534+02
78	czlonkowie	0013_alter_halloffame_options_halloffame_order_field	2025-05-02 15:44:06.384719+02
79	czlonkowie	0014_innaosoba	2025-05-04 21:50:04.052236+02
80	kronika	0005_alter_wydarzenie_typ_uczestnictwo	2025-05-04 21:50:04.085008+02
81	kronika	0006_rename_uczestnik_uczestnictwo_czlonek_and_more	2025-05-04 22:51:26.253802+02
82	czlonkowie	0015_alter_innaosoba_options_remove_innaosoba_imie_and_more	2025-05-04 23:10:22.960379+02
83	kronika	0007_alter_wydarzenie_typ	2025-05-04 23:10:22.963831+02
84	kronika	0008_alter_miejsce_adres	2025-05-04 23:16:41.006088+02
85	kronika	0009_alter_wydarzenie_typ_remove_wydarzenie_zdarzenia_and_more	2025-05-04 23:22:48.036485+02
86	kronika	0010_alter_wydarzenie_zdarzenia	2025-05-05 09:12:12.027593+02
87	kronika	0011_obrazwydarzenie_wydarzenie_obrazy	2025-05-05 12:05:23.834371+02
88	kronika	0012_alter_miejsce_typ_remove_proces_zdarzenia_and_more	2025-05-05 15:25:10.115189+02
90	czlonkowie	0016_przezwisko	2025-05-09 09:27:26.805899+02
91	encyklopedia	0002_alter_tradycja_inne_and_more	2025-05-09 09:27:26.815599+02
92	kronika	0013_alter_miejsce_typ_alter_wydarzenie_typ	2025-05-09 09:27:26.827531+02
93	encyklopedia	0003_tradycja_autor_rodzaj_and_more	2025-05-09 09:56:31.655621+02
94	encyklopedia	0004_tradycjainnegobractwa_tradycjabcs_delete_tradycja	2025-05-13 11:07:34.665972+02
95	czlonkowie	0017_alter_czlonek_czapka_1_alter_czlonek_czapka_2_bean	2025-05-13 12:42:51.866182+02
96	encyklopedia	0005_alter_tradycjainnegobractwa_autor_rodzaj	2025-05-13 12:42:51.869942+02
97	czlonkowie	0018_alter_bean_rodzic_1_alter_bean_rodzic_2	2025-05-13 12:52:22.304559+02
98	czlonkowie	0019_alter_bean_pewnosc_stazu_alter_bean_staz	2025-05-13 13:05:47.350941+02
99	kronika	0014_uczestnictwo_bean	2025-05-13 13:05:47.376679+02
100	kronika	0015_remove_obrazwydarzenie_inne_widoczne_osoby_and_more	2025-05-13 13:22:15.139087+02
101	kronika	0016_rename_uczestnictwo_osoby_alter_osoby_options	2025-05-13 13:44:27.82297+02
102	encyklopedia	0006_bractwo_lengths	2025-05-13 14:48:17.717427+02
103	encyklopedia	0007_delete_lengths_alter_bractwo_options_and_more	2025-05-13 14:57:30.280783+02
104	encyklopedia	0008_alter_bractwo_rok_zalozenia	2025-05-13 14:58:11.318593+02
105	encyklopedia	0009_alter_bractwo_rok_zalozenia	2025-05-13 15:03:46.149859+02
106	czlonkowie	0020_innaosoba_bractwo	2025-05-13 15:15:01.48548+02
107	encyklopedia	0010_alter_bractwo_rok_zalozenia	2025-05-13 18:30:03.983131+02
108	kronika	0017_zdarzenie_miejsce	2025-05-13 18:30:04.014331+02
109	kronika	0018_alter_miejsce_typ_okazja	2025-05-13 19:07:49.592879+02
110	kronika	0019_obrazzdarzenie_zdarzenie_obrazy	2025-05-14 00:17:00.81439+02
111	kronika	0020_obrazwyjazd	2025-05-14 00:22:26.860538+02
112	kronika	0021_rename_obraz_obrazwyjazd_obrazy_wyjazd_obrazy_and_more	2025-05-14 00:30:47.073963+02
113	kronika	0022_rename_obrazy_obrazwyjazd_obraz	2025-05-14 00:40:00.03356+02
114	kronika	0023_obrazwyjazd_data	2025-05-14 00:43:58.787788+02
115	encyklopedia	0011_remove_tradycjabcs_wyjazd_and_more	2025-05-14 01:43:11.894647+02
116	kronika	0024_remove_wyjazd_obrazy_remove_okazja_content_type_and_more	2025-05-14 11:25:13.689573+02
117	kronika	0025_alter_wydarzenie_czy_to_wyjazd	2025-05-14 11:25:20.190332+02
118	kronika	0002_alter_obrazwydarzenie_options_wyjazd	2025-05-14 12:27:41.853995+02
119	encyklopedia	0002_tradycjabcs_wydarzenie	2025-05-14 12:28:05.097416+02
120	czlonkowie	0002_innaosoba_bractwo_przezwisko_kto_wielkimistrz_imie_and_more	2025-05-14 12:28:49.792764+02
121	czlonkowie	0021_merge_20250514_1247	2025-05-14 14:47:25.14884+02
122	encyklopedia	0010_merge_20250514_1247	2025-05-14 14:47:25.150372+02
123	kronika	0017_merge_20250514_1247	2025-05-14 14:47:25.151219+02
124	encyklopedia	0011_remove_tradycjabcs_autor_czlonek_and_more	2025-05-14 15:00:02.449131+02
125	kronika	0018_delete_osoby	2025-05-14 15:19:52.000698+02
126	czlonkowie	0022_osoby	2025-05-14 15:20:41.793322+02
127	encyklopedia	0012_alter_tradycjainnegobractwa_autor_rodzaj	2025-05-14 17:28:14.68845+02
128	kronika	0019_delete_wyjazd	2025-05-14 17:33:33.598178+02
129	kronika	0020_alter_wydarzenie_options_remove_wydarzenie_data_and_more	2025-05-14 17:45:28.556123+02
130	kronika	0021_obrazzdarzenie	2025-05-14 18:10:51.907077+02
131	kronika	0022_zdarzenie_miejsce_zdarzenie_obrazy	2025-05-14 18:20:32.554907+02
132	kronika	0023_zdarzenie_wydarzenie_alter_wydarzenie_zdarzenia	2025-05-14 18:23:48.509219+02
133	czlonkowie	0023_alter_czapka_wydzial_alter_czlonek_pewnosc_stazu	2025-05-15 00:53:49.876665+02
134	kronika	0024_remove_wydarzenie_zdarzenia_remove_zdarzenie_obrazy_and_more	2025-05-15 00:53:49.900367+02
135	czlonkowie	0024_alter_bean_czapka_1_alter_bean_czapka_2_and_more	2025-05-15 01:16:54.929407+02
136	czlonkowie	0025_alter_przezwisko_options_remove_przezwisko_kto	2025-05-15 01:24:01.314577+02
137	czlonkowie	0026_przezwisko_bean_przezwisko_czlonek_and_more	2025-05-15 01:56:14.048985+02
138	czlonkowie	0025_bean_przezwiska_czlonek_przezwiska	2025-05-15 02:16:50.501198+02
139	czlonkowie	0026_alter_bean_przezwiska_alter_czlonek_przezwiska	2025-05-15 02:32:47.37794+02
140	czlonkowie	0027_innaosoba_imie_innaosoba_nazwisko_and_more	2025-05-15 02:59:30.471617+02
141	czlonkowie	0028_alter_innaosoba_nazwisko	2025-05-15 03:00:50.935594+02
142	czlonkowie	0029_alter_innaosoba_options_remove_innaosoba_nazwa	2025-05-15 03:06:33.406131+02
143	czlonkowie	0030_alter_innaosoba_imie_alter_innaosoba_nazwisko	2025-05-15 03:27:43.270686+02
144	czlonkowie	0031_delete_przezwisko	2025-05-15 03:31:45.290051+02
145	kronika	0025_wydarzenie_link	2025-05-15 12:50:42.582059+02
146	kronika	0026_zdarzenie_godzina_alter_miejsce_typ_and_more	2025-05-15 15:52:25.310576+02
147	czlonkowie	0032_alter_bean_pewnosc_stazu_alter_czlonek_pewnosc_stazu	2025-05-17 18:35:37.548459+02
148	czlonkowie	0033_alter_czlonek_imie_piwne_1_wybor_and_more	2025-05-17 19:47:32.276797+02
149	czlonkowie	0034_halloffame_bean_alter_czlonek_status	2025-05-19 01:04:02.266356+02
150	encyklopedia	0013_alter_tradycjabcs_options	2025-05-19 01:04:02.272514+02
151	admin_interface	0001_initial	2025-05-19 23:42:04.25479+02
152	admin_interface	0002_add_related_modal	2025-05-19 23:42:04.268431+02
153	admin_interface	0003_add_logo_color	2025-05-19 23:42:04.273815+02
154	admin_interface	0004_rename_title_color	2025-05-19 23:42:04.27762+02
155	admin_interface	0005_add_recent_actions_visible	2025-05-19 23:42:04.288643+02
156	admin_interface	0006_bytes_to_str	2025-05-19 23:42:04.339109+02
157	admin_interface	0007_add_favicon	2025-05-19 23:42:04.343135+02
158	admin_interface	0008_change_related_modal_background_opacity_type	2025-05-19 23:42:04.349108+02
159	admin_interface	0009_add_enviroment	2025-05-19 23:42:04.355324+02
160	admin_interface	0010_add_localization	2025-05-19 23:42:04.366323+02
161	admin_interface	0011_add_environment_options	2025-05-19 23:42:04.388354+02
162	admin_interface	0012_update_verbose_names	2025-05-19 23:42:04.395947+02
163	admin_interface	0013_add_related_modal_close_button	2025-05-19 23:42:04.402521+02
164	admin_interface	0014_name_unique	2025-05-19 23:42:04.413943+02
165	admin_interface	0015_add_language_chooser_active	2025-05-19 23:42:04.418567+02
166	admin_interface	0016_add_language_chooser_display	2025-05-19 23:42:04.421872+02
167	admin_interface	0017_change_list_filter_dropdown	2025-05-19 23:42:04.425816+02
168	admin_interface	0018_theme_list_filter_sticky	2025-05-19 23:42:04.43924+02
169	admin_interface	0019_add_form_sticky	2025-05-19 23:42:04.447123+02
170	admin_interface	0020_module_selected_colors	2025-05-19 23:42:04.477421+02
171	admin_interface	0021_file_extension_validator	2025-05-19 23:42:04.483313+02
172	admin_interface	0022_add_logo_max_width_and_height	2025-05-19 23:42:04.490294+02
173	admin_interface	0023_theme_foldable_apps	2025-05-19 23:42:04.493687+02
174	admin_interface	0024_remove_theme_css	2025-05-19 23:42:04.497512+02
175	admin_interface	0025_theme_language_chooser_control	2025-05-19 23:42:04.502491+02
176	admin_interface	0026_theme_list_filter_highlight	2025-05-19 23:42:04.507399+02
177	admin_interface	0027_theme_list_filter_removal_links	2025-05-19 23:42:04.514369+02
178	admin_interface	0028_theme_show_fieldsets_as_tabs_and_more	2025-05-19 23:42:04.53036+02
179	admin_interface	0029_theme_css_generic_link_active_color	2025-05-19 23:42:04.537773+02
180	admin_interface	0030_theme_collapsible_stacked_inlines_and_more	2025-05-19 23:42:04.555002+02
181	kronika	0027_alter_miejsce_typ	2025-07-01 16:13:51.382665+02
182	kronika	0028_alter_obrazwydarzenie_wydarzenie_and_more	2025-07-03 20:28:03.428731+02
183	encyklopedia	0014_alter_tradycjabcs_wydarzenie	2025-07-03 20:28:03.437295+02
185	czlonkowie	0036_dawnyzarzad_charakterystyka	2025-07-10 20:55:51.087663+02
186	kronika	0029_alter_miejsce_typ_alter_wydarzenie_typ_wyjazdu	2025-07-10 20:55:51.102824+02
187	czlonkowie	0037_zarzad_charakterystyka	2025-07-10 20:57:10.078096+02
188	czlonkowie	0038_remove_dawnyzarzad_charakterystyka_and_more	2025-07-10 20:58:33.908735+02
189	kronika	0030_charakterystykadzialanzarzadu	2025-07-10 21:40:19.143047+02
190	czlonkowie	0039_dawnyzarzad_charakterystyki	2025-07-10 21:40:19.164913+02
191	czlonkowie	0040_remove_dawnyzarzad_charakterystyki	2025-07-11 00:13:35.540931+02
192	kronika	0031_alter_charakterystykadzialanzarzadu_dawny_zarzad_and_more	2025-07-11 00:19:12.154491+02
193	encyklopedia	0015_zwyczaj	2025-07-11 00:34:28.378667+02
194	encyklopedia	0016_zwyczaj_opis	2025-07-11 00:38:29.260092+02
195	czlonkowie	0041_alter_dawnyzarzad_wielki_mistrz_and_more	2025-07-11 01:53:31.540701+02
196	czlonkowie	0042_alter_zarzad_wielki_mistrz	2025-07-11 01:58:06.96624+02
197	czlonkowie	0043_alter_czapka_uczelnia	2025-07-11 12:55:37.461654+02
198	encyklopedia	0017_powiedzenie	2025-07-11 12:55:37.503695+02
199	czlonkowie	0044_alter_dawnyzarzad_wielki_mistrz	2025-07-11 14:12:24.130456+02
201	encyklopedia	0014_zwyczaj_alter_tradycjabcs_wydarzenie_pojecie_and_more	2025-07-12 09:20:07.719307+02
203	encyklopedia	0001_initial	2025-07-12 09:47:50.95695+02
206	encyklopedia	0002_alter_pojecie_options_alter_zrodlo_options_and_more	2025-07-17 17:35:54.244976+02
207	encyklopedia	0003_zwyczaj_powiedzenie	2025-07-17 17:39:50.489993+02
208	encyklopedia	0004_remove_powiedzenie_autor	2025-07-17 17:57:07.170346+02
209	kronika	0002_charakterystykadzialanzarzadu	2025-07-17 20:18:47.694519+02
210	czlonkowie	0002_delete_osoby_alter_zarzad_options_and_more	2025-07-17 20:45:44.761403+02
211	miejsca	0001_initial	2025-07-17 22:13:49.240757+02
212	czapki	0001_initial	2025-07-17 22:14:21.016912+02
213	czapki	0002_alter_czapka_options_remove_czapka_uczelnia_and_more	2025-07-17 23:10:25.95985+02
214	czlonkowie	0003_alter_czlonek_czapka_1_alter_czlonek_czapka_2_and_more	2025-07-17 23:32:14.319573+02
215	miejsca	0002_alter_uczelnia_options	2025-07-17 23:32:14.323374+02
216	miejsca	0003_typmiejsca_miejsce	2025-07-18 00:23:18.537097+02
217	kronika	0003_alter_obrazzdarzenie_miejsce_alter_zdarzenie_miejsce_and_more	2025-07-18 10:13:12.687732+02
218	miejsca	0004_miejsce_zamkniete_na_stale_alter_miejsce_adres	2025-07-18 10:13:12.701849+02
219	encyklopedia	0005_alter_bractwo_panstwo	2025-07-18 12:04:03.941256+02
220	czapki	0003_rodzajczapki	2025-07-18 12:38:54.814127+02
221	encyklopedia	0006_alter_bractwo_czapka	2025-07-18 13:03:28.870526+02
222	encyklopedia	0007_alter_bractwo_czapka	2025-07-18 13:05:01.479829+02
223	czapki	0004_alter_rodzajczapki_kraje	2025-07-18 10:34:58.484361+02
224	encyklopedia	0008_tradycjainnegobractwa_bractwo_grupabractw	2025-07-18 10:34:58.550242+02
225	encyklopedia	0009_alter_grupabractw_kraje	2025-07-18 10:34:58.561429+02
226	encyklopedia	0010_grupabractw_rodzaj_czapki	2025-07-18 10:40:58.011679+02
227	encyklopedia	0011_remove_bractwo_czapka_bractwo_grupa_bractw	2025-07-18 10:44:01.874619+02
228	encyklopedia	0012_remove_tradycjabcs_autor_rodzaj_and_more	2025-07-18 16:13:11.971716+02
229	encyklopedia	0013_alter_pojecie_origins_alter_tradycjabcs_nazwa_and_more	2025-07-18 17:55:48.672161+02
230	czlonkowie	0004_remove_bean_czapka_1_remove_bean_czapka_2_and_more	2025-07-18 18:07:39.697367+02
231	kronika	0004_alter_charakterystykadzialanzarzadu_autor	2025-07-18 18:07:39.725188+02
232	czlonkowie	0005_osoba_alter_oldbean_rodzic_1_alter_oldbean_rodzic_2_and_more	2025-07-18 20:12:03.765417+02
233	czlonkowie	0006_migrate_old_to_new	2025-07-18 20:58:13.541579+02
234	czlonkowie	0007_migrate_old_to_new_but_considering_the_polymorphism	2025-07-18 21:32:00.343929+02
235	czlonkowie	0008_fix_the_ctypes	2025-07-18 22:17:41.460706+02
236	czlonkowie	0009_fix_the_ctypes_1	2025-07-18 22:23:32.859792+02
237	czlonkowie	0010_fix_the_ctypes_2	2025-07-18 22:31:42.918912+02
241	czlonkowie	0011_reset_and_migrate	2025-07-19 10:55:25.14282+02
242	czlonkowie	0012_migrate	2025-07-19 11:12:50.964876+02
243	czlonkowie	0013_migrate_for_real	2025-07-19 13:06:12.029203+02
244	czlonkowie	0006_migrate_data_from_oldczlonek_to_czlonek	2025-07-19 14:20:57.945234+02
245	czlonkowie	0007_alter_innaoldosoba_options_alter_oldbean_options_and_more	2025-07-19 14:20:57.975097+02
246	czlonkowie	0008_remove_oldbean_czapka_1_remove_oldbean_czapka_2_and_more	2025-07-19 14:40:10.376837+02
247	kronika	0005_alter_charakterystykadzialanzarzadu_autor	2025-07-19 14:40:10.402395+02
248	czlonkowie	0009_delete_oldczlonek	2025-07-19 14:40:10.40596+02
249	czlonkowie	0010_rename_bractwo_innaosoba_bractwo_do_ktorego_nalezy	2025-07-19 19:02:15.027732+02
250	encyklopedia	0014_bractwo_zalozyciele	2025-07-19 19:02:15.075555+02
251	encyklopedia	0015_remove_tradycjabcs_zapozyczona_tradycjabcs_autor_and_more	2025-07-19 19:14:34.572136+02
252	encyklopedia	0016_pojecie_autor	2025-07-19 19:18:49.288474+02
253	encyklopedia	0017_powiedzenie_adresaci_powiedzenie_autor_and_more	2025-07-19 19:33:25.192006+02
254	kronika	0006_remove_wydarzenie_obrazy_and_more	2025-07-19 20:01:35.905444+02
\.


--
-- Data for Name: django_session; Type: TABLE DATA; Schema: public; Owner: projectuser
--

COPY public.django_session (session_key, session_data, expire_date) FROM stdin;
uqejwy4sjit3ps460mk23rwwcob1eiut	.eJxVjDsOAiEUAO9CbcgDHj9Le89A-Dxl1UCy7FbGuxuSLbSdmcybhbhvNeyD1rAUdmaCnX5ZivlJbYryiO3eee5tW5fEZ8IPO_i1F3pdjvZvUOOoc2scOC2Nkzc0GkDLlKIigzoBek3gnIrKg7VURAZhVcEitERDFtEr9vkCmjk18A:1u7roq:GItcFo0EY88Xya-uF0tPE8N4uko-gbzywcx3UjlmSF8	2025-05-08 10:20:28.689032+02
qltd0zqr7bumeuqwl9rz582r60t20a1u	.eJxVjDsOAiEUAO9CbcgDHj9Le89A-Dxl1UCy7FbGuxuSLbSdmcybhbhvNeyD1rAUdmaCnX5ZivlJbYryiO3eee5tW5fEZ8IPO_i1F3pdjvZvUOOoc2scOC2Nkzc0GkDLlKIigzoBek3gnIrKg7VURAZhVcEitERDFtEr9vkCmjk18A:1uH8Gb:33OQjUkZ7BMKZCVOL8v7dxgVddcHR_CqtoQKy5ZgjGw	2025-06-02 23:43:25.633742+02
yhbs7ag3ngoo93uvhgr2xcq7c6ikn0iz	.eJxVjDsOAiEUAO9CbcgDHj9Le89A-Dxl1UCy7FbGuxuSLbSdmcybhbhvNeyD1rAUdmaCnX5ZivlJbYryiO3eee5tW5fEZ8IPO_i1F3pdjvZvUOOoc2scOC2Nkzc0GkDLlKIigzoBek3gnIrKg7VURAZhVcEitERDFtEr9vkCmjk18A:1uOOW6:FUUzeufnnTDD59mHRTzlEQKHS5r7THK2qchfUg5WPT4	2025-06-23 00:29:26.965873+02
e2w126gsubz1f9nieaoyi47njc6foy36	.eJxVjDsOAiEUAO9CbcgDHj9Le89A-Dxl1UCy7FbGuxuSLbSdmcybhbhvNeyD1rAUdmaCnX5ZivlJbYryiO3eee5tW5fEZ8IPO_i1F3pdjvZvUOOoc2scOC2Nkzc0GkDLlKIigzoBek3gnIrKg7VURAZhVcEitERDFtEr9vkCmjk18A:1uWXvQ:dLWAHzmhbNQISAaTGjliMc_wNpgYG4fxiTSsmSEngTU	2025-07-15 12:09:16.945006+02
6r6d3tjt373yk4qtju2zdatiemmlj8zt	.eJxVjDsOAiEUAO9CbcgDHj9Le89A-Dxl1UCy7FbGuxuSLbSdmcybhbhvNeyD1rAUdmaCnX5ZivlJbYryiO3eee5tW5fEZ8IPO_i1F3pdjvZvUOOoc2scOC2Nkzc0GkDLlKIigzoBek3gnIrKg7VURAZhVcEitERDFtEr9vkCmjk18A:1uc3B4:Eut1MoBzk6DQC_aYvB_ngKx7zZyRq0W8DXie8FvIFmA	2025-07-30 16:32:10.780881+02
\.


--
-- Data for Name: encyklopedia_bractwo; Type: TABLE DATA; Schema: public; Owner: projectuser
--

COPY public.encyklopedia_bractwo (id, nazwa, panstwo_id, rok_zalozenia, wiek_tradycje, grupa_bractw_id) FROM stdin;
6	Bractwo Czapki Studenckiej Animus	1	1111111111	1111111111	2
5	Bractwo Czapki Studenckiej UJ	1	2009	1111111111	2
\.


--
-- Data for Name: encyklopedia_bractwo_zalozyciele; Type: TABLE DATA; Schema: public; Owner: projectuser
--

COPY public.encyklopedia_bractwo_zalozyciele (id, bractwo_id, osoba_id) FROM stdin;
1	5	148
2	5	76
3	5	157
\.


--
-- Data for Name: encyklopedia_grupabractw; Type: TABLE DATA; Schema: public; Owner: projectuser
--

COPY public.encyklopedia_grupabractw (id, nazwa, opis, rodzaj_czapki_id) FROM stdin;
1	Belgowie		1
2	Polskie		2
3	Faluszardzi		3
4	Goliardzi		4
5	Korporacje studenckie		2
\.


--
-- Data for Name: encyklopedia_grupabractw_kraje; Type: TABLE DATA; Schema: public; Owner: projectuser
--

COPY public.encyklopedia_grupabractw_kraje (id, grupabractw_id, kraj_id) FROM stdin;
1	1	5
2	2	1
3	3	8
4	3	5
5	4	11
6	4	12
7	5	1
8	5	4
\.


--
-- Data for Name: encyklopedia_pojecie; Type: TABLE DATA; Schema: public; Owner: projectuser
--

COPY public.encyklopedia_pojecie (id, nazwa, opis, origins, wydarzenie_id, autor_id) FROM stdin;
\.


--
-- Data for Name: encyklopedia_powiedzenie; Type: TABLE DATA; Schema: public; Owner: projectuser
--

COPY public.encyklopedia_powiedzenie (id, tekst, kontekst, autor_id) FROM stdin;
\.


--
-- Data for Name: encyklopedia_powiedzenie_adresaci; Type: TABLE DATA; Schema: public; Owner: projectuser
--

COPY public.encyklopedia_powiedzenie_adresaci (id, powiedzenie_id, osoba_id) FROM stdin;
\.


--
-- Data for Name: encyklopedia_tradycjabcs; Type: TABLE DATA; Schema: public; Owner: projectuser
--

COPY public.encyklopedia_tradycjabcs (id, nazwa, okolicznosci_powstania, inne, opis, autor_czlonek_id, wydarzenie_id, od_kogo_id, autor_id, zapozyczona_czy_autorska) FROM stdin;
\.


--
-- Data for Name: encyklopedia_tradycjainnegobractwa; Type: TABLE DATA; Schema: public; Owner: projectuser
--

COPY public.encyklopedia_tradycjainnegobractwa (id, nazwa, opis, bractwo_id, od_kogo_id, zapozyczona) FROM stdin;
\.


--
-- Data for Name: encyklopedia_zrodlo; Type: TABLE DATA; Schema: public; Owner: projectuser
--

COPY public.encyklopedia_zrodlo (id, nazwa, link, gdzie_znalezc, zawartosc) FROM stdin;
\.


--
-- Data for Name: encyklopedia_zrodlo_autorzy; Type: TABLE DATA; Schema: public; Owner: projectuser
--

COPY public.encyklopedia_zrodlo_autorzy (id, zrodlo_id, osoba_id) FROM stdin;
\.


--
-- Data for Name: encyklopedia_zwyczaj; Type: TABLE DATA; Schema: public; Owner: projectuser
--

COPY public.encyklopedia_zwyczaj (id, nazwa, data_powstania, opis, autor_id) FROM stdin;
\.


--
-- Data for Name: kronika_charakterystykadzialanzarzadu; Type: TABLE DATA; Schema: public; Owner: projectuser
--

COPY public.kronika_charakterystykadzialanzarzadu (id, charakterystyka, autor_id, dawny_zarzad_id, zarzad_id) FROM stdin;
1	Krótka charakterystyka działań Zarządu: \r\n- Zarząd istnieje tylko formalnie, Tadek i Kasper sterują organizacją\r\n- Działalność bardzo spontaniczna i nieregularna, głównie imprezy\r\n- W pewnym ustalonym momencie Tadek przekazuje władzę Magdalenie (Kasztance)\r\n- Kontakty z Belgami: Coluche, Cristo, Frederic Widart (i inni): częste przyjazdy i nieformalna opieka nad nowo powstającym bractwem; Bretelle: częste przyjazdy turystyczne do Krakowa dużą grupą	63	1	\N
2	Krótka charakterystyka działań Zarządu: \r\n- Bogata działalność mimo braku spisanego planu\r\n- Ukończenie statutu i uformowanie się formalnego Zarządu\r\n- Liczne nieformalne spotkania na Topolowej\r\n- Dobra organizacja mimo braku spisanego planu działania	63	\N	16
3	Krótka charakterystyka działań Zarządu: \r\n- Liczne wyjazdy zagraniczne\r\n- Kontynuacja poprzednich doświadczeń Magdaleny	63	\N	17
4	Krótka charakterystyka działań Zarządu: \r\n- Liczne wyjazdy zagraniczne\r\n- Kontynuacja poprzednich doświadczeń Magdaleny	63	\N	18
5	Krótka charakterystyka działań Zarządu: \r\n- Liczne nieformalne wyjazdy zagraniczne\r\n- Częstsze odwiedziny u Profesora w Zabierzowie\r\n- Ukończenie śpiewnika	63	\N	20
6	Krótka charakterystyka działań Zarządu: \r\n- Wprowadzenie Ukazów;\r\n- Kalendarz imprez\r\n- Regularne ostre dyżury w sali klubowej w Starym Porcie\r\n- Rozliczenie finansowe na koniec działalności	63	\N	21
7	Krótka charakterystyka działań Zarządu: \r\n- Monika Kwater praktycznie kieruje bractwem\r\n- Próby wprowadzenia nowego herbu (nieudane)\r\n- Pierwsze kontakty z Bractwem Żółtego Szalika\r\n- Wprowadzenie zespołów: ds historii, śpiewnika i kultury	63	\N	22
8	Krótka charakterystyka działań Zarządu: \r\n- Nowy Statut (zgodny z wytycznymi UJ)\r\n- #DobryPR (Zuza)\r\n- Depositio Beanorum	63	\N	23
9	Krótka charakterystyka działań Zarządu: \r\n- Kucharz wprowadza stan konta on line\r\n- 10-lecie czapki\r\n- Kasper wybija medal z Boyem i rozkręca promocję nietypowego medalu z Karolem Wojtyłą\r\n- Zarząd: czapki honoris causa dla Tadka i Kaspra\r\n- Powołanie muzeum folkloru studenckiego pod opieką Kaspra\r\n- Angielska nazwa organizacji: Fellowship of the Students’ Cap of Jagiellonian University\r\n- Ustalenie nowych zasad członkostwa\r\n- Czapka studencka została wpisana do statutu UJ	63	\N	24
10	Krótka charakterystyka działań Zarządu: \r\n- Próby rozkręcenia działalności na początku\r\n- COVID-19 i lockdown	63	\N	25
11	Krótka charakterystyka działań Zarządu: \r\n- COVID-19: większość spotkań odwołana albo on-line\r\n- Pakt Bractw z Animusem: czy został podpisany?	63	\N	26
\.


--
-- Data for Name: kronika_obrazwydarzenie; Type: TABLE DATA; Schema: public; Owner: projectuser
--

COPY public.kronika_obrazwydarzenie (id, tytul, obraz, opis, wydarzenie_id) FROM stdin;
2	Złożenie kwiatów	kronika/wydarzenia/UniwersyteckiDzienPamieci_23yMlpx.jpg	Autor: Anna Karczmarz z Dziennika Polskiego	8
\.


--
-- Data for Name: kronika_obrazwydarzenie_widoczne_osoby; Type: TABLE DATA; Schema: public; Owner: projectuser
--

COPY public.kronika_obrazwydarzenie_widoczne_osoby (id, obrazwydarzenie_id, osoba_id) FROM stdin;
\.


--
-- Data for Name: kronika_obrazzdarzenie; Type: TABLE DATA; Schema: public; Owner: projectuser
--

COPY public.kronika_obrazzdarzenie (id, tytul, data, obraz, opis, miejsce_id, zdarzenie_id) FROM stdin;
1		2025-05-09	kronika/zdarzenia/karabinieri.jpg		18	\N
2	Mural kotki	2025-05-08	kronika/zdarzenia/Mural_kotki.jpg		30	30
3	Posterunek karabinieri	2025-05-08	kronika/zdarzenia/karabinieri_OI7Izuz.jpg		30	30
4	Punkt zbiórkowy - fontanna Neptuna	2025-05-08	kronika/zdarzenia/Cycki.jpg		30	30
5	Jakaś kaplica	2025-05-08	kronika/zdarzenia/494342816_580860494460289_7301206846230970123_n.jpg		30	30
\.


--
-- Data for Name: kronika_obrazzdarzenie_widoczne_osoby; Type: TABLE DATA; Schema: public; Owner: projectuser
--

COPY public.kronika_obrazzdarzenie_widoczne_osoby (id, obrazzdarzenie_id, osoba_id) FROM stdin;
\.


--
-- Data for Name: kronika_proces; Type: TABLE DATA; Schema: public; Owner: projectuser
--

COPY public.kronika_proces (id, nazwa, data_rozpoczecia, data_zakonczenia, opis) FROM stdin;
1	Powstawanie koncepcji BCS	2009-03-01	2009-08-20	Aśka Lorenc: "Marzec. Tadek i Kasper na wykładach prof. Gajdy dowiadują się o istnieniu polskich czapek studenckich. Tadek wiąże to z poznanymi w Besançon i Ransart belgijskimi penne i calotte. Tadek i Kasper spędzają dużo czasu na dyskusjach z profesorem Gajdą, gdzie nakreślają ideę organizacji. Początkowo myślą o tym, aby to było koło historii medycyny. Z czasem dojrzewa pomysł, aby to było bractwo. "
\.


--
-- Data for Name: kronika_proces_zdarzenia; Type: TABLE DATA; Schema: public; Owner: projectuser
--

COPY public.kronika_proces_zdarzenia (id, proces_id, zdarzenie_id) FROM stdin;
\.


--
-- Data for Name: kronika_wydarzenie; Type: TABLE DATA; Schema: public; Owner: projectuser
--

COPY public.kronika_wydarzenie (id, nazwa, opis, czy_to_wyjazd, data_rozpoczecia, data_zakonczenia, typ_wydarzenia, typ_wyjazdu, link) FROM stdin;
22	Majowa Karczma Piwna		N	2011-05-14	2011-05-14	Karczma	n/a	
21	Czapkowa eskapada rowerowa szlakiem Bema		N	2011-05-07	2011-05-07	Wyciecz	n/a	
2	2009/2010	Aśka Lorenc: "Krótka charakterystyka działań Zarządu: \r\n    • Zarząd istnieje tylko formalnie, Tadek i Kasper sterują organizacją\r\n    • Działalność bardzo spontaniczna i nieregularna, głównie imprezy\r\n    • W pewnym ustalonym momencie Tadek przekazuje władzę Magdalenie (Kasztance)\r\n    • Kontakty z Belgami: Coluche, Cristo, Frederic Widart (i inni): częste przyjazdy i nieformalna opieka nad nowo powstającym bractwem; Bretelle: częste przyjazdy turystyczne do Krakowa dużą grupą"	N	2009-09-01	2009-09-01	Wybory	n/a	
3	Pierwsza karczma		N	2010-01-28	2010-01-28	Karczma	n/a	
24	Konferencja naukowa Roberto o folklorze studenckim		N	2010-04-28	2010-04-28	KonfNauk	n/a	
20	Grill pod Żaczkiem: urodziny Geologa		N	2011-04-30	2011-04-30	Ognisko	n/a	
25	Złożenie kwiatów pod grobem królowej Jadwigi		N	2010-05-12	2010-05-12	Urocz	n/a	
19	Spotkanie statutowe BCS		N	2011-04-19	2011-04-19	Walne	n/a	
23	Przygarnij Belga w Juwenalia!	nocleg w czasie Juwenaliów	N	2011-05-17	2011-05-21	Akcja	n/a	
18	Czapkowa Karczma w klimatach międzywojennych		N	2025-04-16	2025-04-16	Karczma	n/a	
17	Wykład na Wydziale Polonistyki		N	2011-04-06	2011-04-06	KonfNauk	n/a	
6	Pierwsza inauguracja roku akademickiego BCS	Aśka Lorenc: "Bractwo spotyka się dość spontanicznie. Większość członków stanowią osoby z CMUJ, ale spotkania są organizowane w taki sposób, aby włączyć jak najwięcej osób. "	N	2010-10-01	2010-10-01	Urocz	n/a	
26	Faerie Matricularum		T	2025-05-08	2025-05-11	n/a	ZAGR	
16	Wycieczka na Kopiec Kościuszki	Aśka Lorenc: "Studenci wielu wydziałów bierają się pod akademikiem Żaczek i wspólnie idą na Kopiec Kościuszki, śpiewając m.in pieśni żołnierskie. "	N	2025-05-14	2025-05-14	Wyciecz	n/a	
15	Konferencja medyczna we Wrocławiu	Aśka Lorenc: "Czapka medyczna (i nie tylko) wpada do Wrocławia. We Wrocławiu ma miejsce konferencja medyczna i twórcy Czapki chcą skorzystać z okazji, by promować zwyczaj jej noszenia. "	N	2025-05-14	2025-05-14	KonfNauk	n/a	
14	Wykład dla Stowarzyszenia Absolwentów UJ	Wykład Tadeusza na temat czapki studenckiej UJ dla Stowarzyszenia Absolwentów UJ (piwnica przy ul. Grodzkiej 53)	N	2025-05-14	2025-05-14	KonfNauk	n/a	
12	Wielka Karczma Piwna		N	2025-05-14	2025-05-14	Karczma	n/a	
11	Czapkowa Karczma Posesyjna		N	2025-05-14	2025-05-14	Karczma	n/a	
9	Czapkowa Karczma Karnawałowa		N	2025-05-14	2025-05-14	Karczma	n/a	
8	Uniwersytecki Dzień Pamięci	Aśka Lorenc: "Bractwo  biorze udział w Uniwersyteckim Dniu Pamięci (rocznicy Sondernaktion Krakau) - dużo fotek tego dnia robiła nam Anka Kaczmarz z Dziennika Polskiego (miała nam je wysłać i nie wysłała!).	N	2025-05-14	2025-05-14	Urocz	n/a	
1	Założenie BCS	Aśka Lorenc: "data powstania Bractwa Czapki Studenckiej. Oprócz noszenia czapek ważny jest folklor studencki: integracja, śpiew, wymienianie się pinsami, koleżeństwo. \r\nCzapka działa w ramach Collegium Medicum UJ. Wielu studentów ze wszystkich wydziałów posiada swoje własne czapki. "	N	2009-08-20	2009-08-20	Hist	n/a	
\.


--
-- Data for Name: kronika_wydarzenie_miejsca; Type: TABLE DATA; Schema: public; Owner: projectuser
--

COPY public.kronika_wydarzenie_miejsca (id, wydarzenie_id, miejsce_id) FROM stdin;
1	24	2
2	25	4
3	6	24
4	6	5
5	6	6
6	26	17
7	26	18
8	26	19
9	26	20
10	26	21
11	26	22
12	26	23
13	26	25
14	26	26
15	26	27
16	26	1
17	26	28
18	26	29
19	26	30
20	23	16
21	22	10
22	21	31
23	20	15
24	19	10
25	18	10
26	17	14
\.


--
-- Data for Name: kronika_wydarzenie_uczestnicy; Type: TABLE DATA; Schema: public; Owner: projectuser
--

COPY public.kronika_wydarzenie_uczestnicy (id, wydarzenie_id, osoba_id) FROM stdin;
\.


--
-- Data for Name: kronika_wyjazd_obrazy; Type: TABLE DATA; Schema: public; Owner: projectuser
--

COPY public.kronika_wyjazd_obrazy (id, wyjazd_id, obrazwyjazd_id) FROM stdin;
\.


--
-- Data for Name: kronika_zdarzenie; Type: TABLE DATA; Schema: public; Owner: projectuser
--

COPY public.kronika_zdarzenie (id, nazwa, data, opis, miejsce_id, wydarzenie_id, godzina) FROM stdin;
19	Impreza ze stoiskami balli i muzyką	2025-05-09	Dalsza integracja z goliardią przy ich stoiskach z żarciem goliardii i muzyce granej przez goliardów. Zajęliśmy strategiczną pozycję na końcu placu, gdzie rozłożyliśmy naszą flagę (która stała dopóki ktoś nie wpadł na genialny pomysł skakania przez nią)	18	26	20:00:00
6	Spotkanie z babcią Tadka	2011-03-18	Poznajemy babcię Tadka, która nosiła czapkę studencką, kiedy geologię przeniesiono z UJ na AGH.	\N	\N	\N
5	Nowa tradycja: Toast w stronę Nawojki	2011-03-12		\N	\N	\N
1	Samorząd nosi czapki	2010-05-12	złożenie kwiatów pod grobem Królowej Jadwigi (czapki są zaproszone a Samorząd Studencki nosi nosi czapki)	4	25	\N
25	Pub Crawl	2025-05-10	Za jedyne 5 eurasów nabyliśmy zielone przepustki na 4 różne trunki w 4 różnych lokacjach. Podczas tego eventu poznaliśmy najemników z Pizy, w tym tygrysa Kapitano	17	26	15:00:00
24	Darmowy lunch dla uczestników parady	2025-05-10	Bułki z włoską szynką. Szczęśliwcy nie natrafili na mortadelę. Wolny czas, tam też spotkaliśmy się z Kucharzem i Szynką (Kucharz prowadził badania we Włoszech), którzy od tej pory trzymali się z nami	18	26	14:00:00
2	International Cantus: Gaudeamus	2010-10-01		6	6	\N
20	Przekazanie kluczy do miasta bolońskim goliardom	2025-05-09	Podczas Faerie Matricularum zgodnie z tradycją burmistrz przekazuje goliardom klucze (zrobione z ciasta). Wydarzeniu towarzyszą fittone oraz sztandary. Śpiewa się Viva Bologna oraz Gaudeamus Igitur.	19	26	12:00:00
3	Pierwszy pochód z Collegium Maius do Auditorium Maximum	2010-10-01		5	6	\N
23	Parada przebierana	2025-05-10	Z okazji Faerie Matricularum Bolońscy goliardzi co roku organizują paradę z platformami. Każda balla przebiera się wg ustalonego theme'u i przygotowuje platformę. Balla naszych gospodarzy, Monte Christo, przebrała się za ciemną stronę mocy z uniwersum Władcy Pierścieni oraz Hobbita. Zamiast platformy mieli chodzącego Smauga. Większość z nas przebrała się za Uruk-hai, ale pojawili się także dwaj nazgule oraz oko Saurona. Podczas parady śpiewaliśmy polskie piosenki.\r\nPrzed paradą szedł orszak perkusyjny, dbający o to, by każdy nas słyszał. Przeszliśmy od Piazza Vittorio Puntoni do Piazza Magiore. Orszak zakończył się odśpiewaniem Gaudeamus.	29	26	12:00:00
12	Prelekcje na temat studenckiego folkloru	2010-10-01		24	6	\N
22	Zwiedzanie MEUS	2025-05-09	MEUS - muzeum studenckiego folkloru. Zobaczyliśmy wiele niecodziennych czapek, średniowieczne narzędzia do ujarzmiania beanów, symbol goliardii w postaci słupa. Dowiedzieliśmy się dlaczego Angela Merkel ma bliznę na policzku oraz że na Uniwersytecie Bolońskim studiował Mirosław z Polski	21	26	16:00:00
21	Uroczyste nadanie feluk nowym goliardom	2025-05-09	Dwóch nowych członków dołączyło do szeregu goliardów. Zostali (a właściwie to tylko chłopak, bo dziewczynie ktoś zajomał czapkę) ochrzczeni przez burmistrza i fittone. W programie składanie przysięgi, oberwanie ozdób z feluki, obsypanie popiołem z peta i picie całej butelki wina przesiąkającego przez czapkę. Po chrzcie na uczestników czekał stół z przekąskami i popitą. Delegacja Polski zdążyła wypić 3 z 4 butelek aperola zanim Włosi skapnęli się co jest grane. Henio zamienił się w barmana i zaczął wydawać Włochom resztę szamy	21	26	17:00:00
26	Impreza z muzyką w Giardini Filippo Re	2025-05-10	Wydarzenie podobne do tego z dnia poprzedniego, ale tym razem było więcej niezależnych budek, co oznaczało więcej goliardów wolnych do zabawy. Dołączyli także goście z Belgii.\r\nTo właśnie podczas tego wydarzenia Henio i Nobod dołączyli w szeregi najemników z Pizy.	18	26	19:00:00
27	Wyścig gokartów	2025-05-11	Co roku każda z balli wystawia do zawodów swoje gokarty (tak, mają swoje własnoręcznie zbudowane wózki), ozdabiając je z jajem. Balla Monte Christo użyła do tego pozostałości z kostiumu Smauga, balla Impero przywiązała swojego potężnego członka Odyna do łóżka na kółkach, pojawił się też wózek inwalidzki. \r\n\r\nPierwsza konkurencja polegała na zebraniu największej ilości narodowości w orszaku za danym wózkiem. Zapewniliśmy naszym gospodarzom zwycięstwo w tej kategorii.\r\n\r\nW następnej konkurencji goliardzi przypięli po trzy balony do swoich wózków. W specjalnie wyznaczonej do tego strefie trzyosobowe drużyny (dwóch pchających wózek i jeden pasażer) starały się przekłuć balony przeciwników za pomocą szaszłyków.\r\nW naszej drużynie jednym z pchających był Nobod, zaś pasażerem Stefano. Walczyli dzielnie, ale w końcu przegrali z wózkiem inwalidzkim.\r\n\r\nOstatnią konkurencją  był wyścig, poprzedzony obaleniem całej butli wina przez drużyny. Przez oszustwo pasażera (Stefano) nasza drużyna (Szymon Zwias i Nobod) musiała oprócz tego wyzerować puszkę piwa, którego to zadania podjął się Nobod. Przez to opóźnienie musieliśmy nieźle przyspieszyć. Sklejany taśmą klejącą gruchot nie wytrzymał i rozpadł się podczas morderczego biegu posyłając pchających na bruk, a Stefano w bliżej nieokreślonym kierunku. Mimo fiasko incydent spotkał się z wiwatem ze strony goliardów na cześć pchających.	25	26	14:00:00
28	Zwiedzanie Piazza Magiore	2025-05-11	Jeden ze studentów sztuki postawił nam wszystkim darmowe piwo i postanowił pokazać parę tajemnic Bolonii.\r\n\r\n1. Iluzja optyczna fontanny Neptuna: autor chciał przyprawić Neptunowi dużego członka, jednak spotkało się to z dezaprobatą kościoła. Postanowił więc utrzeć klerowi nosa i ustawił palec boga w taki sposób, by z perspektywy księży idących (codziennie!) do bazyliki przypominał całkiem pokaźny maszt w erekcji\r\n\r\n2. Koniunkcja trzech wież Bolonii: trzy wieże symbolizujące kolejno władzę, ludzi i kościół są ustawione w jednej linii by pokazać równość tych trzech\r\n\r\n3. Największe skarby średniowieczej Bolonii: Pod łukiem jednej z arkad znajduje się fresk przestawiający winorośl, zboże i... konopię - Bolonia jako miasto portowe, masowo produkowała liny. Dziś przedstawienie konopii jako obrońcę ludu byłoby nie do pomyślenia\r\n\r\n4. Konfesjonał z czasów epidemii: Popularna atrakcja. 4 łuki - mówiąc do ściany pod dowolnym łukiem, słychać Cię w każdym innym	25	26	16:00:00
29	Kolacje wszystkich balli	2025-05-11		\N	26	19:00:00
30	Podróż z buta do centrum	2025-05-08	Część brygady przerażona ceną przejazdu Macroni Express wybrała podróż pieszą. Po drodze odwiedziliśmy miejscowy Carrefour, gdzie po dowiedzeniu się, iż we Włoszech picie publicznie jest legalne, połowa ludzi została tam na dłużej (na ławce przed sklepem)	30	26	06:30:00
\.


--
-- Data for Name: kronika_zdarzenie_powiazane_osoby; Type: TABLE DATA; Schema: public; Owner: projectuser
--

COPY public.kronika_zdarzenie_powiazane_osoby (id, zdarzenie_id, osoba_id) FROM stdin;
\.


--
-- Data for Name: miejsca_kraj; Type: TABLE DATA; Schema: public; Owner: projectuser
--

COPY public.miejsca_kraj (id, kraj) FROM stdin;
1	Polska
2	Nie wiem
3	Nie dotyczy
4	Niemcy
5	Belgia
6	Dania
7	Finlandia
8	Francja
9	Norwegia
10	Szwecja
11	Włochy
12	Hiszpania
\.


--
-- Data for Name: miejsca_miejsce; Type: TABLE DATA; Schema: public; Owner: projectuser
--

COPY public.miejsca_miejsce (id, nazwa, adres, typ_id, zamkniete_na_stale) FROM stdin;
5	Auditorium Maximum UJ	Krupnicza 33, 31-123 Kraków	2	f
27	Bar Birroteca Lupulus	Via Giuseppe Petroni, 7a, 40126 Bologna BO, Włochy	11	f
26	Bazylika św. Petroniusza	Piazza Maggiore, 40124 Bologna BO, Włochy	10	f
17	Bolonia	Bologna, Włochy	5	f
24	Centrum Dydaktyczno Kongresowe	świętego Łazarza 16, 31-530 Kraków	2	f
3	CMUJ	Świętej Anny 12, 31-008 Kraków	2	f
11	Collegium Iuridicum UJ	Grodzka 53, 33-332 Kraków	2	f
6	Collegium Maius UJ	Jagiellońska 15, 31-010 Kraków	2	f
7	Collegium Novum UJ	Gołębia 24, 31-007 Kraków	2	f
18	Giardini di via Filippo Re	Via Filippo Re, 40126 Bologna BO, Włochy	6	f
14	Gołębnik	Gołębia 16, 31-007 Kraków	2	f
4	Grób królowej Jadwigi	Katedra Wawelska, 31-001 Kraków	3	f
10	Klub Buda	Czapskich 2, 31-110 Kraków	4	f
8	Klub Studencki Nawojka	Władysława Reymonta 11, 30-059 Kraków	4	f
15	Klub Studencki "Żaczek"	al. 3 Maja 5, 30-063 Kraków	4	f
13	Kopiec Kościuszki	al. Waszyngtona 1, 30-204 Kraków	3	f
16	Kraków	Kraków, Polska	5	f
31	Krakowski Szlak Generała Bema	powiat krakowski, Polska	13	f
21	MEUS	Via Zamboni, 33, 40126 Bologna BO, Włochy	3	f
1	Nie wiem	XXX	1	f
19	Palazzo d'Accursio	Piazza Maggiore, 6, 40121 Bologna BO, Włochy	3	f
25	Piazza Maggiore	Piazza Maggiore, 40124 Bologna BO, Włochy	9	f
29	Piazza Vittorio Puntoni	40126 Bologna BO, Włochy	9	f
22	Pizza Casa	Via S. Vitale, 45/A, 40125 Bologna BO, Włochy	8	f
23	Pizza Gingio	Via Rizzoli, 40a, 40126 Bologna BO, Włochy	8	f
30	Port Lotniczy Bolonia	Via del Triumvirato, 84, 40132 Bologna BO, Włochy	12	f
20	Spawner Włochów	Via delle Moline, 7, 40126 Bologna BO, Włochy	7	f
28	W dupie	Chyba wiesz, gdzie masz dupę	1	f
12	Wrocław	Wrocław, Polska	5	f
2	Wydział Historyczny UJ	ul. Gołębia 24, 31-007 Kraków	2	f
9	Shot Pub	Szpitalna, 30-962 Kraków	4	t
\.


--
-- Data for Name: miejsca_typmiejsca; Type: TABLE DATA; Schema: public; Owner: projectuser
--

COPY public.miejsca_typmiejsca (id, nazwa) FROM stdin;
1	Inny
2	Uczelnia
3	Obiekt kultury
4	Pub/Klub
5	Miasto
6	Park
7	Lokum
8	Restauracja
9	Plac
10	Obiekt kultu
11	Bar
12	Lotnisko
13	Szlak
14	Bar mleczny
15	Dworzec
16	Bar karaoke
17	Kino
18	Schronisko
19	Teatr
20	Szczyt
\.


--
-- Data for Name: miejsca_uczelnia; Type: TABLE DATA; Schema: public; Owner: projectuser
--

COPY public.miejsca_uczelnia (id, nazwa, akronim, kraj_id) FROM stdin;
1	Uniwersytet Jagielloński	UJ	1
3	Akademia Górniczo-Hutnicza	AGH	1
4	Politechnika Krakowska	PK	1
5	Uniwersytet Ekonomiczny w Krakowie	UEK	1
6	Uniwersytet SWPS	SWPS_Kra	1
7	Uniwersytet Śląski	UŚ	1
2	Uniwersytet Łódzki	UŁ	1
8	Uniwersytet Przyrodniczy w Lublinie	UP_Lublin	1
9	Nie wiem	XXX	2
10	Nie dotyczy	XXX	3
11	Nie wiem	XXX_Niemcy	4
12	Uniwersytet Warszawski	UW	1
\.


--
-- Data for Name: miejsca_wydzial; Type: TABLE DATA; Schema: public; Owner: projectuser
--

COPY public.miejsca_wydzial (id, nazwa, skrot, uczelnia_id) FROM stdin;
1	Wydział Prawa i Administracji	WPiA	1
3	Collegium Medicum	CMUJ	1
4	Wydział Farmaceutyczny	WFarm	1
5	Wydział Nauk o Zdrowiu	WNoZ	1
7	Wydział Historyczny	WHist	1
8	Wydział Filologiczny	WFilol	1
9	Wydział Polonistyki	WPol	1
10	Wydział Fizyki, Astronomii i Informatyki Stosowanej	WFAiIS	1
11	Wydział Chemii	WChUJ	1
12	Wydział Studiów Międzynarodowych i Politycznych	WSMiP	1
13	Wydział Filozoficzny	WFiloz	1
14	Wydział Matematyki i Informatyki	WMiI	1
15	Wydział Zarządzania i Komunikacji Społecznej	WZiKS	1
16	Wydział Biologii	WB	1
17	Wydział Studiów Międzynarodowych i Politycznych	WSMiP	1
18	Wydział Biochemii, Biofizyki i Biotechnologii	WBBiB	1
19	Wydział Geografii i Geologii	WGiG	1
20	Studia Matematyczno-Przyrodnicze	SMP	1
21	Międzywydziałowe Indywidualne Studia Humanistyczne	MISH	1
22	Nie wiem	XXX	11
23	Nie wiem	XXX	9
24	Nie dotyczy	XXX	10
26	Pion górniczy	PG	3
27	Pion hutniczy	PH	3
28	Wydział Architektury	WA	4
29	Wydział Mechaniczny	WM	4
30	Wydział Inżynierii Lądowej	WIL	4
31	Dowolny wydział	Dowolny	5
32	Dowolny wydział	Dowolny	12
33	Dowolny wydział	Dowolny	5
34	Dowolny wydział	Dowolny	7
35	Dowolny wydział	Dowolny	2
36	Dowolny wydział	Dowolny	8
37	Nie wiem	XXX	6
\.


--
-- Name: admin_interface_theme_id_seq; Type: SEQUENCE SET; Schema: public; Owner: projectuser
--

SELECT pg_catalog.setval('public.admin_interface_theme_id_seq', 2, true);


--
-- Name: auth_group_id_seq; Type: SEQUENCE SET; Schema: public; Owner: projectuser
--

SELECT pg_catalog.setval('public.auth_group_id_seq', 1, false);


--
-- Name: auth_group_permissions_id_seq; Type: SEQUENCE SET; Schema: public; Owner: projectuser
--

SELECT pg_catalog.setval('public.auth_group_permissions_id_seq', 1, false);


--
-- Name: auth_permission_id_seq; Type: SEQUENCE SET; Schema: public; Owner: projectuser
--

SELECT pg_catalog.setval('public.auth_permission_id_seq', 236, true);


--
-- Name: auth_user_groups_id_seq; Type: SEQUENCE SET; Schema: public; Owner: projectuser
--

SELECT pg_catalog.setval('public.auth_user_groups_id_seq', 1, false);


--
-- Name: auth_user_id_seq; Type: SEQUENCE SET; Schema: public; Owner: projectuser
--

SELECT pg_catalog.setval('public.auth_user_id_seq', 1, true);


--
-- Name: auth_user_user_permissions_id_seq; Type: SEQUENCE SET; Schema: public; Owner: projectuser
--

SELECT pg_catalog.setval('public.auth_user_user_permissions_id_seq', 1, false);


--
-- Name: core_kadencja_id_seq; Type: SEQUENCE SET; Schema: public; Owner: projectuser
--

SELECT pg_catalog.setval('public.core_kadencja_id_seq', 17, true);


--
-- Name: czapki_czapka_id_seq; Type: SEQUENCE SET; Schema: public; Owner: projectuser
--

SELECT pg_catalog.setval('public.czapki_czapka_id_seq', 36, true);


--
-- Name: czapki_rodzajczapki_id_seq; Type: SEQUENCE SET; Schema: public; Owner: projectuser
--

SELECT pg_catalog.setval('public.czapki_rodzajczapki_id_seq', 4, true);


--
-- Name: czapki_rodzajczapki_kraje_id_seq; Type: SEQUENCE SET; Schema: public; Owner: projectuser
--

SELECT pg_catalog.setval('public.czapki_rodzajczapki_kraje_id_seq', 4, true);


--
-- Name: czlonkowie_dawnyzarzad_id_seq; Type: SEQUENCE SET; Schema: public; Owner: projectuser
--

SELECT pg_catalog.setval('public.czlonkowie_dawnyzarzad_id_seq', 2, true);


--
-- Name: czlonkowie_halloffame_id_seq; Type: SEQUENCE SET; Schema: public; Owner: projectuser
--

SELECT pg_catalog.setval('public.czlonkowie_halloffame_id_seq', 10, true);


--
-- Name: czlonkowie_imieszlacheckie_id_seq; Type: SEQUENCE SET; Schema: public; Owner: projectuser
--

SELECT pg_catalog.setval('public.czlonkowie_imieszlacheckie_id_seq', 9, true);


--
-- Name: czlonkowie_osoba_id_seq; Type: SEQUENCE SET; Schema: public; Owner: projectuser
--

SELECT pg_catalog.setval('public.czlonkowie_osoba_id_seq', 187, true);


--
-- Name: czlonkowie_wielkimistrz_id_seq; Type: SEQUENCE SET; Schema: public; Owner: projectuser
--

SELECT pg_catalog.setval('public.czlonkowie_wielkimistrz_id_seq', 17, true);


--
-- Name: czlonkowie_zarzad_id_seq; Type: SEQUENCE SET; Schema: public; Owner: projectuser
--

SELECT pg_catalog.setval('public.czlonkowie_zarzad_id_seq', 29, true);


--
-- Name: czlonkowie_zwierzeczapkowe_id_seq; Type: SEQUENCE SET; Schema: public; Owner: projectuser
--

SELECT pg_catalog.setval('public.czlonkowie_zwierzeczapkowe_id_seq', 13, true);


--
-- Name: django_admin_log_id_seq; Type: SEQUENCE SET; Schema: public; Owner: projectuser
--

SELECT pg_catalog.setval('public.django_admin_log_id_seq', 1587, true);


--
-- Name: django_content_type_id_seq; Type: SEQUENCE SET; Schema: public; Owner: projectuser
--

SELECT pg_catalog.setval('public.django_content_type_id_seq', 54, true);


--
-- Name: django_migrations_id_seq; Type: SEQUENCE SET; Schema: public; Owner: projectuser
--

SELECT pg_catalog.setval('public.django_migrations_id_seq', 254, true);


--
-- Name: encyklopedia_bractwo_id_seq; Type: SEQUENCE SET; Schema: public; Owner: projectuser
--

SELECT pg_catalog.setval('public.encyklopedia_bractwo_id_seq', 6, true);


--
-- Name: encyklopedia_bractwo_zalozyciele_id_seq; Type: SEQUENCE SET; Schema: public; Owner: projectuser
--

SELECT pg_catalog.setval('public.encyklopedia_bractwo_zalozyciele_id_seq', 3, true);


--
-- Name: encyklopedia_grupabractw_id_seq; Type: SEQUENCE SET; Schema: public; Owner: projectuser
--

SELECT pg_catalog.setval('public.encyklopedia_grupabractw_id_seq', 5, true);


--
-- Name: encyklopedia_grupabractw_kraje_id_seq; Type: SEQUENCE SET; Schema: public; Owner: projectuser
--

SELECT pg_catalog.setval('public.encyklopedia_grupabractw_kraje_id_seq', 8, true);


--
-- Name: encyklopedia_pojecie_id_seq; Type: SEQUENCE SET; Schema: public; Owner: projectuser
--

SELECT pg_catalog.setval('public.encyklopedia_pojecie_id_seq', 1, false);


--
-- Name: encyklopedia_powiedzenie_adresaci_id_seq; Type: SEQUENCE SET; Schema: public; Owner: projectuser
--

SELECT pg_catalog.setval('public.encyklopedia_powiedzenie_adresaci_id_seq', 1, false);


--
-- Name: encyklopedia_powiedzenie_id_seq; Type: SEQUENCE SET; Schema: public; Owner: projectuser
--

SELECT pg_catalog.setval('public.encyklopedia_powiedzenie_id_seq', 1, false);


--
-- Name: encyklopedia_tradycjabcs_id_seq; Type: SEQUENCE SET; Schema: public; Owner: projectuser
--

SELECT pg_catalog.setval('public.encyklopedia_tradycjabcs_id_seq', 1, true);


--
-- Name: encyklopedia_tradycjainnegobractwa_id_seq; Type: SEQUENCE SET; Schema: public; Owner: projectuser
--

SELECT pg_catalog.setval('public.encyklopedia_tradycjainnegobractwa_id_seq', 1, false);


--
-- Name: encyklopedia_zrodlo_autorzy_id_seq; Type: SEQUENCE SET; Schema: public; Owner: projectuser
--

SELECT pg_catalog.setval('public.encyklopedia_zrodlo_autorzy_id_seq', 1, false);


--
-- Name: encyklopedia_zrodlo_id_seq; Type: SEQUENCE SET; Schema: public; Owner: projectuser
--

SELECT pg_catalog.setval('public.encyklopedia_zrodlo_id_seq', 1, true);


--
-- Name: encyklopedia_zwyczaj_id_seq; Type: SEQUENCE SET; Schema: public; Owner: projectuser
--

SELECT pg_catalog.setval('public.encyklopedia_zwyczaj_id_seq', 1, false);


--
-- Name: kronika_charakterystykadzialanzarzadu_id_seq; Type: SEQUENCE SET; Schema: public; Owner: projectuser
--

SELECT pg_catalog.setval('public.kronika_charakterystykadzialanzarzadu_id_seq', 11, true);


--
-- Name: kronika_obrazwydarzenie_id_seq; Type: SEQUENCE SET; Schema: public; Owner: projectuser
--

SELECT pg_catalog.setval('public.kronika_obrazwydarzenie_id_seq', 2, true);


--
-- Name: kronika_obrazwydarzenie_widoczne_osoby_id_seq; Type: SEQUENCE SET; Schema: public; Owner: projectuser
--

SELECT pg_catalog.setval('public.kronika_obrazwydarzenie_widoczne_osoby_id_seq', 1, false);


--
-- Name: kronika_obrazzdarzenie_id_seq; Type: SEQUENCE SET; Schema: public; Owner: projectuser
--

SELECT pg_catalog.setval('public.kronika_obrazzdarzenie_id_seq', 5, true);


--
-- Name: kronika_obrazzdarzenie_widoczne_osoby_id_seq; Type: SEQUENCE SET; Schema: public; Owner: projectuser
--

SELECT pg_catalog.setval('public.kronika_obrazzdarzenie_widoczne_osoby_id_seq', 1, false);


--
-- Name: kronika_proces_id_seq; Type: SEQUENCE SET; Schema: public; Owner: projectuser
--

SELECT pg_catalog.setval('public.kronika_proces_id_seq', 1, true);


--
-- Name: kronika_proces_zdarzenia_id_seq; Type: SEQUENCE SET; Schema: public; Owner: projectuser
--

SELECT pg_catalog.setval('public.kronika_proces_zdarzenia_id_seq', 1, false);


--
-- Name: kronika_wydarzenie_id_seq; Type: SEQUENCE SET; Schema: public; Owner: projectuser
--

SELECT pg_catalog.setval('public.kronika_wydarzenie_id_seq', 26, true);


--
-- Name: kronika_wydarzenie_miejsca_id_seq; Type: SEQUENCE SET; Schema: public; Owner: projectuser
--

SELECT pg_catalog.setval('public.kronika_wydarzenie_miejsca_id_seq', 26, true);


--
-- Name: kronika_wydarzenie_uczestnicy_id_seq; Type: SEQUENCE SET; Schema: public; Owner: projectuser
--

SELECT pg_catalog.setval('public.kronika_wydarzenie_uczestnicy_id_seq', 1, false);


--
-- Name: kronika_wyjazd_obrazy_id_seq; Type: SEQUENCE SET; Schema: public; Owner: projectuser
--

SELECT pg_catalog.setval('public.kronika_wyjazd_obrazy_id_seq', 1, false);


--
-- Name: kronika_zdarzenie_id_seq; Type: SEQUENCE SET; Schema: public; Owner: projectuser
--

SELECT pg_catalog.setval('public.kronika_zdarzenie_id_seq', 30, true);


--
-- Name: kronika_zdarzenie_powiazane_osoby_id_seq; Type: SEQUENCE SET; Schema: public; Owner: projectuser
--

SELECT pg_catalog.setval('public.kronika_zdarzenie_powiazane_osoby_id_seq', 1, false);


--
-- Name: miejsca_kraj_id_seq; Type: SEQUENCE SET; Schema: public; Owner: projectuser
--

SELECT pg_catalog.setval('public.miejsca_kraj_id_seq', 12, true);


--
-- Name: miejsca_miejsce_id_seq; Type: SEQUENCE SET; Schema: public; Owner: projectuser
--

SELECT pg_catalog.setval('public.miejsca_miejsce_id_seq', 32, true);


--
-- Name: miejsca_typmiejsca_id_seq; Type: SEQUENCE SET; Schema: public; Owner: projectuser
--

SELECT pg_catalog.setval('public.miejsca_typmiejsca_id_seq', 20, true);


--
-- Name: miejsca_uczelnia_id_seq; Type: SEQUENCE SET; Schema: public; Owner: projectuser
--

SELECT pg_catalog.setval('public.miejsca_uczelnia_id_seq', 12, true);


--
-- Name: miejsca_wydzial_id_seq; Type: SEQUENCE SET; Schema: public; Owner: projectuser
--

SELECT pg_catalog.setval('public.miejsca_wydzial_id_seq', 37, true);


--
-- Name: admin_interface_theme admin_interface_theme_name_30bda70f_uniq; Type: CONSTRAINT; Schema: public; Owner: projectuser
--

ALTER TABLE ONLY public.admin_interface_theme
    ADD CONSTRAINT admin_interface_theme_name_30bda70f_uniq UNIQUE (name);


--
-- Name: admin_interface_theme admin_interface_theme_pkey; Type: CONSTRAINT; Schema: public; Owner: projectuser
--

ALTER TABLE ONLY public.admin_interface_theme
    ADD CONSTRAINT admin_interface_theme_pkey PRIMARY KEY (id);


--
-- Name: auth_group auth_group_name_key; Type: CONSTRAINT; Schema: public; Owner: projectuser
--

ALTER TABLE ONLY public.auth_group
    ADD CONSTRAINT auth_group_name_key UNIQUE (name);


--
-- Name: auth_group_permissions auth_group_permissions_group_id_permission_id_0cd325b0_uniq; Type: CONSTRAINT; Schema: public; Owner: projectuser
--

ALTER TABLE ONLY public.auth_group_permissions
    ADD CONSTRAINT auth_group_permissions_group_id_permission_id_0cd325b0_uniq UNIQUE (group_id, permission_id);


--
-- Name: auth_group_permissions auth_group_permissions_pkey; Type: CONSTRAINT; Schema: public; Owner: projectuser
--

ALTER TABLE ONLY public.auth_group_permissions
    ADD CONSTRAINT auth_group_permissions_pkey PRIMARY KEY (id);


--
-- Name: auth_group auth_group_pkey; Type: CONSTRAINT; Schema: public; Owner: projectuser
--

ALTER TABLE ONLY public.auth_group
    ADD CONSTRAINT auth_group_pkey PRIMARY KEY (id);


--
-- Name: auth_permission auth_permission_content_type_id_codename_01ab375a_uniq; Type: CONSTRAINT; Schema: public; Owner: projectuser
--

ALTER TABLE ONLY public.auth_permission
    ADD CONSTRAINT auth_permission_content_type_id_codename_01ab375a_uniq UNIQUE (content_type_id, codename);


--
-- Name: auth_permission auth_permission_pkey; Type: CONSTRAINT; Schema: public; Owner: projectuser
--

ALTER TABLE ONLY public.auth_permission
    ADD CONSTRAINT auth_permission_pkey PRIMARY KEY (id);


--
-- Name: auth_user_groups auth_user_groups_pkey; Type: CONSTRAINT; Schema: public; Owner: projectuser
--

ALTER TABLE ONLY public.auth_user_groups
    ADD CONSTRAINT auth_user_groups_pkey PRIMARY KEY (id);


--
-- Name: auth_user_groups auth_user_groups_user_id_group_id_94350c0c_uniq; Type: CONSTRAINT; Schema: public; Owner: projectuser
--

ALTER TABLE ONLY public.auth_user_groups
    ADD CONSTRAINT auth_user_groups_user_id_group_id_94350c0c_uniq UNIQUE (user_id, group_id);


--
-- Name: auth_user auth_user_pkey; Type: CONSTRAINT; Schema: public; Owner: projectuser
--

ALTER TABLE ONLY public.auth_user
    ADD CONSTRAINT auth_user_pkey PRIMARY KEY (id);


--
-- Name: auth_user_user_permissions auth_user_user_permissions_pkey; Type: CONSTRAINT; Schema: public; Owner: projectuser
--

ALTER TABLE ONLY public.auth_user_user_permissions
    ADD CONSTRAINT auth_user_user_permissions_pkey PRIMARY KEY (id);


--
-- Name: auth_user_user_permissions auth_user_user_permissions_user_id_permission_id_14a6b632_uniq; Type: CONSTRAINT; Schema: public; Owner: projectuser
--

ALTER TABLE ONLY public.auth_user_user_permissions
    ADD CONSTRAINT auth_user_user_permissions_user_id_permission_id_14a6b632_uniq UNIQUE (user_id, permission_id);


--
-- Name: auth_user auth_user_username_key; Type: CONSTRAINT; Schema: public; Owner: projectuser
--

ALTER TABLE ONLY public.auth_user
    ADD CONSTRAINT auth_user_username_key UNIQUE (username);


--
-- Name: core_kadencja core_kadencja_pkey; Type: CONSTRAINT; Schema: public; Owner: projectuser
--

ALTER TABLE ONLY public.core_kadencja
    ADD CONSTRAINT core_kadencja_pkey PRIMARY KEY (id);


--
-- Name: czapki_czapka czapki_czapka_pkey; Type: CONSTRAINT; Schema: public; Owner: projectuser
--

ALTER TABLE ONLY public.czapki_czapka
    ADD CONSTRAINT czapki_czapka_pkey PRIMARY KEY (id);


--
-- Name: czapki_rodzajczapki_kraje czapki_rodzajczapki_kraje_pkey; Type: CONSTRAINT; Schema: public; Owner: projectuser
--

ALTER TABLE ONLY public.czapki_rodzajczapki_kraje
    ADD CONSTRAINT czapki_rodzajczapki_kraje_pkey PRIMARY KEY (id);


--
-- Name: czapki_rodzajczapki_kraje czapki_rodzajczapki_kraje_rodzajczapki_id_kraj_id_620cc5dd_uniq; Type: CONSTRAINT; Schema: public; Owner: projectuser
--

ALTER TABLE ONLY public.czapki_rodzajczapki_kraje
    ADD CONSTRAINT czapki_rodzajczapki_kraje_rodzajczapki_id_kraj_id_620cc5dd_uniq UNIQUE (rodzajczapki_id, kraj_id);


--
-- Name: czapki_rodzajczapki czapki_rodzajczapki_pkey; Type: CONSTRAINT; Schema: public; Owner: projectuser
--

ALTER TABLE ONLY public.czapki_rodzajczapki
    ADD CONSTRAINT czapki_rodzajczapki_pkey PRIMARY KEY (id);


--
-- Name: czlonkowie_bean czlonkowie_bean_pkey1; Type: CONSTRAINT; Schema: public; Owner: projectuser
--

ALTER TABLE ONLY public.czlonkowie_bean
    ADD CONSTRAINT czlonkowie_bean_pkey1 PRIMARY KEY (osoba_ptr_id);


--
-- Name: czlonkowie_czlonek czlonkowie_czlonek_pkey1; Type: CONSTRAINT; Schema: public; Owner: projectuser
--

ALTER TABLE ONLY public.czlonkowie_czlonek
    ADD CONSTRAINT czlonkowie_czlonek_pkey1 PRIMARY KEY (osoba_ptr_id);


--
-- Name: czlonkowie_dawnyzarzad czlonkowie_dawnyzarzad_pkey; Type: CONSTRAINT; Schema: public; Owner: projectuser
--

ALTER TABLE ONLY public.czlonkowie_dawnyzarzad
    ADD CONSTRAINT czlonkowie_dawnyzarzad_pkey PRIMARY KEY (id);


--
-- Name: czlonkowie_halloffame czlonkowie_halloffame_pkey; Type: CONSTRAINT; Schema: public; Owner: projectuser
--

ALTER TABLE ONLY public.czlonkowie_halloffame
    ADD CONSTRAINT czlonkowie_halloffame_pkey PRIMARY KEY (id);


--
-- Name: czlonkowie_imieszlacheckie czlonkowie_imieszlacheckie_pkey; Type: CONSTRAINT; Schema: public; Owner: projectuser
--

ALTER TABLE ONLY public.czlonkowie_imieszlacheckie
    ADD CONSTRAINT czlonkowie_imieszlacheckie_pkey PRIMARY KEY (id);


--
-- Name: czlonkowie_innaosoba czlonkowie_innaosoba_pkey1; Type: CONSTRAINT; Schema: public; Owner: projectuser
--

ALTER TABLE ONLY public.czlonkowie_innaosoba
    ADD CONSTRAINT czlonkowie_innaosoba_pkey1 PRIMARY KEY (osoba_ptr_id);


--
-- Name: czlonkowie_osoba czlonkowie_osoba_pkey; Type: CONSTRAINT; Schema: public; Owner: projectuser
--

ALTER TABLE ONLY public.czlonkowie_osoba
    ADD CONSTRAINT czlonkowie_osoba_pkey PRIMARY KEY (id);


--
-- Name: czlonkowie_wielkimistrz czlonkowie_wielkimistrz_pkey; Type: CONSTRAINT; Schema: public; Owner: projectuser
--

ALTER TABLE ONLY public.czlonkowie_wielkimistrz
    ADD CONSTRAINT czlonkowie_wielkimistrz_pkey PRIMARY KEY (id);


--
-- Name: czlonkowie_zarzad czlonkowie_zarzad_pkey; Type: CONSTRAINT; Schema: public; Owner: projectuser
--

ALTER TABLE ONLY public.czlonkowie_zarzad
    ADD CONSTRAINT czlonkowie_zarzad_pkey PRIMARY KEY (id);


--
-- Name: czlonkowie_zwierzeczapkowe czlonkowie_zwierzeczapkowe_pkey; Type: CONSTRAINT; Schema: public; Owner: projectuser
--

ALTER TABLE ONLY public.czlonkowie_zwierzeczapkowe
    ADD CONSTRAINT czlonkowie_zwierzeczapkowe_pkey PRIMARY KEY (id);


--
-- Name: django_admin_log django_admin_log_pkey; Type: CONSTRAINT; Schema: public; Owner: projectuser
--

ALTER TABLE ONLY public.django_admin_log
    ADD CONSTRAINT django_admin_log_pkey PRIMARY KEY (id);


--
-- Name: django_content_type django_content_type_app_label_model_76bd3d3b_uniq; Type: CONSTRAINT; Schema: public; Owner: projectuser
--

ALTER TABLE ONLY public.django_content_type
    ADD CONSTRAINT django_content_type_app_label_model_76bd3d3b_uniq UNIQUE (app_label, model);


--
-- Name: django_content_type django_content_type_pkey; Type: CONSTRAINT; Schema: public; Owner: projectuser
--

ALTER TABLE ONLY public.django_content_type
    ADD CONSTRAINT django_content_type_pkey PRIMARY KEY (id);


--
-- Name: django_migrations django_migrations_pkey; Type: CONSTRAINT; Schema: public; Owner: projectuser
--

ALTER TABLE ONLY public.django_migrations
    ADD CONSTRAINT django_migrations_pkey PRIMARY KEY (id);


--
-- Name: django_session django_session_pkey; Type: CONSTRAINT; Schema: public; Owner: projectuser
--

ALTER TABLE ONLY public.django_session
    ADD CONSTRAINT django_session_pkey PRIMARY KEY (session_key);


--
-- Name: encyklopedia_bractwo encyklopedia_bractwo_pkey; Type: CONSTRAINT; Schema: public; Owner: projectuser
--

ALTER TABLE ONLY public.encyklopedia_bractwo
    ADD CONSTRAINT encyklopedia_bractwo_pkey PRIMARY KEY (id);


--
-- Name: encyklopedia_bractwo_zalozyciele encyklopedia_bractwo_zal_bractwo_id_osoba_id_6d7271f4_uniq; Type: CONSTRAINT; Schema: public; Owner: projectuser
--

ALTER TABLE ONLY public.encyklopedia_bractwo_zalozyciele
    ADD CONSTRAINT encyklopedia_bractwo_zal_bractwo_id_osoba_id_6d7271f4_uniq UNIQUE (bractwo_id, osoba_id);


--
-- Name: encyklopedia_bractwo_zalozyciele encyklopedia_bractwo_zalozyciele_pkey; Type: CONSTRAINT; Schema: public; Owner: projectuser
--

ALTER TABLE ONLY public.encyklopedia_bractwo_zalozyciele
    ADD CONSTRAINT encyklopedia_bractwo_zalozyciele_pkey PRIMARY KEY (id);


--
-- Name: encyklopedia_grupabractw_kraje encyklopedia_grupabractw_grupabractw_id_kraj_id_1aa974fc_uniq; Type: CONSTRAINT; Schema: public; Owner: projectuser
--

ALTER TABLE ONLY public.encyklopedia_grupabractw_kraje
    ADD CONSTRAINT encyklopedia_grupabractw_grupabractw_id_kraj_id_1aa974fc_uniq UNIQUE (grupabractw_id, kraj_id);


--
-- Name: encyklopedia_grupabractw_kraje encyklopedia_grupabractw_kraje_pkey; Type: CONSTRAINT; Schema: public; Owner: projectuser
--

ALTER TABLE ONLY public.encyklopedia_grupabractw_kraje
    ADD CONSTRAINT encyklopedia_grupabractw_kraje_pkey PRIMARY KEY (id);


--
-- Name: encyklopedia_grupabractw encyklopedia_grupabractw_pkey; Type: CONSTRAINT; Schema: public; Owner: projectuser
--

ALTER TABLE ONLY public.encyklopedia_grupabractw
    ADD CONSTRAINT encyklopedia_grupabractw_pkey PRIMARY KEY (id);


--
-- Name: encyklopedia_pojecie encyklopedia_pojecie_pkey; Type: CONSTRAINT; Schema: public; Owner: projectuser
--

ALTER TABLE ONLY public.encyklopedia_pojecie
    ADD CONSTRAINT encyklopedia_pojecie_pkey PRIMARY KEY (id);


--
-- Name: encyklopedia_powiedzenie_adresaci encyklopedia_powiedzenie_adresaci_pkey; Type: CONSTRAINT; Schema: public; Owner: projectuser
--

ALTER TABLE ONLY public.encyklopedia_powiedzenie_adresaci
    ADD CONSTRAINT encyklopedia_powiedzenie_adresaci_pkey PRIMARY KEY (id);


--
-- Name: encyklopedia_powiedzenie encyklopedia_powiedzenie_pkey; Type: CONSTRAINT; Schema: public; Owner: projectuser
--

ALTER TABLE ONLY public.encyklopedia_powiedzenie
    ADD CONSTRAINT encyklopedia_powiedzenie_pkey PRIMARY KEY (id);


--
-- Name: encyklopedia_powiedzenie_adresaci encyklopedia_powiedzenie_powiedzenie_id_osoba_id_da0b3461_uniq; Type: CONSTRAINT; Schema: public; Owner: projectuser
--

ALTER TABLE ONLY public.encyklopedia_powiedzenie_adresaci
    ADD CONSTRAINT encyklopedia_powiedzenie_powiedzenie_id_osoba_id_da0b3461_uniq UNIQUE (powiedzenie_id, osoba_id);


--
-- Name: encyklopedia_tradycjabcs encyklopedia_tradycjabcs_pkey; Type: CONSTRAINT; Schema: public; Owner: projectuser
--

ALTER TABLE ONLY public.encyklopedia_tradycjabcs
    ADD CONSTRAINT encyklopedia_tradycjabcs_pkey PRIMARY KEY (id);


--
-- Name: encyklopedia_tradycjainnegobractwa encyklopedia_tradycjainnegobractwa_pkey; Type: CONSTRAINT; Schema: public; Owner: projectuser
--

ALTER TABLE ONLY public.encyklopedia_tradycjainnegobractwa
    ADD CONSTRAINT encyklopedia_tradycjainnegobractwa_pkey PRIMARY KEY (id);


--
-- Name: encyklopedia_zrodlo_autorzy encyklopedia_zrodlo_autorzy_pkey; Type: CONSTRAINT; Schema: public; Owner: projectuser
--

ALTER TABLE ONLY public.encyklopedia_zrodlo_autorzy
    ADD CONSTRAINT encyklopedia_zrodlo_autorzy_pkey PRIMARY KEY (id);


--
-- Name: encyklopedia_zrodlo_autorzy encyklopedia_zrodlo_autorzy_zrodlo_id_osoba_id_629aa0ef_uniq; Type: CONSTRAINT; Schema: public; Owner: projectuser
--

ALTER TABLE ONLY public.encyklopedia_zrodlo_autorzy
    ADD CONSTRAINT encyklopedia_zrodlo_autorzy_zrodlo_id_osoba_id_629aa0ef_uniq UNIQUE (zrodlo_id, osoba_id);


--
-- Name: encyklopedia_zrodlo encyklopedia_zrodlo_pkey; Type: CONSTRAINT; Schema: public; Owner: projectuser
--

ALTER TABLE ONLY public.encyklopedia_zrodlo
    ADD CONSTRAINT encyklopedia_zrodlo_pkey PRIMARY KEY (id);


--
-- Name: encyklopedia_zwyczaj encyklopedia_zwyczaj_pkey; Type: CONSTRAINT; Schema: public; Owner: projectuser
--

ALTER TABLE ONLY public.encyklopedia_zwyczaj
    ADD CONSTRAINT encyklopedia_zwyczaj_pkey PRIMARY KEY (id);


--
-- Name: kronika_charakterystykadzialanzarzadu kronika_charakterystykadzialanzarzadu_pkey; Type: CONSTRAINT; Schema: public; Owner: projectuser
--

ALTER TABLE ONLY public.kronika_charakterystykadzialanzarzadu
    ADD CONSTRAINT kronika_charakterystykadzialanzarzadu_pkey PRIMARY KEY (id);


--
-- Name: kronika_obrazwydarzenie_widoczne_osoby kronika_obrazwydarzenie__obrazwydarzenie_id_osoba_cc042493_uniq; Type: CONSTRAINT; Schema: public; Owner: projectuser
--

ALTER TABLE ONLY public.kronika_obrazwydarzenie_widoczne_osoby
    ADD CONSTRAINT kronika_obrazwydarzenie__obrazwydarzenie_id_osoba_cc042493_uniq UNIQUE (obrazwydarzenie_id, osoba_id);


--
-- Name: kronika_obrazwydarzenie kronika_obrazwydarzenie_pkey; Type: CONSTRAINT; Schema: public; Owner: projectuser
--

ALTER TABLE ONLY public.kronika_obrazwydarzenie
    ADD CONSTRAINT kronika_obrazwydarzenie_pkey PRIMARY KEY (id);


--
-- Name: kronika_obrazwydarzenie_widoczne_osoby kronika_obrazwydarzenie_widoczne_osoby_pkey; Type: CONSTRAINT; Schema: public; Owner: projectuser
--

ALTER TABLE ONLY public.kronika_obrazwydarzenie_widoczne_osoby
    ADD CONSTRAINT kronika_obrazwydarzenie_widoczne_osoby_pkey PRIMARY KEY (id);


--
-- Name: kronika_obrazzdarzenie kronika_obrazzdarzenie_pkey; Type: CONSTRAINT; Schema: public; Owner: projectuser
--

ALTER TABLE ONLY public.kronika_obrazzdarzenie
    ADD CONSTRAINT kronika_obrazzdarzenie_pkey PRIMARY KEY (id);


--
-- Name: kronika_obrazzdarzenie_widoczne_osoby kronika_obrazzdarzenie_w_obrazzdarzenie_id_osoba__e3de9421_uniq; Type: CONSTRAINT; Schema: public; Owner: projectuser
--

ALTER TABLE ONLY public.kronika_obrazzdarzenie_widoczne_osoby
    ADD CONSTRAINT kronika_obrazzdarzenie_w_obrazzdarzenie_id_osoba__e3de9421_uniq UNIQUE (obrazzdarzenie_id, osoba_id);


--
-- Name: kronika_obrazzdarzenie_widoczne_osoby kronika_obrazzdarzenie_widoczne_osoby_pkey; Type: CONSTRAINT; Schema: public; Owner: projectuser
--

ALTER TABLE ONLY public.kronika_obrazzdarzenie_widoczne_osoby
    ADD CONSTRAINT kronika_obrazzdarzenie_widoczne_osoby_pkey PRIMARY KEY (id);


--
-- Name: kronika_proces kronika_proces_pkey; Type: CONSTRAINT; Schema: public; Owner: projectuser
--

ALTER TABLE ONLY public.kronika_proces
    ADD CONSTRAINT kronika_proces_pkey PRIMARY KEY (id);


--
-- Name: kronika_proces_zdarzenia kronika_proces_zdarzenia_pkey; Type: CONSTRAINT; Schema: public; Owner: projectuser
--

ALTER TABLE ONLY public.kronika_proces_zdarzenia
    ADD CONSTRAINT kronika_proces_zdarzenia_pkey PRIMARY KEY (id);


--
-- Name: kronika_proces_zdarzenia kronika_proces_zdarzenia_proces_id_zdarzenie_id_9a921693_uniq; Type: CONSTRAINT; Schema: public; Owner: projectuser
--

ALTER TABLE ONLY public.kronika_proces_zdarzenia
    ADD CONSTRAINT kronika_proces_zdarzenia_proces_id_zdarzenie_id_9a921693_uniq UNIQUE (proces_id, zdarzenie_id);


--
-- Name: kronika_wydarzenie_miejsca kronika_wydarzenie_miejs_wydarzenie_id_miejsce_id_cec71ed1_uniq; Type: CONSTRAINT; Schema: public; Owner: projectuser
--

ALTER TABLE ONLY public.kronika_wydarzenie_miejsca
    ADD CONSTRAINT kronika_wydarzenie_miejs_wydarzenie_id_miejsce_id_cec71ed1_uniq UNIQUE (wydarzenie_id, miejsce_id);


--
-- Name: kronika_wydarzenie_miejsca kronika_wydarzenie_miejsca_pkey; Type: CONSTRAINT; Schema: public; Owner: projectuser
--

ALTER TABLE ONLY public.kronika_wydarzenie_miejsca
    ADD CONSTRAINT kronika_wydarzenie_miejsca_pkey PRIMARY KEY (id);


--
-- Name: kronika_wydarzenie kronika_wydarzenie_pkey; Type: CONSTRAINT; Schema: public; Owner: projectuser
--

ALTER TABLE ONLY public.kronika_wydarzenie
    ADD CONSTRAINT kronika_wydarzenie_pkey PRIMARY KEY (id);


--
-- Name: kronika_wydarzenie_uczestnicy kronika_wydarzenie_uczes_wydarzenie_id_osoba_id_09898ddc_uniq; Type: CONSTRAINT; Schema: public; Owner: projectuser
--

ALTER TABLE ONLY public.kronika_wydarzenie_uczestnicy
    ADD CONSTRAINT kronika_wydarzenie_uczes_wydarzenie_id_osoba_id_09898ddc_uniq UNIQUE (wydarzenie_id, osoba_id);


--
-- Name: kronika_wydarzenie_uczestnicy kronika_wydarzenie_uczestnicy_pkey; Type: CONSTRAINT; Schema: public; Owner: projectuser
--

ALTER TABLE ONLY public.kronika_wydarzenie_uczestnicy
    ADD CONSTRAINT kronika_wydarzenie_uczestnicy_pkey PRIMARY KEY (id);


--
-- Name: kronika_wyjazd_obrazy kronika_wyjazd_obrazy_pkey; Type: CONSTRAINT; Schema: public; Owner: projectuser
--

ALTER TABLE ONLY public.kronika_wyjazd_obrazy
    ADD CONSTRAINT kronika_wyjazd_obrazy_pkey PRIMARY KEY (id);


--
-- Name: kronika_wyjazd_obrazy kronika_wyjazd_obrazy_wyjazd_id_obrazwyjazd_id_cb207b7d_uniq; Type: CONSTRAINT; Schema: public; Owner: projectuser
--

ALTER TABLE ONLY public.kronika_wyjazd_obrazy
    ADD CONSTRAINT kronika_wyjazd_obrazy_wyjazd_id_obrazwyjazd_id_cb207b7d_uniq UNIQUE (wyjazd_id, obrazwyjazd_id);


--
-- Name: kronika_zdarzenie kronika_zdarzenie_pkey; Type: CONSTRAINT; Schema: public; Owner: projectuser
--

ALTER TABLE ONLY public.kronika_zdarzenie
    ADD CONSTRAINT kronika_zdarzenie_pkey PRIMARY KEY (id);


--
-- Name: kronika_zdarzenie_powiazane_osoby kronika_zdarzenie_powiaz_zdarzenie_id_osoba_id_2ac268f3_uniq; Type: CONSTRAINT; Schema: public; Owner: projectuser
--

ALTER TABLE ONLY public.kronika_zdarzenie_powiazane_osoby
    ADD CONSTRAINT kronika_zdarzenie_powiaz_zdarzenie_id_osoba_id_2ac268f3_uniq UNIQUE (zdarzenie_id, osoba_id);


--
-- Name: kronika_zdarzenie_powiazane_osoby kronika_zdarzenie_powiazane_osoby_pkey; Type: CONSTRAINT; Schema: public; Owner: projectuser
--

ALTER TABLE ONLY public.kronika_zdarzenie_powiazane_osoby
    ADD CONSTRAINT kronika_zdarzenie_powiazane_osoby_pkey PRIMARY KEY (id);


--
-- Name: miejsca_kraj miejsca_kraj_pkey; Type: CONSTRAINT; Schema: public; Owner: projectuser
--

ALTER TABLE ONLY public.miejsca_kraj
    ADD CONSTRAINT miejsca_kraj_pkey PRIMARY KEY (id);


--
-- Name: miejsca_miejsce miejsca_miejsce_pkey; Type: CONSTRAINT; Schema: public; Owner: projectuser
--

ALTER TABLE ONLY public.miejsca_miejsce
    ADD CONSTRAINT miejsca_miejsce_pkey PRIMARY KEY (id);


--
-- Name: miejsca_typmiejsca miejsca_typmiejsca_pkey; Type: CONSTRAINT; Schema: public; Owner: projectuser
--

ALTER TABLE ONLY public.miejsca_typmiejsca
    ADD CONSTRAINT miejsca_typmiejsca_pkey PRIMARY KEY (id);


--
-- Name: miejsca_uczelnia miejsca_uczelnia_pkey; Type: CONSTRAINT; Schema: public; Owner: projectuser
--

ALTER TABLE ONLY public.miejsca_uczelnia
    ADD CONSTRAINT miejsca_uczelnia_pkey PRIMARY KEY (id);


--
-- Name: miejsca_wydzial miejsca_wydzial_pkey; Type: CONSTRAINT; Schema: public; Owner: projectuser
--

ALTER TABLE ONLY public.miejsca_wydzial
    ADD CONSTRAINT miejsca_wydzial_pkey PRIMARY KEY (id);


--
-- Name: admin_interface_theme_name_30bda70f_like; Type: INDEX; Schema: public; Owner: projectuser
--

CREATE INDEX admin_interface_theme_name_30bda70f_like ON public.admin_interface_theme USING btree (name varchar_pattern_ops);


--
-- Name: auth_group_name_a6ea08ec_like; Type: INDEX; Schema: public; Owner: projectuser
--

CREATE INDEX auth_group_name_a6ea08ec_like ON public.auth_group USING btree (name varchar_pattern_ops);


--
-- Name: auth_group_permissions_group_id_b120cbf9; Type: INDEX; Schema: public; Owner: projectuser
--

CREATE INDEX auth_group_permissions_group_id_b120cbf9 ON public.auth_group_permissions USING btree (group_id);


--
-- Name: auth_group_permissions_permission_id_84c5c92e; Type: INDEX; Schema: public; Owner: projectuser
--

CREATE INDEX auth_group_permissions_permission_id_84c5c92e ON public.auth_group_permissions USING btree (permission_id);


--
-- Name: auth_permission_content_type_id_2f476e4b; Type: INDEX; Schema: public; Owner: projectuser
--

CREATE INDEX auth_permission_content_type_id_2f476e4b ON public.auth_permission USING btree (content_type_id);


--
-- Name: auth_user_groups_group_id_97559544; Type: INDEX; Schema: public; Owner: projectuser
--

CREATE INDEX auth_user_groups_group_id_97559544 ON public.auth_user_groups USING btree (group_id);


--
-- Name: auth_user_groups_user_id_6a12ed8b; Type: INDEX; Schema: public; Owner: projectuser
--

CREATE INDEX auth_user_groups_user_id_6a12ed8b ON public.auth_user_groups USING btree (user_id);


--
-- Name: auth_user_user_permissions_permission_id_1fbb5f2c; Type: INDEX; Schema: public; Owner: projectuser
--

CREATE INDEX auth_user_user_permissions_permission_id_1fbb5f2c ON public.auth_user_user_permissions USING btree (permission_id);


--
-- Name: auth_user_user_permissions_user_id_a95ead1b; Type: INDEX; Schema: public; Owner: projectuser
--

CREATE INDEX auth_user_user_permissions_user_id_a95ead1b ON public.auth_user_user_permissions USING btree (user_id);


--
-- Name: auth_user_username_6821ab7c_like; Type: INDEX; Schema: public; Owner: projectuser
--

CREATE INDEX auth_user_username_6821ab7c_like ON public.auth_user USING btree (username varchar_pattern_ops);


--
-- Name: czapki_czapka_wydzial_id_1fecac96; Type: INDEX; Schema: public; Owner: projectuser
--

CREATE INDEX czapki_czapka_wydzial_id_1fecac96 ON public.czapki_czapka USING btree (wydzial_id);


--
-- Name: czapki_rodzajczapki_kraje_kraj_id_2bfda636; Type: INDEX; Schema: public; Owner: projectuser
--

CREATE INDEX czapki_rodzajczapki_kraje_kraj_id_2bfda636 ON public.czapki_rodzajczapki_kraje USING btree (kraj_id);


--
-- Name: czapki_rodzajczapki_kraje_rodzajczapki_id_ceb62ce8; Type: INDEX; Schema: public; Owner: projectuser
--

CREATE INDEX czapki_rodzajczapki_kraje_rodzajczapki_id_ceb62ce8 ON public.czapki_rodzajczapki_kraje USING btree (rodzajczapki_id);


--
-- Name: czlonkowie_dawnyzarzad_bibendi_id_1f4e72cd; Type: INDEX; Schema: public; Owner: projectuser
--

CREATE INDEX czlonkowie_dawnyzarzad_bibendi_id_1f4e72cd ON public.czlonkowie_dawnyzarzad USING btree (bibendi_id);


--
-- Name: czlonkowie_dawnyzarzad_cantandi_id_57a7d0e2; Type: INDEX; Schema: public; Owner: projectuser
--

CREATE INDEX czlonkowie_dawnyzarzad_cantandi_id_57a7d0e2 ON public.czlonkowie_dawnyzarzad USING btree (cantandi_id);


--
-- Name: czlonkowie_dawnyzarzad_kadencja_id_50e5a39b; Type: INDEX; Schema: public; Owner: projectuser
--

CREATE INDEX czlonkowie_dawnyzarzad_kadencja_id_50e5a39b ON public.czlonkowie_dawnyzarzad USING btree (kadencja_id);


--
-- Name: czlonkowie_dawnyzarzad_kasztelan_id_a16b7c18; Type: INDEX; Schema: public; Owner: projectuser
--

CREATE INDEX czlonkowie_dawnyzarzad_kasztelan_id_a16b7c18 ON public.czlonkowie_dawnyzarzad USING btree (kasztelan_id);


--
-- Name: czlonkowie_dawnyzarzad_kontakt_z_SKNHI_id_d0e8b195; Type: INDEX; Schema: public; Owner: projectuser
--

CREATE INDEX "czlonkowie_dawnyzarzad_kontakt_z_SKNHI_id_d0e8b195" ON public.czlonkowie_dawnyzarzad USING btree ("kontakt_z_SKNHI_id");


--
-- Name: czlonkowie_dawnyzarzad_kontakt_z_SSUJ_id_1a5b337c; Type: INDEX; Schema: public; Owner: projectuser
--

CREATE INDEX "czlonkowie_dawnyzarzad_kontakt_z_SSUJ_id_1a5b337c" ON public.czlonkowie_dawnyzarzad USING btree ("kontakt_z_SSUJ_id");


--
-- Name: czlonkowie_dawnyzarzad_magister_disciplinae_id_85a3b66c; Type: INDEX; Schema: public; Owner: projectuser
--

CREATE INDEX czlonkowie_dawnyzarzad_magister_disciplinae_id_85a3b66c ON public.czlonkowie_dawnyzarzad USING btree (magister_disciplinae_id);


--
-- Name: czlonkowie_dawnyzarzad_skarbnik_id_221ba366; Type: INDEX; Schema: public; Owner: projectuser
--

CREATE INDEX czlonkowie_dawnyzarzad_skarbnik_id_221ba366 ON public.czlonkowie_dawnyzarzad USING btree (skarbnik_id);


--
-- Name: czlonkowie_dawnyzarzad_wielki_mistrz_id_b12f32a7; Type: INDEX; Schema: public; Owner: projectuser
--

CREATE INDEX czlonkowie_dawnyzarzad_wielki_mistrz_id_b12f32a7 ON public.czlonkowie_dawnyzarzad USING btree (wielki_mistrz_id);


--
-- Name: czlonkowie_halloffame_bean_id_40be3fd4; Type: INDEX; Schema: public; Owner: projectuser
--

CREATE INDEX czlonkowie_halloffame_bean_id_40be3fd4 ON public.czlonkowie_halloffame USING btree (bean_id);


--
-- Name: czlonkowie_halloffame_czlonek_id_371cd174; Type: INDEX; Schema: public; Owner: projectuser
--

CREATE INDEX czlonkowie_halloffame_czlonek_id_371cd174 ON public.czlonkowie_halloffame USING btree (czlonek_id);


--
-- Name: czlonkowie_imieszlacheckie_imie_id_f1ec203c; Type: INDEX; Schema: public; Owner: projectuser
--

CREATE INDEX czlonkowie_imieszlacheckie_imie_id_f1ec203c ON public.czlonkowie_imieszlacheckie USING btree (imie_id);


--
-- Name: czlonkowie_wielkimistrz_imie_id_cb788e60; Type: INDEX; Schema: public; Owner: projectuser
--

CREATE INDEX czlonkowie_wielkimistrz_imie_id_cb788e60 ON public.czlonkowie_wielkimistrz USING btree (imie_id);


--
-- Name: czlonkowie_wielkimistrz_tadeusz_numeric_26d51b94; Type: INDEX; Schema: public; Owner: projectuser
--

CREATE INDEX czlonkowie_wielkimistrz_tadeusz_numeric_26d51b94 ON public.czlonkowie_wielkimistrz USING btree (tadeusz_numeric);


--
-- Name: czlonkowie_zarzad_cantandi_id_4545a2f1; Type: INDEX; Schema: public; Owner: projectuser
--

CREATE INDEX czlonkowie_zarzad_cantandi_id_4545a2f1 ON public.czlonkowie_zarzad USING btree (cantandi_id);


--
-- Name: czlonkowie_zarzad_kadencja_id_2b8b7a12; Type: INDEX; Schema: public; Owner: projectuser
--

CREATE INDEX czlonkowie_zarzad_kadencja_id_2b8b7a12 ON public.czlonkowie_zarzad USING btree (kadencja_id);


--
-- Name: czlonkowie_zarzad_kasztelan_id_68849661; Type: INDEX; Schema: public; Owner: projectuser
--

CREATE INDEX czlonkowie_zarzad_kasztelan_id_68849661 ON public.czlonkowie_zarzad USING btree (kasztelan_id);


--
-- Name: czlonkowie_zarzad_sekretarz_id_32a244f4; Type: INDEX; Schema: public; Owner: projectuser
--

CREATE INDEX czlonkowie_zarzad_sekretarz_id_32a244f4 ON public.czlonkowie_zarzad USING btree (sekretarz_id);


--
-- Name: czlonkowie_zarzad_skarbnik_id_b88aad3b; Type: INDEX; Schema: public; Owner: projectuser
--

CREATE INDEX czlonkowie_zarzad_skarbnik_id_b88aad3b ON public.czlonkowie_zarzad USING btree (skarbnik_id);


--
-- Name: czlonkowie_zarzad_wielki_mistrz_id_a625d7a4; Type: INDEX; Schema: public; Owner: projectuser
--

CREATE INDEX czlonkowie_zarzad_wielki_mistrz_id_a625d7a4 ON public.czlonkowie_zarzad USING btree (wielki_mistrz_id);


--
-- Name: django_admin_log_content_type_id_c4bce8eb; Type: INDEX; Schema: public; Owner: projectuser
--

CREATE INDEX django_admin_log_content_type_id_c4bce8eb ON public.django_admin_log USING btree (content_type_id);


--
-- Name: django_admin_log_user_id_c564eba6; Type: INDEX; Schema: public; Owner: projectuser
--

CREATE INDEX django_admin_log_user_id_c564eba6 ON public.django_admin_log USING btree (user_id);


--
-- Name: django_session_expire_date_a5c62663; Type: INDEX; Schema: public; Owner: projectuser
--

CREATE INDEX django_session_expire_date_a5c62663 ON public.django_session USING btree (expire_date);


--
-- Name: django_session_session_key_c0390e0f_like; Type: INDEX; Schema: public; Owner: projectuser
--

CREATE INDEX django_session_session_key_c0390e0f_like ON public.django_session USING btree (session_key varchar_pattern_ops);


--
-- Name: encyklopedia_bractwo_grupa_bractw_id_e2bd8c78; Type: INDEX; Schema: public; Owner: projectuser
--

CREATE INDEX encyklopedia_bractwo_grupa_bractw_id_e2bd8c78 ON public.encyklopedia_bractwo USING btree (grupa_bractw_id);


--
-- Name: encyklopedia_bractwo_panstwo_id_e11894fb; Type: INDEX; Schema: public; Owner: projectuser
--

CREATE INDEX encyklopedia_bractwo_panstwo_id_e11894fb ON public.encyklopedia_bractwo USING btree (panstwo_id);


--
-- Name: encyklopedia_bractwo_zalozyciele_bractwo_id_fa3e8369; Type: INDEX; Schema: public; Owner: projectuser
--

CREATE INDEX encyklopedia_bractwo_zalozyciele_bractwo_id_fa3e8369 ON public.encyklopedia_bractwo_zalozyciele USING btree (bractwo_id);


--
-- Name: encyklopedia_bractwo_zalozyciele_osoba_id_4b86538e; Type: INDEX; Schema: public; Owner: projectuser
--

CREATE INDEX encyklopedia_bractwo_zalozyciele_osoba_id_4b86538e ON public.encyklopedia_bractwo_zalozyciele USING btree (osoba_id);


--
-- Name: encyklopedia_grupabractw_kraje_grupabractw_id_8be06b61; Type: INDEX; Schema: public; Owner: projectuser
--

CREATE INDEX encyklopedia_grupabractw_kraje_grupabractw_id_8be06b61 ON public.encyklopedia_grupabractw_kraje USING btree (grupabractw_id);


--
-- Name: encyklopedia_grupabractw_kraje_kraj_id_d74f8e16; Type: INDEX; Schema: public; Owner: projectuser
--

CREATE INDEX encyklopedia_grupabractw_kraje_kraj_id_d74f8e16 ON public.encyklopedia_grupabractw_kraje USING btree (kraj_id);


--
-- Name: encyklopedia_grupabractw_rodzaj_czapki_id_80dec4a3; Type: INDEX; Schema: public; Owner: projectuser
--

CREATE INDEX encyklopedia_grupabractw_rodzaj_czapki_id_80dec4a3 ON public.encyklopedia_grupabractw USING btree (rodzaj_czapki_id);


--
-- Name: encyklopedia_pojecie_autor_id_a1fc1888; Type: INDEX; Schema: public; Owner: projectuser
--

CREATE INDEX encyklopedia_pojecie_autor_id_a1fc1888 ON public.encyklopedia_pojecie USING btree (autor_id);


--
-- Name: encyklopedia_pojecie_wydarzenie_id_373336c0; Type: INDEX; Schema: public; Owner: projectuser
--

CREATE INDEX encyklopedia_pojecie_wydarzenie_id_373336c0 ON public.encyklopedia_pojecie USING btree (wydarzenie_id);


--
-- Name: encyklopedia_powiedzenie_adresaci_osoba_id_df7a53b5; Type: INDEX; Schema: public; Owner: projectuser
--

CREATE INDEX encyklopedia_powiedzenie_adresaci_osoba_id_df7a53b5 ON public.encyklopedia_powiedzenie_adresaci USING btree (osoba_id);


--
-- Name: encyklopedia_powiedzenie_adresaci_powiedzenie_id_1ea24e99; Type: INDEX; Schema: public; Owner: projectuser
--

CREATE INDEX encyklopedia_powiedzenie_adresaci_powiedzenie_id_1ea24e99 ON public.encyklopedia_powiedzenie_adresaci USING btree (powiedzenie_id);


--
-- Name: encyklopedia_powiedzenie_autor_id_40724a6d; Type: INDEX; Schema: public; Owner: projectuser
--

CREATE INDEX encyklopedia_powiedzenie_autor_id_40724a6d ON public.encyklopedia_powiedzenie USING btree (autor_id);


--
-- Name: encyklopedia_tradycjabcs_autor_czlonek_id_0e30264e; Type: INDEX; Schema: public; Owner: projectuser
--

CREATE INDEX encyklopedia_tradycjabcs_autor_czlonek_id_0e30264e ON public.encyklopedia_tradycjabcs USING btree (autor_czlonek_id);


--
-- Name: encyklopedia_tradycjabcs_autor_id_b9b49d89; Type: INDEX; Schema: public; Owner: projectuser
--

CREATE INDEX encyklopedia_tradycjabcs_autor_id_b9b49d89 ON public.encyklopedia_tradycjabcs USING btree (autor_id);


--
-- Name: encyklopedia_tradycjabcs_od_kogo_id_849d116e; Type: INDEX; Schema: public; Owner: projectuser
--

CREATE INDEX encyklopedia_tradycjabcs_od_kogo_id_849d116e ON public.encyklopedia_tradycjabcs USING btree (od_kogo_id);


--
-- Name: encyklopedia_tradycjabcs_wydarzenie_id_121d8343; Type: INDEX; Schema: public; Owner: projectuser
--

CREATE INDEX encyklopedia_tradycjabcs_wydarzenie_id_121d8343 ON public.encyklopedia_tradycjabcs USING btree (wydarzenie_id);


--
-- Name: encyklopedia_tradycjainnegobractwa_bractwo_id_382a6617; Type: INDEX; Schema: public; Owner: projectuser
--

CREATE INDEX encyklopedia_tradycjainnegobractwa_bractwo_id_382a6617 ON public.encyklopedia_tradycjainnegobractwa USING btree (bractwo_id);


--
-- Name: encyklopedia_tradycjainnegobractwa_od_kogo_id_36441a91; Type: INDEX; Schema: public; Owner: projectuser
--

CREATE INDEX encyklopedia_tradycjainnegobractwa_od_kogo_id_36441a91 ON public.encyklopedia_tradycjainnegobractwa USING btree (od_kogo_id);


--
-- Name: encyklopedia_zrodlo_autorzy_osoba_id_52f6cc02; Type: INDEX; Schema: public; Owner: projectuser
--

CREATE INDEX encyklopedia_zrodlo_autorzy_osoba_id_52f6cc02 ON public.encyklopedia_zrodlo_autorzy USING btree (osoba_id);


--
-- Name: encyklopedia_zrodlo_autorzy_zrodlo_id_e223b9bc; Type: INDEX; Schema: public; Owner: projectuser
--

CREATE INDEX encyklopedia_zrodlo_autorzy_zrodlo_id_e223b9bc ON public.encyklopedia_zrodlo_autorzy USING btree (zrodlo_id);


--
-- Name: encyklopedia_zwyczaj_autor_id_204c103c; Type: INDEX; Schema: public; Owner: projectuser
--

CREATE INDEX encyklopedia_zwyczaj_autor_id_204c103c ON public.encyklopedia_zwyczaj USING btree (autor_id);


--
-- Name: kronika_charakterystykadzialanzarzadu_autor_id_82571297; Type: INDEX; Schema: public; Owner: projectuser
--

CREATE INDEX kronika_charakterystykadzialanzarzadu_autor_id_82571297 ON public.kronika_charakterystykadzialanzarzadu USING btree (autor_id);


--
-- Name: kronika_charakterystykadzialanzarzadu_dawny_zarzad_id_fad40bc7; Type: INDEX; Schema: public; Owner: projectuser
--

CREATE INDEX kronika_charakterystykadzialanzarzadu_dawny_zarzad_id_fad40bc7 ON public.kronika_charakterystykadzialanzarzadu USING btree (dawny_zarzad_id);


--
-- Name: kronika_charakterystykadzialanzarzadu_zarzad_id_2a4e46b5; Type: INDEX; Schema: public; Owner: projectuser
--

CREATE INDEX kronika_charakterystykadzialanzarzadu_zarzad_id_2a4e46b5 ON public.kronika_charakterystykadzialanzarzadu USING btree (zarzad_id);


--
-- Name: kronika_obrazwydarzenie_wi_obrazwydarzenie_id_f21627bd; Type: INDEX; Schema: public; Owner: projectuser
--

CREATE INDEX kronika_obrazwydarzenie_wi_obrazwydarzenie_id_f21627bd ON public.kronika_obrazwydarzenie_widoczne_osoby USING btree (obrazwydarzenie_id);


--
-- Name: kronika_obrazwydarzenie_widoczne_osoby_osoba_id_43166c8e; Type: INDEX; Schema: public; Owner: projectuser
--

CREATE INDEX kronika_obrazwydarzenie_widoczne_osoby_osoba_id_43166c8e ON public.kronika_obrazwydarzenie_widoczne_osoby USING btree (osoba_id);


--
-- Name: kronika_obrazwydarzenie_wydarzenie_id_6f339e22; Type: INDEX; Schema: public; Owner: projectuser
--

CREATE INDEX kronika_obrazwydarzenie_wydarzenie_id_6f339e22 ON public.kronika_obrazwydarzenie USING btree (wydarzenie_id);


--
-- Name: kronika_obrazzdarzenie_miejsce_id_1318bf6f; Type: INDEX; Schema: public; Owner: projectuser
--

CREATE INDEX kronika_obrazzdarzenie_miejsce_id_1318bf6f ON public.kronika_obrazzdarzenie USING btree (miejsce_id);


--
-- Name: kronika_obrazzdarzenie_wid_obrazzdarzenie_id_c310fe10; Type: INDEX; Schema: public; Owner: projectuser
--

CREATE INDEX kronika_obrazzdarzenie_wid_obrazzdarzenie_id_c310fe10 ON public.kronika_obrazzdarzenie_widoczne_osoby USING btree (obrazzdarzenie_id);


--
-- Name: kronika_obrazzdarzenie_widoczne_osoby_osoba_id_dd380982; Type: INDEX; Schema: public; Owner: projectuser
--

CREATE INDEX kronika_obrazzdarzenie_widoczne_osoby_osoba_id_dd380982 ON public.kronika_obrazzdarzenie_widoczne_osoby USING btree (osoba_id);


--
-- Name: kronika_obrazzdarzenie_zdarzenie_id_55228435; Type: INDEX; Schema: public; Owner: projectuser
--

CREATE INDEX kronika_obrazzdarzenie_zdarzenie_id_55228435 ON public.kronika_obrazzdarzenie USING btree (zdarzenie_id);


--
-- Name: kronika_proces_zdarzenia_proces_id_56d6a828; Type: INDEX; Schema: public; Owner: projectuser
--

CREATE INDEX kronika_proces_zdarzenia_proces_id_56d6a828 ON public.kronika_proces_zdarzenia USING btree (proces_id);


--
-- Name: kronika_proces_zdarzenia_zdarzenie_id_19a746bf; Type: INDEX; Schema: public; Owner: projectuser
--

CREATE INDEX kronika_proces_zdarzenia_zdarzenie_id_19a746bf ON public.kronika_proces_zdarzenia USING btree (zdarzenie_id);


--
-- Name: kronika_wydarzenie_miejsca_miejsce_id_52d8d4fa; Type: INDEX; Schema: public; Owner: projectuser
--

CREATE INDEX kronika_wydarzenie_miejsca_miejsce_id_52d8d4fa ON public.kronika_wydarzenie_miejsca USING btree (miejsce_id);


--
-- Name: kronika_wydarzenie_miejsca_wydarzenie_id_dcee8c3d; Type: INDEX; Schema: public; Owner: projectuser
--

CREATE INDEX kronika_wydarzenie_miejsca_wydarzenie_id_dcee8c3d ON public.kronika_wydarzenie_miejsca USING btree (wydarzenie_id);


--
-- Name: kronika_wydarzenie_uczestnicy_osoba_id_d531e5e6; Type: INDEX; Schema: public; Owner: projectuser
--

CREATE INDEX kronika_wydarzenie_uczestnicy_osoba_id_d531e5e6 ON public.kronika_wydarzenie_uczestnicy USING btree (osoba_id);


--
-- Name: kronika_wydarzenie_uczestnicy_wydarzenie_id_68a3afe5; Type: INDEX; Schema: public; Owner: projectuser
--

CREATE INDEX kronika_wydarzenie_uczestnicy_wydarzenie_id_68a3afe5 ON public.kronika_wydarzenie_uczestnicy USING btree (wydarzenie_id);


--
-- Name: kronika_wyjazd_obrazy_obrazwyjazd_id_3d545cbf; Type: INDEX; Schema: public; Owner: projectuser
--

CREATE INDEX kronika_wyjazd_obrazy_obrazwyjazd_id_3d545cbf ON public.kronika_wyjazd_obrazy USING btree (obrazwyjazd_id);


--
-- Name: kronika_wyjazd_obrazy_wyjazd_id_d9c4bfe3; Type: INDEX; Schema: public; Owner: projectuser
--

CREATE INDEX kronika_wyjazd_obrazy_wyjazd_id_d9c4bfe3 ON public.kronika_wyjazd_obrazy USING btree (wyjazd_id);


--
-- Name: kronika_zdarzenie_miejsce_id_e084df83; Type: INDEX; Schema: public; Owner: projectuser
--

CREATE INDEX kronika_zdarzenie_miejsce_id_e084df83 ON public.kronika_zdarzenie USING btree (miejsce_id);


--
-- Name: kronika_zdarzenie_powiazane_osoby_osoba_id_a5fa5089; Type: INDEX; Schema: public; Owner: projectuser
--

CREATE INDEX kronika_zdarzenie_powiazane_osoby_osoba_id_a5fa5089 ON public.kronika_zdarzenie_powiazane_osoby USING btree (osoba_id);


--
-- Name: kronika_zdarzenie_powiazane_osoby_zdarzenie_id_4d4246fa; Type: INDEX; Schema: public; Owner: projectuser
--

CREATE INDEX kronika_zdarzenie_powiazane_osoby_zdarzenie_id_4d4246fa ON public.kronika_zdarzenie_powiazane_osoby USING btree (zdarzenie_id);


--
-- Name: kronika_zdarzenie_wydarzenie_id_937a4544; Type: INDEX; Schema: public; Owner: projectuser
--

CREATE INDEX kronika_zdarzenie_wydarzenie_id_937a4544 ON public.kronika_zdarzenie USING btree (wydarzenie_id);


--
-- Name: miejsca_miejsce_typ_id_56d7ddf7; Type: INDEX; Schema: public; Owner: projectuser
--

CREATE INDEX miejsca_miejsce_typ_id_56d7ddf7 ON public.miejsca_miejsce USING btree (typ_id);


--
-- Name: miejsca_uczelnia_kraj_id_95e985c4; Type: INDEX; Schema: public; Owner: projectuser
--

CREATE INDEX miejsca_uczelnia_kraj_id_95e985c4 ON public.miejsca_uczelnia USING btree (kraj_id);


--
-- Name: miejsca_wydzial_uczelnia_id_128db1fa; Type: INDEX; Schema: public; Owner: projectuser
--

CREATE INDEX miejsca_wydzial_uczelnia_id_128db1fa ON public.miejsca_wydzial USING btree (uczelnia_id);


--
-- Name: auth_group_permissions auth_group_permissio_permission_id_84c5c92e_fk_auth_perm; Type: FK CONSTRAINT; Schema: public; Owner: projectuser
--

ALTER TABLE ONLY public.auth_group_permissions
    ADD CONSTRAINT auth_group_permissio_permission_id_84c5c92e_fk_auth_perm FOREIGN KEY (permission_id) REFERENCES public.auth_permission(id) DEFERRABLE INITIALLY DEFERRED;


--
-- Name: auth_group_permissions auth_group_permissions_group_id_b120cbf9_fk_auth_group_id; Type: FK CONSTRAINT; Schema: public; Owner: projectuser
--

ALTER TABLE ONLY public.auth_group_permissions
    ADD CONSTRAINT auth_group_permissions_group_id_b120cbf9_fk_auth_group_id FOREIGN KEY (group_id) REFERENCES public.auth_group(id) DEFERRABLE INITIALLY DEFERRED;


--
-- Name: auth_permission auth_permission_content_type_id_2f476e4b_fk_django_co; Type: FK CONSTRAINT; Schema: public; Owner: projectuser
--

ALTER TABLE ONLY public.auth_permission
    ADD CONSTRAINT auth_permission_content_type_id_2f476e4b_fk_django_co FOREIGN KEY (content_type_id) REFERENCES public.django_content_type(id) DEFERRABLE INITIALLY DEFERRED;


--
-- Name: auth_user_groups auth_user_groups_group_id_97559544_fk_auth_group_id; Type: FK CONSTRAINT; Schema: public; Owner: projectuser
--

ALTER TABLE ONLY public.auth_user_groups
    ADD CONSTRAINT auth_user_groups_group_id_97559544_fk_auth_group_id FOREIGN KEY (group_id) REFERENCES public.auth_group(id) DEFERRABLE INITIALLY DEFERRED;


--
-- Name: auth_user_groups auth_user_groups_user_id_6a12ed8b_fk_auth_user_id; Type: FK CONSTRAINT; Schema: public; Owner: projectuser
--

ALTER TABLE ONLY public.auth_user_groups
    ADD CONSTRAINT auth_user_groups_user_id_6a12ed8b_fk_auth_user_id FOREIGN KEY (user_id) REFERENCES public.auth_user(id) DEFERRABLE INITIALLY DEFERRED;


--
-- Name: auth_user_user_permissions auth_user_user_permi_permission_id_1fbb5f2c_fk_auth_perm; Type: FK CONSTRAINT; Schema: public; Owner: projectuser
--

ALTER TABLE ONLY public.auth_user_user_permissions
    ADD CONSTRAINT auth_user_user_permi_permission_id_1fbb5f2c_fk_auth_perm FOREIGN KEY (permission_id) REFERENCES public.auth_permission(id) DEFERRABLE INITIALLY DEFERRED;


--
-- Name: auth_user_user_permissions auth_user_user_permissions_user_id_a95ead1b_fk_auth_user_id; Type: FK CONSTRAINT; Schema: public; Owner: projectuser
--

ALTER TABLE ONLY public.auth_user_user_permissions
    ADD CONSTRAINT auth_user_user_permissions_user_id_a95ead1b_fk_auth_user_id FOREIGN KEY (user_id) REFERENCES public.auth_user(id) DEFERRABLE INITIALLY DEFERRED;


--
-- Name: czapki_czapka czapki_czapka_wydzial_id_1fecac96_fk_miejsca_wydzial_id; Type: FK CONSTRAINT; Schema: public; Owner: projectuser
--

ALTER TABLE ONLY public.czapki_czapka
    ADD CONSTRAINT czapki_czapka_wydzial_id_1fecac96_fk_miejsca_wydzial_id FOREIGN KEY (wydzial_id) REFERENCES public.miejsca_wydzial(id) DEFERRABLE INITIALLY DEFERRED;


--
-- Name: czapki_rodzajczapki_kraje czapki_rodzajczapki__rodzajczapki_id_ceb62ce8_fk_czapki_ro; Type: FK CONSTRAINT; Schema: public; Owner: projectuser
--

ALTER TABLE ONLY public.czapki_rodzajczapki_kraje
    ADD CONSTRAINT czapki_rodzajczapki__rodzajczapki_id_ceb62ce8_fk_czapki_ro FOREIGN KEY (rodzajczapki_id) REFERENCES public.czapki_rodzajczapki(id) DEFERRABLE INITIALLY DEFERRED;


--
-- Name: czapki_rodzajczapki_kraje czapki_rodzajczapki_kraje_kraj_id_2bfda636_fk_miejsca_kraj_id; Type: FK CONSTRAINT; Schema: public; Owner: projectuser
--

ALTER TABLE ONLY public.czapki_rodzajczapki_kraje
    ADD CONSTRAINT czapki_rodzajczapki_kraje_kraj_id_2bfda636_fk_miejsca_kraj_id FOREIGN KEY (kraj_id) REFERENCES public.miejsca_kraj(id) DEFERRABLE INITIALLY DEFERRED;


--
-- Name: czlonkowie_bean czlonkowie_bean_czapka_1_id_b6dfe42b_fk_czapki_czapka_id; Type: FK CONSTRAINT; Schema: public; Owner: projectuser
--

ALTER TABLE ONLY public.czlonkowie_bean
    ADD CONSTRAINT czlonkowie_bean_czapka_1_id_b6dfe42b_fk_czapki_czapka_id FOREIGN KEY (czapka_1_id) REFERENCES public.czapki_czapka(id) DEFERRABLE INITIALLY DEFERRED;


--
-- Name: czlonkowie_bean czlonkowie_bean_czapka_2_id_686bf3e2_fk_czapki_czapka_id; Type: FK CONSTRAINT; Schema: public; Owner: projectuser
--

ALTER TABLE ONLY public.czlonkowie_bean
    ADD CONSTRAINT czlonkowie_bean_czapka_2_id_686bf3e2_fk_czapki_czapka_id FOREIGN KEY (czapka_2_id) REFERENCES public.czapki_czapka(id) DEFERRABLE INITIALLY DEFERRED;


--
-- Name: czlonkowie_bean czlonkowie_bean_osoba_ptr_id_ed56a0be_fk_czlonkowie_osoba_id; Type: FK CONSTRAINT; Schema: public; Owner: projectuser
--

ALTER TABLE ONLY public.czlonkowie_bean
    ADD CONSTRAINT czlonkowie_bean_osoba_ptr_id_ed56a0be_fk_czlonkowie_osoba_id FOREIGN KEY (osoba_ptr_id) REFERENCES public.czlonkowie_osoba(id) DEFERRABLE INITIALLY DEFERRED;


--
-- Name: czlonkowie_bean czlonkowie_bean_rodzic_1_id_4a4f1452_fk_czlonkowi; Type: FK CONSTRAINT; Schema: public; Owner: projectuser
--

ALTER TABLE ONLY public.czlonkowie_bean
    ADD CONSTRAINT czlonkowie_bean_rodzic_1_id_4a4f1452_fk_czlonkowi FOREIGN KEY (rodzic_1_id) REFERENCES public.czlonkowie_czlonek(osoba_ptr_id) DEFERRABLE INITIALLY DEFERRED;


--
-- Name: czlonkowie_bean czlonkowie_bean_rodzic_2_id_413a442a_fk_czlonkowi; Type: FK CONSTRAINT; Schema: public; Owner: projectuser
--

ALTER TABLE ONLY public.czlonkowie_bean
    ADD CONSTRAINT czlonkowie_bean_rodzic_2_id_413a442a_fk_czlonkowi FOREIGN KEY (rodzic_2_id) REFERENCES public.czlonkowie_czlonek(osoba_ptr_id) DEFERRABLE INITIALLY DEFERRED;


--
-- Name: czlonkowie_czlonek czlonkowie_czlonek_czapka_1_id_843ae609_fk_czapki_czapka_id; Type: FK CONSTRAINT; Schema: public; Owner: projectuser
--

ALTER TABLE ONLY public.czlonkowie_czlonek
    ADD CONSTRAINT czlonkowie_czlonek_czapka_1_id_843ae609_fk_czapki_czapka_id FOREIGN KEY (czapka_1_id) REFERENCES public.czapki_czapka(id) DEFERRABLE INITIALLY DEFERRED;


--
-- Name: czlonkowie_czlonek czlonkowie_czlonek_czapka_2_id_9bc0f33c_fk_czapki_czapka_id; Type: FK CONSTRAINT; Schema: public; Owner: projectuser
--

ALTER TABLE ONLY public.czlonkowie_czlonek
    ADD CONSTRAINT czlonkowie_czlonek_czapka_2_id_9bc0f33c_fk_czapki_czapka_id FOREIGN KEY (czapka_2_id) REFERENCES public.czapki_czapka(id) DEFERRABLE INITIALLY DEFERRED;


--
-- Name: czlonkowie_czlonek czlonkowie_czlonek_osoba_ptr_id_c64b3f88_fk_czlonkowie_osoba_id; Type: FK CONSTRAINT; Schema: public; Owner: projectuser
--

ALTER TABLE ONLY public.czlonkowie_czlonek
    ADD CONSTRAINT czlonkowie_czlonek_osoba_ptr_id_c64b3f88_fk_czlonkowie_osoba_id FOREIGN KEY (osoba_ptr_id) REFERENCES public.czlonkowie_osoba(id) DEFERRABLE INITIALLY DEFERRED;


--
-- Name: czlonkowie_czlonek czlonkowie_czlonek_rodzic_1_id_605e2ad8_fk_czlonkowi; Type: FK CONSTRAINT; Schema: public; Owner: projectuser
--

ALTER TABLE ONLY public.czlonkowie_czlonek
    ADD CONSTRAINT czlonkowie_czlonek_rodzic_1_id_605e2ad8_fk_czlonkowi FOREIGN KEY (rodzic_1_id) REFERENCES public.czlonkowie_czlonek(osoba_ptr_id) DEFERRABLE INITIALLY DEFERRED;


--
-- Name: czlonkowie_czlonek czlonkowie_czlonek_rodzic_2_id_21588a26_fk_czlonkowi; Type: FK CONSTRAINT; Schema: public; Owner: projectuser
--

ALTER TABLE ONLY public.czlonkowie_czlonek
    ADD CONSTRAINT czlonkowie_czlonek_rodzic_2_id_21588a26_fk_czlonkowi FOREIGN KEY (rodzic_2_id) REFERENCES public.czlonkowie_czlonek(osoba_ptr_id) DEFERRABLE INITIALLY DEFERRED;


--
-- Name: czlonkowie_dawnyzarzad czlonkowie_dawnyzarz_bibendi_id_1f4e72cd_fk_czlonkowi; Type: FK CONSTRAINT; Schema: public; Owner: projectuser
--

ALTER TABLE ONLY public.czlonkowie_dawnyzarzad
    ADD CONSTRAINT czlonkowie_dawnyzarz_bibendi_id_1f4e72cd_fk_czlonkowi FOREIGN KEY (bibendi_id) REFERENCES public.czlonkowie_czlonek(osoba_ptr_id) DEFERRABLE INITIALLY DEFERRED;


--
-- Name: czlonkowie_dawnyzarzad czlonkowie_dawnyzarz_cantandi_id_57a7d0e2_fk_czlonkowi; Type: FK CONSTRAINT; Schema: public; Owner: projectuser
--

ALTER TABLE ONLY public.czlonkowie_dawnyzarzad
    ADD CONSTRAINT czlonkowie_dawnyzarz_cantandi_id_57a7d0e2_fk_czlonkowi FOREIGN KEY (cantandi_id) REFERENCES public.czlonkowie_czlonek(osoba_ptr_id) DEFERRABLE INITIALLY DEFERRED;


--
-- Name: czlonkowie_dawnyzarzad czlonkowie_dawnyzarz_kasztelan_id_a16b7c18_fk_czlonkowi; Type: FK CONSTRAINT; Schema: public; Owner: projectuser
--

ALTER TABLE ONLY public.czlonkowie_dawnyzarzad
    ADD CONSTRAINT czlonkowie_dawnyzarz_kasztelan_id_a16b7c18_fk_czlonkowi FOREIGN KEY (kasztelan_id) REFERENCES public.czlonkowie_czlonek(osoba_ptr_id) DEFERRABLE INITIALLY DEFERRED;


--
-- Name: czlonkowie_dawnyzarzad czlonkowie_dawnyzarz_kontakt_z_SKNHI_id_d0e8b195_fk_czlonkowi; Type: FK CONSTRAINT; Schema: public; Owner: projectuser
--

ALTER TABLE ONLY public.czlonkowie_dawnyzarzad
    ADD CONSTRAINT "czlonkowie_dawnyzarz_kontakt_z_SKNHI_id_d0e8b195_fk_czlonkowi" FOREIGN KEY ("kontakt_z_SKNHI_id") REFERENCES public.czlonkowie_czlonek(osoba_ptr_id) DEFERRABLE INITIALLY DEFERRED;


--
-- Name: czlonkowie_dawnyzarzad czlonkowie_dawnyzarz_kontakt_z_SSUJ_id_1a5b337c_fk_czlonkowi; Type: FK CONSTRAINT; Schema: public; Owner: projectuser
--

ALTER TABLE ONLY public.czlonkowie_dawnyzarzad
    ADD CONSTRAINT "czlonkowie_dawnyzarz_kontakt_z_SSUJ_id_1a5b337c_fk_czlonkowi" FOREIGN KEY ("kontakt_z_SSUJ_id") REFERENCES public.czlonkowie_czlonek(osoba_ptr_id) DEFERRABLE INITIALLY DEFERRED;


--
-- Name: czlonkowie_dawnyzarzad czlonkowie_dawnyzarz_magister_disciplinae_85a3b66c_fk_czlonkowi; Type: FK CONSTRAINT; Schema: public; Owner: projectuser
--

ALTER TABLE ONLY public.czlonkowie_dawnyzarzad
    ADD CONSTRAINT czlonkowie_dawnyzarz_magister_disciplinae_85a3b66c_fk_czlonkowi FOREIGN KEY (magister_disciplinae_id) REFERENCES public.czlonkowie_czlonek(osoba_ptr_id) DEFERRABLE INITIALLY DEFERRED;


--
-- Name: czlonkowie_dawnyzarzad czlonkowie_dawnyzarz_skarbnik_id_221ba366_fk_czlonkowi; Type: FK CONSTRAINT; Schema: public; Owner: projectuser
--

ALTER TABLE ONLY public.czlonkowie_dawnyzarzad
    ADD CONSTRAINT czlonkowie_dawnyzarz_skarbnik_id_221ba366_fk_czlonkowi FOREIGN KEY (skarbnik_id) REFERENCES public.czlonkowie_czlonek(osoba_ptr_id) DEFERRABLE INITIALLY DEFERRED;


--
-- Name: czlonkowie_dawnyzarzad czlonkowie_dawnyzarz_wielki_mistrz_id_b12f32a7_fk_czlonkowi; Type: FK CONSTRAINT; Schema: public; Owner: projectuser
--

ALTER TABLE ONLY public.czlonkowie_dawnyzarzad
    ADD CONSTRAINT czlonkowie_dawnyzarz_wielki_mistrz_id_b12f32a7_fk_czlonkowi FOREIGN KEY (wielki_mistrz_id) REFERENCES public.czlonkowie_wielkimistrz(id) DEFERRABLE INITIALLY DEFERRED;


--
-- Name: czlonkowie_dawnyzarzad czlonkowie_dawnyzarzad_kadencja_id_50e5a39b_fk_core_kadencja_id; Type: FK CONSTRAINT; Schema: public; Owner: projectuser
--

ALTER TABLE ONLY public.czlonkowie_dawnyzarzad
    ADD CONSTRAINT czlonkowie_dawnyzarzad_kadencja_id_50e5a39b_fk_core_kadencja_id FOREIGN KEY (kadencja_id) REFERENCES public.core_kadencja(id) DEFERRABLE INITIALLY DEFERRED;


--
-- Name: czlonkowie_halloffame czlonkowie_halloffam_bean_id_40be3fd4_fk_czlonkowi; Type: FK CONSTRAINT; Schema: public; Owner: projectuser
--

ALTER TABLE ONLY public.czlonkowie_halloffame
    ADD CONSTRAINT czlonkowie_halloffam_bean_id_40be3fd4_fk_czlonkowi FOREIGN KEY (bean_id) REFERENCES public.czlonkowie_bean(osoba_ptr_id) DEFERRABLE INITIALLY DEFERRED;


--
-- Name: czlonkowie_halloffame czlonkowie_halloffam_czlonek_id_371cd174_fk_czlonkowi; Type: FK CONSTRAINT; Schema: public; Owner: projectuser
--

ALTER TABLE ONLY public.czlonkowie_halloffame
    ADD CONSTRAINT czlonkowie_halloffam_czlonek_id_371cd174_fk_czlonkowi FOREIGN KEY (czlonek_id) REFERENCES public.czlonkowie_czlonek(osoba_ptr_id) DEFERRABLE INITIALLY DEFERRED;


--
-- Name: czlonkowie_imieszlacheckie czlonkowie_imieszlac_imie_id_f1ec203c_fk_czlonkowi; Type: FK CONSTRAINT; Schema: public; Owner: projectuser
--

ALTER TABLE ONLY public.czlonkowie_imieszlacheckie
    ADD CONSTRAINT czlonkowie_imieszlac_imie_id_f1ec203c_fk_czlonkowi FOREIGN KEY (imie_id) REFERENCES public.czlonkowie_czlonek(osoba_ptr_id) DEFERRABLE INITIALLY DEFERRED;


--
-- Name: czlonkowie_innaosoba czlonkowie_innaosoba_bractwo_do_ktorego_n_4598f6dd_fk_encyklope; Type: FK CONSTRAINT; Schema: public; Owner: projectuser
--

ALTER TABLE ONLY public.czlonkowie_innaosoba
    ADD CONSTRAINT czlonkowie_innaosoba_bractwo_do_ktorego_n_4598f6dd_fk_encyklope FOREIGN KEY (bractwo_do_ktorego_nalezy_id) REFERENCES public.encyklopedia_bractwo(id) DEFERRABLE INITIALLY DEFERRED;


--
-- Name: czlonkowie_innaosoba czlonkowie_innaosoba_osoba_ptr_id_9facd20d_fk_czlonkowi; Type: FK CONSTRAINT; Schema: public; Owner: projectuser
--

ALTER TABLE ONLY public.czlonkowie_innaosoba
    ADD CONSTRAINT czlonkowie_innaosoba_osoba_ptr_id_9facd20d_fk_czlonkowi FOREIGN KEY (osoba_ptr_id) REFERENCES public.czlonkowie_osoba(id) DEFERRABLE INITIALLY DEFERRED;


--
-- Name: czlonkowie_osoba czlonkowie_osoba_polymorphic_ctype_id_c198e0ba_fk_django_co; Type: FK CONSTRAINT; Schema: public; Owner: projectuser
--

ALTER TABLE ONLY public.czlonkowie_osoba
    ADD CONSTRAINT czlonkowie_osoba_polymorphic_ctype_id_c198e0ba_fk_django_co FOREIGN KEY (polymorphic_ctype_id) REFERENCES public.django_content_type(id) DEFERRABLE INITIALLY DEFERRED;


--
-- Name: czlonkowie_wielkimistrz czlonkowie_wielkimis_imie_id_cb788e60_fk_czlonkowi; Type: FK CONSTRAINT; Schema: public; Owner: projectuser
--

ALTER TABLE ONLY public.czlonkowie_wielkimistrz
    ADD CONSTRAINT czlonkowie_wielkimis_imie_id_cb788e60_fk_czlonkowi FOREIGN KEY (imie_id) REFERENCES public.czlonkowie_czlonek(osoba_ptr_id) DEFERRABLE INITIALLY DEFERRED;


--
-- Name: czlonkowie_zarzad czlonkowie_zarzad_cantandi_id_4545a2f1_fk_czlonkowi; Type: FK CONSTRAINT; Schema: public; Owner: projectuser
--

ALTER TABLE ONLY public.czlonkowie_zarzad
    ADD CONSTRAINT czlonkowie_zarzad_cantandi_id_4545a2f1_fk_czlonkowi FOREIGN KEY (cantandi_id) REFERENCES public.czlonkowie_czlonek(osoba_ptr_id) DEFERRABLE INITIALLY DEFERRED;


--
-- Name: czlonkowie_zarzad czlonkowie_zarzad_kadencja_id_2b8b7a12_fk_core_kadencja_id; Type: FK CONSTRAINT; Schema: public; Owner: projectuser
--

ALTER TABLE ONLY public.czlonkowie_zarzad
    ADD CONSTRAINT czlonkowie_zarzad_kadencja_id_2b8b7a12_fk_core_kadencja_id FOREIGN KEY (kadencja_id) REFERENCES public.core_kadencja(id) DEFERRABLE INITIALLY DEFERRED;


--
-- Name: czlonkowie_zarzad czlonkowie_zarzad_kasztelan_id_68849661_fk_czlonkowi; Type: FK CONSTRAINT; Schema: public; Owner: projectuser
--

ALTER TABLE ONLY public.czlonkowie_zarzad
    ADD CONSTRAINT czlonkowie_zarzad_kasztelan_id_68849661_fk_czlonkowi FOREIGN KEY (kasztelan_id) REFERENCES public.czlonkowie_czlonek(osoba_ptr_id) DEFERRABLE INITIALLY DEFERRED;


--
-- Name: czlonkowie_zarzad czlonkowie_zarzad_sekretarz_id_32a244f4_fk_czlonkowi; Type: FK CONSTRAINT; Schema: public; Owner: projectuser
--

ALTER TABLE ONLY public.czlonkowie_zarzad
    ADD CONSTRAINT czlonkowie_zarzad_sekretarz_id_32a244f4_fk_czlonkowi FOREIGN KEY (sekretarz_id) REFERENCES public.czlonkowie_czlonek(osoba_ptr_id) DEFERRABLE INITIALLY DEFERRED;


--
-- Name: czlonkowie_zarzad czlonkowie_zarzad_skarbnik_id_b88aad3b_fk_czlonkowi; Type: FK CONSTRAINT; Schema: public; Owner: projectuser
--

ALTER TABLE ONLY public.czlonkowie_zarzad
    ADD CONSTRAINT czlonkowie_zarzad_skarbnik_id_b88aad3b_fk_czlonkowi FOREIGN KEY (skarbnik_id) REFERENCES public.czlonkowie_czlonek(osoba_ptr_id) DEFERRABLE INITIALLY DEFERRED;


--
-- Name: czlonkowie_zarzad czlonkowie_zarzad_wielki_mistrz_id_a625d7a4_fk_czlonkowi; Type: FK CONSTRAINT; Schema: public; Owner: projectuser
--

ALTER TABLE ONLY public.czlonkowie_zarzad
    ADD CONSTRAINT czlonkowie_zarzad_wielki_mistrz_id_a625d7a4_fk_czlonkowi FOREIGN KEY (wielki_mistrz_id) REFERENCES public.czlonkowie_wielkimistrz(id) DEFERRABLE INITIALLY DEFERRED;


--
-- Name: django_admin_log django_admin_log_content_type_id_c4bce8eb_fk_django_co; Type: FK CONSTRAINT; Schema: public; Owner: projectuser
--

ALTER TABLE ONLY public.django_admin_log
    ADD CONSTRAINT django_admin_log_content_type_id_c4bce8eb_fk_django_co FOREIGN KEY (content_type_id) REFERENCES public.django_content_type(id) DEFERRABLE INITIALLY DEFERRED;


--
-- Name: django_admin_log django_admin_log_user_id_c564eba6_fk_auth_user_id; Type: FK CONSTRAINT; Schema: public; Owner: projectuser
--

ALTER TABLE ONLY public.django_admin_log
    ADD CONSTRAINT django_admin_log_user_id_c564eba6_fk_auth_user_id FOREIGN KEY (user_id) REFERENCES public.auth_user(id) DEFERRABLE INITIALLY DEFERRED;


--
-- Name: encyklopedia_bractwo_zalozyciele encyklopedia_bractwo_bractwo_id_fa3e8369_fk_encyklope; Type: FK CONSTRAINT; Schema: public; Owner: projectuser
--

ALTER TABLE ONLY public.encyklopedia_bractwo_zalozyciele
    ADD CONSTRAINT encyklopedia_bractwo_bractwo_id_fa3e8369_fk_encyklope FOREIGN KEY (bractwo_id) REFERENCES public.encyklopedia_bractwo(id) DEFERRABLE INITIALLY DEFERRED;


--
-- Name: encyklopedia_bractwo encyklopedia_bractwo_grupa_bractw_id_e2bd8c78_fk_encyklope; Type: FK CONSTRAINT; Schema: public; Owner: projectuser
--

ALTER TABLE ONLY public.encyklopedia_bractwo
    ADD CONSTRAINT encyklopedia_bractwo_grupa_bractw_id_e2bd8c78_fk_encyklope FOREIGN KEY (grupa_bractw_id) REFERENCES public.encyklopedia_grupabractw(id) DEFERRABLE INITIALLY DEFERRED;


--
-- Name: encyklopedia_bractwo_zalozyciele encyklopedia_bractwo_osoba_id_4b86538e_fk_czlonkowi; Type: FK CONSTRAINT; Schema: public; Owner: projectuser
--

ALTER TABLE ONLY public.encyklopedia_bractwo_zalozyciele
    ADD CONSTRAINT encyklopedia_bractwo_osoba_id_4b86538e_fk_czlonkowi FOREIGN KEY (osoba_id) REFERENCES public.czlonkowie_osoba(id) DEFERRABLE INITIALLY DEFERRED;


--
-- Name: encyklopedia_bractwo encyklopedia_bractwo_panstwo_id_e11894fb_fk_miejsca_kraj_id; Type: FK CONSTRAINT; Schema: public; Owner: projectuser
--

ALTER TABLE ONLY public.encyklopedia_bractwo
    ADD CONSTRAINT encyklopedia_bractwo_panstwo_id_e11894fb_fk_miejsca_kraj_id FOREIGN KEY (panstwo_id) REFERENCES public.miejsca_kraj(id) DEFERRABLE INITIALLY DEFERRED;


--
-- Name: encyklopedia_grupabractw_kraje encyklopedia_grupabr_grupabractw_id_8be06b61_fk_encyklope; Type: FK CONSTRAINT; Schema: public; Owner: projectuser
--

ALTER TABLE ONLY public.encyklopedia_grupabractw_kraje
    ADD CONSTRAINT encyklopedia_grupabr_grupabractw_id_8be06b61_fk_encyklope FOREIGN KEY (grupabractw_id) REFERENCES public.encyklopedia_grupabractw(id) DEFERRABLE INITIALLY DEFERRED;


--
-- Name: encyklopedia_grupabractw_kraje encyklopedia_grupabr_kraj_id_d74f8e16_fk_miejsca_k; Type: FK CONSTRAINT; Schema: public; Owner: projectuser
--

ALTER TABLE ONLY public.encyklopedia_grupabractw_kraje
    ADD CONSTRAINT encyklopedia_grupabr_kraj_id_d74f8e16_fk_miejsca_k FOREIGN KEY (kraj_id) REFERENCES public.miejsca_kraj(id) DEFERRABLE INITIALLY DEFERRED;


--
-- Name: encyklopedia_grupabractw encyklopedia_grupabr_rodzaj_czapki_id_80dec4a3_fk_czapki_ro; Type: FK CONSTRAINT; Schema: public; Owner: projectuser
--

ALTER TABLE ONLY public.encyklopedia_grupabractw
    ADD CONSTRAINT encyklopedia_grupabr_rodzaj_czapki_id_80dec4a3_fk_czapki_ro FOREIGN KEY (rodzaj_czapki_id) REFERENCES public.czapki_rodzajczapki(id) DEFERRABLE INITIALLY DEFERRED;


--
-- Name: encyklopedia_pojecie encyklopedia_pojecie_autor_id_a1fc1888_fk_czlonkowie_osoba_id; Type: FK CONSTRAINT; Schema: public; Owner: projectuser
--

ALTER TABLE ONLY public.encyklopedia_pojecie
    ADD CONSTRAINT encyklopedia_pojecie_autor_id_a1fc1888_fk_czlonkowie_osoba_id FOREIGN KEY (autor_id) REFERENCES public.czlonkowie_osoba(id) DEFERRABLE INITIALLY DEFERRED;


--
-- Name: encyklopedia_pojecie encyklopedia_pojecie_wydarzenie_id_373336c0_fk_kronika_w; Type: FK CONSTRAINT; Schema: public; Owner: projectuser
--

ALTER TABLE ONLY public.encyklopedia_pojecie
    ADD CONSTRAINT encyklopedia_pojecie_wydarzenie_id_373336c0_fk_kronika_w FOREIGN KEY (wydarzenie_id) REFERENCES public.kronika_wydarzenie(id) DEFERRABLE INITIALLY DEFERRED;


--
-- Name: encyklopedia_powiedzenie encyklopedia_powiedz_autor_id_40724a6d_fk_czlonkowi; Type: FK CONSTRAINT; Schema: public; Owner: projectuser
--

ALTER TABLE ONLY public.encyklopedia_powiedzenie
    ADD CONSTRAINT encyklopedia_powiedz_autor_id_40724a6d_fk_czlonkowi FOREIGN KEY (autor_id) REFERENCES public.czlonkowie_osoba(id) DEFERRABLE INITIALLY DEFERRED;


--
-- Name: encyklopedia_powiedzenie_adresaci encyklopedia_powiedz_osoba_id_df7a53b5_fk_czlonkowi; Type: FK CONSTRAINT; Schema: public; Owner: projectuser
--

ALTER TABLE ONLY public.encyklopedia_powiedzenie_adresaci
    ADD CONSTRAINT encyklopedia_powiedz_osoba_id_df7a53b5_fk_czlonkowi FOREIGN KEY (osoba_id) REFERENCES public.czlonkowie_osoba(id) DEFERRABLE INITIALLY DEFERRED;


--
-- Name: encyklopedia_powiedzenie_adresaci encyklopedia_powiedz_powiedzenie_id_1ea24e99_fk_encyklope; Type: FK CONSTRAINT; Schema: public; Owner: projectuser
--

ALTER TABLE ONLY public.encyklopedia_powiedzenie_adresaci
    ADD CONSTRAINT encyklopedia_powiedz_powiedzenie_id_1ea24e99_fk_encyklope FOREIGN KEY (powiedzenie_id) REFERENCES public.encyklopedia_powiedzenie(id) DEFERRABLE INITIALLY DEFERRED;


--
-- Name: encyklopedia_tradycjabcs encyklopedia_tradycj_autor_id_b9b49d89_fk_czlonkowi; Type: FK CONSTRAINT; Schema: public; Owner: projectuser
--

ALTER TABLE ONLY public.encyklopedia_tradycjabcs
    ADD CONSTRAINT encyklopedia_tradycj_autor_id_b9b49d89_fk_czlonkowi FOREIGN KEY (autor_id) REFERENCES public.czlonkowie_osoba(id) DEFERRABLE INITIALLY DEFERRED;


--
-- Name: encyklopedia_tradycjainnegobractwa encyklopedia_tradycj_bractwo_id_382a6617_fk_encyklope; Type: FK CONSTRAINT; Schema: public; Owner: projectuser
--

ALTER TABLE ONLY public.encyklopedia_tradycjainnegobractwa
    ADD CONSTRAINT encyklopedia_tradycj_bractwo_id_382a6617_fk_encyklope FOREIGN KEY (bractwo_id) REFERENCES public.encyklopedia_bractwo(id) DEFERRABLE INITIALLY DEFERRED;


--
-- Name: encyklopedia_tradycjainnegobractwa encyklopedia_tradycj_od_kogo_id_36441a91_fk_encyklope; Type: FK CONSTRAINT; Schema: public; Owner: projectuser
--

ALTER TABLE ONLY public.encyklopedia_tradycjainnegobractwa
    ADD CONSTRAINT encyklopedia_tradycj_od_kogo_id_36441a91_fk_encyklope FOREIGN KEY (od_kogo_id) REFERENCES public.encyklopedia_grupabractw(id) DEFERRABLE INITIALLY DEFERRED;


--
-- Name: encyklopedia_tradycjabcs encyklopedia_tradycj_od_kogo_id_849d116e_fk_encyklope; Type: FK CONSTRAINT; Schema: public; Owner: projectuser
--

ALTER TABLE ONLY public.encyklopedia_tradycjabcs
    ADD CONSTRAINT encyklopedia_tradycj_od_kogo_id_849d116e_fk_encyklope FOREIGN KEY (od_kogo_id) REFERENCES public.encyklopedia_grupabractw(id) DEFERRABLE INITIALLY DEFERRED;


--
-- Name: encyklopedia_tradycjabcs encyklopedia_tradycj_wydarzenie_id_121d8343_fk_kronika_w; Type: FK CONSTRAINT; Schema: public; Owner: projectuser
--

ALTER TABLE ONLY public.encyklopedia_tradycjabcs
    ADD CONSTRAINT encyklopedia_tradycj_wydarzenie_id_121d8343_fk_kronika_w FOREIGN KEY (wydarzenie_id) REFERENCES public.kronika_wydarzenie(id) DEFERRABLE INITIALLY DEFERRED;


--
-- Name: encyklopedia_zrodlo_autorzy encyklopedia_zrodlo__osoba_id_52f6cc02_fk_czlonkowi; Type: FK CONSTRAINT; Schema: public; Owner: projectuser
--

ALTER TABLE ONLY public.encyklopedia_zrodlo_autorzy
    ADD CONSTRAINT encyklopedia_zrodlo__osoba_id_52f6cc02_fk_czlonkowi FOREIGN KEY (osoba_id) REFERENCES public.czlonkowie_osoba(id) DEFERRABLE INITIALLY DEFERRED;


--
-- Name: encyklopedia_zrodlo_autorzy encyklopedia_zrodlo__zrodlo_id_e223b9bc_fk_encyklope; Type: FK CONSTRAINT; Schema: public; Owner: projectuser
--

ALTER TABLE ONLY public.encyklopedia_zrodlo_autorzy
    ADD CONSTRAINT encyklopedia_zrodlo__zrodlo_id_e223b9bc_fk_encyklope FOREIGN KEY (zrodlo_id) REFERENCES public.encyklopedia_zrodlo(id) DEFERRABLE INITIALLY DEFERRED;


--
-- Name: encyklopedia_zwyczaj encyklopedia_zwyczaj_autor_id_204c103c_fk_czlonkowie_osoba_id; Type: FK CONSTRAINT; Schema: public; Owner: projectuser
--

ALTER TABLE ONLY public.encyklopedia_zwyczaj
    ADD CONSTRAINT encyklopedia_zwyczaj_autor_id_204c103c_fk_czlonkowie_osoba_id FOREIGN KEY (autor_id) REFERENCES public.czlonkowie_osoba(id) DEFERRABLE INITIALLY DEFERRED;


--
-- Name: kronika_charakterystykadzialanzarzadu kronika_charakteryst_autor_id_82571297_fk_czlonkowi; Type: FK CONSTRAINT; Schema: public; Owner: projectuser
--

ALTER TABLE ONLY public.kronika_charakterystykadzialanzarzadu
    ADD CONSTRAINT kronika_charakteryst_autor_id_82571297_fk_czlonkowi FOREIGN KEY (autor_id) REFERENCES public.czlonkowie_czlonek(osoba_ptr_id) DEFERRABLE INITIALLY DEFERRED;


--
-- Name: kronika_charakterystykadzialanzarzadu kronika_charakteryst_dawny_zarzad_id_fad40bc7_fk_czlonkowi; Type: FK CONSTRAINT; Schema: public; Owner: projectuser
--

ALTER TABLE ONLY public.kronika_charakterystykadzialanzarzadu
    ADD CONSTRAINT kronika_charakteryst_dawny_zarzad_id_fad40bc7_fk_czlonkowi FOREIGN KEY (dawny_zarzad_id) REFERENCES public.czlonkowie_dawnyzarzad(id) DEFERRABLE INITIALLY DEFERRED;


--
-- Name: kronika_charakterystykadzialanzarzadu kronika_charakteryst_zarzad_id_2a4e46b5_fk_czlonkowi; Type: FK CONSTRAINT; Schema: public; Owner: projectuser
--

ALTER TABLE ONLY public.kronika_charakterystykadzialanzarzadu
    ADD CONSTRAINT kronika_charakteryst_zarzad_id_2a4e46b5_fk_czlonkowi FOREIGN KEY (zarzad_id) REFERENCES public.czlonkowie_zarzad(id) DEFERRABLE INITIALLY DEFERRED;


--
-- Name: kronika_obrazwydarzenie_widoczne_osoby kronika_obrazwydarze_obrazwydarzenie_id_f21627bd_fk_kronika_o; Type: FK CONSTRAINT; Schema: public; Owner: projectuser
--

ALTER TABLE ONLY public.kronika_obrazwydarzenie_widoczne_osoby
    ADD CONSTRAINT kronika_obrazwydarze_obrazwydarzenie_id_f21627bd_fk_kronika_o FOREIGN KEY (obrazwydarzenie_id) REFERENCES public.kronika_obrazwydarzenie(id) DEFERRABLE INITIALLY DEFERRED;


--
-- Name: kronika_obrazwydarzenie_widoczne_osoby kronika_obrazwydarze_osoba_id_43166c8e_fk_czlonkowi; Type: FK CONSTRAINT; Schema: public; Owner: projectuser
--

ALTER TABLE ONLY public.kronika_obrazwydarzenie_widoczne_osoby
    ADD CONSTRAINT kronika_obrazwydarze_osoba_id_43166c8e_fk_czlonkowi FOREIGN KEY (osoba_id) REFERENCES public.czlonkowie_osoba(id) DEFERRABLE INITIALLY DEFERRED;


--
-- Name: kronika_obrazwydarzenie kronika_obrazwydarze_wydarzenie_id_6f339e22_fk_kronika_w; Type: FK CONSTRAINT; Schema: public; Owner: projectuser
--

ALTER TABLE ONLY public.kronika_obrazwydarzenie
    ADD CONSTRAINT kronika_obrazwydarze_wydarzenie_id_6f339e22_fk_kronika_w FOREIGN KEY (wydarzenie_id) REFERENCES public.kronika_wydarzenie(id) DEFERRABLE INITIALLY DEFERRED;


--
-- Name: kronika_obrazzdarzenie kronika_obrazzdarzen_miejsce_id_1318bf6f_fk_miejsca_m; Type: FK CONSTRAINT; Schema: public; Owner: projectuser
--

ALTER TABLE ONLY public.kronika_obrazzdarzenie
    ADD CONSTRAINT kronika_obrazzdarzen_miejsce_id_1318bf6f_fk_miejsca_m FOREIGN KEY (miejsce_id) REFERENCES public.miejsca_miejsce(id) DEFERRABLE INITIALLY DEFERRED;


--
-- Name: kronika_obrazzdarzenie_widoczne_osoby kronika_obrazzdarzen_obrazzdarzenie_id_c310fe10_fk_kronika_o; Type: FK CONSTRAINT; Schema: public; Owner: projectuser
--

ALTER TABLE ONLY public.kronika_obrazzdarzenie_widoczne_osoby
    ADD CONSTRAINT kronika_obrazzdarzen_obrazzdarzenie_id_c310fe10_fk_kronika_o FOREIGN KEY (obrazzdarzenie_id) REFERENCES public.kronika_obrazzdarzenie(id) DEFERRABLE INITIALLY DEFERRED;


--
-- Name: kronika_obrazzdarzenie_widoczne_osoby kronika_obrazzdarzen_osoba_id_dd380982_fk_czlonkowi; Type: FK CONSTRAINT; Schema: public; Owner: projectuser
--

ALTER TABLE ONLY public.kronika_obrazzdarzenie_widoczne_osoby
    ADD CONSTRAINT kronika_obrazzdarzen_osoba_id_dd380982_fk_czlonkowi FOREIGN KEY (osoba_id) REFERENCES public.czlonkowie_osoba(id) DEFERRABLE INITIALLY DEFERRED;


--
-- Name: kronika_obrazzdarzenie kronika_obrazzdarzen_zdarzenie_id_55228435_fk_kronika_z; Type: FK CONSTRAINT; Schema: public; Owner: projectuser
--

ALTER TABLE ONLY public.kronika_obrazzdarzenie
    ADD CONSTRAINT kronika_obrazzdarzen_zdarzenie_id_55228435_fk_kronika_z FOREIGN KEY (zdarzenie_id) REFERENCES public.kronika_zdarzenie(id) DEFERRABLE INITIALLY DEFERRED;


--
-- Name: kronika_proces_zdarzenia kronika_proces_zdarz_proces_id_56d6a828_fk_kronika_p; Type: FK CONSTRAINT; Schema: public; Owner: projectuser
--

ALTER TABLE ONLY public.kronika_proces_zdarzenia
    ADD CONSTRAINT kronika_proces_zdarz_proces_id_56d6a828_fk_kronika_p FOREIGN KEY (proces_id) REFERENCES public.kronika_proces(id) DEFERRABLE INITIALLY DEFERRED;


--
-- Name: kronika_proces_zdarzenia kronika_proces_zdarz_zdarzenie_id_19a746bf_fk_kronika_z; Type: FK CONSTRAINT; Schema: public; Owner: projectuser
--

ALTER TABLE ONLY public.kronika_proces_zdarzenia
    ADD CONSTRAINT kronika_proces_zdarz_zdarzenie_id_19a746bf_fk_kronika_z FOREIGN KEY (zdarzenie_id) REFERENCES public.kronika_zdarzenie(id) DEFERRABLE INITIALLY DEFERRED;


--
-- Name: kronika_wydarzenie_miejsca kronika_wydarzenie_m_miejsce_id_52d8d4fa_fk_miejsca_m; Type: FK CONSTRAINT; Schema: public; Owner: projectuser
--

ALTER TABLE ONLY public.kronika_wydarzenie_miejsca
    ADD CONSTRAINT kronika_wydarzenie_m_miejsce_id_52d8d4fa_fk_miejsca_m FOREIGN KEY (miejsce_id) REFERENCES public.miejsca_miejsce(id) DEFERRABLE INITIALLY DEFERRED;


--
-- Name: kronika_wydarzenie_miejsca kronika_wydarzenie_m_wydarzenie_id_dcee8c3d_fk_kronika_w; Type: FK CONSTRAINT; Schema: public; Owner: projectuser
--

ALTER TABLE ONLY public.kronika_wydarzenie_miejsca
    ADD CONSTRAINT kronika_wydarzenie_m_wydarzenie_id_dcee8c3d_fk_kronika_w FOREIGN KEY (wydarzenie_id) REFERENCES public.kronika_wydarzenie(id) DEFERRABLE INITIALLY DEFERRED;


--
-- Name: kronika_wydarzenie_uczestnicy kronika_wydarzenie_u_osoba_id_d531e5e6_fk_czlonkowi; Type: FK CONSTRAINT; Schema: public; Owner: projectuser
--

ALTER TABLE ONLY public.kronika_wydarzenie_uczestnicy
    ADD CONSTRAINT kronika_wydarzenie_u_osoba_id_d531e5e6_fk_czlonkowi FOREIGN KEY (osoba_id) REFERENCES public.czlonkowie_osoba(id) DEFERRABLE INITIALLY DEFERRED;


--
-- Name: kronika_wydarzenie_uczestnicy kronika_wydarzenie_u_wydarzenie_id_68a3afe5_fk_kronika_w; Type: FK CONSTRAINT; Schema: public; Owner: projectuser
--

ALTER TABLE ONLY public.kronika_wydarzenie_uczestnicy
    ADD CONSTRAINT kronika_wydarzenie_u_wydarzenie_id_68a3afe5_fk_kronika_w FOREIGN KEY (wydarzenie_id) REFERENCES public.kronika_wydarzenie(id) DEFERRABLE INITIALLY DEFERRED;


--
-- Name: kronika_zdarzenie kronika_zdarzenie_miejsce_id_e084df83_fk_miejsca_miejsce_id; Type: FK CONSTRAINT; Schema: public; Owner: projectuser
--

ALTER TABLE ONLY public.kronika_zdarzenie
    ADD CONSTRAINT kronika_zdarzenie_miejsce_id_e084df83_fk_miejsca_miejsce_id FOREIGN KEY (miejsce_id) REFERENCES public.miejsca_miejsce(id) DEFERRABLE INITIALLY DEFERRED;


--
-- Name: kronika_zdarzenie_powiazane_osoby kronika_zdarzenie_po_osoba_id_a5fa5089_fk_czlonkowi; Type: FK CONSTRAINT; Schema: public; Owner: projectuser
--

ALTER TABLE ONLY public.kronika_zdarzenie_powiazane_osoby
    ADD CONSTRAINT kronika_zdarzenie_po_osoba_id_a5fa5089_fk_czlonkowi FOREIGN KEY (osoba_id) REFERENCES public.czlonkowie_osoba(id) DEFERRABLE INITIALLY DEFERRED;


--
-- Name: kronika_zdarzenie_powiazane_osoby kronika_zdarzenie_po_zdarzenie_id_4d4246fa_fk_kronika_z; Type: FK CONSTRAINT; Schema: public; Owner: projectuser
--

ALTER TABLE ONLY public.kronika_zdarzenie_powiazane_osoby
    ADD CONSTRAINT kronika_zdarzenie_po_zdarzenie_id_4d4246fa_fk_kronika_z FOREIGN KEY (zdarzenie_id) REFERENCES public.kronika_zdarzenie(id) DEFERRABLE INITIALLY DEFERRED;


--
-- Name: kronika_zdarzenie kronika_zdarzenie_wydarzenie_id_937a4544_fk_kronika_w; Type: FK CONSTRAINT; Schema: public; Owner: projectuser
--

ALTER TABLE ONLY public.kronika_zdarzenie
    ADD CONSTRAINT kronika_zdarzenie_wydarzenie_id_937a4544_fk_kronika_w FOREIGN KEY (wydarzenie_id) REFERENCES public.kronika_wydarzenie(id) DEFERRABLE INITIALLY DEFERRED;


--
-- Name: miejsca_miejsce miejsca_miejsce_typ_id_56d7ddf7_fk_miejsca_typmiejsca_id; Type: FK CONSTRAINT; Schema: public; Owner: projectuser
--

ALTER TABLE ONLY public.miejsca_miejsce
    ADD CONSTRAINT miejsca_miejsce_typ_id_56d7ddf7_fk_miejsca_typmiejsca_id FOREIGN KEY (typ_id) REFERENCES public.miejsca_typmiejsca(id) DEFERRABLE INITIALLY DEFERRED;


--
-- Name: miejsca_uczelnia miejsca_uczelnia_kraj_id_95e985c4_fk_miejsca_kraj_id; Type: FK CONSTRAINT; Schema: public; Owner: projectuser
--

ALTER TABLE ONLY public.miejsca_uczelnia
    ADD CONSTRAINT miejsca_uczelnia_kraj_id_95e985c4_fk_miejsca_kraj_id FOREIGN KEY (kraj_id) REFERENCES public.miejsca_kraj(id) DEFERRABLE INITIALLY DEFERRED;


--
-- Name: miejsca_wydzial miejsca_wydzial_uczelnia_id_128db1fa_fk_miejsca_uczelnia_id; Type: FK CONSTRAINT; Schema: public; Owner: projectuser
--

ALTER TABLE ONLY public.miejsca_wydzial
    ADD CONSTRAINT miejsca_wydzial_uczelnia_id_128db1fa_fk_miejsca_uczelnia_id FOREIGN KEY (uczelnia_id) REFERENCES public.miejsca_uczelnia(id) DEFERRABLE INITIALLY DEFERRED;


--
-- Name: DEFAULT PRIVILEGES FOR TYPES; Type: DEFAULT ACL; Schema: -; Owner: postgres
--

ALTER DEFAULT PRIVILEGES FOR ROLE postgres GRANT ALL ON TYPES  TO projectuser;


--
-- Name: DEFAULT PRIVILEGES FOR TABLES; Type: DEFAULT ACL; Schema: -; Owner: postgres
--

ALTER DEFAULT PRIVILEGES FOR ROLE postgres GRANT SELECT,INSERT,DELETE,UPDATE ON TABLES  TO projectuser;


--
-- PostgreSQL database dump complete
--

