--
-- PostgreSQL database dump
--

-- Dumped from database version 14.18 (Ubuntu 14.18-0ubuntu0.22.04.1)
-- Dumped by pg_dump version 14.18 (Ubuntu 14.18-0ubuntu0.22.04.1)

SET statement_timeout = 0;
SET lock_timeout = 0;
SET idle_in_transaction_session_timeout = 0;
SET client_encoding = 'UTF8';
SET standard_conforming_strings = on;
SELECT pg_catalog.set_config('search_path', '', false);
SET check_function_bodies = false;
SET xmloption = content;
SET client_min_messages = warning;
SET row_security = off;

SET default_tablespace = '';

SET default_table_access_method = heap;

--
-- Name: admin_interface_theme; Type: TABLE; Schema: public; Owner: projectuser
--

CREATE TABLE public.admin_interface_theme (
    id integer NOT NULL,
    name character varying(50) NOT NULL,
    active boolean NOT NULL,
    title character varying(50) NOT NULL,
    title_visible boolean NOT NULL,
    logo character varying(100) NOT NULL,
    logo_visible boolean NOT NULL,
    css_header_background_color character varying(10) NOT NULL,
    title_color character varying(10) NOT NULL,
    css_header_text_color character varying(10) NOT NULL,
    css_header_link_color character varying(10) NOT NULL,
    css_header_link_hover_color character varying(10) NOT NULL,
    css_module_background_color character varying(10) NOT NULL,
    css_module_text_color character varying(10) NOT NULL,
    css_module_link_color character varying(10) NOT NULL,
    css_module_link_hover_color character varying(10) NOT NULL,
    css_module_rounded_corners boolean NOT NULL,
    css_generic_link_color character varying(10) NOT NULL,
    css_generic_link_hover_color character varying(10) NOT NULL,
    css_save_button_background_color character varying(10) NOT NULL,
    css_save_button_background_hover_color character varying(10) NOT NULL,
    css_save_button_text_color character varying(10) NOT NULL,
    css_delete_button_background_color character varying(10) NOT NULL,
    css_delete_button_background_hover_color character varying(10) NOT NULL,
    css_delete_button_text_color character varying(10) NOT NULL,
    list_filter_dropdown boolean NOT NULL,
    related_modal_active boolean NOT NULL,
    related_modal_background_color character varying(10) NOT NULL,
    related_modal_rounded_corners boolean NOT NULL,
    logo_color character varying(10) NOT NULL,
    recent_actions_visible boolean NOT NULL,
    favicon character varying(100) NOT NULL,
    related_modal_background_opacity character varying(5) NOT NULL,
    env_name character varying(50) NOT NULL,
    env_visible_in_header boolean NOT NULL,
    env_color character varying(10) NOT NULL,
    env_visible_in_favicon boolean NOT NULL,
    related_modal_close_button_visible boolean NOT NULL,
    language_chooser_active boolean NOT NULL,
    language_chooser_display character varying(10) NOT NULL,
    list_filter_sticky boolean NOT NULL,
    form_pagination_sticky boolean NOT NULL,
    form_submit_sticky boolean NOT NULL,
    css_module_background_selected_color character varying(10) NOT NULL,
    css_module_link_selected_color character varying(10) NOT NULL,
    logo_max_height smallint NOT NULL,
    logo_max_width smallint NOT NULL,
    foldable_apps boolean NOT NULL,
    language_chooser_control character varying(20) NOT NULL,
    list_filter_highlight boolean NOT NULL,
    list_filter_removal_links boolean NOT NULL,
    show_fieldsets_as_tabs boolean NOT NULL,
    show_inlines_as_tabs boolean NOT NULL,
    css_generic_link_active_color character varying(10) NOT NULL,
    collapsible_stacked_inlines boolean NOT NULL,
    collapsible_stacked_inlines_collapsed boolean NOT NULL,
    collapsible_tabular_inlines boolean NOT NULL,
    collapsible_tabular_inlines_collapsed boolean NOT NULL,
    CONSTRAINT admin_interface_theme_logo_max_height_check CHECK ((logo_max_height >= 0)),
    CONSTRAINT admin_interface_theme_logo_max_width_check CHECK ((logo_max_width >= 0))
);


ALTER TABLE public.admin_interface_theme OWNER TO projectuser;

--
-- Name: admin_interface_theme_id_seq; Type: SEQUENCE; Schema: public; Owner: projectuser
--

ALTER TABLE public.admin_interface_theme ALTER COLUMN id ADD GENERATED BY DEFAULT AS IDENTITY (
    SEQUENCE NAME public.admin_interface_theme_id_seq
    START WITH 1
    INCREMENT BY 1
    NO MINVALUE
    NO MAXVALUE
    CACHE 1
);


--
-- Name: auth_group; Type: TABLE; Schema: public; Owner: projectuser
--

CREATE TABLE public.auth_group (
    id integer NOT NULL,
    name character varying(150) NOT NULL
);


ALTER TABLE public.auth_group OWNER TO projectuser;

--
-- Name: auth_group_id_seq; Type: SEQUENCE; Schema: public; Owner: projectuser
--

ALTER TABLE public.auth_group ALTER COLUMN id ADD GENERATED BY DEFAULT AS IDENTITY (
    SEQUENCE NAME public.auth_group_id_seq
    START WITH 1
    INCREMENT BY 1
    NO MINVALUE
    NO MAXVALUE
    CACHE 1
);


--
-- Name: auth_group_permissions; Type: TABLE; Schema: public; Owner: projectuser
--

CREATE TABLE public.auth_group_permissions (
    id bigint NOT NULL,
    group_id integer NOT NULL,
    permission_id integer NOT NULL
);


ALTER TABLE public.auth_group_permissions OWNER TO projectuser;

--
-- Name: auth_group_permissions_id_seq; Type: SEQUENCE; Schema: public; Owner: projectuser
--

ALTER TABLE public.auth_group_permissions ALTER COLUMN id ADD GENERATED BY DEFAULT AS IDENTITY (
    SEQUENCE NAME public.auth_group_permissions_id_seq
    START WITH 1
    INCREMENT BY 1
    NO MINVALUE
    NO MAXVALUE
    CACHE 1
);


--
-- Name: auth_permission; Type: TABLE; Schema: public; Owner: projectuser
--

CREATE TABLE public.auth_permission (
    id integer NOT NULL,
    name character varying(255) NOT NULL,
    content_type_id integer NOT NULL,
    codename character varying(100) NOT NULL
);


ALTER TABLE public.auth_permission OWNER TO projectuser;

--
-- Name: auth_permission_id_seq; Type: SEQUENCE; Schema: public; Owner: projectuser
--

ALTER TABLE public.auth_permission ALTER COLUMN id ADD GENERATED BY DEFAULT AS IDENTITY (
    SEQUENCE NAME public.auth_permission_id_seq
    START WITH 1
    INCREMENT BY 1
    NO MINVALUE
    NO MAXVALUE
    CACHE 1
);


--
-- Name: auth_user; Type: TABLE; Schema: public; Owner: projectuser
--

CREATE TABLE public.auth_user (
    id integer NOT NULL,
    password character varying(128) NOT NULL,
    last_login timestamp with time zone,
    is_superuser boolean NOT NULL,
    username character varying(150) NOT NULL,
    first_name character varying(150) NOT NULL,
    last_name character varying(150) NOT NULL,
    email character varying(254) NOT NULL,
    is_staff boolean NOT NULL,
    is_active boolean NOT NULL,
    date_joined timestamp with time zone NOT NULL
);


ALTER TABLE public.auth_user OWNER TO projectuser;

--
-- Name: auth_user_groups; Type: TABLE; Schema: public; Owner: projectuser
--

CREATE TABLE public.auth_user_groups (
    id bigint NOT NULL,
    user_id integer NOT NULL,
    group_id integer NOT NULL
);


ALTER TABLE public.auth_user_groups OWNER TO projectuser;

--
-- Name: auth_user_groups_id_seq; Type: SEQUENCE; Schema: public; Owner: projectuser
--

ALTER TABLE public.auth_user_groups ALTER COLUMN id ADD GENERATED BY DEFAULT AS IDENTITY (
    SEQUENCE NAME public.auth_user_groups_id_seq
    START WITH 1
    INCREMENT BY 1
    NO MINVALUE
    NO MAXVALUE
    CACHE 1
);


--
-- Name: auth_user_id_seq; Type: SEQUENCE; Schema: public; Owner: projectuser
--

ALTER TABLE public.auth_user ALTER COLUMN id ADD GENERATED BY DEFAULT AS IDENTITY (
    SEQUENCE NAME public.auth_user_id_seq
    START WITH 1
    INCREMENT BY 1
    NO MINVALUE
    NO MAXVALUE
    CACHE 1
);


--
-- Name: auth_user_user_permissions; Type: TABLE; Schema: public; Owner: projectuser
--

CREATE TABLE public.auth_user_user_permissions (
    id bigint NOT NULL,
    user_id integer NOT NULL,
    permission_id integer NOT NULL
);


ALTER TABLE public.auth_user_user_permissions OWNER TO projectuser;

--
-- Name: auth_user_user_permissions_id_seq; Type: SEQUENCE; Schema: public; Owner: projectuser
--

ALTER TABLE public.auth_user_user_permissions ALTER COLUMN id ADD GENERATED BY DEFAULT AS IDENTITY (
    SEQUENCE NAME public.auth_user_user_permissions_id_seq
    START WITH 1
    INCREMENT BY 1
    NO MINVALUE
    NO MAXVALUE
    CACHE 1
);


--
-- Name: core_kadencja; Type: TABLE; Schema: public; Owner: projectuser
--

CREATE TABLE public.core_kadencja (
    id bigint NOT NULL,
    rozpoczecie integer NOT NULL,
    zakonczenie integer NOT NULL
);


ALTER TABLE public.core_kadencja OWNER TO projectuser;

--
-- Name: core_kadencja_id_seq; Type: SEQUENCE; Schema: public; Owner: projectuser
--

ALTER TABLE public.core_kadencja ALTER COLUMN id ADD GENERATED BY DEFAULT AS IDENTITY (
    SEQUENCE NAME public.core_kadencja_id_seq
    START WITH 1
    INCREMENT BY 1
    NO MINVALUE
    NO MAXVALUE
    CACHE 1
);


--
-- Name: czapki_czapka; Type: TABLE; Schema: public; Owner: projectuser
--

CREATE TABLE public.czapki_czapka (
    id bigint NOT NULL,
    kolor character varying(255) NOT NULL,
    wydzial_id bigint,
    inny_powod character varying(100) NOT NULL
);


ALTER TABLE public.czapki_czapka OWNER TO projectuser;

--
-- Name: czapki_czapka_id_seq; Type: SEQUENCE; Schema: public; Owner: projectuser
--

ALTER TABLE public.czapki_czapka ALTER COLUMN id ADD GENERATED BY DEFAULT AS IDENTITY (
    SEQUENCE NAME public.czapki_czapka_id_seq
    START WITH 1
    INCREMENT BY 1
    NO MINVALUE
    NO MAXVALUE
    CACHE 1
);


--
-- Name: czapki_rodzajczapki; Type: TABLE; Schema: public; Owner: projectuser
--

CREATE TABLE public.czapki_rodzajczapki (
    id bigint NOT NULL,
    nazwa character varying(40) NOT NULL,
    powod_koloru character varying(100) NOT NULL
);


ALTER TABLE public.czapki_rodzajczapki OWNER TO projectuser;

--
-- Name: czapki_rodzajczapki_id_seq; Type: SEQUENCE; Schema: public; Owner: projectuser
--

ALTER TABLE public.czapki_rodzajczapki ALTER COLUMN id ADD GENERATED BY DEFAULT AS IDENTITY (
    SEQUENCE NAME public.czapki_rodzajczapki_id_seq
    START WITH 1
    INCREMENT BY 1
    NO MINVALUE
    NO MAXVALUE
    CACHE 1
);


--
-- Name: czapki_rodzajczapki_kraje; Type: TABLE; Schema: public; Owner: projectuser
--

CREATE TABLE public.czapki_rodzajczapki_kraje (
    id bigint NOT NULL,
    rodzajczapki_id bigint NOT NULL,
    kraj_id bigint NOT NULL
);


ALTER TABLE public.czapki_rodzajczapki_kraje OWNER TO projectuser;

--
-- Name: czapki_rodzajczapki_kraje_id_seq; Type: SEQUENCE; Schema: public; Owner: projectuser
--

ALTER TABLE public.czapki_rodzajczapki_kraje ALTER COLUMN id ADD GENERATED BY DEFAULT AS IDENTITY (
    SEQUENCE NAME public.czapki_rodzajczapki_kraje_id_seq
    START WITH 1
    INCREMENT BY 1
    NO MINVALUE
    NO MAXVALUE
    CACHE 1
);


--
-- Name: osoby_dawnyzarzad; Type: TABLE; Schema: public; Owner: projectuser
--

CREATE TABLE public.osoby_dawnyzarzad (
    id bigint NOT NULL,
    bibendi_id bigint,
    cantandi_id bigint,
    kadencja_id bigint,
    kasztelan_id bigint,
    "kontakt_z_SKNHI_id" bigint,
    "kontakt_z_SSUJ_id" bigint,
    magister_disciplinae_id bigint,
    skarbnik_id bigint,
    wielki_mistrz_id bigint
);


ALTER TABLE public.osoby_dawnyzarzad OWNER TO projectuser;

--
-- Name: czlonkowie_dawnyzarzad_id_seq; Type: SEQUENCE; Schema: public; Owner: projectuser
--

ALTER TABLE public.osoby_dawnyzarzad ALTER COLUMN id ADD GENERATED BY DEFAULT AS IDENTITY (
    SEQUENCE NAME public.czlonkowie_dawnyzarzad_id_seq
    START WITH 1
    INCREMENT BY 1
    NO MINVALUE
    NO MAXVALUE
    CACHE 1
);


--
-- Name: osoby_halloffame; Type: TABLE; Schema: public; Owner: projectuser
--

CREATE TABLE public.osoby_halloffame (
    id bigint NOT NULL,
    nazwa_alternatywna character varying(100) NOT NULL,
    zaslugi character varying(255) NOT NULL,
    czlonek_id bigint,
    order_field character varying(255) NOT NULL,
    bean_id bigint
);


ALTER TABLE public.osoby_halloffame OWNER TO projectuser;

--
-- Name: czlonkowie_halloffame_id_seq; Type: SEQUENCE; Schema: public; Owner: projectuser
--

ALTER TABLE public.osoby_halloffame ALTER COLUMN id ADD GENERATED BY DEFAULT AS IDENTITY (
    SEQUENCE NAME public.czlonkowie_halloffame_id_seq
    START WITH 1
    INCREMENT BY 1
    NO MINVALUE
    NO MAXVALUE
    CACHE 1
);


--
-- Name: osoby_imieszlacheckie; Type: TABLE; Schema: public; Owner: projectuser
--

CREATE TABLE public.osoby_imieszlacheckie (
    id bigint NOT NULL,
    imie_id bigint
);


ALTER TABLE public.osoby_imieszlacheckie OWNER TO projectuser;

--
-- Name: czlonkowie_imieszlacheckie_id_seq; Type: SEQUENCE; Schema: public; Owner: projectuser
--

ALTER TABLE public.osoby_imieszlacheckie ALTER COLUMN id ADD GENERATED BY DEFAULT AS IDENTITY (
    SEQUENCE NAME public.czlonkowie_imieszlacheckie_id_seq
    START WITH 1
    INCREMENT BY 1
    NO MINVALUE
    NO MAXVALUE
    CACHE 1
);


--
-- Name: osoby_wielkimistrz; Type: TABLE; Schema: public; Owner: projectuser
--

CREATE TABLE public.osoby_wielkimistrz (
    id bigint NOT NULL,
    tadeusz character varying(10) NOT NULL,
    tytuly text NOT NULL,
    tadeusz_numeric integer NOT NULL,
    imie_id bigint
);


ALTER TABLE public.osoby_wielkimistrz OWNER TO projectuser;

--
-- Name: czlonkowie_wielkimistrz_id_seq; Type: SEQUENCE; Schema: public; Owner: projectuser
--

ALTER TABLE public.osoby_wielkimistrz ALTER COLUMN id ADD GENERATED BY DEFAULT AS IDENTITY (
    SEQUENCE NAME public.czlonkowie_wielkimistrz_id_seq
    START WITH 1
    INCREMENT BY 1
    NO MINVALUE
    NO MAXVALUE
    CACHE 1
);


--
-- Name: osoby_zarzad; Type: TABLE; Schema: public; Owner: projectuser
--

CREATE TABLE public.osoby_zarzad (
    id bigint NOT NULL,
    cantandi_id bigint,
    kadencja_id bigint,
    kasztelan_id bigint,
    sekretarz_id bigint,
    skarbnik_id bigint,
    wielki_mistrz_id bigint
);


ALTER TABLE public.osoby_zarzad OWNER TO projectuser;

--
-- Name: czlonkowie_zarzad_id_seq; Type: SEQUENCE; Schema: public; Owner: projectuser
--

ALTER TABLE public.osoby_zarzad ALTER COLUMN id ADD GENERATED BY DEFAULT AS IDENTITY (
    SEQUENCE NAME public.czlonkowie_zarzad_id_seq
    START WITH 1
    INCREMENT BY 1
    NO MINVALUE
    NO MAXVALUE
    CACHE 1
);


--
-- Name: osoby_zwierzeczapkowe; Type: TABLE; Schema: public; Owner: projectuser
--

CREATE TABLE public.osoby_zwierzeczapkowe (
    id bigint NOT NULL,
    zwierze character varying(100) NOT NULL,
    wyjasnienie character varying(100) NOT NULL
);


ALTER TABLE public.osoby_zwierzeczapkowe OWNER TO projectuser;

--
-- Name: czlonkowie_zwierzeczapkowe_id_seq; Type: SEQUENCE; Schema: public; Owner: projectuser
--

ALTER TABLE public.osoby_zwierzeczapkowe ALTER COLUMN id ADD GENERATED BY DEFAULT AS IDENTITY (
    SEQUENCE NAME public.czlonkowie_zwierzeczapkowe_id_seq
    START WITH 1
    INCREMENT BY 1
    NO MINVALUE
    NO MAXVALUE
    CACHE 1
);


--
-- Name: django_admin_log; Type: TABLE; Schema: public; Owner: projectuser
--

CREATE TABLE public.django_admin_log (
    id integer NOT NULL,
    action_time timestamp with time zone NOT NULL,
    object_id text,
    object_repr character varying(200) NOT NULL,
    action_flag smallint NOT NULL,
    change_message text NOT NULL,
    content_type_id integer,
    user_id integer NOT NULL,
    CONSTRAINT django_admin_log_action_flag_check CHECK ((action_flag >= 0))
);


ALTER TABLE public.django_admin_log OWNER TO projectuser;

--
-- Name: django_admin_log_id_seq; Type: SEQUENCE; Schema: public; Owner: projectuser
--

ALTER TABLE public.django_admin_log ALTER COLUMN id ADD GENERATED BY DEFAULT AS IDENTITY (
    SEQUENCE NAME public.django_admin_log_id_seq
    START WITH 1
    INCREMENT BY 1
    NO MINVALUE
    NO MAXVALUE
    CACHE 1
);


--
-- Name: django_content_type; Type: TABLE; Schema: public; Owner: projectuser
--

CREATE TABLE public.django_content_type (
    id integer NOT NULL,
    app_label character varying(100) NOT NULL,
    model character varying(100) NOT NULL
);


ALTER TABLE public.django_content_type OWNER TO projectuser;

--
-- Name: django_content_type_id_seq; Type: SEQUENCE; Schema: public; Owner: projectuser
--

ALTER TABLE public.django_content_type ALTER COLUMN id ADD GENERATED BY DEFAULT AS IDENTITY (
    SEQUENCE NAME public.django_content_type_id_seq
    START WITH 1
    INCREMENT BY 1
    NO MINVALUE
    NO MAXVALUE
    CACHE 1
);


--
-- Name: django_migrations; Type: TABLE; Schema: public; Owner: projectuser
--

CREATE TABLE public.django_migrations (
    id bigint NOT NULL,
    app character varying(255) NOT NULL,
    name character varying(255) NOT NULL,
    applied timestamp with time zone NOT NULL
);


ALTER TABLE public.django_migrations OWNER TO projectuser;

--
-- Name: django_migrations_id_seq; Type: SEQUENCE; Schema: public; Owner: projectuser
--

ALTER TABLE public.django_migrations ALTER COLUMN id ADD GENERATED BY DEFAULT AS IDENTITY (
    SEQUENCE NAME public.django_migrations_id_seq
    START WITH 1
    INCREMENT BY 1
    NO MINVALUE
    NO MAXVALUE
    CACHE 1
);


--
-- Name: django_session; Type: TABLE; Schema: public; Owner: projectuser
--

CREATE TABLE public.django_session (
    session_key character varying(40) NOT NULL,
    session_data text NOT NULL,
    expire_date timestamp with time zone NOT NULL
);


ALTER TABLE public.django_session OWNER TO projectuser;

--
-- Name: encyklopedia_bractwo; Type: TABLE; Schema: public; Owner: projectuser
--

CREATE TABLE public.encyklopedia_bractwo (
    id bigint NOT NULL,
    nazwa character varying(255) NOT NULL,
    panstwo_id bigint,
    rok_zalozenia integer NOT NULL,
    wiek_tradycje integer NOT NULL,
    grupa_bractw_id bigint
);


ALTER TABLE public.encyklopedia_bractwo OWNER TO projectuser;

--
-- Name: encyklopedia_bractwo_id_seq; Type: SEQUENCE; Schema: public; Owner: projectuser
--

ALTER TABLE public.encyklopedia_bractwo ALTER COLUMN id ADD GENERATED BY DEFAULT AS IDENTITY (
    SEQUENCE NAME public.encyklopedia_bractwo_id_seq
    START WITH 1
    INCREMENT BY 1
    NO MINVALUE
    NO MAXVALUE
    CACHE 1
);


--
-- Name: encyklopedia_bractwo_zalozyciele; Type: TABLE; Schema: public; Owner: projectuser
--

CREATE TABLE public.encyklopedia_bractwo_zalozyciele (
    id bigint NOT NULL,
    bractwo_id bigint NOT NULL,
    osoba_id bigint NOT NULL
);


ALTER TABLE public.encyklopedia_bractwo_zalozyciele OWNER TO projectuser;

--
-- Name: encyklopedia_bractwo_zalozyciele_id_seq; Type: SEQUENCE; Schema: public; Owner: projectuser
--

ALTER TABLE public.encyklopedia_bractwo_zalozyciele ALTER COLUMN id ADD GENERATED BY DEFAULT AS IDENTITY (
    SEQUENCE NAME public.encyklopedia_bractwo_zalozyciele_id_seq
    START WITH 1
    INCREMENT BY 1
    NO MINVALUE
    NO MAXVALUE
    CACHE 1
);


--
-- Name: encyklopedia_grupabractw; Type: TABLE; Schema: public; Owner: projectuser
--

CREATE TABLE public.encyklopedia_grupabractw (
    id bigint NOT NULL,
    nazwa character varying(40) NOT NULL,
    opis text NOT NULL,
    rodzaj_czapki_id bigint
);


ALTER TABLE public.encyklopedia_grupabractw OWNER TO projectuser;

--
-- Name: encyklopedia_grupabractw_id_seq; Type: SEQUENCE; Schema: public; Owner: projectuser
--

ALTER TABLE public.encyklopedia_grupabractw ALTER COLUMN id ADD GENERATED BY DEFAULT AS IDENTITY (
    SEQUENCE NAME public.encyklopedia_grupabractw_id_seq
    START WITH 1
    INCREMENT BY 1
    NO MINVALUE
    NO MAXVALUE
    CACHE 1
);


--
-- Name: encyklopedia_grupabractw_kraje; Type: TABLE; Schema: public; Owner: projectuser
--

CREATE TABLE public.encyklopedia_grupabractw_kraje (
    id bigint NOT NULL,
    grupabractw_id bigint NOT NULL,
    kraj_id bigint NOT NULL
);


ALTER TABLE public.encyklopedia_grupabractw_kraje OWNER TO projectuser;

--
-- Name: encyklopedia_grupabractw_kraje_id_seq; Type: SEQUENCE; Schema: public; Owner: projectuser
--

ALTER TABLE public.encyklopedia_grupabractw_kraje ALTER COLUMN id ADD GENERATED BY DEFAULT AS IDENTITY (
    SEQUENCE NAME public.encyklopedia_grupabractw_kraje_id_seq
    START WITH 1
    INCREMENT BY 1
    NO MINVALUE
    NO MAXVALUE
    CACHE 1
);


--
-- Name: encyklopedia_pojecie; Type: TABLE; Schema: public; Owner: projectuser
--

CREATE TABLE public.encyklopedia_pojecie (
    id bigint NOT NULL,
    nazwa character varying(100) NOT NULL,
    opis text NOT NULL,
    origins character varying NOT NULL,
    wydarzenie_id bigint,
    autor_id bigint
);


ALTER TABLE public.encyklopedia_pojecie OWNER TO projectuser;

--
-- Name: encyklopedia_pojecie_id_seq; Type: SEQUENCE; Schema: public; Owner: projectuser
--

ALTER TABLE public.encyklopedia_pojecie ALTER COLUMN id ADD GENERATED BY DEFAULT AS IDENTITY (
    SEQUENCE NAME public.encyklopedia_pojecie_id_seq
    START WITH 1
    INCREMENT BY 1
    NO MINVALUE
    NO MAXVALUE
    CACHE 1
);


--
-- Name: encyklopedia_powiedzenie; Type: TABLE; Schema: public; Owner: projectuser
--

CREATE TABLE public.encyklopedia_powiedzenie (
    id bigint NOT NULL,
    tekst text NOT NULL,
    kontekst text NOT NULL,
    autor_id bigint
);


ALTER TABLE public.encyklopedia_powiedzenie OWNER TO projectuser;

--
-- Name: encyklopedia_powiedzenie_adresaci; Type: TABLE; Schema: public; Owner: projectuser
--

CREATE TABLE public.encyklopedia_powiedzenie_adresaci (
    id bigint NOT NULL,
    powiedzenie_id bigint NOT NULL,
    osoba_id bigint NOT NULL
);


ALTER TABLE public.encyklopedia_powiedzenie_adresaci OWNER TO projectuser;

--
-- Name: encyklopedia_powiedzenie_adresaci_id_seq; Type: SEQUENCE; Schema: public; Owner: projectuser
--

ALTER TABLE public.encyklopedia_powiedzenie_adresaci ALTER COLUMN id ADD GENERATED BY DEFAULT AS IDENTITY (
    SEQUENCE NAME public.encyklopedia_powiedzenie_adresaci_id_seq
    START WITH 1
    INCREMENT BY 1
    NO MINVALUE
    NO MAXVALUE
    CACHE 1
);


--
-- Name: encyklopedia_powiedzenie_id_seq; Type: SEQUENCE; Schema: public; Owner: projectuser
--

ALTER TABLE public.encyklopedia_powiedzenie ALTER COLUMN id ADD GENERATED BY DEFAULT AS IDENTITY (
    SEQUENCE NAME public.encyklopedia_powiedzenie_id_seq
    START WITH 1
    INCREMENT BY 1
    NO MINVALUE
    NO MAXVALUE
    CACHE 1
);


--
-- Name: encyklopedia_tradycjabcs; Type: TABLE; Schema: public; Owner: projectuser
--

CREATE TABLE public.encyklopedia_tradycjabcs (
    id bigint NOT NULL,
    nazwa character varying(100) NOT NULL,
    okolicznosci_powstania character varying(3) NOT NULL,
    inne character varying(255) NOT NULL,
    opis text NOT NULL,
    autor_czlonek_id bigint,
    wydarzenie_id bigint,
    od_kogo_id bigint,
    autor_id bigint,
    zapozyczona_czy_autorska character varying NOT NULL
);


ALTER TABLE public.encyklopedia_tradycjabcs OWNER TO projectuser;

--
-- Name: encyklopedia_tradycjabcs_id_seq; Type: SEQUENCE; Schema: public; Owner: projectuser
--

ALTER TABLE public.encyklopedia_tradycjabcs ALTER COLUMN id ADD GENERATED BY DEFAULT AS IDENTITY (
    SEQUENCE NAME public.encyklopedia_tradycjabcs_id_seq
    START WITH 1
    INCREMENT BY 1
    NO MINVALUE
    NO MAXVALUE
    CACHE 1
);


--
-- Name: encyklopedia_tradycjainnegobractwa; Type: TABLE; Schema: public; Owner: projectuser
--

CREATE TABLE public.encyklopedia_tradycjainnegobractwa (
    id bigint NOT NULL,
    nazwa character varying(100) NOT NULL,
    opis text NOT NULL,
    bractwo_id bigint,
    od_kogo_id bigint,
    zapozyczona boolean NOT NULL
);


ALTER TABLE public.encyklopedia_tradycjainnegobractwa OWNER TO projectuser;

--
-- Name: encyklopedia_tradycjainnegobractwa_id_seq; Type: SEQUENCE; Schema: public; Owner: projectuser
--

ALTER TABLE public.encyklopedia_tradycjainnegobractwa ALTER COLUMN id ADD GENERATED BY DEFAULT AS IDENTITY (
    SEQUENCE NAME public.encyklopedia_tradycjainnegobractwa_id_seq
    START WITH 1
    INCREMENT BY 1
    NO MINVALUE
    NO MAXVALUE
    CACHE 1
);


--
-- Name: encyklopedia_zrodlo; Type: TABLE; Schema: public; Owner: projectuser
--

CREATE TABLE public.encyklopedia_zrodlo (
    id bigint NOT NULL,
    nazwa character varying(255) NOT NULL,
    link character varying(200) NOT NULL,
    gdzie_znalezc text NOT NULL,
    zawartosc text NOT NULL
);


ALTER TABLE public.encyklopedia_zrodlo OWNER TO projectuser;

--
-- Name: encyklopedia_zrodlo_autorzy; Type: TABLE; Schema: public; Owner: projectuser
--

CREATE TABLE public.encyklopedia_zrodlo_autorzy (
    id bigint NOT NULL,
    zrodlo_id bigint NOT NULL,
    osoba_id bigint NOT NULL
);


ALTER TABLE public.encyklopedia_zrodlo_autorzy OWNER TO projectuser;

--
-- Name: encyklopedia_zrodlo_autorzy_id_seq; Type: SEQUENCE; Schema: public; Owner: projectuser
--

ALTER TABLE public.encyklopedia_zrodlo_autorzy ALTER COLUMN id ADD GENERATED BY DEFAULT AS IDENTITY (
    SEQUENCE NAME public.encyklopedia_zrodlo_autorzy_id_seq
    START WITH 1
    INCREMENT BY 1
    NO MINVALUE
    NO MAXVALUE
    CACHE 1
);


--
-- Name: encyklopedia_zrodlo_id_seq; Type: SEQUENCE; Schema: public; Owner: projectuser
--

ALTER TABLE public.encyklopedia_zrodlo ALTER COLUMN id ADD GENERATED BY DEFAULT AS IDENTITY (
    SEQUENCE NAME public.encyklopedia_zrodlo_id_seq
    START WITH 1
    INCREMENT BY 1
    NO MINVALUE
    NO MAXVALUE
    CACHE 1
);


--
-- Name: encyklopedia_zwyczaj; Type: TABLE; Schema: public; Owner: projectuser
--

CREATE TABLE public.encyklopedia_zwyczaj (
    id bigint NOT NULL,
    nazwa character varying(100) NOT NULL,
    data_powstania date NOT NULL,
    opis text NOT NULL,
    autor_id bigint
);


ALTER TABLE public.encyklopedia_zwyczaj OWNER TO projectuser;

--
-- Name: encyklopedia_zwyczaj_id_seq; Type: SEQUENCE; Schema: public; Owner: projectuser
--

ALTER TABLE public.encyklopedia_zwyczaj ALTER COLUMN id ADD GENERATED BY DEFAULT AS IDENTITY (
    SEQUENCE NAME public.encyklopedia_zwyczaj_id_seq
    START WITH 1
    INCREMENT BY 1
    NO MINVALUE
    NO MAXVALUE
    CACHE 1
);


--
-- Name: kronika_charakterystykadzialanzarzadu; Type: TABLE; Schema: public; Owner: projectuser
--

CREATE TABLE public.kronika_charakterystykadzialanzarzadu (
    id bigint NOT NULL,
    charakterystyka text NOT NULL,
    autor_id bigint,
    dawny_zarzad_id bigint,
    zarzad_id bigint
);


ALTER TABLE public.kronika_charakterystykadzialanzarzadu OWNER TO projectuser;

--
-- Name: kronika_charakterystykadzialanzarzadu_id_seq; Type: SEQUENCE; Schema: public; Owner: projectuser
--

ALTER TABLE public.kronika_charakterystykadzialanzarzadu ALTER COLUMN id ADD GENERATED BY DEFAULT AS IDENTITY (
    SEQUENCE NAME public.kronika_charakterystykadzialanzarzadu_id_seq
    START WITH 1
    INCREMENT BY 1
    NO MINVALUE
    NO MAXVALUE
    CACHE 1
);


--
-- Name: kronika_obrazwydarzenie; Type: TABLE; Schema: public; Owner: projectuser
--

CREATE TABLE public.kronika_obrazwydarzenie (
    id bigint NOT NULL,
    tytul character varying(100) NOT NULL,
    obraz character varying(100) NOT NULL,
    opis text NOT NULL,
    wydarzenie_id bigint
);


ALTER TABLE public.kronika_obrazwydarzenie OWNER TO projectuser;

--
-- Name: kronika_obrazwydarzenie_id_seq; Type: SEQUENCE; Schema: public; Owner: projectuser
--

ALTER TABLE public.kronika_obrazwydarzenie ALTER COLUMN id ADD GENERATED BY DEFAULT AS IDENTITY (
    SEQUENCE NAME public.kronika_obrazwydarzenie_id_seq
    START WITH 1
    INCREMENT BY 1
    NO MINVALUE
    NO MAXVALUE
    CACHE 1
);


--
-- Name: kronika_obrazwydarzenie_widoczne_osoby; Type: TABLE; Schema: public; Owner: projectuser
--

CREATE TABLE public.kronika_obrazwydarzenie_widoczne_osoby (
    id bigint NOT NULL,
    obrazwydarzenie_id bigint NOT NULL,
    osoba_id bigint NOT NULL
);


ALTER TABLE public.kronika_obrazwydarzenie_widoczne_osoby OWNER TO projectuser;

--
-- Name: kronika_obrazwydarzenie_widoczne_osoby_id_seq; Type: SEQUENCE; Schema: public; Owner: projectuser
--

ALTER TABLE public.kronika_obrazwydarzenie_widoczne_osoby ALTER COLUMN id ADD GENERATED BY DEFAULT AS IDENTITY (
    SEQUENCE NAME public.kronika_obrazwydarzenie_widoczne_osoby_id_seq
    START WITH 1
    INCREMENT BY 1
    NO MINVALUE
    NO MAXVALUE
    CACHE 1
);


--
-- Name: kronika_obrazzdarzenie; Type: TABLE; Schema: public; Owner: projectuser
--

CREATE TABLE public.kronika_obrazzdarzenie (
    id bigint NOT NULL,
    tytul character varying(100) NOT NULL,
    data date NOT NULL,
    obraz character varying(100) NOT NULL,
    opis text NOT NULL,
    miejsce_id bigint,
    zdarzenie_id bigint
);


ALTER TABLE public.kronika_obrazzdarzenie OWNER TO projectuser;

--
-- Name: kronika_obrazzdarzenie_id_seq; Type: SEQUENCE; Schema: public; Owner: projectuser
--

ALTER TABLE public.kronika_obrazzdarzenie ALTER COLUMN id ADD GENERATED BY DEFAULT AS IDENTITY (
    SEQUENCE NAME public.kronika_obrazzdarzenie_id_seq
    START WITH 1
    INCREMENT BY 1
    NO MINVALUE
    NO MAXVALUE
    CACHE 1
);


--
-- Name: kronika_obrazzdarzenie_widoczne_osoby; Type: TABLE; Schema: public; Owner: projectuser
--

CREATE TABLE public.kronika_obrazzdarzenie_widoczne_osoby (
    id bigint NOT NULL,
    obrazzdarzenie_id bigint NOT NULL,
    osoba_id bigint NOT NULL
);


ALTER TABLE public.kronika_obrazzdarzenie_widoczne_osoby OWNER TO projectuser;

--
-- Name: kronika_obrazzdarzenie_widoczne_osoby_id_seq; Type: SEQUENCE; Schema: public; Owner: projectuser
--

ALTER TABLE public.kronika_obrazzdarzenie_widoczne_osoby ALTER COLUMN id ADD GENERATED BY DEFAULT AS IDENTITY (
    SEQUENCE NAME public.kronika_obrazzdarzenie_widoczne_osoby_id_seq
    START WITH 1
    INCREMENT BY 1
    NO MINVALUE
    NO MAXVALUE
    CACHE 1
);


--
-- Name: kronika_proces; Type: TABLE; Schema: public; Owner: projectuser
--

CREATE TABLE public.kronika_proces (
    id bigint NOT NULL,
    nazwa character varying(255) NOT NULL,
    data_rozpoczecia date NOT NULL,
    data_zakonczenia date NOT NULL,
    opis text NOT NULL
);


ALTER TABLE public.kronika_proces OWNER TO projectuser;

--
-- Name: kronika_proces_id_seq; Type: SEQUENCE; Schema: public; Owner: projectuser
--

ALTER TABLE public.kronika_proces ALTER COLUMN id ADD GENERATED BY DEFAULT AS IDENTITY (
    SEQUENCE NAME public.kronika_proces_id_seq
    START WITH 1
    INCREMENT BY 1
    NO MINVALUE
    NO MAXVALUE
    CACHE 1
);


--
-- Name: kronika_proces_zdarzenia; Type: TABLE; Schema: public; Owner: projectuser
--

CREATE TABLE public.kronika_proces_zdarzenia (
    id bigint NOT NULL,
    proces_id bigint NOT NULL,
    zdarzenie_id bigint NOT NULL
);


ALTER TABLE public.kronika_proces_zdarzenia OWNER TO projectuser;

--
-- Name: kronika_proces_zdarzenia_id_seq; Type: SEQUENCE; Schema: public; Owner: projectuser
--

ALTER TABLE public.kronika_proces_zdarzenia ALTER COLUMN id ADD GENERATED BY DEFAULT AS IDENTITY (
    SEQUENCE NAME public.kronika_proces_zdarzenia_id_seq
    START WITH 1
    INCREMENT BY 1
    NO MINVALUE
    NO MAXVALUE
    CACHE 1
);


--
-- Name: kronika_typwydarzenia; Type: TABLE; Schema: public; Owner: projectuser
--

CREATE TABLE public.kronika_typwydarzenia (
    id bigint NOT NULL,
    typ character varying(100) NOT NULL
);


ALTER TABLE public.kronika_typwydarzenia OWNER TO projectuser;

--
-- Name: kronika_typwydarzenia_id_seq; Type: SEQUENCE; Schema: public; Owner: projectuser
--

ALTER TABLE public.kronika_typwydarzenia ALTER COLUMN id ADD GENERATED BY DEFAULT AS IDENTITY (
    SEQUENCE NAME public.kronika_typwydarzenia_id_seq
    START WITH 1
    INCREMENT BY 1
    NO MINVALUE
    NO MAXVALUE
    CACHE 1
);


--
-- Name: kronika_typwyjazdu; Type: TABLE; Schema: public; Owner: projectuser
--

CREATE TABLE public.kronika_typwyjazdu (
    id bigint NOT NULL,
    typ character varying(100) NOT NULL
);


ALTER TABLE public.kronika_typwyjazdu OWNER TO projectuser;

--
-- Name: kronika_typwyjazdu_id_seq; Type: SEQUENCE; Schema: public; Owner: projectuser
--

ALTER TABLE public.kronika_typwyjazdu ALTER COLUMN id ADD GENERATED BY DEFAULT AS IDENTITY (
    SEQUENCE NAME public.kronika_typwyjazdu_id_seq
    START WITH 1
    INCREMENT BY 1
    NO MINVALUE
    NO MAXVALUE
    CACHE 1
);


--
-- Name: kronika_wydarzenie; Type: TABLE; Schema: public; Owner: projectuser
--

CREATE TABLE public.kronika_wydarzenie (
    id bigint NOT NULL,
    nazwa character varying(255) NOT NULL,
    opis text NOT NULL,
    czy_to_wyjazd character varying(1) NOT NULL,
    data_rozpoczecia date NOT NULL,
    data_zakonczenia date NOT NULL,
    link character varying(200) NOT NULL,
    typ_wydarzenia_id bigint,
    typ_wyjazdu_id bigint
);


ALTER TABLE public.kronika_wydarzenie OWNER TO projectuser;

--
-- Name: kronika_wydarzenie_id_seq; Type: SEQUENCE; Schema: public; Owner: projectuser
--

ALTER TABLE public.kronika_wydarzenie ALTER COLUMN id ADD GENERATED BY DEFAULT AS IDENTITY (
    SEQUENCE NAME public.kronika_wydarzenie_id_seq
    START WITH 1
    INCREMENT BY 1
    NO MINVALUE
    NO MAXVALUE
    CACHE 1
);


--
-- Name: kronika_wydarzenie_miejsca; Type: TABLE; Schema: public; Owner: projectuser
--

CREATE TABLE public.kronika_wydarzenie_miejsca (
    id bigint NOT NULL,
    wydarzenie_id bigint NOT NULL,
    miejsce_id bigint NOT NULL
);


ALTER TABLE public.kronika_wydarzenie_miejsca OWNER TO projectuser;

--
-- Name: kronika_wydarzenie_miejsca_id_seq; Type: SEQUENCE; Schema: public; Owner: projectuser
--

ALTER TABLE public.kronika_wydarzenie_miejsca ALTER COLUMN id ADD GENERATED BY DEFAULT AS IDENTITY (
    SEQUENCE NAME public.kronika_wydarzenie_miejsca_id_seq
    START WITH 1
    INCREMENT BY 1
    NO MINVALUE
    NO MAXVALUE
    CACHE 1
);


--
-- Name: kronika_wydarzenie_uczestnicy; Type: TABLE; Schema: public; Owner: projectuser
--

CREATE TABLE public.kronika_wydarzenie_uczestnicy (
    id bigint NOT NULL,
    wydarzenie_id bigint NOT NULL,
    osoba_id bigint NOT NULL
);


ALTER TABLE public.kronika_wydarzenie_uczestnicy OWNER TO projectuser;

--
-- Name: kronika_wydarzenie_uczestnicy_id_seq; Type: SEQUENCE; Schema: public; Owner: projectuser
--

ALTER TABLE public.kronika_wydarzenie_uczestnicy ALTER COLUMN id ADD GENERATED BY DEFAULT AS IDENTITY (
    SEQUENCE NAME public.kronika_wydarzenie_uczestnicy_id_seq
    START WITH 1
    INCREMENT BY 1
    NO MINVALUE
    NO MAXVALUE
    CACHE 1
);


--
-- Name: kronika_wyjazd_obrazy; Type: TABLE; Schema: public; Owner: projectuser
--

CREATE TABLE public.kronika_wyjazd_obrazy (
    id bigint NOT NULL,
    wyjazd_id bigint NOT NULL,
    obrazwyjazd_id bigint NOT NULL
);


ALTER TABLE public.kronika_wyjazd_obrazy OWNER TO projectuser;

--
-- Name: kronika_wyjazd_obrazy_id_seq; Type: SEQUENCE; Schema: public; Owner: projectuser
--

ALTER TABLE public.kronika_wyjazd_obrazy ALTER COLUMN id ADD GENERATED BY DEFAULT AS IDENTITY (
    SEQUENCE NAME public.kronika_wyjazd_obrazy_id_seq
    START WITH 1
    INCREMENT BY 1
    NO MINVALUE
    NO MAXVALUE
    CACHE 1
);


--
-- Name: kronika_zdarzenie; Type: TABLE; Schema: public; Owner: projectuser
--

CREATE TABLE public.kronika_zdarzenie (
    id bigint NOT NULL,
    nazwa character varying(255) NOT NULL,
    data date NOT NULL,
    opis text NOT NULL,
    miejsce_id bigint,
    wydarzenie_id bigint,
    godzina time without time zone
);


ALTER TABLE public.kronika_zdarzenie OWNER TO projectuser;

--
-- Name: kronika_zdarzenie_id_seq; Type: SEQUENCE; Schema: public; Owner: projectuser
--

ALTER TABLE public.kronika_zdarzenie ALTER COLUMN id ADD GENERATED BY DEFAULT AS IDENTITY (
    SEQUENCE NAME public.kronika_zdarzenie_id_seq
    START WITH 1
    INCREMENT BY 1
    NO MINVALUE
    NO MAXVALUE
    CACHE 1
);


--
-- Name: kronika_zdarzenie_powiazane_osoby; Type: TABLE; Schema: public; Owner: projectuser
--

CREATE TABLE public.kronika_zdarzenie_powiazane_osoby (
    id bigint NOT NULL,
    zdarzenie_id bigint NOT NULL,
    osoba_id bigint NOT NULL
);


ALTER TABLE public.kronika_zdarzenie_powiazane_osoby OWNER TO projectuser;

--
-- Name: kronika_zdarzenie_powiazane_osoby_id_seq; Type: SEQUENCE; Schema: public; Owner: projectuser
--

ALTER TABLE public.kronika_zdarzenie_powiazane_osoby ALTER COLUMN id ADD GENERATED BY DEFAULT AS IDENTITY (
    SEQUENCE NAME public.kronika_zdarzenie_powiazane_osoby_id_seq
    START WITH 1
    INCREMENT BY 1
    NO MINVALUE
    NO MAXVALUE
    CACHE 1
);


--
-- Name: miejsca_kraj; Type: TABLE; Schema: public; Owner: projectuser
--

CREATE TABLE public.miejsca_kraj (
    id bigint NOT NULL,
    kraj character varying(100) NOT NULL
);


ALTER TABLE public.miejsca_kraj OWNER TO projectuser;

--
-- Name: miejsca_kraj_id_seq; Type: SEQUENCE; Schema: public; Owner: projectuser
--

ALTER TABLE public.miejsca_kraj ALTER COLUMN id ADD GENERATED BY DEFAULT AS IDENTITY (
    SEQUENCE NAME public.miejsca_kraj_id_seq
    START WITH 1
    INCREMENT BY 1
    NO MINVALUE
    NO MAXVALUE
    CACHE 1
);


--
-- Name: miejsca_miejsce; Type: TABLE; Schema: public; Owner: projectuser
--

CREATE TABLE public.miejsca_miejsce (
    id bigint NOT NULL,
    nazwa character varying(255) NOT NULL,
    adres character varying(255) NOT NULL,
    typ_id bigint,
    zamkniete_na_stale boolean NOT NULL
);


ALTER TABLE public.miejsca_miejsce OWNER TO projectuser;

--
-- Name: miejsca_miejsce_id_seq; Type: SEQUENCE; Schema: public; Owner: projectuser
--

ALTER TABLE public.miejsca_miejsce ALTER COLUMN id ADD GENERATED BY DEFAULT AS IDENTITY (
    SEQUENCE NAME public.miejsca_miejsce_id_seq
    START WITH 1
    INCREMENT BY 1
    NO MINVALUE
    NO MAXVALUE
    CACHE 1
);


--
-- Name: miejsca_typmiejsca; Type: TABLE; Schema: public; Owner: projectuser
--

CREATE TABLE public.miejsca_typmiejsca (
    id bigint NOT NULL,
    nazwa character varying(100) NOT NULL
);


ALTER TABLE public.miejsca_typmiejsca OWNER TO projectuser;

--
-- Name: miejsca_typmiejsca_id_seq; Type: SEQUENCE; Schema: public; Owner: projectuser
--

ALTER TABLE public.miejsca_typmiejsca ALTER COLUMN id ADD GENERATED BY DEFAULT AS IDENTITY (
    SEQUENCE NAME public.miejsca_typmiejsca_id_seq
    START WITH 1
    INCREMENT BY 1
    NO MINVALUE
    NO MAXVALUE
    CACHE 1
);


--
-- Name: miejsca_uczelnia; Type: TABLE; Schema: public; Owner: projectuser
--

CREATE TABLE public.miejsca_uczelnia (
    id bigint NOT NULL,
    nazwa character varying(255) NOT NULL,
    akronim character varying(10) NOT NULL,
    kraj_id bigint
);


ALTER TABLE public.miejsca_uczelnia OWNER TO projectuser;

--
-- Name: miejsca_uczelnia_id_seq; Type: SEQUENCE; Schema: public; Owner: projectuser
--

ALTER TABLE public.miejsca_uczelnia ALTER COLUMN id ADD GENERATED BY DEFAULT AS IDENTITY (
    SEQUENCE NAME public.miejsca_uczelnia_id_seq
    START WITH 1
    INCREMENT BY 1
    NO MINVALUE
    NO MAXVALUE
    CACHE 1
);


--
-- Name: miejsca_wydzial; Type: TABLE; Schema: public; Owner: projectuser
--

CREATE TABLE public.miejsca_wydzial (
    id bigint NOT NULL,
    nazwa character varying(255) NOT NULL,
    skrot character varying(10) NOT NULL,
    uczelnia_id bigint
);


ALTER TABLE public.miejsca_wydzial OWNER TO projectuser;

--
-- Name: miejsca_wydzial_id_seq; Type: SEQUENCE; Schema: public; Owner: projectuser
--

ALTER TABLE public.miejsca_wydzial ALTER COLUMN id ADD GENERATED BY DEFAULT AS IDENTITY (
    SEQUENCE NAME public.miejsca_wydzial_id_seq
    START WITH 1
    INCREMENT BY 1
    NO MINVALUE
    NO MAXVALUE
    CACHE 1
);


--
-- Name: osoby_bean; Type: TABLE; Schema: public; Owner: projectuser
--

CREATE TABLE public.osoby_bean (
    osoba_ptr_id bigint NOT NULL,
    staz integer NOT NULL,
    pewnosc_stazu character varying NOT NULL,
    czapka_1_id bigint,
    czapka_2_id bigint,
    rodzic_1_id bigint,
    rodzic_2_id bigint
);


ALTER TABLE public.osoby_bean OWNER TO projectuser;

--
-- Name: osoby_czlonek; Type: TABLE; Schema: public; Owner: projectuser
--

CREATE TABLE public.osoby_czlonek (
    osoba_ptr_id bigint NOT NULL,
    staz integer NOT NULL,
    pewnosc_stazu character varying NOT NULL,
    aktywnosc character varying(1) NOT NULL,
    ochrzczony character varying(5) NOT NULL,
    rok_chrztu integer NOT NULL,
    miesiac_chrztu integer NOT NULL,
    dzien_chrztu integer NOT NULL,
    status character varying(5) NOT NULL,
    imie_piwne_1_wybor character varying(5) NOT NULL,
    imie_piwne_1 character varying(100) NOT NULL,
    imie_piwne_2_wybor character varying(5) NOT NULL,
    imie_piwne_2 character varying(100) NOT NULL,
    czapka_1_id bigint,
    czapka_2_id bigint,
    rodzic_1_id bigint,
    rodzic_2_id bigint
);


ALTER TABLE public.osoby_czlonek OWNER TO projectuser;

--
-- Name: osoby_innaosoba; Type: TABLE; Schema: public; Owner: projectuser
--

CREATE TABLE public.osoby_innaosoba (
    osoba_ptr_id bigint NOT NULL,
    opis text NOT NULL,
    kategoria character varying(10) NOT NULL,
    bractwo_do_ktorego_nalezy_id bigint
);


ALTER TABLE public.osoby_innaosoba OWNER TO projectuser;

--
-- Name: osoby_osoba; Type: TABLE; Schema: public; Owner: projectuser
--

CREATE TABLE public.osoby_osoba (
    id bigint NOT NULL,
    imie character varying(40) NOT NULL,
    nazwisko character varying(40) NOT NULL,
    przezwiska character varying(255)[] NOT NULL,
    polymorphic_ctype_id integer
);


ALTER TABLE public.osoby_osoba OWNER TO projectuser;

--
-- Name: osoby_osoba_id_seq; Type: SEQUENCE; Schema: public; Owner: projectuser
--

ALTER TABLE public.osoby_osoba ALTER COLUMN id ADD GENERATED BY DEFAULT AS IDENTITY (
    SEQUENCE NAME public.osoby_osoba_id_seq
    START WITH 188
    INCREMENT BY 1
    NO MINVALUE
    NO MAXVALUE
    CACHE 1
);


--
-- Data for Name: admin_interface_theme; Type: TABLE DATA; Schema: public; Owner: projectuser
--

COPY public.admin_interface_theme (id, name, active, title, title_visible, logo, logo_visible, css_header_background_color, title_color, css_header_text_color, css_header_link_color, css_header_link_hover_color, css_module_background_color, css_module_text_color, css_module_link_color, css_module_link_hover_color, css_module_rounded_corners, css_generic_link_color, css_generic_link_hover_color, css_save_button_background_color, css_save_button_background_hover_color, css_save_button_text_color, css_delete_button_background_color, css_delete_button_background_hover_color, css_delete_button_text_color, list_filter_dropdown, related_modal_active, related_modal_background_color, related_modal_rounded_corners, logo_color, recent_actions_visible, favicon, related_modal_background_opacity, env_name, env_visible_in_header, env_color, env_visible_in_favicon, related_modal_close_button_visible, language_chooser_active, language_chooser_display, list_filter_sticky, form_pagination_sticky, form_submit_sticky, css_module_background_selected_color, css_module_link_selected_color, logo_max_height, logo_max_width, foldable_apps, language_chooser_control, list_filter_highlight, list_filter_removal_links, show_fieldsets_as_tabs, show_inlines_as_tabs, css_generic_link_active_color, collapsible_stacked_inlines, collapsible_stacked_inlines_collapsed, collapsible_tabular_inlines, collapsible_tabular_inlines_collapsed) FROM stdin;
2	Django	t	Django administration	t		t	#417690	#F5DD5D	#6baecd	#FFFFFF	#C9F0DD	#44B78B	#FFFFFF	#FFFFFF	#C9F0DD	t	#0C3C26	#156641	#0C4B33	#0C3C26	#FFFFFF	#BA2121	#A41515	#FFFFFF	t	t	#000000	t	#FFFFFF	t		0.3		t	#E74C3C	t	t	t	code	t	f	f	#FFFFCC	#FFFFFF	100	400	t	default-select	t	f	f	f	#29B864	f	t	f	t
\.


--
-- Data for Name: auth_group; Type: TABLE DATA; Schema: public; Owner: projectuser
--

COPY public.auth_group (id, name) FROM stdin;
\.


--
-- Data for Name: auth_group_permissions; Type: TABLE DATA; Schema: public; Owner: projectuser
--

COPY public.auth_group_permissions (id, group_id, permission_id) FROM stdin;
\.


--
-- Data for Name: auth_permission; Type: TABLE DATA; Schema: public; Owner: projectuser
--

COPY public.auth_permission (id, name, content_type_id, codename) FROM stdin;
1	Can add log entry	1	add_logentry
2	Can change log entry	1	change_logentry
3	Can delete log entry	1	delete_logentry
4	Can view log entry	1	view_logentry
5	Can add permission	2	add_permission
6	Can change permission	2	change_permission
7	Can delete permission	2	delete_permission
8	Can view permission	2	view_permission
9	Can add group	3	add_group
10	Can change group	3	change_group
11	Can delete group	3	delete_group
12	Can view group	3	view_group
13	Can add user	4	add_user
14	Can change user	4	change_user
15	Can delete user	4	delete_user
16	Can view user	4	view_user
17	Can add content type	5	add_contenttype
18	Can change content type	5	change_contenttype
19	Can delete content type	5	delete_contenttype
20	Can view content type	5	view_contenttype
21	Can add session	6	add_session
22	Can change session	6	change_session
23	Can delete session	6	delete_session
24	Can view session	6	view_session
57	Can add Kadencja	14	add_kadencja
58	Can change Kadencja	14	change_kadencja
59	Can delete Kadencja	14	delete_kadencja
60	Can view Kadencja	14	view_kadencja
61	Can add Proces	15	add_proces
62	Can change Proces	15	change_proces
63	Can delete Proces	15	delete_proces
64	Can view Proces	15	view_proces
65	Can add Miejsce	16	add_miejsce
66	Can change Miejsce	16	change_miejsce
67	Can delete Miejsce	16	delete_miejsce
68	Can view Miejsce	16	view_miejsce
69	Can add Spotkanie czapkowe	17	add_spotkanieczapkowe
70	Can change Spotkanie czapkowe	17	change_spotkanieczapkowe
71	Can delete Spotkanie czapkowe	17	delete_spotkanieczapkowe
72	Can view Spotkanie czapkowe	17	view_spotkanieczapkowe
73	Can add wyjazd	18	add_wyjazd
74	Can change wyjazd	18	change_wyjazd
75	Can delete wyjazd	18	delete_wyjazd
76	Can view wyjazd	18	view_wyjazd
77	Can add Wydarzenie	19	add_wydarzenie
78	Can change Wydarzenie	19	change_wydarzenie
79	Can delete Wydarzenie	19	delete_wydarzenie
80	Can view Wydarzenie	19	view_wydarzenie
81	Can add Zdarzenie	20	add_zdarzenie
82	Can change Zdarzenie	20	change_zdarzenie
83	Can delete Zdarzenie	20	delete_zdarzenie
84	Can view Zdarzenie	20	view_zdarzenie
97	Can add Uczestnictwo	24	add_uczestnictwo
98	Can change Uczestnictwo	24	change_uczestnictwo
99	Can delete Uczestnictwo	24	delete_uczestnictwo
100	Can view Uczestnictwo	24	view_uczestnictwo
101	Can add Zdjęcie z wydarzenia	25	add_obrazwydarzenie
102	Can change Zdjęcie z wydarzenia	25	change_obrazwydarzenie
103	Can delete Zdjęcie z wydarzenia	25	delete_obrazwydarzenie
104	Can view Zdjęcie z wydarzenia	25	view_obrazwydarzenie
105	Can add Tradycja	26	add_tradycja
106	Can change Tradycja	26	change_tradycja
107	Can delete Tradycja	26	delete_tradycja
108	Can view Tradycja	26	view_tradycja
113	Can add Tradycja innego bractwa	28	add_tradycjainnegobractwa
114	Can change Tradycja innego bractwa	28	change_tradycjainnegobractwa
115	Can delete Tradycja innego bractwa	28	delete_tradycjainnegobractwa
116	Can view Tradycja innego bractwa	28	view_tradycjainnegobractwa
117	Can add Tradycja	29	add_tradycjabcs
118	Can change Tradycja	29	change_tradycjabcs
119	Can delete Tradycja	29	delete_tradycjabcs
120	Can view Tradycja	29	view_tradycjabcs
125	Can add Osoba	24	add_osoby
126	Can change Osoba	24	change_osoby
127	Can delete Osoba	24	delete_osoby
128	Can view Osoba	24	view_osoby
129	Can add bractwo	31	add_bractwo
130	Can change bractwo	31	change_bractwo
131	Can delete bractwo	31	delete_bractwo
132	Can view bractwo	31	view_bractwo
133	Can add lengths	32	add_lengths
134	Can change lengths	32	change_lengths
135	Can delete lengths	32	delete_lengths
136	Can view lengths	32	view_lengths
137	Can add Okazja	33	add_okazja
138	Can change Okazja	33	change_okazja
139	Can delete Okazja	33	delete_okazja
140	Can view Okazja	33	view_okazja
141	Can add Zdjęcie ze zdarzenia	34	add_obrazzdarzenie
142	Can change Zdjęcie ze zdarzenia	34	change_obrazzdarzenie
143	Can delete Zdjęcie ze zdarzenia	34	delete_obrazzdarzenie
144	Can view Zdjęcie ze zdarzenia	34	view_obrazzdarzenie
145	Can add Zdjęcie z wyjazdu	35	add_obrazwyjazd
146	Can change Zdjęcie z wyjazdu	35	change_obrazwyjazd
147	Can delete Zdjęcie z wyjazdu	35	delete_obrazwyjazd
148	Can view Zdjęcie z wyjazdu	35	view_obrazwyjazd
153	Can add Theme	37	add_theme
154	Can change Theme	37	change_theme
155	Can delete Theme	37	delete_theme
156	Can view Theme	37	view_theme
157	Can add Charakterystyka działań Zarządu	38	add_charakterystykadzialanzarzadu
158	Can change Charakterystyka działań Zarządu	38	change_charakterystykadzialanzarzadu
159	Can delete Charakterystyka działań Zarządu	38	delete_charakterystykadzialanzarzadu
160	Can view Charakterystyka działań Zarządu	38	view_charakterystykadzialanzarzadu
161	Can add Zwyczaj	39	add_zwyczaj
162	Can change Zwyczaj	39	change_zwyczaj
163	Can delete Zwyczaj	39	delete_zwyczaj
164	Can view Zwyczaj	39	view_zwyczaj
165	Can add Powiedzenie	40	add_powiedzenie
166	Can change Powiedzenie	40	change_powiedzenie
167	Can delete Powiedzenie	40	delete_powiedzenie
168	Can view Powiedzenie	40	view_powiedzenie
169	Can add Pojęcie	41	add_pojecie
170	Can change Pojęcie	41	change_pojecie
171	Can delete Pojęcie	41	delete_pojecie
172	Can view Pojęcie	41	view_pojecie
173	Can add Źródło	42	add_zrodlo
174	Can change Źródło	42	change_zrodlo
175	Can delete Źródło	42	delete_zrodlo
176	Can view Źródło	42	view_zrodlo
177	Can add Uczelnia	44	add_uczelnia
178	Can change Uczelnia	44	change_uczelnia
179	Can delete Uczelnia	44	delete_uczelnia
180	Can view Uczelnia	44	view_uczelnia
181	Can add Wydział	45	add_wydzial
182	Can change Wydział	45	change_wydzial
183	Can delete Wydział	45	delete_wydzial
184	Can view Wydział	45	view_wydzial
185	Can add Kraj	46	add_kraj
186	Can change Kraj	46	change_kraj
187	Can delete Kraj	46	delete_kraj
188	Can view Kraj	46	view_kraj
189	Can add Czapka	47	add_czapka
190	Can change Czapka	47	change_czapka
191	Can delete Czapka	47	delete_czapka
192	Can view Czapka	47	view_czapka
193	Can add Typ miejsca	49	add_typmiejsca
194	Can change Typ miejsca	49	change_typmiejsca
195	Can delete Typ miejsca	49	delete_typmiejsca
196	Can view Typ miejsca	49	view_typmiejsca
197	Can add Miejsce	48	add_miejsce
198	Can change Miejsce	48	change_miejsce
199	Can delete Miejsce	48	delete_miejsce
200	Can view Miejsce	48	view_miejsce
201	Can add Rodzaj czapki studenckiej	50	add_rodzajczapki
202	Can change Rodzaj czapki studenckiej	50	change_rodzajczapki
203	Can delete Rodzaj czapki studenckiej	50	delete_rodzajczapki
204	Can view Rodzaj czapki studenckiej	50	view_rodzajczapki
205	Can add Grupa bractw	51	add_grupabractw
206	Can change Grupa bractw	51	change_grupabractw
207	Can delete Grupa bractw	51	delete_grupabractw
208	Can view Grupa bractw	51	view_grupabractw
237	Can add Czapka	55	add_czapka
238	Can change Czapka	55	change_czapka
239	Can delete Czapka	55	delete_czapka
240	Can view Czapka	55	view_czapka
241	Can add Inna osoba	56	add_innaosoba
242	Can change Inna osoba	56	change_innaosoba
243	Can delete Inna osoba	56	delete_innaosoba
244	Can view Inna osoba	56	view_innaosoba
245	Can add Osoba	57	add_osoby
246	Can change Osoba	57	change_osoby
247	Can delete Osoba	57	delete_osoby
248	Can view Osoba	57	view_osoby
249	Can add Wielki Mistrz	58	add_wielkimistrz
250	Can change Wielki Mistrz	58	change_wielkimistrz
251	Can delete Wielki Mistrz	58	delete_wielkimistrz
252	Can view Wielki Mistrz	58	view_wielkimistrz
253	Can add Zarząd	59	add_zarzad
254	Can change Zarząd	59	change_zarzad
255	Can delete Zarząd	59	delete_zarzad
256	Can view Zarząd	59	view_zarzad
257	Can add Członek	60	add_czlonek
258	Can change Członek	60	change_czlonek
259	Can delete Członek	60	delete_czlonek
260	Can view Członek	60	view_czlonek
261	Can add Bean	61	add_bean
262	Can change Bean	61	change_bean
263	Can delete Bean	61	delete_bean
264	Can view Bean	61	view_bean
265	Can add Dawny Zarząd	62	add_dawnyzarzad
266	Can change Dawny Zarząd	62	change_dawnyzarzad
267	Can delete Dawny Zarząd	62	delete_dawnyzarzad
268	Can view Dawny Zarząd	62	view_dawnyzarzad
269	Can add Hall of Fame	63	add_halloffame
270	Can change Hall of Fame	63	change_halloffame
271	Can delete Hall of Fame	63	delete_halloffame
272	Can view Hall of Fame	63	view_halloffame
273	Can add Imię szlacheckie	64	add_imieszlacheckie
274	Can change Imię szlacheckie	64	change_imieszlacheckie
275	Can delete Imię szlacheckie	64	delete_imieszlacheckie
276	Can view Imię szlacheckie	64	view_imieszlacheckie
277	Can add Zwierzę czapkowe	65	add_zwierzeczapkowe
278	Can change Zwierzę czapkowe	65	change_zwierzeczapkowe
279	Can delete Zwierzę czapkowe	65	delete_zwierzeczapkowe
280	Can view Zwierzę czapkowe	65	view_zwierzeczapkowe
281	Can add Członek	66	add_oldczlonek
282	Can change Członek	66	change_oldczlonek
283	Can delete Członek	66	delete_oldczlonek
284	Can view Członek	66	view_oldczlonek
285	Can add Bean	67	add_oldbean
286	Can change Bean	67	change_oldbean
287	Can delete Bean	67	delete_oldbean
288	Can view Bean	67	view_oldbean
289	Can add Inna osoba	68	add_innaoldosoba
290	Can change Inna osoba	68	change_innaoldosoba
291	Can delete Inna osoba	68	delete_innaoldosoba
292	Can view Inna osoba	68	view_innaoldosoba
293	Can add osoba	69	add_osoba
294	Can change osoba	69	change_osoba
295	Can delete osoba	69	delete_osoba
296	Can view osoba	69	view_osoba
297	Can add Typ wydarzenia	70	add_typwydarzenia
298	Can change Typ wydarzenia	70	change_typwydarzenia
299	Can delete Typ wydarzenia	70	delete_typwydarzenia
300	Can view Typ wydarzenia	70	view_typwydarzenia
301	Can add Typ wyjazdu	71	add_typwyjazdu
302	Can change Typ wyjazdu	71	change_typwyjazdu
303	Can delete Typ wyjazdu	71	delete_typwyjazdu
304	Can view Typ wyjazdu	71	view_typwyjazdu
\.


--
-- Data for Name: auth_user; Type: TABLE DATA; Schema: public; Owner: projectuser
--

COPY public.auth_user (id, password, last_login, is_superuser, username, first_name, last_name, email, is_staff, is_active, date_joined) FROM stdin;
1	pbkdf2_sha256$1000000$bdAQ18OKZo45dFlh7hAEwE$005aAXs804ZC9vS8SKlivntIyi/ohNzgoCxhiPb1cdI=	2025-07-16 16:32:10.778583+02	t	szymon				t	t	2025-04-24 10:18:46.707558+02
\.


--
-- Data for Name: auth_user_groups; Type: TABLE DATA; Schema: public; Owner: projectuser
--

COPY public.auth_user_groups (id, user_id, group_id) FROM stdin;
\.


--
-- Data for Name: auth_user_user_permissions; Type: TABLE DATA; Schema: public; Owner: projectuser
--

COPY public.auth_user_user_permissions (id, user_id, permission_id) FROM stdin;
\.


--
-- Data for Name: core_kadencja; Type: TABLE DATA; Schema: public; Owner: projectuser
--

COPY public.core_kadencja (id, rozpoczecie, zakonczenie) FROM stdin;
3	2009	2010
4	2010	2011
5	2011	2012
6	2012	2013
7	2013	2014
8	2014	2015
9	2015	2016
10	2016	2017
11	2017	2018
12	2018	2019
13	2019	2020
14	2020	2021
15	2021	2022
16	2022	2023
17	2024	2025
2	2023	2024
\.


--
-- Data for Name: czapki_czapka; Type: TABLE DATA; Schema: public; Owner: projectuser
--

COPY public.czapki_czapka (id, kolor, wydzial_id, inny_powod) FROM stdin;
1	bordowa	3	
2	czarna	1	
3	brązowa	15	
4	ecrú	18	
5	fioletowa	10	
6	granatowa	8	
7	karminowa	17	
8	fioletowa z niebieskim otokiem	14	
9	granatowa z niebieskim otokiem	9	
10	granatowa z niebieskim otokiem	9	
11	pomarańczowy	\N	Honorowa
12	srebrna	13	
13	szmaragdowa	19	
14	szmaragdowa	19	
15	niebieska	7	
16	bordowa z zielonym otokiem	5	
17	fioletowa z zielonym otokiem	20	
18	żółta	11	
19	żółta	11	
20	czarna z zielonym otokiem	26	
21	czarna z niebieskim otokiem	27	
22	czarna z niebieskim otokiem	27	
23	granatowa	28	
24	granatowa z czerwonym otokiem	29	
25	granatowa z czarnym otokiem	30	
26	biała z amarantowym otokiem	32	
27	granatowa z napisem "UNIWERSYTET ŚLĄSKI"	34	
28	szmaragdowa	36	
29	Nie wiem	23	
30	Nie dotyczy	24	
31	niebieska	22	
32	niebieska	22	
33	bordowa z granatowym otokiem	4	
34	zielona	16	
35	srebrna z granatowym otokiem	21	
36	zielona z bordowym otokiem	37	
\.


--
-- Data for Name: czapki_rodzajczapki; Type: TABLE DATA; Schema: public; Owner: projectuser
--

COPY public.czapki_rodzajczapki (id, nazwa, powod_koloru) FROM stdin;
1	Calotte	
2	Czapka	Od wydziału lub uczelni
3	Faluch	
4	Feluca	Od kierunku studiów
\.


--
-- Data for Name: czapki_rodzajczapki_kraje; Type: TABLE DATA; Schema: public; Owner: projectuser
--

COPY public.czapki_rodzajczapki_kraje (id, rodzajczapki_id, kraj_id) FROM stdin;
1	1	5
2	2	1
3	3	8
4	4	11
\.


--
-- Data for Name: django_admin_log; Type: TABLE DATA; Schema: public; Owner: projectuser
--

COPY public.django_admin_log (id, action_time, object_id, object_repr, action_flag, change_message, content_type_id, user_id) FROM stdin;
1588	2025-07-21 15:13:24.35699+02	4	Kacper "Szogun/Czwarty Wilk Noboda" Wilk	2	[{"changed": {"fields": ["przezwiska"]}}]	61	1
1610	2025-07-21 15:58:54.599599+02	19	Ułańskie Zdrowie	1	[{"added": {}}]	70	1
1631	2025-07-21 16:57:15.460648+02	8	2025-05-14: Uroczystość "Uniwersytecki Dzień Pamięci"	2	[{"changed": {"fields": ["Typ wydarzenia"]}}]	19	1
1652	2025-07-21 17:07:04.634107+02	3	2010-01-28: Karczma "Pierwsza karczma"	2	[{"changed": {"fields": ["Typ wydarzenia"]}}]	19	1
1589	2025-07-21 15:54:46.126031+02	1	Akcja	1	[{"added": {}}]	70	1
1611	2025-07-21 15:59:03.846274+02	20	Uroczystość	1	[{"added": {}}]	70	1
1632	2025-07-21 16:59:52.395651+02	8	2025-05-14: Uroczystość "Uniwersytecki Dzień Pamięci"	2	[]	19	1
1653	2025-07-21 17:07:17.777892+02	2	2009-09-01:  "2009/2010"	3		19	1
1590	2025-07-21 15:54:51.618971+02	2	Inny	1	[{"added": {}}]	70	1
1612	2025-07-21 15:59:16.399498+02	21	Zawody sportowe	1	[{"added": {}}]	70	1
1633	2025-07-21 17:00:03.50809+02	8	2025-05-14: Uroczystość "Uniwersytecki Dzień Pamięci"	2	[]	19	1
1591	2025-07-21 15:55:01.572875+02	2	Inne	2	[{"changed": {"fields": ["Typ wydarzenia"]}}]	70	1
1613	2025-07-21 15:59:21.768282+02	22	Nieoficjalne	1	[{"added": {}}]	70	1
1634	2025-07-21 17:02:42.669227+02	26	2025-05-08 - 2025-05-11: Zagraniczny "Faerie Matricularum"	2	[{"changed": {"fields": ["Typ wyjazdu"]}}]	19	1
1592	2025-07-21 15:55:15.46481+02	3	Karczma	1	[{"added": {}}]	70	1
1614	2025-07-21 15:59:59.994348+02	1	Adapciak	1	[{"added": {}}]	71	1
1635	2025-07-21 17:03:06.832616+02	4	Wyjazd Zagraniczny	2	[{"changed": {"fields": ["Typ wyjazdu"]}}]	71	1
1593	2025-07-21 15:55:27.625152+02	4	Wyjście do kina	1	[{"added": {}}]	70	1
1615	2025-07-21 16:00:04.102257+02	2	Inny	1	[{"added": {}}]	71	1
1636	2025-07-21 17:03:11.286514+02	26	2025-05-08 - 2025-05-11: Wyjazd Zagraniczny "Faerie Matricularum"	2	[]	19	1
406	2025-05-01 13:36:20.778128+02	2	2009/None	1	[{"added": {}}]	14	1
407	2025-05-01 13:39:53.703156+02	2	2009/2010	2	[]	14	1
408	2025-05-01 13:39:57.507703+02	3	2009/2010	1	[{"added": {}}]	14	1
409	2025-05-01 13:40:01.714984+02	4	2010/2011	1	[{"added": {}}]	14	1
410	2025-05-01 13:40:05.43957+02	5	2011/2012	1	[{"added": {}}]	14	1
411	2025-05-01 13:40:08.597279+02	6	2012/2013	1	[{"added": {}}]	14	1
412	2025-05-01 13:40:13.820039+02	7	2013/2014	1	[{"added": {}}]	14	1
413	2025-05-01 13:40:16.967329+02	8	2014/2015	1	[{"added": {}}]	14	1
414	2025-05-01 13:40:24.700188+02	9	2015/2016	1	[{"added": {}}]	14	1
415	2025-05-01 13:40:28.352501+02	10	2016/2017	1	[{"added": {}}]	14	1
416	2025-05-01 13:40:31.791467+02	11	2017/2018	1	[{"added": {}}]	14	1
417	2025-05-01 13:40:34.573037+02	12	2018/2019	1	[{"added": {}}]	14	1
418	2025-05-01 13:40:38.506943+02	13	2019/2020	1	[{"added": {}}]	14	1
419	2025-05-01 13:40:45.783106+02	14	2020/2021	1	[{"added": {}}]	14	1
420	2025-05-01 13:40:53.757359+02	15	2021/2022	1	[{"added": {}}]	14	1
421	2025-05-01 13:40:57.697089+02	16	2022/2023	1	[{"added": {}}]	14	1
422	2025-05-01 13:41:01.9492+02	17	2023/2024	1	[{"added": {}}]	14	1
423	2025-05-01 13:41:07.206425+02	17	2024/2025	2	[{"changed": {"fields": ["Rozpocz\\u0119cie"]}}]	14	1
424	2025-05-01 13:41:25.104324+02	2	2023/2024	2	[{"changed": {"fields": ["Rozpocz\\u0119cie"]}}]	14	1
1594	2025-07-21 15:56:00.826694+02	5	Prelekcja	1	[{"added": {}}]	70	1
1616	2025-07-21 16:00:09.592922+02	3	Kudłacze	1	[{"added": {}}]	71	1
1637	2025-07-21 17:03:25.928363+02	4	Wyjazd zagraniczny	2	[{"changed": {"fields": ["Typ wyjazdu"]}}]	71	1
501	2025-05-01 23:53:58.800979+02	1	Nie wiem - Inny, XXX	1	[{"added": {}}]	16	1
502	2025-05-02 01:00:15.584059+02	1	Powstanie BCS	1	[{"added": {}}]	19	1
503	2025-05-02 01:02:01.382838+02	1	Powstawanie idei BCS 2009-03-01 - 2009-08-20	1	[{"added": {}}]	15	1
504	2025-05-02 01:09:14.465704+02	1	Powstawanie idei BCS: 01.03.2009 - 20.08.2009	2	[{"changed": {"fields": ["Opis"]}}]	15	1
505	2025-05-02 01:09:23.102476+02	1	Powstawanie idei BCS: 01.03.2009 - 20.08.2009	2	[]	15	1
506	2025-05-02 01:14:17.777686+02	1	Wybory 2009/2010	1	[{"added": {}}]	17	1
507	2025-05-02 01:16:25.496878+02	2	Wybory 2009/2010	1	[{"added": {}}]	19	1
508	2025-05-02 01:17:30.161855+02	2	Pierwsza karczma BCS	1	[{"added": {}}]	17	1
509	2025-05-02 01:17:33.901529+02	3	Pierwsza karczma BCS	1	[{"added": {}}]	17	1
572	2025-05-05 09:12:23.779572+02	5	2010.12.05 - Złożenie kwiatów pod grobem Królowej Jadwigi	3		19	1
510	2025-05-02 01:19:01.266411+02	3	Konferencja naukowa na Wydziale Historycznym (Roberto Martinez del Rio)	2	[{"changed": {"fields": ["Nazwa"]}}]	17	1
511	2025-05-02 01:23:19.478631+02	2	Wydział Historyczny UJ - Uczel, ul. Gołębia 24, Kraków, Polska	1	[{"added": {}}]	16	1
512	2025-05-02 01:26:28.840427+02	3	Konferencja naukowa - Roberto Martinez del Rio	2	[{"changed": {"fields": ["Nazwa", "Typ spotkania", "Data", "Miejsce"]}}]	17	1
1595	2025-07-21 15:56:10.43507+02	6	Konferencja naukowa	1	[{"added": {}}]	70	1
1617	2025-07-21 16:00:14.393007+02	4	Zagraniczny	1	[{"added": {}}]	71	1
1638	2025-07-21 17:03:30.895455+02	26	2025-05-08 - 2025-05-11: Wyjazd zagraniczny "Faerie Matricularum"	2	[]	19	1
548	2025-05-04 21:36:00.340999+02	1	Powstawanie koncepcji BCS: 01.03.2009 - 20.08.2009	1	[{"added": {}}]	15	1
549	2025-05-04 21:38:05.222505+02	3	CMUJ - Uczelnia, św. Anny, Kraków, Polska	1	[{"added": {}}]	16	1
550	2025-05-04 21:40:29.877048+02	1	Założenie BCS	1	[{"added": {}}]	19	1
551	2025-05-04 21:51:25.515014+02	1	Założenie BCS	2	[{"added": {"name": "Uczestnictwo", "object": "Tadeusz \\"Kumdo/Tadek\\" Hessel - Kronika | Wydarzenie - Za\\u0142o\\u017cenie BCS"}}, {"added": {"name": "Uczestnictwo", "object": "Kasper \\"Pumba\\" Krawet - Kronika | Wydarzenie - Za\\u0142o\\u017cenie BCS"}}]	19	1
552	2025-05-04 22:37:40.441857+02	1	Założenie BCS	2	[]	19	1
553	2025-05-04 22:40:31.786293+02	2	Pierwsze wybory	1	[{"added": {}}, {"added": {"name": "Uczestnictwo", "object": "Tadeusz \\"Kumdo/Tadek\\" Hessel - Kronika | Wydarzenie - Pierwsze wybory"}}, {"added": {"name": "Uczestnictwo", "object": "Kasper \\"Pumba\\" Krawet - Kronika | Wydarzenie - Pierwsze wybory"}}, {"added": {"name": "Uczestnictwo", "object": "Pawe\\u0142 Nawrot - Kronika | Wydarzenie - Pierwsze wybory"}}, {"added": {"name": "Uczestnictwo", "object": "Jakub Nawrot - Kronika | Wydarzenie - Pierwsze wybory"}}, {"added": {"name": "Uczestnictwo", "object": "Urszula Kasprzyk - Kronika | Wydarzenie - Pierwsze wybory"}}, {"added": {"name": "Uczestnictwo", "object": "Ma\\u0142gorzata Lurzy\\u0144ska - Kronika | Wydarzenie - Pierwsze wybory"}}]	19	1
554	2025-05-04 22:42:26.603607+02	3	Pierwsza karczma	1	[{"added": {}}]	19	1
555	2025-05-04 22:46:42.36498+02	4	2010.28.01 - Pierwsza karczma	1	[{"added": {}}]	19	1
557	2025-05-04 22:54:20.109106+02	5	2010.28.04 - Pierwsza konferencja	1	[{"added": {}}, {"added": {"name": "Uczestnictwo", "object": "None - Kronika | Wydarzenie - 2010.28.04 - Pierwsza konferencja"}}]	19	1
558	2025-05-04 22:56:31.993463+02	5	2010.12.05 - Złożenie kwiatów pod grobem Królowej Jadwigi	2	[{"changed": {"fields": ["Nazwa", "Data", "Typ wydarzenia", "Opis"]}}]	19	1
559	2025-05-04 22:58:58.209139+02	4	Grób królowej Jadwigi - Obiekt kultury, Katedra Wawelska, Kraków, Polska	1	[{"added": {}}]	16	1
563	2025-05-04 23:11:21.06416+02	1	Samorząd nosi czapki	1	[{"added": {}}]	20	1
564	2025-05-04 23:11:34.263756+02	1	Samorząd nosi czapki	2	[{"added": {"name": "Uczestnictwo", "object": "None - Kronika | Zdarzenie - Samorz\\u0105d nosi czapki"}}]	20	1
565	2025-05-04 23:16:51.925293+02	5	Auditorium Maximum UJ - Uczelnia, Krupnicza 33, Kraków, Polska	1	[{"added": {}}]	16	1
566	2025-05-04 23:19:29.665208+02	2	2010.01.10 - International Cantus: Gaudeamus	1	[{"added": {}}]	20	1
567	2025-05-04 23:21:03.040049+02	3	2010.12.05 - Pierwszy pochód z Collegium Maius do Auditorium Maximum	1	[{"added": {}}]	20	1
568	2025-05-04 23:24:58.955572+02	3	2010.01.10 - Pierwszy pochód z Collegium Maius do Auditorium Maximum	2	[{"changed": {"fields": ["Data"]}}]	20	1
569	2025-05-04 23:25:08.479657+02	1	2010.12.05 - Samorząd nosi czapki	2	[]	20	1
570	2025-05-04 23:25:20.187396+02	4	2010.28.01 - Pierwsza karczma	3		19	1
571	2025-05-05 09:10:44.772573+02	5	2010.12.05 - Złożenie kwiatów pod grobem Królowej Jadwigi	2	[{"changed": {"fields": ["Zdarzenia"]}}]	19	1
573	2025-05-05 09:41:36.607473+02	5	Auditorium Maximum UJ - Uczelnia, Krupnicza 33, Kraków, Polska	2	[]	16	1
574	2025-05-05 09:42:37.77729+02	6	Collegium Maius - Uczelnia, Jagiellońska 15, Kraków, Polska	1	[{"added": {}}]	16	1
575	2025-05-05 09:42:57.177165+02	6	2010.01.10 - Czapka Reactivation Party	1	[{"added": {}}, {"added": {"name": "Uczestnictwo", "object": "Kasper \\"Pumba\\" Krawet - Kronika | Wydarzenie - 2010.01.10 - Czapka Reactivation Party"}}]	19	1
1596	2025-07-21 15:56:36.969435+02	7	Sprzątanie grobów	1	[{"added": {}}]	70	1
1618	2025-07-21 16:28:48.541019+02	5	Nie dotyczy	1	[{"added": {}}]	71	1
578	2025-05-05 09:47:51.972392+02	4	2010.01.10 - Prelekcje na temat studenckiego folkloru	1	[{"added": {}}, {"added": {"name": "Uczestnictwo", "object": "Kasper \\"Pumba\\" Krawet - Kronika | Zdarzenie - 2010.01.10 - Prelekcje na temat studenckiego folkloru"}}, {"added": {"name": "Uczestnictwo", "object": "None - Kronika | Zdarzenie - 2010.01.10 - Prelekcje na temat studenckiego folkloru"}}, {"added": {"name": "Uczestnictwo", "object": "None - Kronika | Zdarzenie - 2010.01.10 - Prelekcje na temat studenckiego folkloru"}}, {"added": {"name": "Uczestnictwo", "object": "None - Kronika | Zdarzenie - 2010.01.10 - Prelekcje na temat studenckiego folkloru"}}]	20	1
579	2025-05-05 09:47:58.429495+02	7	2010.01.10 - Pierwsza inauguracja roku akademickiego	1	[{"added": {}}]	19	1
580	2025-05-05 09:48:08.190611+02	7	2010.01.10 - Pierwsza inauguracja roku akademickiego	2	[]	19	1
581	2025-05-05 14:10:55.683549+02	1	Czapka Reactivation Party - Uniwersytecki Dzień PamięciUniwersyteckiDzienPamieci.jpg	1	[{"added": {}}]	25	1
582	2025-05-05 14:14:18.587744+02	6	2010.01.10 - Czapka Reactivation Party	2	[{"changed": {"name": "Uczestnictwo", "object": "None - Kronika | Wydarzenie - 2010.01.10 - Czapka Reactivation Party", "fields": ["Cz\\u0142onek"]}}, {"changed": {"name": "Zdj\\u0119cie z wydarzenia", "object": "Czapka Reactivation Party - UniwersyteckiDzienPamieci.jpg", "fields": ["Tytu\\u0142"]}}]	19	1
583	2025-05-05 14:17:06.092388+02	6	2010.01.10 - Czapka Reactivation Party	2	[{"deleted": {"name": "Zdj\\u0119cie z wydarzenia", "object": "Czapka Reactivation Party - UniwersyteckiDzienPamieci.jpg"}}]	19	1
584	2025-05-05 14:20:39.056423+02	7	2010.01.10 - Pierwsza inauguracja roku akademickiego	2	[{"added": {"name": "Uczestnictwo", "object": "Kasper \\"Pumba\\" Krawet - Kronika | Wydarzenie - 2010.01.10 - Pierwsza inauguracja roku akademickiego"}}, {"added": {"name": "Uczestnictwo", "object": "None - Kronika | Wydarzenie - 2010.01.10 - Pierwsza inauguracja roku akademickiego"}}, {"added": {"name": "Uczestnictwo", "object": "None - Kronika | Wydarzenie - 2010.01.10 - Pierwsza inauguracja roku akademickiego"}}, {"added": {"name": "Uczestnictwo", "object": "None - Kronika | Wydarzenie - 2010.01.10 - Pierwsza inauguracja roku akademickiego"}}]	19	1
585	2025-05-05 14:22:45.978001+02	7	Collegium Novum - Uczelnia, Gołębia 24, Kraków, Polska	1	[{"added": {}}]	16	1
586	2025-05-05 14:24:49.517219+02	8	2010.06.11 - Uniwersytecki Dzień Pamięci	1	[{"added": {}}, {"added": {"name": "Zdj\\u0119cie z wydarzenia", "object": "Uniwersytecki Dzie\\u0144 Pami\\u0119ci - Uniwersytecki Dzie\\u0144 Pami\\u0119ciUniwersyteckiDzienPamieci_23yMlpx.jpg"}}]	19	1
587	2025-05-05 14:25:39.154967+02	8	2010.06.11 - Uniwersytecki Dzień Pamięci	2	[{"changed": {"fields": ["Zdj\\u0119cia"]}}, {"changed": {"name": "Zdj\\u0119cie z wydarzenia", "object": "Uniwersytecki Dzie\\u0144 Pami\\u0119ci - Uniwersytecki Dzie\\u0144 Pami\\u0119ciUniwersyteckiDzienPamieci_23yMlpx.jpg", "fields": ["Opis"]}}]	19	1
588	2025-05-05 14:26:36.562917+02	8	2010.06.11 - Uniwersytecki Dzień Pamięci	2	[{"changed": {"fields": ["Opis"]}}]	19	1
589	2025-05-05 14:28:50.137568+02	8	Klub Studencki Nawojka - Pub, Władysława Reymonta 11, Kraków, Polska	1	[{"added": {}}]	16	1
590	2025-05-05 14:29:11.521676+02	9	2011.16.01 - Czapkowa Karczma Karnawałowa	1	[{"added": {}}]	19	1
591	2025-05-05 14:29:21.921319+02	10	2011.16.01 - Czapkowa Karczma Karnawałowa	1	[{"added": {}}]	19	1
592	2025-05-05 14:53:38.145264+02	9	Shot Pub - Pub, Szpitalna 5, Kraków, Polska	1	[{"added": {}}]	16	1
593	2025-05-05 14:53:42.606317+02	11	2011.12.02 - Czapkowa Karczma Posesyjna	1	[{"added": {}}]	19	1
594	2025-05-05 14:56:22.114714+02	12	2011.05.03 - Puchar Prorektora CMUJ	1	[{"added": {}}]	19	1
595	2025-05-05 14:57:28.130301+02	10	Klub Buda - Pub, Czapskich 2, Kraków, Polska	1	[{"added": {}}]	16	1
596	2025-05-05 15:03:35.119094+02	5	2011.12.03 - Nowa tradycja: Toast w stronę Nawojki	1	[{"added": {}}]	20	1
597	2025-05-05 15:25:36.559786+02	12	2011.12.03 - Wielka Karczma Piwna	2	[{"changed": {"fields": ["Nazwa", "Data", "Miejsce", "Typ wydarzenia", "Zdarzenia"]}}]	19	1
598	2025-05-05 15:28:11.655218+02	1	Toast w stronę Nawojki	1	[{"added": {}}]	26	1
599	2025-05-05 15:28:18.659992+02	1	Toast w stronę Nawojki	2	[]	26	1
600	2025-05-05 15:28:42.372195+02	13	2011.12.03 - Wielka Karczma Piwna	1	[{"added": {}}]	19	1
601	2025-05-05 15:31:23.727975+02	11	Collegium Iuridicum UJ - Uczelnia, Grodzka 53, Kraków, Polska	1	[{"added": {}}]	16	1
1639	2025-07-21 17:03:46.181791+02	18	2025-04-16: Karczma "Czapkowa Karczma w klimatach międzywojennych"	2	[{"changed": {"fields": ["Typ wydarzenia"]}}]	19	1
603	2025-05-05 15:35:13.184105+02	6	2011.18.03 - Spotkanie z babcią Tadka	1	[{"added": {}}, {"added": {"name": "Uczestnictwo", "object": "Tadeusz \\"Kumdo/Tadek\\" Hessel - Kronika | Zdarzenie - 2011.18.03 - Spotkanie z babci\\u0105 Tadka"}}, {"added": {"name": "Uczestnictwo", "object": "None - Kronika | Zdarzenie - 2011.18.03 - Spotkanie z babci\\u0105 Tadka"}}]	20	1
604	2025-05-05 15:35:39.41435+02	14	2011.18.03 - Wykład dla Stowarzyszenia Absolwentów UJ	1	[{"added": {}}, {"added": {"name": "Uczestnictwo", "object": "Tadeusz \\"Kumdo/Tadek\\" Hessel - Kronika | Wydarzenie - 2011.18.03 - Wyk\\u0142ad dla Stowarzyszenia Absolwent\\u00f3w UJ"}}]	19	1
605	2025-05-05 15:40:09.469545+02	12	Wrocław - Miasto, Wrocław, Polska	1	[{"added": {}}]	16	1
606	2025-05-05 15:41:21.168611+02	15	2011.25.03 - Konferencja medyczna we Wrocławiu	1	[{"added": {}}, {"added": {"name": "Uczestnictwo", "object": "None - Kronika | Wydarzenie - 2011.25.03 - Konferencja medyczna we Wroc\\u0142awiu"}}]	19	1
607	2025-05-05 15:43:34.177822+02	13	Kopiec Kościuszki - Obiekt kultury, al. Waszyngtona 1, Kraków, Polska	1	[{"added": {}}]	16	1
608	2025-05-05 15:43:47.770962+02	16	2011.03.04 - Wycieczka na Kopiec Kościuszki	1	[{"added": {}}, {"added": {"name": "Uczestnictwo", "object": "None - Kronika | Wydarzenie - 2011.03.04 - Wycieczka na Kopiec Ko\\u015bciuszki"}}]	19	1
609	2025-05-05 15:45:31.733168+02	14	Wydział Polonistyki UJ - Uczelnia, Gołębia 16, Kraków, Polska	1	[{"added": {}}]	16	1
610	2025-05-05 15:46:01.481957+02	17	2011.06.04 - Wykład na Wydziale Polonistyki	1	[{"added": {}}, {"added": {"name": "Uczestnictwo", "object": "None - Kronika | Wydarzenie - 2011.06.04 - Wyk\\u0142ad na Wydziale Polonistyki"}}]	19	1
611	2025-05-05 15:46:43.92187+02	18	2011.16.04 - Czapkowa Karczma w klimatach międzywojennych	1	[{"added": {}}, {"added": {"name": "Uczestnictwo", "object": "None - Kronika | Wydarzenie - 2011.16.04 - Czapkowa Karczma w klimatach mi\\u0119dzywojennych"}}]	19	1
612	2025-05-05 15:47:16.220973+02	19	2011.19.04 - Spotkanie statutowe BCS	1	[{"added": {}}, {"added": {"name": "Uczestnictwo", "object": "None - Kronika | Wydarzenie - 2011.19.04 - Spotkanie statutowe BCS"}}]	19	1
613	2025-05-05 15:48:30.213231+02	15	Klub Studencki "Żaczek" - Pub/Klub, Al. 3 Maja, Kraków, Polska	1	[{"added": {}}]	16	1
614	2025-05-05 15:52:56.118763+02	7	2011.30.04 - Urodziny "Geologa"	1	[{"added": {}}, {"added": {"name": "Uczestnictwo", "object": "Bartosz \\"Geolog\\" Maciejewski - Kronika | Zdarzenie - 2011.30.04 - Urodziny \\"Geologa\\""}}]	20	1
615	2025-05-05 15:53:00.142103+02	20	2011.30.04 - Grill pod Żaczkiem: urodziny Geologa	1	[{"added": {}}, {"added": {"name": "Uczestnictwo", "object": "Bartosz \\"Geolog\\" Maciejewski - Kronika | Wydarzenie - 2011.30.04 - Grill pod \\u017baczkiem: urodziny Geologa"}}]	19	1
616	2025-05-05 15:55:18.631572+02	21	2011.07.05 - Czapkowa eskapada rowerowa szlakiem Bema	1	[{"added": {}}, {"added": {"name": "Uczestnictwo", "object": "Anna Maria \\"Litle dragon/Gestapo\\" Ku\\u017ama - Kronika | Wydarzenie - 2011.07.05 - Czapkowa eskapada rowerowa szlakiem Bema"}}]	19	1
617	2025-05-05 15:55:56.307648+02	22	2011.14.05 - Majowa Karczma Piwna	1	[{"added": {}}, {"added": {"name": "Uczestnictwo", "object": "None - Kronika | Wydarzenie - 2011.14.05 - Majowa Karczma Piwna"}}]	19	1
618	2025-05-05 15:56:39.075614+02	16	Kraków - Miasto, Kraków, Polska	1	[{"added": {}}]	16	1
619	2025-05-05 15:57:07.211273+02	23	2011.17.05 - akcja Przygarnij Belga w Juwenalia!	1	[{"added": {}}, {"added": {"name": "Uczestnictwo", "object": "None - Kronika | Wydarzenie - 2011.17.05 - akcja Przygarnij Belga w Juwenalia!"}}]	19	1
620	2025-05-06 11:10:21.020636+02	23	2011.17.05 - Akcja: akcja Przygarnij Belga w Juwenalia!	2	[{"changed": {"fields": ["Typ wydarzenia"]}}]	19	1
621	2025-05-06 11:10:44.818695+02	10	2011.16.01 - Karczma: Czapkowa Karczma Karnawałowa	2	[]	19	1
622	2025-05-06 11:11:30.104335+02	13	2011.12.03 - Karczma: Wielka Karczma Piwna	3		19	1
623	2025-05-06 11:11:30.104388+02	10	2011.16.01 - Karczma: Czapkowa Karczma Karnawałowa	3		19	1
624	2025-05-06 11:11:56.351915+02	23	2011.17.05 - Akcja: Przygarnij Belga w Juwenalia!	2	[{"changed": {"fields": ["Nazwa"]}}]	19	1
1597	2025-07-21 15:56:46.237614+02	8	Historyczne	1	[{"added": {}}]	70	1
1619	2025-07-21 16:29:00.816686+02	23	Nie dotyczy	1	[{"added": {}}]	70	1
1640	2025-07-21 17:03:58.353903+02	23	2011-05-17 - 2011-05-21: Akcja "Przygarnij Belga w Juwenalia!"	2	[{"changed": {"fields": ["Typ wydarzenia"]}}]	19	1
628	2025-05-09 09:57:06.999414+02	1	Toast w stronę Nawojki	2	[]	26	1
629	2025-05-13 12:25:14.242227+02	17	Bolonia - Miasto, Włochy	1	[{"added": {}}]	16	1
633	2025-05-13 12:43:08.467624+02	1	ZAGR "Faerie Matricularum" - Bolonia - Miasto, Włochy, 08.05.2025 - 11.05.2025	1	[{"added": {}}, {"added": {"name": "Uczestnictwo", "object": "Bart\\u0142omiej \\"Nobod\\" Grzeszykowski - Kronika | Wyjazd - ZAGR \\"Faerie Matricularum\\" - Bolonia - Miasto, W\\u0142ochy, 08.05.2025 - 11.05.2025"}}, {"added": {"name": "Uczestnictwo", "object": "Micha\\u0142 \\"Cukier/Ma\\u0142olata\\" Malata - Kronika | Wyjazd - ZAGR \\"Faerie Matricularum\\" - Bolonia - Miasto, W\\u0142ochy, 08.05.2025 - 11.05.2025"}}, {"added": {"name": "Uczestnictwo", "object": "Martyna \\"Bober\\" Kubiak - Kronika | Wyjazd - ZAGR \\"Faerie Matricularum\\" - Bolonia - Miasto, W\\u0142ochy, 08.05.2025 - 11.05.2025"}}, {"added": {"name": "Uczestnictwo", "object": "Bartosz \\"Heniek\\" Hepek - Kronika | Wyjazd - ZAGR \\"Faerie Matricularum\\" - Bolonia - Miasto, W\\u0142ochy, 08.05.2025 - 11.05.2025"}}, {"added": {"name": "Uczestnictwo", "object": "Herman \\"Stabilizator/Rakieta\\" Chekurda - Kronika | Wyjazd - ZAGR \\"Faerie Matricularum\\" - Bolonia - Miasto, W\\u0142ochy, 08.05.2025 - 11.05.2025"}}, {"added": {"name": "Uczestnictwo", "object": "Maria \\"Felis\\" Turakiewicz - Kronika | Wyjazd - ZAGR \\"Faerie Matricularum\\" - Bolonia - Miasto, W\\u0142ochy, 08.05.2025 - 11.05.2025"}}, {"added": {"name": "Uczestnictwo", "object": "Michalina \\"Allec\\" Kokosi\\u0144ska - Kronika | Wyjazd - ZAGR \\"Faerie Matricularum\\" - Bolonia - Miasto, W\\u0142ochy, 08.05.2025 - 11.05.2025"}}, {"added": {"name": "Uczestnictwo", "object": "Damian \\"Bandera\\" Zych - Kronika | Wyjazd - ZAGR \\"Faerie Matricularum\\" - Bolonia - Miasto, W\\u0142ochy, 08.05.2025 - 11.05.2025"}}, {"added": {"name": "Uczestnictwo", "object": "Dorota \\"Wa\\u0107panna/Doris\\" Dro\\u017cy\\u0144ska - Kronika | Wyjazd - ZAGR \\"Faerie Matricularum\\" - Bolonia - Miasto, W\\u0142ochy, 08.05.2025 - 11.05.2025"}}, {"added": {"name": "Uczestnictwo", "object": "Bart\\u0142omiej \\"Kucharz\\" Olajossy - Kronika | Wyjazd - ZAGR \\"Faerie Matricularum\\" - Bolonia - Miasto, W\\u0142ochy, 08.05.2025 - 11.05.2025"}}, {"added": {"name": "Uczestnictwo", "object": "Natalia \\"Szynka\\" Ciesielska (Olajossy) - Kronika | Wyjazd - ZAGR \\"Faerie Matricularum\\" - Bolonia - Miasto, W\\u0142ochy, 08.05.2025 - 11.05.2025"}}]	18	1
634	2025-05-13 12:46:48.911629+02	23	2011.17.05 - Akcja: Przygarnij Belga w Juwenalia!	2	[{"changed": {"fields": ["Typ wydarzenia"]}}]	19	1
635	2025-05-13 12:46:59.781238+02	21	2011.07.05 - Wycieczka: Czapkowa eskapada rowerowa szlakiem Bema	2	[{"changed": {"fields": ["Typ wydarzenia"]}}]	19	1
636	2025-05-13 12:47:08.625771+02	16	2011.03.04 - Wycieczka: Wycieczka na Kopiec Kościuszki	2	[{"changed": {"fields": ["Typ wydarzenia"]}}]	19	1
637	2025-05-13 12:47:26.820487+02	7	2010.01.10 - Historyczne: Pierwsza inauguracja roku akademickiego	2	[{"changed": {"fields": ["Typ wydarzenia"]}}]	19	1
638	2025-05-13 12:48:06.935742+02	1	2009.03.08 - Historyczne: Założenie BCS	2	[{"changed": {"fields": ["Typ wydarzenia"]}}]	19	1
644	2025-05-13 13:03:06.703965+02	1	ZAGR "Faerie Matricularum" - Bolonia - Miasto, Włochy, 08.05.2025 - 11.05.2025	2	[{"added": {"name": "Uczestnictwo", "object": "Sandra \\"Sander\\" Chandzlik - Kronika | Wyjazd - ZAGR \\"Faerie Matricularum\\" - Bolonia - Miasto, W\\u0142ochy, 08.05.2025 - 11.05.2025"}}]	18	1
645	2025-05-13 13:07:27.457983+02	1	Zagraniczny "Faerie Matricularum" - Bolonia - Miasto, Włochy, 08.05.2025 - 11.05.2025	2	[{"added": {"name": "Uczestnictwo", "object": "None - Kronika | Wyjazd - Zagraniczny \\"Faerie Matricularum\\" - Bolonia - Miasto, W\\u0142ochy, 08.05.2025 - 11.05.2025"}}]	18	1
646	2025-05-13 13:23:39.039992+02	2	Uniwersytecki Dzień Pamięci - Uniwersytecki Dzień PamięciUniwersyteckiDzienPamieci_23yMlpx.jpg	2	[]	25	1
647	2025-05-13 13:30:04.170425+02	2	Uniwersytecki Dzień Pamięci - Zdjęcie 1	2	[{"changed": {"fields": ["Tytu\\u0142"]}}]	25	1
648	2025-05-13 13:30:31.114282+02	2	Uniwersytecki Dzień Pamięci - Złożenie kwiatów	2	[{"changed": {"fields": ["Tytu\\u0142"]}}]	25	1
649	2025-05-13 13:34:07.965521+02	2	Uniwersytecki Dzień Pamięci - Złożenie kwiatów	2	[]	25	1
650	2025-05-13 13:35:53.565132+02	2	Uniwersytecki Dzień Pamięci - Złożenie kwiatów	2	[]	25	1
651	2025-05-13 13:46:43.176053+02	2	Uniwersytecki Dzień Pamięci - Złożenie kwiatów	2	[]	25	1
652	2025-05-13 13:47:40.273135+02	2	Uniwersytecki Dzień Pamięci - Złożenie kwiatów	2	[]	25	1
653	2025-05-13 14:50:55.969445+02	1	Zagraniczny "Faerie Matricularum" - Bolonia - Miasto, Włochy, 08.05.2025 - 11.05.2025	2	[{"added": {"name": "Osoba", "object": "None - Kronika | Wyjazd - Zagraniczny \\"Faerie Matricularum\\" - Bolonia - Miasto, W\\u0142ochy, 08.05.2025 - 11.05.2025"}}, {"added": {"name": "Osoba", "object": "None - Kronika | Wyjazd - Zagraniczny \\"Faerie Matricularum\\" - Bolonia - Miasto, W\\u0142ochy, 08.05.2025 - 11.05.2025"}}, {"added": {"name": "Osoba", "object": "None - Kronika | Wyjazd - Zagraniczny \\"Faerie Matricularum\\" - Bolonia - Miasto, W\\u0142ochy, 08.05.2025 - 11.05.2025"}}]	18	1
654	2025-05-13 14:57:02.636798+02	1	ITA Monte Christo Balla	1	[{"added": {}}]	31	1
655	2025-05-13 14:57:09.273874+02	1	ITA Monte Christo Balla	2	[]	31	1
656	2025-05-13 14:57:42.382521+02	1	ITA Monte Christo Balla	2	[]	31	1
657	2025-05-13 14:58:24.083601+02	1	ITA Monte Christo Balla	3		31	1
658	2025-05-13 15:04:14.657727+02	3	ITA Monte Christo Balla	1	[{"added": {}}]	31	1
660	2025-05-13 15:15:16.488513+02	1	Zagraniczny "Faerie Matricularum" - Bolonia - Miasto, Włochy, 08.05.2025 - 11.05.2025	2	[{"added": {"name": "Osoba", "object": "None - Kronika | Wyjazd - Zagraniczny \\"Faerie Matricularum\\" - Bolonia - Miasto, W\\u0142ochy, 08.05.2025 - 11.05.2025"}}]	18	1
1598	2025-07-21 15:56:50.202574+02	9	Ognisko	1	[{"added": {}}]	70	1
663	2025-05-13 16:43:42.948558+02	3	CMUJ, św. Anny 12, Kraków, Polska (Uczelnia)	2	[{"changed": {"fields": ["Adres"]}}]	16	1
664	2025-05-13 16:45:18.398485+02	1	Zagraniczny: "Faerie Matricularum" - Bolonia, Włochy (Miasto), 08.05.2025 - 11.05.2025	2	[]	18	1
665	2025-05-13 16:46:51.555782+02	1	Zagraniczny: "Faerie Matricularum" - Bolonia, Włochy (Miasto), 08.05.2025 - 11.05.2025	2	[]	18	1
666	2025-05-13 16:53:21.042379+02	8	2025.09.05 - Przekazanie kluczy do miasta bolońskim goliardom	1	[{"added": {}}, {"added": {"name": "Osoba", "object": "None - Kronika | Zdarzenie - 2025.09.05 - Przekazanie kluczy do miasta bolo\\u0144skim goliardom"}}]	20	1
667	2025-05-13 17:01:20.642807+02	9	2025.09.05 - Zwiedzanie MEUS	1	[{"added": {}}]	20	1
668	2025-05-13 17:09:00.568718+02	10	2025.09.05 - Uroczyste nadanie feluk nowym goliardom	1	[{"added": {}}]	20	1
669	2025-05-13 18:14:27.87521+02	1	Zagraniczny: "Faerie Matricularum" - Bolonia, Włochy (Miasto), 08.05.2025 - 11.05.2025	2	[{"changed": {"fields": ["Zdarzenia"]}}]	18	1
670	2025-05-13 18:17:34.538499+02	10	2025.09.05 - Uroczyste nadanie feluk nowym goliardom	2	[{"changed": {"fields": ["Opis"]}}, {"added": {"name": "Osoba", "object": "Bartosz \\"Heniek\\" Hepek - Kronika | Zdarzenie - 2025.09.05 - Uroczyste nadanie feluk nowym goliardom"}}]	20	1
671	2025-05-13 18:24:44.533179+02	11	2025.09.05 - Impreza w Giardini Filippo Re	1	[{"added": {}}]	20	1
672	2025-05-13 18:30:15.021149+02	1	Zagraniczny: "Faerie Matricularum" - Bolonia, Włochy (Miasto), 08.05.2025 - 11.05.2025	2	[{"changed": {"fields": ["Zdarzenia"]}}]	18	1
673	2025-05-13 18:34:40.41327+02	18	Giardini di via Filippo Re, Via Filippo Re, Bolonia, Włochy (Ogródek/Plac)	1	[{"added": {}}]	16	1
674	2025-05-13 18:35:04.302965+02	11	2025.09.05 - Impreza ze stoiskami balli i muzyką	2	[{"changed": {"fields": ["Nazwa", "Miejsce"]}}]	20	1
675	2025-05-13 18:36:07.956622+02	19	Palazzo d'Accursio, Piazza Maggiore 6, Bolonia, Włochy (Obiekt kultury)	1	[{"added": {}}]	16	1
676	2025-05-13 18:36:29.0944+02	8	2025.09.05 - Przekazanie kluczy do miasta bolońskim goliardom	2	[{"changed": {"fields": ["Miejsce"]}}, {"changed": {"name": "Osoba", "object": "None - Kronika | Zdarzenie - 2025.09.05 - Przekazanie kluczy do miasta bolo\\u0144skim goliardom", "fields": ["Inna osoba"]}}]	20	1
677	2025-05-13 18:41:57.310221+02	20	Spawner Włochów, Via delle Moline 7, Bolonia, Włochy (Lokum)	1	[{"added": {}}]	16	1
678	2025-05-13 18:44:46.712358+02	21	MEUS, Via Zamboni 33, Bolonia, Włochy (Obiekt kultury)	1	[{"added": {}}]	16	1
679	2025-05-13 18:45:26.346172+02	10	2025.09.05 - Uroczyste nadanie feluk nowym goliardom	2	[{"changed": {"fields": ["Miejsce"]}}]	20	1
680	2025-05-13 18:47:06.222353+02	10	2025.09.05 - Uroczyste nadanie feluk nowym goliardom	2	[]	20	1
681	2025-05-13 18:47:16.251041+02	9	2025.09.05 - Zwiedzanie MEUS	2	[{"changed": {"fields": ["Miejsce"]}}]	20	1
682	2025-05-13 18:48:11.035497+02	20	2011.30.04 - Grill/Ognisko: Grill pod Żaczkiem: urodziny Geologa	2	[{"changed": {"fields": ["Zdarzenia"]}}]	19	1
683	2025-05-13 18:48:46.423458+02	7	2011.30.04 - Urodziny "Geologa"	3		20	1
684	2025-05-13 18:49:19.552157+02	6	2011.18.03 - Spotkanie z babcią Tadka	2	[{"changed": {"fields": ["Miejsce"]}}]	20	1
685	2025-05-13 18:49:41.801225+02	5	2011.12.03 - Nowa tradycja: Toast w stronę Nawojki	2	[{"changed": {"fields": ["Miejsce"]}}]	20	1
686	2025-05-13 18:50:00.101544+02	2	2010.01.10 - International Cantus: Gaudeamus	2	[{"changed": {"fields": ["Miejsce"]}}]	20	1
687	2025-05-13 18:50:24.250728+02	3	2010.01.10 - Pierwszy pochód z Collegium Maius do Auditorium Maximum	2	[{"changed": {"fields": ["Miejsce"]}}]	20	1
688	2025-05-13 18:52:33.344086+02	7	2010.01.10 - Historyczne: Pierwsza inauguracja roku akademickiego	2	[]	19	1
689	2025-05-13 19:08:29.926682+02	11	2025.09.05 - Impreza ze stoiskami balli i muzyką	2	[{"added": {"name": "Okazja", "object": "Zagraniczny: \\"Faerie Matricularum\\" - Bolonia, W\\u0142ochy (Miasto), 08.05.2025 - 11.05.2025 - Kronika | Zdarzenie - 2025.09.05 - Impreza ze stoiskami balli i muzyk\\u0105"}}]	20	1
690	2025-05-13 19:08:35.751501+02	8	2025.09.05 - Przekazanie kluczy do miasta bolońskim goliardom	2	[{"added": {"name": "Okazja", "object": "Zagraniczny: \\"Faerie Matricularum\\" - Bolonia, W\\u0142ochy (Miasto), 08.05.2025 - 11.05.2025 - Kronika | Zdarzenie - 2025.09.05 - Przekazanie kluczy do miasta bolo\\u0144skim goliardom"}}]	20	1
691	2025-05-13 19:08:59.722066+02	10	2025.09.05 - Uroczyste nadanie feluk nowym goliardom	2	[{"added": {"name": "Okazja", "object": "Zagraniczny: \\"Faerie Matricularum\\" - Bolonia, W\\u0142ochy (Miasto), 08.05.2025 - 11.05.2025 - Kronika | Zdarzenie - 2025.09.05 - Uroczyste nadanie feluk nowym goliardom"}}]	20	1
692	2025-05-13 19:09:05.175403+02	9	2025.09.05 - Zwiedzanie MEUS	2	[{"added": {"name": "Okazja", "object": "Zagraniczny: \\"Faerie Matricularum\\" - Bolonia, W\\u0142ochy (Miasto), 08.05.2025 - 11.05.2025 - Kronika | Zdarzenie - 2025.09.05 - Zwiedzanie MEUS"}}]	20	1
693	2025-05-13 19:09:28.243167+02	1	2009.03.08 - Historyczne: Założenie BCS	2	[]	19	1
694	2025-05-13 19:09:34.874452+02	2	2009.01.09 - Wybory: Pierwsze wybory	2	[]	19	1
695	2025-05-13 19:10:11.626694+02	3	2010.28.01 - Karczma: Pierwsza karczma	2	[]	19	1
696	2025-05-13 21:49:55.272268+02	3	2010.01.10 - Pierwszy pochód z Collegium Maius do Auditorium Maximum	2	[{"added": {"name": "Okazja", "object": "2010.01.10 - Reaktywacja: Czapka Reactivation Party - Kronika | Zdarzenie - 2010.01.10 - Pierwszy poch\\u00f3d z Collegium Maius do Auditorium Maximum"}}]	20	1
697	2025-05-13 21:50:10.33114+02	2	2010.01.10 - International Cantus: Gaudeamus	2	[{"added": {"name": "Okazja", "object": "2010.01.10 - Reaktywacja: Czapka Reactivation Party - Kronika | Zdarzenie - 2010.01.10 - International Cantus: Gaudeamus"}}]	20	1
698	2025-05-13 21:50:29.993234+02	4	2010.01.10 - Prelekcje na temat studenckiego folkloru	2	[{"added": {"name": "Okazja", "object": "2010.01.10 - Historyczne: Pierwsza inauguracja roku akademickiego - Kronika | Zdarzenie - 2010.01.10 - Prelekcje na temat studenckiego folkloru"}}]	20	1
699	2025-05-13 21:51:18.74545+02	1	2010.12.05 - Samorząd nosi czapki	2	[]	20	1
700	2025-05-14 00:17:12.844993+02	1	Zagraniczny: "Faerie Matricularum" - Bolonia, Włochy (Miasto), 08.05.2025 - 11.05.2025	2	[]	18	1
701	2025-05-14 00:40:07.436723+02	3	Faerie Matricularum - Z buta z lotniska 1	1	[{"added": {}}, {"added": {"name": "Osoba", "object": "Maria \\"Felis\\" Turakiewicz - Kronika | Zdj\\u0119cie z wyjazdu - Faerie Matricularum - Z buta z lotniska 1"}}, {"added": {"name": "Osoba", "object": "Kacper Wilk - Kronika | Zdj\\u0119cie z wyjazdu - Faerie Matricularum - Z buta z lotniska 1"}}, {"added": {"name": "Osoba", "object": "Krysia Cholewa - Kronika | Zdj\\u0119cie z wyjazdu - Faerie Matricularum - Z buta z lotniska 1"}}, {"added": {"name": "Osoba", "object": "Szymon Zwias - Kronika | Zdj\\u0119cie z wyjazdu - Faerie Matricularum - Z buta z lotniska 1"}}]	35	1
702	2025-05-14 00:42:00.654823+02	4	Faerie Matricularum - Posterunek karabinieri	1	[{"added": {}}]	35	1
703	2025-05-14 00:44:41.308162+02	4	Faerie Matricularum - Posterunek karabinieri	2	[{"changed": {"fields": ["Data wykonania"]}}]	35	1
704	2025-05-14 00:44:54.411055+02	3	Faerie Matricularum - Z buta z lotniska 1	2	[{"changed": {"fields": ["Data wykonania"]}}]	35	1
705	2025-05-14 00:52:41.865759+02	22	Pizza Casa, Via S. Donato, 124, Bolonia, Włochy (Restauracja)	1	[{"added": {}}]	16	1
706	2025-05-14 00:55:44.652585+02	23	Pizza Gingio, Via Rizzoli, 40a, Bolonia, Włochy (Restauracja)	1	[{"added": {}}]	16	1
707	2025-05-14 00:56:05.966957+02	21	MEUS, Via Zamboni, 33, Bolonia, Włochy (Obiekt kultury)	2	[{"changed": {"fields": ["Adres"]}}]	16	1
708	2025-05-14 00:56:15.054086+02	19	Palazzo d'Accursio, Piazza Maggiore, 6, Bolonia, Włochy (Obiekt kultury)	2	[{"changed": {"fields": ["Adres"]}}]	16	1
709	2025-05-14 00:56:22.874621+02	20	Spawner Włochów, Via delle Moline, 7, Bolonia, Włochy (Lokum)	2	[{"changed": {"fields": ["Adres"]}}]	16	1
1599	2025-07-21 15:56:57.274798+02	10	Ostry Dyżur	1	[{"added": {}}]	70	1
1620	2025-07-21 16:49:37.159856+02	1	2009-08-20: Historyczne "Założenie BCS"	2	[{"changed": {"fields": ["Typ wydarzenia"]}}]	19	1
1641	2025-07-21 17:04:08.932558+02	22	2011-05-14: Karczma "Majowa Karczma Piwna"	2	[{"changed": {"fields": ["Typ wydarzenia"]}}]	19	1
713	2025-05-14 17:32:08.122834+02	1	Zagraniczny "Faerie Matricularum" - Bolonia - Miasto, Włochy, 08.05.2025 - 11.05.2025	3		18	1
714	2025-05-14 18:23:56.834327+02	11	2025-05-09 - Impreza ze stoiskami balli i muzyką	2	[{"changed": {"fields": ["Miejsce"]}}]	20	1
715	2025-05-14 19:49:25.973334+02	9	2025-05-14 - Zwiedzanie MEUS	2	[{"changed": {"fields": ["Wydarzenie"]}}]	20	1
716	2025-05-14 19:49:42.491452+02	9	2025-05-14 - Zwiedzanie MEUS	2	[{"changed": {"fields": ["Wydarzenie"]}}]	20	1
717	2025-05-14 19:50:58.895457+02	9	2025-05-14 - Zwiedzanie MEUS	2	[{"changed": {"fields": ["Wydarzenie"]}}]	20	1
718	2025-05-14 19:52:27.20759+02	9	2025-05-14 - Zwiedzanie MEUS	2	[{"changed": {"fields": ["Wydarzenie"]}}]	20	1
720	2025-05-14 19:57:00.587265+02	1	2009-08-20: Historyczne "Założenie BCS"	2	[{"changed": {"fields": ["Data rozpocz\\u0119cia", "Data zako\\u0144czenia", "Typ wydarzenia"]}}, {"added": {"name": "Osoba", "object": "Tadeusz \\"Kumdo/Tadek\\" Hessel - Kronika | Wydarzenie - 2009-08-20: Historyczne \\"Za\\u0142o\\u017cenie BCS\\""}}, {"added": {"name": "Osoba", "object": "Kasper \\"Pumba\\" Krawet - Kronika | Wydarzenie - 2009-08-20: Historyczne \\"Za\\u0142o\\u017cenie BCS\\""}}, {"added": {"name": "Osoba", "object": "None - Kronika | Wydarzenie - 2009-08-20: Historyczne \\"Za\\u0142o\\u017cenie BCS\\""}}]	19	1
721	2025-05-14 20:00:34.147638+02	2	2009-09-01: Wybory "Pierwsze wybory"	2	[{"changed": {"fields": ["Data rozpocz\\u0119cia", "Data zako\\u0144czenia", "Typ wydarzenia"]}}, {"added": {"name": "Osoba", "object": "Tadeusz \\"Kumdo/Tadek\\" Hessel - Kronika | Wydarzenie - 2009-09-01: Wybory \\"Pierwsze wybory\\""}}, {"added": {"name": "Osoba", "object": "Kasper \\"Pumba\\" Krawet - Kronika | Wydarzenie - 2009-09-01: Wybory \\"Pierwsze wybory\\""}}, {"added": {"name": "Osoba", "object": "Pawe\\u0142 Nawrot - Kronika | Wydarzenie - 2009-09-01: Wybory \\"Pierwsze wybory\\""}}, {"added": {"name": "Osoba", "object": "Jakub Nawrot - Kronika | Wydarzenie - 2009-09-01: Wybory \\"Pierwsze wybory\\""}}, {"added": {"name": "Osoba", "object": "Urszula Kasprzyk - Kronika | Wydarzenie - 2009-09-01: Wybory \\"Pierwsze wybory\\""}}, {"added": {"name": "Osoba", "object": "Ma\\u0142gorzata Lurzy\\u0144ska - Kronika | Wydarzenie - 2009-09-01: Wybory \\"Pierwsze wybory\\""}}, {"added": {"name": "Osoba", "object": "Micha\\u0142 Lenik - Kronika | Wydarzenie - 2009-09-01: Wybory \\"Pierwsze wybory\\""}}, {"added": {"name": "Osoba", "object": "Ma\\u0142gorzata \\u017burek - Kronika | Wydarzenie - 2009-09-01: Wybory \\"Pierwsze wybory\\""}}, {"added": {"name": "Osoba", "object": "Kamila Rozes\\u0142aniec - Kronika | Wydarzenie - 2009-09-01: Wybory \\"Pierwsze wybory\\""}}]	19	1
722	2025-05-14 20:01:14.084029+02	2	2009-09-01: Wybory "2009/2010"	2	[{"changed": {"fields": ["Nazwa"]}}]	19	1
723	2025-05-14 20:02:02.096319+02	3	2010-01-28: Karczma "Pierwsza karczma"	2	[{"changed": {"fields": ["Data rozpocz\\u0119cia", "Data zako\\u0144czenia", "Typ wydarzenia"]}}]	19	1
724	2025-05-14 20:05:33.363747+02	24	2010-04-28: Konferencja naukowa/wykład/prelekcja "Konferencja naukowa Roberto o folklorze studenckim"	1	[{"added": {}}, {"added": {"name": "Osoba", "object": "None - Kronika | Wydarzenie - 2010-04-28: Konferencja naukowa/wyk\\u0142ad/prelekcja \\"Konferencja naukowa Roberto o folklorze studenckim\\""}}]	19	1
725	2025-05-14 20:07:13.12105+02	25	2010-05-12: Uroczystość "Złożenie kwiatów pod grobem królowej Jadwigi"	1	[{"added": {}}, {"added": {"name": "Osoba", "object": "None - Kronika | Wydarzenie - 2010-05-12: Uroczysto\\u015b\\u0107 \\"Z\\u0142o\\u017cenie kwiat\\u00f3w pod grobem kr\\u00f3lowej Jadwigi\\""}}]	19	1
726	2025-05-14 20:10:02.109162+02	24	Centrum Dydaktyczno Kongresowe - Uczelnia, świętego Łazarza 16, Kraków, Polska	1	[{"added": {}}]	16	1
727	2025-05-14 20:24:53.850623+02	6	2010-10-01: Uroczystość "Czapka Reactivation Party"	2	[{"changed": {"fields": ["Data rozpocz\\u0119cia", "Data zako\\u0144czenia", "Miejsce", "Typ wydarzenia", "Zdarzenia"]}}, {"added": {"name": "Osoba", "object": "Kasper \\"Pumba\\" Krawet - Kronika | Wydarzenie - 2010-10-01: Uroczysto\\u015b\\u0107 \\"Czapka Reactivation Party\\""}}, {"added": {"name": "Osoba", "object": "None - Kronika | Wydarzenie - 2010-10-01: Uroczysto\\u015b\\u0107 \\"Czapka Reactivation Party\\""}}, {"added": {"name": "Osoba", "object": "None - Kronika | Wydarzenie - 2010-10-01: Uroczysto\\u015b\\u0107 \\"Czapka Reactivation Party\\""}}, {"added": {"name": "Osoba", "object": "None - Kronika | Wydarzenie - 2010-10-01: Uroczysto\\u015b\\u0107 \\"Czapka Reactivation Party\\""}}]	19	1
728	2025-05-14 20:26:33.875303+02	6	2010-10-01: Uroczystość "Pierwsza inauguracja roku akademickiego BCS"	2	[{"changed": {"fields": ["Nazwa"]}}]	19	1
729	2025-05-14 20:27:09.012632+02	7	2025-05-14: Nie dotyczy "Pierwsza inauguracja roku akademickiego"	3		19	1
730	2025-05-14 20:27:20.25438+02	6	2010-10-01: Uroczystość "Pierwsza inauguracja roku akademickiego BCS"	2	[]	19	1
731	2025-05-14 20:27:46.03916+02	2	2010-10-01 - International Cantus: Gaudeamus	2	[{"changed": {"fields": ["Wydarzenie"]}}]	20	1
732	2025-05-14 20:28:46.297592+02	2	2010-10-01 - International Cantus: Gaudeamus	2	[{"changed": {"fields": ["Miejsce"]}}]	20	1
733	2025-05-14 20:30:07.064689+02	2	2010-10-01 - International Cantus: Gaudeamus	2	[{"changed": {"fields": ["Wydarzenie"]}}]	20	1
734	2025-05-14 20:30:40.453745+02	2	2010-10-01 - International Cantus: Gaudeamus	2	[]	20	1
735	2025-05-14 20:31:06.133965+02	2	2010-10-01 - International Cantus: Gaudeamus	2	[]	20	1
736	2025-05-14 20:31:39.59533+02	2	2010-10-01 - International Cantus: Gaudeamus	2	[]	20	1
737	2025-05-14 20:38:50.077756+02	2	2010-10-01 - International Cantus: Gaudeamus	2	[]	20	1
738	2025-05-14 20:45:43.07654+02	2	2010-10-01 - International Cantus: Gaudeamus	2	[{"changed": {"fields": ["Miejsce"]}}]	20	1
767	2025-05-14 23:29:47.193464+02	6	2010-10-01: Uroczystość "Pierwsza inauguracja roku akademickiego BCS"	2	[{"deleted": {"name": "Zdarzenie", "object": "2025-05-14 - bobo"}}]	19	1
768	2025-05-14 23:31:18.570248+02	6	2010-10-01: Uroczystość "Pierwsza inauguracja roku akademickiego BCS"	2	[{"added": {"name": "Zdarzenie", "object": "2010-10-01 - bobo"}}]	19	1
770	2025-05-14 23:32:22.904678+02	18	2010-10-01 - bobo	2	[]	20	1
739	2025-05-14 20:47:31.762372+02	2	2010-10-01 - International Cantus: Gaudeamus	2	[{"changed": {"name": "Osoba", "object": "None - Kronika | Zdarzenie - 2010-10-01 - International Cantus: Gaudeamus", "fields": ["Cz\\u0142onek"]}}, {"changed": {"name": "Osoba", "object": "None - Kronika | Zdarzenie - 2010-10-01 - International Cantus: Gaudeamus", "fields": ["Inna osoba"]}}, {"changed": {"name": "Osoba", "object": "None - Kronika | Zdarzenie - 2010-10-01 - International Cantus: Gaudeamus", "fields": ["Inna osoba"]}}, {"changed": {"name": "Osoba", "object": "None - Kronika | Zdarzenie - 2010-10-01 - International Cantus: Gaudeamus", "fields": ["Inna osoba"]}}]	20	1
740	2025-05-14 20:47:38.535016+02	2	2010-10-01 - International Cantus: Gaudeamus	2	[]	20	1
741	2025-05-14 20:48:22.920262+02	3	2010-10-01 - Pierwszy pochód z Collegium Maius do Auditorium Maximum	2	[{"changed": {"fields": ["Wydarzenie", "Miejsce"]}}]	20	1
742	2025-05-14 20:49:20.017801+02	6	2010-10-01: Uroczystość "Pierwsza inauguracja roku akademickiego BCS"	2	[{"added": {"name": "Osoba", "object": "Kasper \\"Pumba\\" Krawet - Kronika | Wydarzenie - 2010-10-01: Uroczysto\\u015b\\u0107 \\"Pierwsza inauguracja roku akademickiego BCS\\""}}, {"added": {"name": "Osoba", "object": "None - Kronika | Wydarzenie - 2010-10-01: Uroczysto\\u015b\\u0107 \\"Pierwsza inauguracja roku akademickiego BCS\\""}}, {"added": {"name": "Osoba", "object": "None - Kronika | Wydarzenie - 2010-10-01: Uroczysto\\u015b\\u0107 \\"Pierwsza inauguracja roku akademickiego BCS\\""}}, {"added": {"name": "Osoba", "object": "None - Kronika | Wydarzenie - 2010-10-01: Uroczysto\\u015b\\u0107 \\"Pierwsza inauguracja roku akademickiego BCS\\""}}]	19	1
743	2025-05-14 20:49:31.346615+02	3	2010-10-01 - Pierwszy pochód z Collegium Maius do Auditorium Maximum	2	[]	20	1
744	2025-05-14 20:53:40.298157+02	3	2010-10-01 - Pierwszy pochód z Collegium Maius do Auditorium Maximum	2	[{"changed": {"name": "Osoba", "object": "None - Kronika | Zdarzenie - 2010-10-01 - Pierwszy poch\\u00f3d z Collegium Maius do Auditorium Maximum", "fields": ["Cz\\u0142onek"]}}, {"changed": {"name": "Osoba", "object": "None - Kronika | Zdarzenie - 2010-10-01 - Pierwszy poch\\u00f3d z Collegium Maius do Auditorium Maximum", "fields": ["Inna osoba"]}}, {"changed": {"name": "Osoba", "object": "None - Kronika | Zdarzenie - 2010-10-01 - Pierwszy poch\\u00f3d z Collegium Maius do Auditorium Maximum", "fields": ["Inna osoba"]}}, {"changed": {"name": "Osoba", "object": "None - Kronika | Zdarzenie - 2010-10-01 - Pierwszy poch\\u00f3d z Collegium Maius do Auditorium Maximum", "fields": ["Inna osoba"]}}]	20	1
745	2025-05-14 20:54:10.755102+02	6	2010-10-01: Uroczystość "Pierwsza inauguracja roku akademickiego BCS"	2	[{"added": {"name": "Osoba", "object": "Kasper \\"Pumba\\" Krawet - Kronika | Wydarzenie - 2010-10-01: Uroczysto\\u015b\\u0107 \\"Pierwsza inauguracja roku akademickiego BCS\\""}}, {"added": {"name": "Osoba", "object": "None - Kronika | Wydarzenie - 2010-10-01: Uroczysto\\u015b\\u0107 \\"Pierwsza inauguracja roku akademickiego BCS\\""}}, {"added": {"name": "Osoba", "object": "None - Kronika | Wydarzenie - 2010-10-01: Uroczysto\\u015b\\u0107 \\"Pierwsza inauguracja roku akademickiego BCS\\""}}, {"added": {"name": "Osoba", "object": "None - Kronika | Wydarzenie - 2010-10-01: Uroczysto\\u015b\\u0107 \\"Pierwsza inauguracja roku akademickiego BCS\\""}}]	19	1
746	2025-05-14 20:54:41.037161+02	3	2010-10-01 - Pierwszy pochód z Collegium Maius do Auditorium Maximum	2	[]	20	1
747	2025-05-14 20:55:53.479371+02	4	2010-10-01 - Prelekcje na temat studenckiego folkloru	2	[{"changed": {"fields": ["Wydarzenie", "Miejsce"]}}]	20	1
748	2025-05-14 20:56:45.187632+02	4	2010-10-01 - Prelekcje na temat studenckiego folkloru	3		20	1
749	2025-05-14 20:57:46.605605+02	12	2025-05-14 - Prelekcje na temat studenckiego folkloru	1	[{"added": {}}]	20	1
750	2025-05-14 20:58:15.239433+02	6	2010-10-01: Uroczystość "Pierwsza inauguracja roku akademickiego BCS"	2	[{"changed": {"fields": ["Zdarzenia"]}}]	19	1
751	2025-05-14 21:01:12.696863+02	12	2010-10-01 - Prelekcje na temat studenckiego folkloru	2	[]	20	1
752	2025-05-14 21:01:22.771319+02	12	2010-10-01 - Prelekcje na temat studenckiego folkloru	2	[]	20	1
753	2025-05-14 22:57:27.486357+02	6	2010-10-01: Uroczystość "Pierwsza inauguracja roku akademickiego BCS"	2	[]	19	1
754	2025-05-14 22:58:33.370925+02	6	2010-10-01: Uroczystość "Pierwsza inauguracja roku akademickiego BCS"	2	[]	19	1
755	2025-05-14 23:03:40.849531+02	13	2010-10-01 - Prelekcje na temat studenckiego folkloru	1	[{"added": {}}, {"added": {"name": "Osoba", "object": "Kasper \\"Pumba\\" Krawet - Kronika | Zdarzenie - 2010-10-01 - Prelekcje na temat studenckiego folkloru"}}, {"added": {"name": "Osoba", "object": "None - Kronika | Zdarzenie - 2010-10-01 - Prelekcje na temat studenckiego folkloru"}}, {"added": {"name": "Osoba", "object": "None - Kronika | Zdarzenie - 2010-10-01 - Prelekcje na temat studenckiego folkloru"}}, {"added": {"name": "Osoba", "object": "None - Kronika | Zdarzenie - 2010-10-01 - Prelekcje na temat studenckiego folkloru"}}]	20	1
756	2025-05-14 23:04:08.329538+02	14	2010-10-01 - Prelekcje na temat studenckiego folkloru	1	[{"added": {}}, {"added": {"name": "Osoba", "object": "Kasper \\"Pumba\\" Krawet - Kronika | Zdarzenie - 2010-10-01 - Prelekcje na temat studenckiego folkloru"}}, {"added": {"name": "Osoba", "object": "None - Kronika | Zdarzenie - 2010-10-01 - Prelekcje na temat studenckiego folkloru"}}, {"added": {"name": "Osoba", "object": "None - Kronika | Zdarzenie - 2010-10-01 - Prelekcje na temat studenckiego folkloru"}}, {"added": {"name": "Osoba", "object": "None - Kronika | Zdarzenie - 2010-10-01 - Prelekcje na temat studenckiego folkloru"}}, {"added": {"name": "Osoba", "object": "Kasper \\"Pumba\\" Krawet - Kronika | Zdarzenie - 2010-10-01 - Prelekcje na temat studenckiego folkloru"}}, {"added": {"name": "Osoba", "object": "None - Kronika | Zdarzenie - 2010-10-01 - Prelekcje na temat studenckiego folkloru"}}, {"added": {"name": "Osoba", "object": "None - Kronika | Zdarzenie - 2010-10-01 - Prelekcje na temat studenckiego folkloru"}}, {"added": {"name": "Osoba", "object": "None - Kronika | Zdarzenie - 2010-10-01 - Prelekcje na temat studenckiego folkloru"}}]	20	1
757	2025-05-14 23:04:20.07876+02	14	2010-10-01 - Prelekcje na temat studenckiego folkloru	3		20	1
758	2025-05-14 23:04:39.567131+02	13	2010-10-01 - Prelekcje na temat studenckiego folkloru	3		20	1
759	2025-05-14 23:05:41.945839+02	1	2010-05-12 - Samorząd nosi czapki	2	[{"changed": {"fields": ["Wydarzenie"]}}]	20	1
760	2025-05-14 23:05:56.418303+02	1	2010-05-12 - Samorząd nosi czapki	2	[{"changed": {"fields": ["Miejsce"]}}]	20	1
761	2025-05-14 23:06:38.104409+02	6	2010-10-01: Uroczystość "Pierwsza inauguracja roku akademickiego BCS"	2	[{"added": {"name": "Zdarzenie", "object": "2010-10-01 - blabla"}}]	19	1
762	2025-05-14 23:20:54.354797+02	6	2010-10-01: Uroczystość "Pierwsza inauguracja roku akademickiego BCS"	2	[]	19	1
763	2025-05-14 23:22:21.666436+02	6	2010-10-01: Uroczystość "Pierwsza inauguracja roku akademickiego BCS"	2	[{"added": {"name": "Zdarzenie", "object": "2025-05-14 - bobo"}}, {"deleted": {"name": "Zdarzenie", "object": "2010-10-01 - blabla"}}]	19	1
764	2025-05-14 23:22:59.253925+02	16	2025-05-14 - bobo	2	[]	20	1
765	2025-05-14 23:23:40.368555+02	16	2025-05-14 - bobo	3		20	1
766	2025-05-14 23:24:40.076932+02	6	2010-10-01: Uroczystość "Pierwsza inauguracja roku akademickiego BCS"	2	[{"added": {"name": "Zdarzenie", "object": "2025-05-14 - bobo"}}]	19	1
769	2025-05-14 23:31:56.989219+02	18	2010-10-01 - bobo	2	[{"changed": {"fields": ["Miejsce"]}}]	20	1
771	2025-05-14 23:32:27.125455+02	18	2010-10-01 - bobo	2	[]	20	1
772	2025-05-14 23:32:47.121223+02	6	2010-10-01: Uroczystość "Pierwsza inauguracja roku akademickiego BCS"	2	[{"deleted": {"name": "Zdarzenie", "object": "2010-10-01 - bobo"}}]	19	1
773	2025-05-14 23:40:04.710904+02	6	2010-10-01: Uroczystość "Pierwsza inauguracja roku akademickiego BCS"	2	[]	19	1
774	2025-05-14 23:55:56.461316+02	6	2010-10-01: Uroczystość "Pierwsza inauguracja roku akademickiego BCS"	2	[]	19	1
775	2025-05-15 00:32:49.239103+02	11	2025-05-09 - Impreza ze stoiskami balli i muzyką	2	[{"added": {"name": "Zdj\\u0119cie ze zdarzenia", "object": "Impreza ze stoiskami balli i muzyk\\u0105 - karabinieri.jpg 2025-05-14"}}]	20	1
776	2025-05-15 00:41:09.085842+02	1	Impreza ze stoiskami balli i muzyką - karabinieri.jpg 2025-05-09	2	[]	34	1
777	2025-05-15 00:42:12.905799+02	1	Impreza ze stoiskami balli i muzyką - karabinieri.jpg 2025-05-09	2	[]	34	1
778	2025-05-15 00:42:20.318968+02	1	Impreza ze stoiskami balli i muzyką - karabinieri.jpg 2025-05-09	2	[]	34	1
1600	2025-07-21 15:57:03.478022+02	11	Planszówki	1	[{"added": {}}]	70	1
1621	2025-07-21 16:55:04.670814+02	1	2009-08-20: Historyczne "Założenie BCS"	2	[]	19	1
1642	2025-07-21 17:04:35.894369+02	24	Wycieczka rowerowa	1	[{"added": {}}]	70	1
798	2025-05-15 12:53:00.734833+02	26	2025-05-08 - 2025-05-11: Nie dotyczy "Faerie Matricularum"	1	[{"added": {}}]	19	1
799	2025-05-15 12:59:58.408698+02	26	2025-05-08 - 2025-05-11: Zagraniczny "Faerie Matricularum"	2	[{"changed": {"fields": ["Czy to wyjazd?", "Typ wyjazdu"]}}, {"added": {"name": "Zdarzenie", "object": "2025-05-09 - Impreza ze stoiskami balli i muzyk\\u0105"}}, {"added": {"name": "Zdarzenie", "object": "2025-05-09 - Przekazanie kluczy do miasta bolo\\u0144skim goliardom"}}, {"added": {"name": "Zdarzenie", "object": "2025-05-09 - Uroczyste nadanie feluk nowym goliardom"}}, {"added": {"name": "Zdarzenie", "object": "2025-05-09 - Zwiedzanie MEUS"}}, {"added": {"name": "Osoba", "object": "Micha\\u0142 \\"Cukier/Ma\\u0142olata\\" Malata - Kronika | Wydarzenie - 2025-05-08 - 2025-05-11: Zagraniczny \\"Faerie Matricularum\\""}}, {"added": {"name": "Osoba", "object": "Bart\\u0142omiej \\"Nobod\\" Grzeszykowski - Kronika | Wydarzenie - 2025-05-08 - 2025-05-11: Zagraniczny \\"Faerie Matricularum\\""}}, {"added": {"name": "Osoba", "object": "Bartosz \\"Heniek\\" Hepek - Kronika | Wydarzenie - 2025-05-08 - 2025-05-11: Zagraniczny \\"Faerie Matricularum\\""}}, {"added": {"name": "Osoba", "object": "Martyna \\"Bober\\" Kubiak - Kronika | Wydarzenie - 2025-05-08 - 2025-05-11: Zagraniczny \\"Faerie Matricularum\\""}}, {"added": {"name": "Osoba", "object": "Sandra \\"Sander\\" Chandzlik - Kronika | Wydarzenie - 2025-05-08 - 2025-05-11: Zagraniczny \\"Faerie Matricularum\\""}}, {"added": {"name": "Osoba", "object": "Maria \\"Felis\\" Turakiewicz - Kronika | Wydarzenie - 2025-05-08 - 2025-05-11: Zagraniczny \\"Faerie Matricularum\\""}}, {"added": {"name": "Osoba", "object": "Herman \\"Stabilizator/Rakieta\\" Chekurda - Kronika | Wydarzenie - 2025-05-08 - 2025-05-11: Zagraniczny \\"Faerie Matricularum\\""}}, {"added": {"name": "Osoba", "object": "Michalina \\"Allec\\" Kokosi\\u0144ska - Kronika | Wydarzenie - 2025-05-08 - 2025-05-11: Zagraniczny \\"Faerie Matricularum\\""}}, {"added": {"name": "Osoba", "object": "Damian \\"Bandera/Buch\\" Zych - Kronika | Wydarzenie - 2025-05-08 - 2025-05-11: Zagraniczny \\"Faerie Matricularum\\""}}, {"added": {"name": "Osoba", "object": "Dorota \\"Wa\\u0107panna/Doris\\" Dro\\u017cy\\u0144ska - Kronika | Wydarzenie - 2025-05-08 - 2025-05-11: Zagraniczny \\"Faerie Matricularum\\""}}, {"added": {"name": "Osoba", "object": "Bart\\u0142omiej \\"Kucharz\\" Olajossy - Kronika | Wydarzenie - 2025-05-08 - 2025-05-11: Zagraniczny \\"Faerie Matricularum\\""}}, {"added": {"name": "Osoba", "object": "Natalia \\"Szynka\\" Ciesielska (Olajossy) - Kronika | Wydarzenie - 2025-05-08 - 2025-05-11: Zagraniczny \\"Faerie Matricularum\\""}}, {"added": {"name": "Osoba", "object": "Kacper \\"Szogun\\" Wilk - Kronika | Wydarzenie - 2025-05-08 - 2025-05-11: Zagraniczny \\"Faerie Matricularum\\""}}, {"added": {"name": "Osoba", "object": "Krysia Cholewa - Kronika | Wydarzenie - 2025-05-08 - 2025-05-11: Zagraniczny \\"Faerie Matricularum\\""}}, {"added": {"name": "Osoba", "object": "Szymon \\"Tur\\" Zwias - Kronika | Wydarzenie - 2025-05-08 - 2025-05-11: Zagraniczny \\"Faerie Matricularum\\""}}, {"added": {"name": "Osoba", "object": "Wiktoria \\"Wedel\\" Dole\\u017cych - Kronika | Wydarzenie - 2025-05-08 - 2025-05-11: Zagraniczny \\"Faerie Matricularum\\""}}]	19	1
800	2025-05-15 13:00:39.535508+02	19	2025-05-09 - Impreza ze stoiskami balli i muzyką	2	[{"changed": {"fields": ["Miejsce", "Opis"]}}]	20	1
801	2025-05-15 13:10:47.813727+02	19	2025-05-09 - Impreza ze stoiskami balli i muzyką	2	[]	20	1
802	2025-05-15 15:27:55.542235+02	19	2025-05-09 - Impreza ze stoiskami balli i muzyką	2	[{"changed": {"name": "Osoba", "object": "Damian \\"Bandera/Buch\\" Zych - Kronika | Zdarzenie - 2025-05-09 - Impreza ze stoiskami balli i muzyk\\u0105", "fields": ["Cz\\u0142onek"]}}, {"deleted": {"name": "Osoba", "object": "None - Kronika | Zdarzenie - 2025-05-09 - Impreza ze stoiskami balli i muzyk\\u0105"}}, {"deleted": {"name": "Osoba", "object": "None - Kronika | Zdarzenie - 2025-05-09 - Impreza ze stoiskami balli i muzyk\\u0105"}}]	20	1
803	2025-05-15 15:28:11.919122+02	19	2025-05-09 - Impreza ze stoiskami balli i muzyką	2	[{"deleted": {"name": "Osoba", "object": "Damian \\"Bandera/Buch\\" Zych - Kronika | Zdarzenie - 2025-05-09 - Impreza ze stoiskami balli i muzyk\\u0105"}}]	20	1
804	2025-05-15 15:28:24.74594+02	11	2025-05-09 - Impreza ze stoiskami balli i muzyką	3		20	1
805	2025-05-15 15:29:01.924491+02	20	2025-05-09 - Przekazanie kluczy do miasta bolońskim goliardom	2	[{"changed": {"fields": ["Miejsce", "Opis"]}}]	20	1
806	2025-05-15 15:29:20.788462+02	20	2025-05-09 - Przekazanie kluczy do miasta bolońskim goliardom	2	[]	20	1
807	2025-05-15 15:29:46.146554+02	20	2025-05-09 - Przekazanie kluczy do miasta bolońskim goliardom	2	[{"deleted": {"name": "Osoba", "object": "Bart\\u0142omiej \\"Kucharz\\" Olajossy - Kronika | Zdarzenie - 2025-05-09 - Przekazanie kluczy do miasta bolo\\u0144skim goliardom"}}, {"deleted": {"name": "Osoba", "object": "Natalia \\"Szynka\\" Ciesielska (Olajossy) - Kronika | Zdarzenie - 2025-05-09 - Przekazanie kluczy do miasta bolo\\u0144skim goliardom"}}]	20	1
808	2025-05-15 15:30:02.499761+02	8	2025-05-09 - Przekazanie kluczy do miasta bolońskim goliardom	3		20	1
809	2025-05-15 15:30:38.06787+02	21	2025-05-09 - Uroczyste nadanie feluk nowym goliardom	2	[{"changed": {"fields": ["Miejsce", "Opis"]}}]	20	1
810	2025-05-15 15:31:10.163778+02	21	2025-05-09 - Uroczyste nadanie feluk nowym goliardom	2	[{"deleted": {"name": "Osoba", "object": "Bart\\u0142omiej \\"Kucharz\\" Olajossy - Kronika | Zdarzenie - 2025-05-09 - Uroczyste nadanie feluk nowym goliardom"}}, {"deleted": {"name": "Osoba", "object": "Natalia \\"Szynka\\" Ciesielska (Olajossy) - Kronika | Zdarzenie - 2025-05-09 - Uroczyste nadanie feluk nowym goliardom"}}, {"deleted": {"name": "Osoba", "object": "Krysia Cholewa - Kronika | Zdarzenie - 2025-05-09 - Uroczyste nadanie feluk nowym goliardom"}}]	20	1
811	2025-05-15 15:31:20.202879+02	10	2025-05-09 - Uroczyste nadanie feluk nowym goliardom	3		20	1
812	2025-05-15 15:31:39.08055+02	22	2025-05-09 - Zwiedzanie MEUS	2	[{"changed": {"fields": ["Miejsce", "Opis"]}}]	20	1
813	2025-05-15 15:32:04.422313+02	22	2025-05-09 - Zwiedzanie MEUS	2	[{"deleted": {"name": "Osoba", "object": "Bart\\u0142omiej \\"Kucharz\\" Olajossy - Kronika | Zdarzenie - 2025-05-09 - Zwiedzanie MEUS"}}, {"deleted": {"name": "Osoba", "object": "Natalia \\"Szynka\\" Ciesielska (Olajossy) - Kronika | Zdarzenie - 2025-05-09 - Zwiedzanie MEUS"}}, {"deleted": {"name": "Osoba", "object": "Wiktoria \\"Wedel\\" Dole\\u017cych - Kronika | Zdarzenie - 2025-05-09 - Zwiedzanie MEUS"}}]	20	1
814	2025-05-15 15:32:11.763962+02	9	2025-05-09 - Zwiedzanie MEUS	3		20	1
815	2025-05-15 15:34:04.078841+02	25	Piazza Maggiore - Ogród/Plac, Piazza Maggiore, Bolonia, Włochy	1	[{"added": {}}]	16	1
816	2025-05-15 15:35:10.530477+02	26	Bazylika św. Petroniusza - Obiekt kultury, Piazza Maggiore, Bolonia, Włochy	1	[{"added": {}}]	16	1
817	2025-05-15 15:36:41.495441+02	27	Bar Birroteca Lupulus - Pub/Klub, Via Giuseppe Petroni, 7a, Bolonia, Włochy	1	[{"added": {}}]	16	1
818	2025-05-15 15:37:33.023469+02	26	2025-05-08 - 2025-05-11: Zagraniczny "Faerie Matricularum"	2	[{"changed": {"fields": ["Miejsca"]}}]	19	1
819	2025-05-15 15:37:42.652051+02	27	Bar Birroteca Lupulus - Bar, Via Giuseppe Petroni, 7a, Bolonia, Włochy	2	[{"changed": {"fields": ["Typ miejsca"]}}]	16	1
820	2025-05-15 15:53:51.150725+02	19	2025-05-09 - Impreza ze stoiskami balli i muzyką	2	[]	20	1
1601	2025-07-21 15:57:09.455421+02	12	Reaktywacja	1	[{"added": {}}]	70	1
1622	2025-07-21 16:55:14.647882+02	1	2009-08-20: Historyczne "Założenie BCS"	2	[{"changed": {"fields": ["Typ wyjazdu"]}}]	19	1
1643	2025-07-21 17:04:38.861736+02	21	2011-05-07: Wycieczka rowerowa "Czapkowa eskapada rowerowa szlakiem Bema"	2	[{"changed": {"fields": ["Typ wydarzenia"]}}]	19	1
853	2025-05-19 23:45:04.109203+02	1	Django	1	[{"added": {}}]	37	1
854	2025-05-19 23:48:47.041186+02	1	Django	2	[{"changed": {"fields": ["Sticky submit", "Sticky pagination", "Quick remove links for active filters at top of sidebar", "Collapsible stacked inlines", "Collapsible tabular inlines"]}}]	37	1
855	2025-05-19 23:53:35.654209+02	1	Django	2	[{"changed": {"fields": ["Favicon"]}}]	37	1
856	2025-05-19 23:57:33.709651+02	1	Django	2	[{"changed": {"fields": ["Color"]}}]	37	1
857	2025-05-20 00:00:24.296462+02	1	Django	2	[{"changed": {"fields": ["Background color"]}}]	37	1
858	2025-05-20 00:00:33.513245+02	1	Django	2	[{"changed": {"fields": ["Active"]}}]	37	1
859	2025-05-20 00:04:23.341618+02	2	Django	2	[{"changed": {"fields": ["Active"]}}]	37	1
860	2025-05-20 00:11:02.035213+02	2	Django	2	[{"changed": {"fields": ["Background color", "Text color"]}}]	37	1
861	2025-05-21 22:48:03.237713+02	28	W dupie - Inny, Ulica 1, Kraków, Polska	1	[{"added": {}}]	16	1
862	2025-05-21 22:48:54.892546+02	28	W dupie - Inny, Chyba wiesz, gdzie masz dupę	2	[{"changed": {"fields": ["Adres"]}}]	16	1
863	2025-05-21 23:12:55.743357+02	26	2025-05-08 - 2025-05-11: Zagraniczny "Faerie Matricularum"	2	[{"changed": {"name": "Zdarzenie", "object": "2025-05-09 - Przekazanie kluczy do miasta bolo\\u0144skim goliardom", "fields": ["Godzina"]}}, {"changed": {"name": "Zdarzenie", "object": "2025-05-09 - Uroczyste nadanie feluk nowym goliardom", "fields": ["Godzina"]}}, {"changed": {"name": "Zdarzenie", "object": "2025-05-09 - Zwiedzanie MEUS", "fields": ["Godzina"]}}]	19	1
864	2025-05-21 23:14:02.936349+02	26	2025-05-08 - 2025-05-11: Zagraniczny "Faerie Matricularum"	2	[]	19	1
865	2025-05-21 23:15:51.936548+02	26	2025-05-08 - 2025-05-11: Zagraniczny "Faerie Matricularum"	2	[]	19	1
866	2025-05-21 23:19:29.403366+02	29	Piazza Vittorio Puntoni - Ogród/Plac, Bolonia, Włochy	1	[{"added": {}}]	16	1
867	2025-05-21 23:23:29.714157+02	26	2025-05-08 - 2025-05-11: Zagraniczny "Faerie Matricularum"	2	[{"added": {"name": "Zdarzenie", "object": "2025-05-10 12:00:00 - Parada przebierana"}}, {"added": {"name": "Zdarzenie", "object": "2025-05-10 14:00:00 - Darmowy lunch dla uczestnik\\u00f3w parady"}}, {"changed": {"name": "Zdarzenie", "object": "2025-05-09 20:00:00 - Impreza ze stoiskami balli i muzyk\\u0105", "fields": ["Godzina"]}}]	19	1
868	2025-05-21 23:26:35.870341+02	24	2025-05-10 14:00:00 - Darmowy lunch dla uczestników parady	2	[{"changed": {"fields": ["Miejsce", "Opis"]}}]	20	1
869	2025-05-21 23:37:14.015033+02	23	2025-05-10 12:00:00 - Parada przebierana	2	[{"changed": {"fields": ["Opis"]}}, {"deleted": {"name": "Osoba", "object": "Bart\\u0142omiej \\"Kucharz\\" Olajossy - Kronika | Zdarzenie - 2025-05-10 12:00:00 - Parada przebierana"}}, {"deleted": {"name": "Osoba", "object": "Natalia \\"Szynka\\" Ciesielska (Olajossy) - Kronika | Zdarzenie - 2025-05-10 12:00:00 - Parada przebierana"}}]	20	1
870	2025-05-21 23:37:35.719713+02	26	2025-05-08 - 2025-05-11: Zagraniczny "Faerie Matricularum"	2	[{"changed": {"name": "Zdarzenie", "object": "2025-05-10 14:00:00 - Darmowy lunch dla uczestnik\\u00f3w parady", "fields": ["Miejsce"]}}]	19	1
871	2025-05-21 23:39:10.429534+02	24	2025-05-10 14:00:00 - Darmowy lunch dla uczestników parady	2	[{"changed": {"fields": ["Miejsce"]}}, {"deleted": {"name": "Osoba", "object": "Micha\\u0142 \\"Cukier/Ma\\u0142olata\\" Malata - Kronika | Zdarzenie - 2025-05-10 14:00:00 - Darmowy lunch dla uczestnik\\u00f3w parady"}}, {"deleted": {"name": "Osoba", "object": "Bart\\u0142omiej \\"Nobod\\" Grzeszykowski - Kronika | Zdarzenie - 2025-05-10 14:00:00 - Darmowy lunch dla uczestnik\\u00f3w parady"}}, {"deleted": {"name": "Osoba", "object": "Bartosz \\"Heniek\\" Hepek - Kronika | Zdarzenie - 2025-05-10 14:00:00 - Darmowy lunch dla uczestnik\\u00f3w parady"}}, {"deleted": {"name": "Osoba", "object": "Martyna \\"Bober\\" Kubiak - Kronika | Zdarzenie - 2025-05-10 14:00:00 - Darmowy lunch dla uczestnik\\u00f3w parady"}}, {"deleted": {"name": "Osoba", "object": "Sandra \\"Sander\\" Chandzlik - Kronika | Zdarzenie - 2025-05-10 14:00:00 - Darmowy lunch dla uczestnik\\u00f3w parady"}}, {"deleted": {"name": "Osoba", "object": "Maria \\"Felis\\" Turakiewicz - Kronika | Zdarzenie - 2025-05-10 14:00:00 - Darmowy lunch dla uczestnik\\u00f3w parady"}}, {"deleted": {"name": "Osoba", "object": "Herman \\"Stabilizator/Rakieta\\" Chekurda - Kronika | Zdarzenie - 2025-05-10 14:00:00 - Darmowy lunch dla uczestnik\\u00f3w parady"}}, {"deleted": {"name": "Osoba", "object": "Michalina \\"Allec\\" Kokosi\\u0144ska - Kronika | Zdarzenie - 2025-05-10 14:00:00 - Darmowy lunch dla uczestnik\\u00f3w parady"}}, {"deleted": {"name": "Osoba", "object": "Damian \\"Bandera/Buch\\" Zych - Kronika | Zdarzenie - 2025-05-10 14:00:00 - Darmowy lunch dla uczestnik\\u00f3w parady"}}, {"deleted": {"name": "Osoba", "object": "Dorota \\"Wa\\u0107panna/Doris\\" Dro\\u017cy\\u0144ska - Kronika | Zdarzenie - 2025-05-10 14:00:00 - Darmowy lunch dla uczestnik\\u00f3w parady"}}, {"deleted": {"name": "Osoba", "object": "Bart\\u0142omiej \\"Kucharz\\" Olajossy - Kronika | Zdarzenie - 2025-05-10 14:00:00 - Darmowy lunch dla uczestnik\\u00f3w parady"}}, {"deleted": {"name": "Osoba", "object": "Natalia \\"Szynka\\" Ciesielska (Olajossy) - Kronika | Zdarzenie - 2025-05-10 14:00:00 - Darmowy lunch dla uczestnik\\u00f3w parady"}}, {"deleted": {"name": "Osoba", "object": "Kacper \\"Szogun\\" Wilk - Kronika | Zdarzenie - 2025-05-10 14:00:00 - Darmowy lunch dla uczestnik\\u00f3w parady"}}, {"deleted": {"name": "Osoba", "object": "Krysia Cholewa - Kronika | Zdarzenie - 2025-05-10 14:00:00 - Darmowy lunch dla uczestnik\\u00f3w parady"}}, {"deleted": {"name": "Osoba", "object": "Szymon \\"Tur\\" Zwias - Kronika | Zdarzenie - 2025-05-10 14:00:00 - Darmowy lunch dla uczestnik\\u00f3w parady"}}, {"deleted": {"name": "Osoba", "object": "Wiktoria \\"Wedel\\" Dole\\u017cych - Kronika | Zdarzenie - 2025-05-10 14:00:00 - Darmowy lunch dla uczestnik\\u00f3w parady"}}, {"deleted": {"name": "Osoba", "object": "Micha\\u0142 \\"Cukier/Ma\\u0142olata\\" Malata - Kronika | Zdarzenie - 2025-05-10 14:00:00 - Darmowy lunch dla uczestnik\\u00f3w parady"}}, {"deleted": {"name": "Osoba", "object": "Bart\\u0142omiej \\"Nobod\\" Grzeszykowski - Kronika | Zdarzenie - 2025-05-10 14:00:00 - Darmowy lunch dla uczestnik\\u00f3w parady"}}, {"deleted": {"name": "Osoba", "object": "Bartosz \\"Heniek\\" Hepek - Kronika | Zdarzenie - 2025-05-10 14:00:00 - Darmowy lunch dla uczestnik\\u00f3w parady"}}, {"deleted": {"name": "Osoba", "object": "Martyna \\"Bober\\" Kubiak - Kronika | Zdarzenie - 2025-05-10 14:00:00 - Darmowy lunch dla uczestnik\\u00f3w parady"}}, {"deleted": {"name": "Osoba", "object": "Sandra \\"Sander\\" Chandzlik - Kronika | Zdarzenie - 2025-05-10 14:00:00 - Darmowy lunch dla uczestnik\\u00f3w parady"}}, {"deleted": {"name": "Osoba", "object": "Maria \\"Felis\\" Turakiewicz - Kronika | Zdarzenie - 2025-05-10 14:00:00 - Darmowy lunch dla uczestnik\\u00f3w parady"}}, {"deleted": {"name": "Osoba", "object": "Herman \\"Stabilizator/Rakieta\\" Chekurda - Kronika | Zdarzenie - 2025-05-10 14:00:00 - Darmowy lunch dla uczestnik\\u00f3w parady"}}, {"deleted": {"name": "Osoba", "object": "Michalina \\"Allec\\" Kokosi\\u0144ska - Kronika | Zdarzenie - 2025-05-10 14:00:00 - Darmowy lunch dla uczestnik\\u00f3w parady"}}, {"deleted": {"name": "Osoba", "object": "Damian \\"Bandera/Buch\\" Zych - Kronika | Zdarzenie - 2025-05-10 14:00:00 - Darmowy lunch dla uczestnik\\u00f3w parady"}}, {"deleted": {"name": "Osoba", "object": "Dorota \\"Wa\\u0107panna/Doris\\" Dro\\u017cy\\u0144ska - Kronika | Zdarzenie - 2025-05-10 14:00:00 - Darmowy lunch dla uczestnik\\u00f3w parady"}}, {"deleted": {"name": "Osoba", "object": "Bart\\u0142omiej \\"Kucharz\\" Olajossy - Kronika | Zdarzenie - 2025-05-10 14:00:00 - Darmowy lunch dla uczestnik\\u00f3w parady"}}, {"deleted": {"name": "Osoba", "object": "Natalia \\"Szynka\\" Ciesielska (Olajossy) - Kronika | Zdarzenie - 2025-05-10 14:00:00 - Darmowy lunch dla uczestnik\\u00f3w parady"}}, {"deleted": {"name": "Osoba", "object": "Kacper \\"Szogun\\" Wilk - Kronika | Zdarzenie - 2025-05-10 14:00:00 - Darmowy lunch dla uczestnik\\u00f3w parady"}}, {"deleted": {"name": "Osoba", "object": "Krysia Cholewa - Kronika | Zdarzenie - 2025-05-10 14:00:00 - Darmowy lunch dla uczestnik\\u00f3w parady"}}, {"deleted": {"name": "Osoba", "object": "Szymon \\"Tur\\" Zwias - Kronika | Zdarzenie - 2025-05-10 14:00:00 - Darmowy lunch dla uczestnik\\u00f3w parady"}}, {"deleted": {"name": "Osoba", "object": "Wiktoria \\"Wedel\\" Dole\\u017cych - Kronika | Zdarzenie - 2025-05-10 14:00:00 - Darmowy lunch dla uczestnik\\u00f3w parady"}}]	20	1
872	2025-05-21 23:40:21.449673+02	24	2025-05-10 14:00:00 - Darmowy lunch dla uczestników parady	2	[{"deleted": {"name": "Osoba", "object": "Micha\\u0142 \\"Cukier/Ma\\u0142olata\\" Malata - Kronika | Zdarzenie - 2025-05-10 14:00:00 - Darmowy lunch dla uczestnik\\u00f3w parady"}}, {"deleted": {"name": "Osoba", "object": "Bart\\u0142omiej \\"Nobod\\" Grzeszykowski - Kronika | Zdarzenie - 2025-05-10 14:00:00 - Darmowy lunch dla uczestnik\\u00f3w parady"}}, {"deleted": {"name": "Osoba", "object": "Bartosz \\"Heniek\\" Hepek - Kronika | Zdarzenie - 2025-05-10 14:00:00 - Darmowy lunch dla uczestnik\\u00f3w parady"}}, {"deleted": {"name": "Osoba", "object": "Martyna \\"Bober\\" Kubiak - Kronika | Zdarzenie - 2025-05-10 14:00:00 - Darmowy lunch dla uczestnik\\u00f3w parady"}}, {"deleted": {"name": "Osoba", "object": "Sandra \\"Sander\\" Chandzlik - Kronika | Zdarzenie - 2025-05-10 14:00:00 - Darmowy lunch dla uczestnik\\u00f3w parady"}}, {"deleted": {"name": "Osoba", "object": "Maria \\"Felis\\" Turakiewicz - Kronika | Zdarzenie - 2025-05-10 14:00:00 - Darmowy lunch dla uczestnik\\u00f3w parady"}}, {"deleted": {"name": "Osoba", "object": "Herman \\"Stabilizator/Rakieta\\" Chekurda - Kronika | Zdarzenie - 2025-05-10 14:00:00 - Darmowy lunch dla uczestnik\\u00f3w parady"}}, {"deleted": {"name": "Osoba", "object": "Michalina \\"Allec\\" Kokosi\\u0144ska - Kronika | Zdarzenie - 2025-05-10 14:00:00 - Darmowy lunch dla uczestnik\\u00f3w parady"}}, {"deleted": {"name": "Osoba", "object": "Damian \\"Bandera/Buch\\" Zych - Kronika | Zdarzenie - 2025-05-10 14:00:00 - Darmowy lunch dla uczestnik\\u00f3w parady"}}, {"deleted": {"name": "Osoba", "object": "Dorota \\"Wa\\u0107panna/Doris\\" Dro\\u017cy\\u0144ska - Kronika | Zdarzenie - 2025-05-10 14:00:00 - Darmowy lunch dla uczestnik\\u00f3w parady"}}, {"deleted": {"name": "Osoba", "object": "Bart\\u0142omiej \\"Kucharz\\" Olajossy - Kronika | Zdarzenie - 2025-05-10 14:00:00 - Darmowy lunch dla uczestnik\\u00f3w parady"}}, {"deleted": {"name": "Osoba", "object": "Natalia \\"Szynka\\" Ciesielska (Olajossy) - Kronika | Zdarzenie - 2025-05-10 14:00:00 - Darmowy lunch dla uczestnik\\u00f3w parady"}}, {"deleted": {"name": "Osoba", "object": "Kacper \\"Szogun\\" Wilk - Kronika | Zdarzenie - 2025-05-10 14:00:00 - Darmowy lunch dla uczestnik\\u00f3w parady"}}, {"deleted": {"name": "Osoba", "object": "Krysia Cholewa - Kronika | Zdarzenie - 2025-05-10 14:00:00 - Darmowy lunch dla uczestnik\\u00f3w parady"}}, {"deleted": {"name": "Osoba", "object": "Szymon \\"Tur\\" Zwias - Kronika | Zdarzenie - 2025-05-10 14:00:00 - Darmowy lunch dla uczestnik\\u00f3w parady"}}, {"deleted": {"name": "Osoba", "object": "Wiktoria \\"Wedel\\" Dole\\u017cych - Kronika | Zdarzenie - 2025-05-10 14:00:00 - Darmowy lunch dla uczestnik\\u00f3w parady"}}]	20	1
873	2025-05-21 23:40:26.861076+02	24	2025-05-10 14:00:00 - Darmowy lunch dla uczestników parady	2	[]	20	1
874	2025-05-21 23:42:01.257572+02	26	2025-05-08 - 2025-05-11: Zagraniczny "Faerie Matricularum"	2	[{"changed": {"name": "Zdarzenie", "object": "2025-05-10 14:00:00 - Darmowy lunch dla uczestnik\\u00f3w parady", "fields": ["Miejsce"]}}]	19	1
875	2025-05-21 23:42:21.055748+02	24	2025-05-10 14:00:00 - Darmowy lunch dla uczestników parady	2	[{"changed": {"fields": ["Miejsce"]}}]	20	1
876	2025-05-21 23:42:26.48494+02	24	2025-05-10 14:00:00 - Darmowy lunch dla uczestników parady	2	[]	20	1
877	2025-05-21 23:42:30.722778+02	26	2025-05-08 - 2025-05-11: Zagraniczny "Faerie Matricularum"	2	[{"changed": {"name": "Zdarzenie", "object": "2025-05-10 14:00:00 - Darmowy lunch dla uczestnik\\u00f3w parady", "fields": ["Miejsce"]}}]	19	1
878	2025-05-21 23:46:04.923601+02	26	2025-05-08 - 2025-05-11: Zagraniczny "Faerie Matricularum"	2	[]	19	1
879	2025-05-21 23:46:43.718319+02	26	2025-05-08 - 2025-05-11: Zagraniczny "Faerie Matricularum"	2	[{"changed": {"name": "Zdarzenie", "object": "2025-05-10 14:00:00 - Darmowy lunch dla uczestnik\\u00f3w parady", "fields": ["Miejsce"]}}]	19	1
880	2025-05-21 23:56:33.837814+02	26	2025-05-08 - 2025-05-11: Zagraniczny "Faerie Matricularum"	2	[]	19	1
881	2025-05-22 00:01:03.379442+02	20	2025-05-09 12:00:00 - Przekazanie kluczy do miasta bolońskim goliardom	2	[{"deleted": {"name": "Osoba", "object": "Micha\\u0142 \\"Cukier/Ma\\u0142olata\\" Malata - Kronika | Zdarzenie - 2025-05-09 12:00:00 - Przekazanie kluczy do miasta bolo\\u0144skim goliardom"}}, {"deleted": {"name": "Osoba", "object": "Bart\\u0142omiej \\"Nobod\\" Grzeszykowski - Kronika | Zdarzenie - 2025-05-09 12:00:00 - Przekazanie kluczy do miasta bolo\\u0144skim goliardom"}}, {"deleted": {"name": "Osoba", "object": "Bartosz \\"Heniek\\" Hepek - Kronika | Zdarzenie - 2025-05-09 12:00:00 - Przekazanie kluczy do miasta bolo\\u0144skim goliardom"}}, {"deleted": {"name": "Osoba", "object": "Martyna \\"Bober\\" Kubiak - Kronika | Zdarzenie - 2025-05-09 12:00:00 - Przekazanie kluczy do miasta bolo\\u0144skim goliardom"}}, {"deleted": {"name": "Osoba", "object": "Sandra \\"Sander\\" Chandzlik - Kronika | Zdarzenie - 2025-05-09 12:00:00 - Przekazanie kluczy do miasta bolo\\u0144skim goliardom"}}, {"deleted": {"name": "Osoba", "object": "Maria \\"Felis\\" Turakiewicz - Kronika | Zdarzenie - 2025-05-09 12:00:00 - Przekazanie kluczy do miasta bolo\\u0144skim goliardom"}}, {"deleted": {"name": "Osoba", "object": "Herman \\"Stabilizator/Rakieta\\" Chekurda - Kronika | Zdarzenie - 2025-05-09 12:00:00 - Przekazanie kluczy do miasta bolo\\u0144skim goliardom"}}, {"deleted": {"name": "Osoba", "object": "Michalina \\"Allec\\" Kokosi\\u0144ska - Kronika | Zdarzenie - 2025-05-09 12:00:00 - Przekazanie kluczy do miasta bolo\\u0144skim goliardom"}}, {"deleted": {"name": "Osoba", "object": "Damian \\"Bandera/Buch\\" Zych - Kronika | Zdarzenie - 2025-05-09 12:00:00 - Przekazanie kluczy do miasta bolo\\u0144skim goliardom"}}, {"deleted": {"name": "Osoba", "object": "Dorota \\"Wa\\u0107panna/Doris\\" Dro\\u017cy\\u0144ska - Kronika | Zdarzenie - 2025-05-09 12:00:00 - Przekazanie kluczy do miasta bolo\\u0144skim goliardom"}}, {"deleted": {"name": "Osoba", "object": "Bart\\u0142omiej \\"Kucharz\\" Olajossy - Kronika | Zdarzenie - 2025-05-09 12:00:00 - Przekazanie kluczy do miasta bolo\\u0144skim goliardom"}}, {"deleted": {"name": "Osoba", "object": "Natalia \\"Szynka\\" Ciesielska (Olajossy) - Kronika | Zdarzenie - 2025-05-09 12:00:00 - Przekazanie kluczy do miasta bolo\\u0144skim goliardom"}}, {"deleted": {"name": "Osoba", "object": "Kacper \\"Szogun\\" Wilk - Kronika | Zdarzenie - 2025-05-09 12:00:00 - Przekazanie kluczy do miasta bolo\\u0144skim goliardom"}}, {"deleted": {"name": "Osoba", "object": "Krysia Cholewa - Kronika | Zdarzenie - 2025-05-09 12:00:00 - Przekazanie kluczy do miasta bolo\\u0144skim goliardom"}}, {"deleted": {"name": "Osoba", "object": "Szymon \\"Tur\\" Zwias - Kronika | Zdarzenie - 2025-05-09 12:00:00 - Przekazanie kluczy do miasta bolo\\u0144skim goliardom"}}, {"deleted": {"name": "Osoba", "object": "Wiktoria \\"Wedel\\" Dole\\u017cych - Kronika | Zdarzenie - 2025-05-09 12:00:00 - Przekazanie kluczy do miasta bolo\\u0144skim goliardom"}}, {"deleted": {"name": "Osoba", "object": "Micha\\u0142 \\"Cukier/Ma\\u0142olata\\" Malata - Kronika | Zdarzenie - 2025-05-09 12:00:00 - Przekazanie kluczy do miasta bolo\\u0144skim goliardom"}}, {"deleted": {"name": "Osoba", "object": "Bart\\u0142omiej \\"Nobod\\" Grzeszykowski - Kronika | Zdarzenie - 2025-05-09 12:00:00 - Przekazanie kluczy do miasta bolo\\u0144skim goliardom"}}, {"deleted": {"name": "Osoba", "object": "Bartosz \\"Heniek\\" Hepek - Kronika | Zdarzenie - 2025-05-09 12:00:00 - Przekazanie kluczy do miasta bolo\\u0144skim goliardom"}}, {"deleted": {"name": "Osoba", "object": "Martyna \\"Bober\\" Kubiak - Kronika | Zdarzenie - 2025-05-09 12:00:00 - Przekazanie kluczy do miasta bolo\\u0144skim goliardom"}}, {"deleted": {"name": "Osoba", "object": "Sandra \\"Sander\\" Chandzlik - Kronika | Zdarzenie - 2025-05-09 12:00:00 - Przekazanie kluczy do miasta bolo\\u0144skim goliardom"}}, {"deleted": {"name": "Osoba", "object": "Maria \\"Felis\\" Turakiewicz - Kronika | Zdarzenie - 2025-05-09 12:00:00 - Przekazanie kluczy do miasta bolo\\u0144skim goliardom"}}, {"deleted": {"name": "Osoba", "object": "Herman \\"Stabilizator/Rakieta\\" Chekurda - Kronika | Zdarzenie - 2025-05-09 12:00:00 - Przekazanie kluczy do miasta bolo\\u0144skim goliardom"}}, {"deleted": {"name": "Osoba", "object": "Michalina \\"Allec\\" Kokosi\\u0144ska - Kronika | Zdarzenie - 2025-05-09 12:00:00 - Przekazanie kluczy do miasta bolo\\u0144skim goliardom"}}, {"deleted": {"name": "Osoba", "object": "Damian \\"Bandera/Buch\\" Zych - Kronika | Zdarzenie - 2025-05-09 12:00:00 - Przekazanie kluczy do miasta bolo\\u0144skim goliardom"}}, {"deleted": {"name": "Osoba", "object": "Dorota \\"Wa\\u0107panna/Doris\\" Dro\\u017cy\\u0144ska - Kronika | Zdarzenie - 2025-05-09 12:00:00 - Przekazanie kluczy do miasta bolo\\u0144skim goliardom"}}, {"deleted": {"name": "Osoba", "object": "Bart\\u0142omiej \\"Kucharz\\" Olajossy - Kronika | Zdarzenie - 2025-05-09 12:00:00 - Przekazanie kluczy do miasta bolo\\u0144skim goliardom"}}, {"deleted": {"name": "Osoba", "object": "Natalia \\"Szynka\\" Ciesielska (Olajossy) - Kronika | Zdarzenie - 2025-05-09 12:00:00 - Przekazanie kluczy do miasta bolo\\u0144skim goliardom"}}, {"deleted": {"name": "Osoba", "object": "Kacper \\"Szogun\\" Wilk - Kronika | Zdarzenie - 2025-05-09 12:00:00 - Przekazanie kluczy do miasta bolo\\u0144skim goliardom"}}, {"deleted": {"name": "Osoba", "object": "Krysia Cholewa - Kronika | Zdarzenie - 2025-05-09 12:00:00 - Przekazanie kluczy do miasta bolo\\u0144skim goliardom"}}, {"deleted": {"name": "Osoba", "object": "Szymon \\"Tur\\" Zwias - Kronika | Zdarzenie - 2025-05-09 12:00:00 - Przekazanie kluczy do miasta bolo\\u0144skim goliardom"}}, {"deleted": {"name": "Osoba", "object": "Wiktoria \\"Wedel\\" Dole\\u017cych - Kronika | Zdarzenie - 2025-05-09 12:00:00 - Przekazanie kluczy do miasta bolo\\u0144skim goliardom"}}]	20	1
882	2025-05-22 00:02:28.95711+02	22	2025-05-09 16:00:00 - Zwiedzanie MEUS	2	[{"deleted": {"name": "Osoba", "object": "Micha\\u0142 \\"Cukier/Ma\\u0142olata\\" Malata - Kronika | Zdarzenie - 2025-05-09 16:00:00 - Zwiedzanie MEUS"}}, {"deleted": {"name": "Osoba", "object": "Bart\\u0142omiej \\"Nobod\\" Grzeszykowski - Kronika | Zdarzenie - 2025-05-09 16:00:00 - Zwiedzanie MEUS"}}, {"deleted": {"name": "Osoba", "object": "Bartosz \\"Heniek\\" Hepek - Kronika | Zdarzenie - 2025-05-09 16:00:00 - Zwiedzanie MEUS"}}, {"deleted": {"name": "Osoba", "object": "Martyna \\"Bober\\" Kubiak - Kronika | Zdarzenie - 2025-05-09 16:00:00 - Zwiedzanie MEUS"}}, {"deleted": {"name": "Osoba", "object": "Sandra \\"Sander\\" Chandzlik - Kronika | Zdarzenie - 2025-05-09 16:00:00 - Zwiedzanie MEUS"}}, {"deleted": {"name": "Osoba", "object": "Maria \\"Felis\\" Turakiewicz - Kronika | Zdarzenie - 2025-05-09 16:00:00 - Zwiedzanie MEUS"}}, {"deleted": {"name": "Osoba", "object": "Herman \\"Stabilizator/Rakieta\\" Chekurda - Kronika | Zdarzenie - 2025-05-09 16:00:00 - Zwiedzanie MEUS"}}, {"deleted": {"name": "Osoba", "object": "Michalina \\"Allec\\" Kokosi\\u0144ska - Kronika | Zdarzenie - 2025-05-09 16:00:00 - Zwiedzanie MEUS"}}, {"deleted": {"name": "Osoba", "object": "Damian \\"Bandera/Buch\\" Zych - Kronika | Zdarzenie - 2025-05-09 16:00:00 - Zwiedzanie MEUS"}}, {"deleted": {"name": "Osoba", "object": "Dorota \\"Wa\\u0107panna/Doris\\" Dro\\u017cy\\u0144ska - Kronika | Zdarzenie - 2025-05-09 16:00:00 - Zwiedzanie MEUS"}}, {"deleted": {"name": "Osoba", "object": "Kacper \\"Szogun\\" Wilk - Kronika | Zdarzenie - 2025-05-09 16:00:00 - Zwiedzanie MEUS"}}, {"deleted": {"name": "Osoba", "object": "Krysia Cholewa - Kronika | Zdarzenie - 2025-05-09 16:00:00 - Zwiedzanie MEUS"}}, {"deleted": {"name": "Osoba", "object": "Szymon \\"Tur\\" Zwias - Kronika | Zdarzenie - 2025-05-09 16:00:00 - Zwiedzanie MEUS"}}, {"deleted": {"name": "Osoba", "object": "Micha\\u0142 \\"Cukier/Ma\\u0142olata\\" Malata - Kronika | Zdarzenie - 2025-05-09 16:00:00 - Zwiedzanie MEUS"}}, {"deleted": {"name": "Osoba", "object": "Bart\\u0142omiej \\"Nobod\\" Grzeszykowski - Kronika | Zdarzenie - 2025-05-09 16:00:00 - Zwiedzanie MEUS"}}, {"deleted": {"name": "Osoba", "object": "Bartosz \\"Heniek\\" Hepek - Kronika | Zdarzenie - 2025-05-09 16:00:00 - Zwiedzanie MEUS"}}, {"deleted": {"name": "Osoba", "object": "Martyna \\"Bober\\" Kubiak - Kronika | Zdarzenie - 2025-05-09 16:00:00 - Zwiedzanie MEUS"}}, {"deleted": {"name": "Osoba", "object": "Sandra \\"Sander\\" Chandzlik - Kronika | Zdarzenie - 2025-05-09 16:00:00 - Zwiedzanie MEUS"}}, {"deleted": {"name": "Osoba", "object": "Maria \\"Felis\\" Turakiewicz - Kronika | Zdarzenie - 2025-05-09 16:00:00 - Zwiedzanie MEUS"}}, {"deleted": {"name": "Osoba", "object": "Herman \\"Stabilizator/Rakieta\\" Chekurda - Kronika | Zdarzenie - 2025-05-09 16:00:00 - Zwiedzanie MEUS"}}, {"deleted": {"name": "Osoba", "object": "Michalina \\"Allec\\" Kokosi\\u0144ska - Kronika | Zdarzenie - 2025-05-09 16:00:00 - Zwiedzanie MEUS"}}, {"deleted": {"name": "Osoba", "object": "Damian \\"Bandera/Buch\\" Zych - Kronika | Zdarzenie - 2025-05-09 16:00:00 - Zwiedzanie MEUS"}}, {"deleted": {"name": "Osoba", "object": "Dorota \\"Wa\\u0107panna/Doris\\" Dro\\u017cy\\u0144ska - Kronika | Zdarzenie - 2025-05-09 16:00:00 - Zwiedzanie MEUS"}}, {"deleted": {"name": "Osoba", "object": "Bart\\u0142omiej \\"Kucharz\\" Olajossy - Kronika | Zdarzenie - 2025-05-09 16:00:00 - Zwiedzanie MEUS"}}, {"deleted": {"name": "Osoba", "object": "Natalia \\"Szynka\\" Ciesielska (Olajossy) - Kronika | Zdarzenie - 2025-05-09 16:00:00 - Zwiedzanie MEUS"}}, {"deleted": {"name": "Osoba", "object": "Kacper \\"Szogun\\" Wilk - Kronika | Zdarzenie - 2025-05-09 16:00:00 - Zwiedzanie MEUS"}}, {"deleted": {"name": "Osoba", "object": "Krysia Cholewa - Kronika | Zdarzenie - 2025-05-09 16:00:00 - Zwiedzanie MEUS"}}, {"deleted": {"name": "Osoba", "object": "Szymon \\"Tur\\" Zwias - Kronika | Zdarzenie - 2025-05-09 16:00:00 - Zwiedzanie MEUS"}}, {"deleted": {"name": "Osoba", "object": "Wiktoria \\"Wedel\\" Dole\\u017cych - Kronika | Zdarzenie - 2025-05-09 16:00:00 - Zwiedzanie MEUS"}}]	20	1
883	2025-05-22 00:03:23.707079+02	21	2025-05-09 17:00:00 - Uroczyste nadanie feluk nowym goliardom	2	[{"deleted": {"name": "Osoba", "object": "Micha\\u0142 \\"Cukier/Ma\\u0142olata\\" Malata - Kronika | Zdarzenie - 2025-05-09 17:00:00 - Uroczyste nadanie feluk nowym goliardom"}}, {"deleted": {"name": "Osoba", "object": "Bart\\u0142omiej \\"Nobod\\" Grzeszykowski - Kronika | Zdarzenie - 2025-05-09 17:00:00 - Uroczyste nadanie feluk nowym goliardom"}}, {"deleted": {"name": "Osoba", "object": "Bartosz \\"Heniek\\" Hepek - Kronika | Zdarzenie - 2025-05-09 17:00:00 - Uroczyste nadanie feluk nowym goliardom"}}, {"deleted": {"name": "Osoba", "object": "Martyna \\"Bober\\" Kubiak - Kronika | Zdarzenie - 2025-05-09 17:00:00 - Uroczyste nadanie feluk nowym goliardom"}}, {"deleted": {"name": "Osoba", "object": "Sandra \\"Sander\\" Chandzlik - Kronika | Zdarzenie - 2025-05-09 17:00:00 - Uroczyste nadanie feluk nowym goliardom"}}, {"deleted": {"name": "Osoba", "object": "Maria \\"Felis\\" Turakiewicz - Kronika | Zdarzenie - 2025-05-09 17:00:00 - Uroczyste nadanie feluk nowym goliardom"}}, {"deleted": {"name": "Osoba", "object": "Herman \\"Stabilizator/Rakieta\\" Chekurda - Kronika | Zdarzenie - 2025-05-09 17:00:00 - Uroczyste nadanie feluk nowym goliardom"}}, {"deleted": {"name": "Osoba", "object": "Michalina \\"Allec\\" Kokosi\\u0144ska - Kronika | Zdarzenie - 2025-05-09 17:00:00 - Uroczyste nadanie feluk nowym goliardom"}}, {"deleted": {"name": "Osoba", "object": "Damian \\"Bandera/Buch\\" Zych - Kronika | Zdarzenie - 2025-05-09 17:00:00 - Uroczyste nadanie feluk nowym goliardom"}}, {"deleted": {"name": "Osoba", "object": "Dorota \\"Wa\\u0107panna/Doris\\" Dro\\u017cy\\u0144ska - Kronika | Zdarzenie - 2025-05-09 17:00:00 - Uroczyste nadanie feluk nowym goliardom"}}, {"deleted": {"name": "Osoba", "object": "Bart\\u0142omiej \\"Kucharz\\" Olajossy - Kronika | Zdarzenie - 2025-05-09 17:00:00 - Uroczyste nadanie feluk nowym goliardom"}}, {"deleted": {"name": "Osoba", "object": "Natalia \\"Szynka\\" Ciesielska (Olajossy) - Kronika | Zdarzenie - 2025-05-09 17:00:00 - Uroczyste nadanie feluk nowym goliardom"}}, {"deleted": {"name": "Osoba", "object": "Kacper \\"Szogun\\" Wilk - Kronika | Zdarzenie - 2025-05-09 17:00:00 - Uroczyste nadanie feluk nowym goliardom"}}, {"deleted": {"name": "Osoba", "object": "Krysia Cholewa - Kronika | Zdarzenie - 2025-05-09 17:00:00 - Uroczyste nadanie feluk nowym goliardom"}}, {"deleted": {"name": "Osoba", "object": "Szymon \\"Tur\\" Zwias - Kronika | Zdarzenie - 2025-05-09 17:00:00 - Uroczyste nadanie feluk nowym goliardom"}}, {"deleted": {"name": "Osoba", "object": "Wiktoria \\"Wedel\\" Dole\\u017cych - Kronika | Zdarzenie - 2025-05-09 17:00:00 - Uroczyste nadanie feluk nowym goliardom"}}, {"deleted": {"name": "Osoba", "object": "Micha\\u0142 \\"Cukier/Ma\\u0142olata\\" Malata - Kronika | Zdarzenie - 2025-05-09 17:00:00 - Uroczyste nadanie feluk nowym goliardom"}}, {"deleted": {"name": "Osoba", "object": "Bart\\u0142omiej \\"Nobod\\" Grzeszykowski - Kronika | Zdarzenie - 2025-05-09 17:00:00 - Uroczyste nadanie feluk nowym goliardom"}}, {"deleted": {"name": "Osoba", "object": "Bartosz \\"Heniek\\" Hepek - Kronika | Zdarzenie - 2025-05-09 17:00:00 - Uroczyste nadanie feluk nowym goliardom"}}, {"deleted": {"name": "Osoba", "object": "Martyna \\"Bober\\" Kubiak - Kronika | Zdarzenie - 2025-05-09 17:00:00 - Uroczyste nadanie feluk nowym goliardom"}}, {"deleted": {"name": "Osoba", "object": "Sandra \\"Sander\\" Chandzlik - Kronika | Zdarzenie - 2025-05-09 17:00:00 - Uroczyste nadanie feluk nowym goliardom"}}, {"deleted": {"name": "Osoba", "object": "Maria \\"Felis\\" Turakiewicz - Kronika | Zdarzenie - 2025-05-09 17:00:00 - Uroczyste nadanie feluk nowym goliardom"}}, {"deleted": {"name": "Osoba", "object": "Herman \\"Stabilizator/Rakieta\\" Chekurda - Kronika | Zdarzenie - 2025-05-09 17:00:00 - Uroczyste nadanie feluk nowym goliardom"}}, {"deleted": {"name": "Osoba", "object": "Michalina \\"Allec\\" Kokosi\\u0144ska - Kronika | Zdarzenie - 2025-05-09 17:00:00 - Uroczyste nadanie feluk nowym goliardom"}}, {"deleted": {"name": "Osoba", "object": "Damian \\"Bandera/Buch\\" Zych - Kronika | Zdarzenie - 2025-05-09 17:00:00 - Uroczyste nadanie feluk nowym goliardom"}}, {"deleted": {"name": "Osoba", "object": "Dorota \\"Wa\\u0107panna/Doris\\" Dro\\u017cy\\u0144ska - Kronika | Zdarzenie - 2025-05-09 17:00:00 - Uroczyste nadanie feluk nowym goliardom"}}, {"deleted": {"name": "Osoba", "object": "Bart\\u0142omiej \\"Kucharz\\" Olajossy - Kronika | Zdarzenie - 2025-05-09 17:00:00 - Uroczyste nadanie feluk nowym goliardom"}}, {"deleted": {"name": "Osoba", "object": "Natalia \\"Szynka\\" Ciesielska (Olajossy) - Kronika | Zdarzenie - 2025-05-09 17:00:00 - Uroczyste nadanie feluk nowym goliardom"}}, {"deleted": {"name": "Osoba", "object": "Kacper \\"Szogun\\" Wilk - Kronika | Zdarzenie - 2025-05-09 17:00:00 - Uroczyste nadanie feluk nowym goliardom"}}, {"deleted": {"name": "Osoba", "object": "Krysia Cholewa - Kronika | Zdarzenie - 2025-05-09 17:00:00 - Uroczyste nadanie feluk nowym goliardom"}}, {"deleted": {"name": "Osoba", "object": "Szymon \\"Tur\\" Zwias - Kronika | Zdarzenie - 2025-05-09 17:00:00 - Uroczyste nadanie feluk nowym goliardom"}}, {"deleted": {"name": "Osoba", "object": "Wiktoria \\"Wedel\\" Dole\\u017cych - Kronika | Zdarzenie - 2025-05-09 17:00:00 - Uroczyste nadanie feluk nowym goliardom"}}]	20	1
884	2025-05-22 00:04:24.161085+02	19	2025-05-09 20:00:00 - Impreza ze stoiskami balli i muzyką	2	[{"deleted": {"name": "Osoba", "object": "Micha\\u0142 \\"Cukier/Ma\\u0142olata\\" Malata - Kronika | Zdarzenie - 2025-05-09 20:00:00 - Impreza ze stoiskami balli i muzyk\\u0105"}}, {"deleted": {"name": "Osoba", "object": "Bart\\u0142omiej \\"Nobod\\" Grzeszykowski - Kronika | Zdarzenie - 2025-05-09 20:00:00 - Impreza ze stoiskami balli i muzyk\\u0105"}}, {"deleted": {"name": "Osoba", "object": "Bartosz \\"Heniek\\" Hepek - Kronika | Zdarzenie - 2025-05-09 20:00:00 - Impreza ze stoiskami balli i muzyk\\u0105"}}, {"deleted": {"name": "Osoba", "object": "Martyna \\"Bober\\" Kubiak - Kronika | Zdarzenie - 2025-05-09 20:00:00 - Impreza ze stoiskami balli i muzyk\\u0105"}}, {"deleted": {"name": "Osoba", "object": "Sandra \\"Sander\\" Chandzlik - Kronika | Zdarzenie - 2025-05-09 20:00:00 - Impreza ze stoiskami balli i muzyk\\u0105"}}, {"deleted": {"name": "Osoba", "object": "Maria \\"Felis\\" Turakiewicz - Kronika | Zdarzenie - 2025-05-09 20:00:00 - Impreza ze stoiskami balli i muzyk\\u0105"}}, {"deleted": {"name": "Osoba", "object": "Herman \\"Stabilizator/Rakieta\\" Chekurda - Kronika | Zdarzenie - 2025-05-09 20:00:00 - Impreza ze stoiskami balli i muzyk\\u0105"}}, {"deleted": {"name": "Osoba", "object": "Michalina \\"Allec\\" Kokosi\\u0144ska - Kronika | Zdarzenie - 2025-05-09 20:00:00 - Impreza ze stoiskami balli i muzyk\\u0105"}}, {"deleted": {"name": "Osoba", "object": "Damian \\"Bandera/Buch\\" Zych - Kronika | Zdarzenie - 2025-05-09 20:00:00 - Impreza ze stoiskami balli i muzyk\\u0105"}}, {"deleted": {"name": "Osoba", "object": "Dorota \\"Wa\\u0107panna/Doris\\" Dro\\u017cy\\u0144ska - Kronika | Zdarzenie - 2025-05-09 20:00:00 - Impreza ze stoiskami balli i muzyk\\u0105"}}, {"deleted": {"name": "Osoba", "object": "Bart\\u0142omiej \\"Kucharz\\" Olajossy - Kronika | Zdarzenie - 2025-05-09 20:00:00 - Impreza ze stoiskami balli i muzyk\\u0105"}}, {"deleted": {"name": "Osoba", "object": "Natalia \\"Szynka\\" Ciesielska (Olajossy) - Kronika | Zdarzenie - 2025-05-09 20:00:00 - Impreza ze stoiskami balli i muzyk\\u0105"}}, {"deleted": {"name": "Osoba", "object": "Kacper \\"Szogun\\" Wilk - Kronika | Zdarzenie - 2025-05-09 20:00:00 - Impreza ze stoiskami balli i muzyk\\u0105"}}, {"deleted": {"name": "Osoba", "object": "Krysia Cholewa - Kronika | Zdarzenie - 2025-05-09 20:00:00 - Impreza ze stoiskami balli i muzyk\\u0105"}}, {"deleted": {"name": "Osoba", "object": "Szymon \\"Tur\\" Zwias - Kronika | Zdarzenie - 2025-05-09 20:00:00 - Impreza ze stoiskami balli i muzyk\\u0105"}}, {"deleted": {"name": "Osoba", "object": "Wiktoria \\"Wedel\\" Dole\\u017cych - Kronika | Zdarzenie - 2025-05-09 20:00:00 - Impreza ze stoiskami balli i muzyk\\u0105"}}, {"deleted": {"name": "Osoba", "object": "Micha\\u0142 \\"Cukier/Ma\\u0142olata\\" Malata - Kronika | Zdarzenie - 2025-05-09 20:00:00 - Impreza ze stoiskami balli i muzyk\\u0105"}}, {"deleted": {"name": "Osoba", "object": "Bart\\u0142omiej \\"Nobod\\" Grzeszykowski - Kronika | Zdarzenie - 2025-05-09 20:00:00 - Impreza ze stoiskami balli i muzyk\\u0105"}}, {"deleted": {"name": "Osoba", "object": "Bartosz \\"Heniek\\" Hepek - Kronika | Zdarzenie - 2025-05-09 20:00:00 - Impreza ze stoiskami balli i muzyk\\u0105"}}, {"deleted": {"name": "Osoba", "object": "Martyna \\"Bober\\" Kubiak - Kronika | Zdarzenie - 2025-05-09 20:00:00 - Impreza ze stoiskami balli i muzyk\\u0105"}}, {"deleted": {"name": "Osoba", "object": "Sandra \\"Sander\\" Chandzlik - Kronika | Zdarzenie - 2025-05-09 20:00:00 - Impreza ze stoiskami balli i muzyk\\u0105"}}, {"deleted": {"name": "Osoba", "object": "Maria \\"Felis\\" Turakiewicz - Kronika | Zdarzenie - 2025-05-09 20:00:00 - Impreza ze stoiskami balli i muzyk\\u0105"}}, {"deleted": {"name": "Osoba", "object": "Herman \\"Stabilizator/Rakieta\\" Chekurda - Kronika | Zdarzenie - 2025-05-09 20:00:00 - Impreza ze stoiskami balli i muzyk\\u0105"}}, {"deleted": {"name": "Osoba", "object": "Michalina \\"Allec\\" Kokosi\\u0144ska - Kronika | Zdarzenie - 2025-05-09 20:00:00 - Impreza ze stoiskami balli i muzyk\\u0105"}}, {"deleted": {"name": "Osoba", "object": "Damian \\"Bandera/Buch\\" Zych - Kronika | Zdarzenie - 2025-05-09 20:00:00 - Impreza ze stoiskami balli i muzyk\\u0105"}}, {"deleted": {"name": "Osoba", "object": "Dorota \\"Wa\\u0107panna/Doris\\" Dro\\u017cy\\u0144ska - Kronika | Zdarzenie - 2025-05-09 20:00:00 - Impreza ze stoiskami balli i muzyk\\u0105"}}, {"deleted": {"name": "Osoba", "object": "Bart\\u0142omiej \\"Kucharz\\" Olajossy - Kronika | Zdarzenie - 2025-05-09 20:00:00 - Impreza ze stoiskami balli i muzyk\\u0105"}}, {"deleted": {"name": "Osoba", "object": "Natalia \\"Szynka\\" Ciesielska (Olajossy) - Kronika | Zdarzenie - 2025-05-09 20:00:00 - Impreza ze stoiskami balli i muzyk\\u0105"}}, {"deleted": {"name": "Osoba", "object": "Kacper \\"Szogun\\" Wilk - Kronika | Zdarzenie - 2025-05-09 20:00:00 - Impreza ze stoiskami balli i muzyk\\u0105"}}, {"deleted": {"name": "Osoba", "object": "Krysia Cholewa - Kronika | Zdarzenie - 2025-05-09 20:00:00 - Impreza ze stoiskami balli i muzyk\\u0105"}}, {"deleted": {"name": "Osoba", "object": "Szymon \\"Tur\\" Zwias - Kronika | Zdarzenie - 2025-05-09 20:00:00 - Impreza ze stoiskami balli i muzyk\\u0105"}}, {"deleted": {"name": "Osoba", "object": "Wiktoria \\"Wedel\\" Dole\\u017cych - Kronika | Zdarzenie - 2025-05-09 20:00:00 - Impreza ze stoiskami balli i muzyk\\u0105"}}]	20	1
885	2025-05-22 00:04:41.510828+02	24	2025-05-10 14:00:00 - Darmowy lunch dla uczestników parady	2	[]	20	1
886	2025-05-22 00:05:15.441689+02	23	2025-05-10 12:00:00 - Parada przebierana	2	[{"deleted": {"name": "Osoba", "object": "Micha\\u0142 \\"Cukier/Ma\\u0142olata\\" Malata - Kronika | Zdarzenie - 2025-05-10 12:00:00 - Parada przebierana"}}, {"deleted": {"name": "Osoba", "object": "Bart\\u0142omiej \\"Nobod\\" Grzeszykowski - Kronika | Zdarzenie - 2025-05-10 12:00:00 - Parada przebierana"}}, {"deleted": {"name": "Osoba", "object": "Bartosz \\"Heniek\\" Hepek - Kronika | Zdarzenie - 2025-05-10 12:00:00 - Parada przebierana"}}, {"deleted": {"name": "Osoba", "object": "Martyna \\"Bober\\" Kubiak - Kronika | Zdarzenie - 2025-05-10 12:00:00 - Parada przebierana"}}, {"deleted": {"name": "Osoba", "object": "Sandra \\"Sander\\" Chandzlik - Kronika | Zdarzenie - 2025-05-10 12:00:00 - Parada przebierana"}}, {"deleted": {"name": "Osoba", "object": "Maria \\"Felis\\" Turakiewicz - Kronika | Zdarzenie - 2025-05-10 12:00:00 - Parada przebierana"}}, {"deleted": {"name": "Osoba", "object": "Herman \\"Stabilizator/Rakieta\\" Chekurda - Kronika | Zdarzenie - 2025-05-10 12:00:00 - Parada przebierana"}}, {"deleted": {"name": "Osoba", "object": "Michalina \\"Allec\\" Kokosi\\u0144ska - Kronika | Zdarzenie - 2025-05-10 12:00:00 - Parada przebierana"}}, {"deleted": {"name": "Osoba", "object": "Damian \\"Bandera/Buch\\" Zych - Kronika | Zdarzenie - 2025-05-10 12:00:00 - Parada przebierana"}}, {"deleted": {"name": "Osoba", "object": "Dorota \\"Wa\\u0107panna/Doris\\" Dro\\u017cy\\u0144ska - Kronika | Zdarzenie - 2025-05-10 12:00:00 - Parada przebierana"}}, {"deleted": {"name": "Osoba", "object": "Bart\\u0142omiej \\"Kucharz\\" Olajossy - Kronika | Zdarzenie - 2025-05-10 12:00:00 - Parada przebierana"}}, {"deleted": {"name": "Osoba", "object": "Natalia \\"Szynka\\" Ciesielska (Olajossy) - Kronika | Zdarzenie - 2025-05-10 12:00:00 - Parada przebierana"}}, {"deleted": {"name": "Osoba", "object": "Kacper \\"Szogun\\" Wilk - Kronika | Zdarzenie - 2025-05-10 12:00:00 - Parada przebierana"}}, {"deleted": {"name": "Osoba", "object": "Krysia Cholewa - Kronika | Zdarzenie - 2025-05-10 12:00:00 - Parada przebierana"}}, {"deleted": {"name": "Osoba", "object": "Szymon \\"Tur\\" Zwias - Kronika | Zdarzenie - 2025-05-10 12:00:00 - Parada przebierana"}}, {"deleted": {"name": "Osoba", "object": "Wiktoria \\"Wedel\\" Dole\\u017cych - Kronika | Zdarzenie - 2025-05-10 12:00:00 - Parada przebierana"}}]	20	1
919	2025-05-22 23:57:47.42696+02	26	2025-05-08 - 2025-05-11: Zagraniczny "Faerie Matricularum"	2	[{"added": {"name": "Zdarzenie", "object": "2025-05-10 15:00:00 - Pub Crawl"}}, {"added": {"name": "Zdarzenie", "object": "2025-05-10 19:00:00 - Impreza z muzyk\\u0105 w Giardini Filippo Re"}}, {"added": {"name": "Zdarzenie", "object": "2025-05-11 14:00:00 - Wy\\u015bcig gokart\\u00f3w"}}, {"added": {"name": "Zdarzenie", "object": "2025-05-11 16:00:00 - Zwiedzanie Piazza Magiore"}}]	19	1
920	2025-05-23 00:01:38.838414+02	25	2025-05-10 15:00:00 - Pub Crawl	2	[{"changed": {"fields": ["Opis"]}}, {"deleted": {"name": "Osoba", "object": "Micha\\u0142 \\"Cukier/Ma\\u0142olata\\" Malata - Kronika | Zdarzenie - 2025-05-10 15:00:00 - Pub Crawl"}}, {"deleted": {"name": "Osoba", "object": "Martyna \\"Bober\\" Kubiak - Kronika | Zdarzenie - 2025-05-10 15:00:00 - Pub Crawl"}}, {"deleted": {"name": "Osoba", "object": "Damian \\"Bandera/Buch\\" Zych - Kronika | Zdarzenie - 2025-05-10 15:00:00 - Pub Crawl"}}, {"deleted": {"name": "Osoba", "object": "Dorota \\"Wa\\u0107panna/Doris\\" Dro\\u017cy\\u0144ska - Kronika | Zdarzenie - 2025-05-10 15:00:00 - Pub Crawl"}}]	20	1
921	2025-05-23 00:04:09.364728+02	26	2025-05-10 19:00:00 - Impreza z muzyką w Giardini Filippo Re	2	[{"changed": {"fields": ["Opis"]}}, {"deleted": {"name": "Osoba", "object": "Micha\\u0142 \\"Cukier/Ma\\u0142olata\\" Malata - Kronika | Zdarzenie - 2025-05-10 19:00:00 - Impreza z muzyk\\u0105 w Giardini Filippo Re"}}, {"deleted": {"name": "Osoba", "object": "Martyna \\"Bober\\" Kubiak - Kronika | Zdarzenie - 2025-05-10 19:00:00 - Impreza z muzyk\\u0105 w Giardini Filippo Re"}}, {"deleted": {"name": "Osoba", "object": "Krysia Cholewa - Kronika | Zdarzenie - 2025-05-10 19:00:00 - Impreza z muzyk\\u0105 w Giardini Filippo Re"}}]	20	1
922	2025-05-23 00:18:03.149259+02	27	2025-05-11 14:00:00 - Wyścig gokartów	2	[{"changed": {"fields": ["Opis"]}}, {"deleted": {"name": "Osoba", "object": "Maria \\"Felis\\" Turakiewicz - Kronika | Zdarzenie - 2025-05-11 14:00:00 - Wy\\u015bcig gokart\\u00f3w"}}, {"deleted": {"name": "Osoba", "object": "Krysia Cholewa - Kronika | Zdarzenie - 2025-05-11 14:00:00 - Wy\\u015bcig gokart\\u00f3w"}}]	20	1
923	2025-05-23 00:29:23.807654+02	28	2025-05-11 16:00:00 - Zwiedzanie Piazza Magiore	2	[{"changed": {"fields": ["Opis"]}}, {"deleted": {"name": "Osoba", "object": "Maria \\"Felis\\" Turakiewicz - Kronika | Zdarzenie - 2025-05-11 16:00:00 - Zwiedzanie Piazza Magiore"}}, {"deleted": {"name": "Osoba", "object": "Damian \\"Bandera/Buch\\" Zych - Kronika | Zdarzenie - 2025-05-11 16:00:00 - Zwiedzanie Piazza Magiore"}}, {"deleted": {"name": "Osoba", "object": "Dorota \\"Wa\\u0107panna/Doris\\" Dro\\u017cy\\u0144ska - Kronika | Zdarzenie - 2025-05-11 16:00:00 - Zwiedzanie Piazza Magiore"}}, {"deleted": {"name": "Osoba", "object": "Bart\\u0142omiej \\"Kucharz\\" Olajossy - Kronika | Zdarzenie - 2025-05-11 16:00:00 - Zwiedzanie Piazza Magiore"}}, {"deleted": {"name": "Osoba", "object": "Natalia \\"Szynka\\" Ciesielska (Olajossy) - Kronika | Zdarzenie - 2025-05-11 16:00:00 - Zwiedzanie Piazza Magiore"}}, {"deleted": {"name": "Osoba", "object": "Krysia Cholewa - Kronika | Zdarzenie - 2025-05-11 16:00:00 - Zwiedzanie Piazza Magiore"}}]	20	1
924	2025-05-23 00:30:18.865689+02	26	2025-05-08 - 2025-05-11: Zagraniczny "Faerie Matricularum"	2	[{"added": {"name": "Zdarzenie", "object": "2025-05-11 19:00:00 - Kolacje wszystkich balli"}}]	19	1
925	2025-05-23 00:30:53.1592+02	29	2025-05-11 19:00:00 - Kolacje wszystkich balli	2	[{"deleted": {"name": "Osoba", "object": "Bartosz \\"Heniek\\" Hepek - Kronika | Zdarzenie - 2025-05-11 19:00:00 - Kolacje wszystkich balli"}}, {"deleted": {"name": "Osoba", "object": "Martyna \\"Bober\\" Kubiak - Kronika | Zdarzenie - 2025-05-11 19:00:00 - Kolacje wszystkich balli"}}, {"deleted": {"name": "Osoba", "object": "Sandra \\"Sander\\" Chandzlik - Kronika | Zdarzenie - 2025-05-11 19:00:00 - Kolacje wszystkich balli"}}, {"deleted": {"name": "Osoba", "object": "Maria \\"Felis\\" Turakiewicz - Kronika | Zdarzenie - 2025-05-11 19:00:00 - Kolacje wszystkich balli"}}, {"deleted": {"name": "Osoba", "object": "Herman \\"Stabilizator/Rakieta\\" Chekurda - Kronika | Zdarzenie - 2025-05-11 19:00:00 - Kolacje wszystkich balli"}}, {"deleted": {"name": "Osoba", "object": "Michalina \\"Allec\\" Kokosi\\u0144ska - Kronika | Zdarzenie - 2025-05-11 19:00:00 - Kolacje wszystkich balli"}}, {"deleted": {"name": "Osoba", "object": "Damian \\"Bandera/Buch\\" Zych - Kronika | Zdarzenie - 2025-05-11 19:00:00 - Kolacje wszystkich balli"}}, {"deleted": {"name": "Osoba", "object": "Dorota \\"Wa\\u0107panna/Doris\\" Dro\\u017cy\\u0144ska - Kronika | Zdarzenie - 2025-05-11 19:00:00 - Kolacje wszystkich balli"}}, {"deleted": {"name": "Osoba", "object": "Bart\\u0142omiej \\"Kucharz\\" Olajossy - Kronika | Zdarzenie - 2025-05-11 19:00:00 - Kolacje wszystkich balli"}}, {"deleted": {"name": "Osoba", "object": "Natalia \\"Szynka\\" Ciesielska (Olajossy) - Kronika | Zdarzenie - 2025-05-11 19:00:00 - Kolacje wszystkich balli"}}, {"deleted": {"name": "Osoba", "object": "Kacper \\"Szogun\\" Wilk - Kronika | Zdarzenie - 2025-05-11 19:00:00 - Kolacje wszystkich balli"}}, {"deleted": {"name": "Osoba", "object": "Krysia Cholewa - Kronika | Zdarzenie - 2025-05-11 19:00:00 - Kolacje wszystkich balli"}}, {"deleted": {"name": "Osoba", "object": "Szymon \\"Tur\\" Zwias - Kronika | Zdarzenie - 2025-05-11 19:00:00 - Kolacje wszystkich balli"}}, {"deleted": {"name": "Osoba", "object": "Wiktoria \\"Wedel\\" Dole\\u017cych - Kronika | Zdarzenie - 2025-05-11 19:00:00 - Kolacje wszystkich balli"}}]	20	1
926	2025-05-23 00:32:22.065343+02	26	2025-05-10 19:00:00 - Impreza z muzyką w Giardini Filippo Re	2	[{"changed": {"fields": ["Opis"]}}]	20	1
927	2025-05-23 00:37:40.430224+02	30	Port Lotniczy Bolonia - Lotnisko, Via del Triumvirato, 84, Bolonia, Włochy	1	[{"added": {}}]	16	1
928	2025-05-23 00:39:07.360334+02	26	2025-05-08 - 2025-05-11: Zagraniczny "Faerie Matricularum"	2	[{"changed": {"fields": ["Miejsca"]}}, {"added": {"name": "Zdarzenie", "object": "2025-05-08 06:30:00 - Podr\\u00f3\\u017c z buta do centrum"}}]	19	1
929	2025-05-23 00:48:00.738142+02	30	2025-05-08 06:30:00 - Podróż z buta do centrum	2	[{"changed": {"fields": ["Opis"]}}, {"deleted": {"name": "Osoba", "object": "Micha\\u0142 \\"Cukier/Ma\\u0142olata\\" Malata - Kronika | Zdarzenie - 2025-05-08 06:30:00 - Podr\\u00f3\\u017c z buta do centrum"}}, {"deleted": {"name": "Osoba", "object": "Bart\\u0142omiej \\"Nobod\\" Grzeszykowski - Kronika | Zdarzenie - 2025-05-08 06:30:00 - Podr\\u00f3\\u017c z buta do centrum"}}, {"deleted": {"name": "Osoba", "object": "Martyna \\"Bober\\" Kubiak - Kronika | Zdarzenie - 2025-05-08 06:30:00 - Podr\\u00f3\\u017c z buta do centrum"}}, {"deleted": {"name": "Osoba", "object": "Damian \\"Bandera/Buch\\" Zych - Kronika | Zdarzenie - 2025-05-08 06:30:00 - Podr\\u00f3\\u017c z buta do centrum"}}, {"deleted": {"name": "Osoba", "object": "Dorota \\"Wa\\u0107panna/Doris\\" Dro\\u017cy\\u0144ska - Kronika | Zdarzenie - 2025-05-08 06:30:00 - Podr\\u00f3\\u017c z buta do centrum"}}, {"deleted": {"name": "Osoba", "object": "Bart\\u0142omiej \\"Kucharz\\" Olajossy - Kronika | Zdarzenie - 2025-05-08 06:30:00 - Podr\\u00f3\\u017c z buta do centrum"}}, {"deleted": {"name": "Osoba", "object": "Natalia \\"Szynka\\" Ciesielska (Olajossy) - Kronika | Zdarzenie - 2025-05-08 06:30:00 - Podr\\u00f3\\u017c z buta do centrum"}}, {"added": {"name": "Zdj\\u0119cie ze zdarzenia", "object": "Podr\\u00f3\\u017c z buta do centrum - Mural kotki 2025-05-08"}}, {"added": {"name": "Zdj\\u0119cie ze zdarzenia", "object": "Podr\\u00f3\\u017c z buta do centrum - Posterunek karabinieri 2025-05-08"}}, {"added": {"name": "Zdj\\u0119cie ze zdarzenia", "object": "Podr\\u00f3\\u017c z buta do centrum - Punkt zbi\\u00f3rkowy - fontanna Neptuna 2025-05-08"}}, {"added": {"name": "Zdj\\u0119cie ze zdarzenia", "object": "Podr\\u00f3\\u017c z buta do centrum - Jaka\\u015b kaplica 2025-05-08"}}]	20	1
1602	2025-07-21 15:57:16.030908+02	13	Juwenalia	1	[{"added": {}}]	70	1
1623	2025-07-21 16:55:24.292343+02	1	2009-08-20: Historyczne "Założenie BCS"	2	[]	19	1
1644	2025-07-21 17:05:04.087252+02	25	Grill	1	[{"added": {}}]	70	1
1603	2025-07-21 15:57:26.566301+02	14	Wyjście do teatru	1	[{"added": {}}]	70	1
1624	2025-07-21 16:55:40.823927+02	16	2025-05-14: Wycieczka "Wycieczka na Kopiec Kościuszki"	2	[{"changed": {"fields": ["Typ wydarzenia"]}}]	19	1
1645	2025-07-21 17:05:06.996772+02	20	2011-04-30: Grill "Grill pod Żaczkiem: urodziny Geologa"	2	[{"changed": {"fields": ["Typ wydarzenia"]}}]	19	1
995	2025-07-10 18:58:38.71523+02	23	2025-05-14: Akcja "Przygarnij Belga w Juwenalia!"	2	[{"changed": {"fields": ["Typ wydarzenia"]}}]	19	1
996	2025-07-10 18:58:54.094114+02	22	2025-05-14: Karczma "Majowa Karczma Piwna"	2	[{"changed": {"fields": ["Typ wydarzenia"]}}]	19	1
997	2025-07-10 18:59:06.69423+02	21	2025-05-14: Wycieczka "Czapkowa eskapada rowerowa szlakiem Bema"	2	[{"changed": {"fields": ["Typ wydarzenia"]}}]	19	1
998	2025-07-10 18:59:20.902703+02	20	2025-05-14: Grill/Ognisko "Grill pod Żaczkiem: urodziny Geologa"	2	[{"changed": {"fields": ["Typ wydarzenia"]}}]	19	1
999	2025-07-10 18:59:31.051171+02	19	2025-05-14: Walne "Spotkanie statutowe BCS"	2	[{"changed": {"fields": ["Typ wydarzenia"]}}]	19	1
1000	2025-07-10 18:59:41.497147+02	18	2025-05-14: Karczma "Czapkowa Karczma w klimatach międzywojennych"	2	[{"changed": {"fields": ["Typ wydarzenia"]}}]	19	1
1001	2025-07-10 18:59:52.384508+02	17	2025-05-14: Konferencja naukowa/wykład/prelekcja "Wykład na Wydziale Polonistyki"	2	[{"changed": {"fields": ["Typ wydarzenia"]}}]	19	1
1002	2025-07-10 19:00:05.835066+02	16	2025-05-14: Wycieczka "Wycieczka na Kopiec Kościuszki"	2	[{"changed": {"fields": ["Typ wydarzenia"]}}]	19	1
1003	2025-07-10 19:00:17.329273+02	15	2025-05-14: Konferencja naukowa/wykład/prelekcja "Konferencja medyczna we Wrocławiu"	2	[{"changed": {"fields": ["Typ wydarzenia"]}}]	19	1
1004	2025-07-10 19:00:29.466138+02	14	2025-05-14: Konferencja naukowa/wykład/prelekcja "Wykład dla Stowarzyszenia Absolwentów UJ"	2	[{"changed": {"fields": ["Typ wydarzenia"]}}]	19	1
1005	2025-07-10 19:00:39.899946+02	12	2025-05-14: Karczma "Wielka Karczma Piwna"	2	[{"changed": {"fields": ["Typ wydarzenia"]}}]	19	1
1006	2025-07-10 19:00:49.447231+02	11	2025-05-14: Karczma "Czapkowa Karczma Posesyjna"	2	[{"changed": {"fields": ["Typ wydarzenia"]}}]	19	1
1007	2025-07-10 19:01:00.702497+02	9	2025-05-14: Karczma "Czapkowa Karczma Karnawałowa"	2	[{"changed": {"fields": ["Typ wydarzenia"]}}]	19	1
1008	2025-07-10 19:01:14.145664+02	8	2025-05-14: Uroczystość "Uniwersytecki Dzień Pamięci"	2	[{"changed": {"fields": ["Typ wydarzenia"]}}]	19	1
1009	2025-07-10 20:28:52.008025+02	1	Wymienianie się pinsami	1	[{"added": {}}]	29	1
1010	2025-07-10 20:29:21.860607+02	1	2009-08-20: Historyczne "Założenie BCS"	2	[]	19	1
1011	2025-07-10 20:34:04.203094+02	23	2011-05-07: Akcja "Przygarnij Belga w Juwenalia!"	2	[{"changed": {"fields": ["Data rozpocz\\u0119cia", "Data zako\\u0144czenia", "Miejsca"]}}]	19	1
1012	2025-07-10 20:34:44.718033+02	22	2011-05-14: Karczma "Majowa Karczma Piwna"	2	[{"changed": {"fields": ["Data rozpocz\\u0119cia", "Data zako\\u0144czenia", "Miejsca"]}}]	19	1
1013	2025-07-10 20:40:53.55885+02	31	Krakowski Szlak Generała Bema - Szlak, powiat krakowski, Polska	1	[{"added": {}}]	16	1
1014	2025-07-10 20:41:53.031694+02	21	2011-05-07: Wycieczka "Czapkowa eskapada rowerowa szlakiem Bema"	2	[{"changed": {"fields": ["Data rozpocz\\u0119cia", "Data zako\\u0144czenia", "Miejsca"]}}, {"added": {"name": "Osoba", "object": "Anna Maria \\"Litle dragon/Gestapo\\" Ku\\u017ama - Kronika | Wydarzenie - 2011-05-07: Wycieczka \\"Czapkowa eskapada rowerowa szlakiem Bema\\""}}]	19	1
1015	2025-07-10 20:42:09.415112+02	23	2011-05-17: Akcja "Przygarnij Belga w Juwenalia!"	2	[{"changed": {"fields": ["Data rozpocz\\u0119cia", "Data zako\\u0144czenia"]}}]	19	1
1016	2025-07-10 20:43:21.353964+02	20	2011-04-30: Grill/Ognisko "Grill pod Żaczkiem: urodziny Geologa"	2	[{"changed": {"fields": ["Data rozpocz\\u0119cia", "Data zako\\u0144czenia", "Miejsca"]}}, {"added": {"name": "Osoba", "object": "Bartosz \\"Geolog\\" Maciejewski - Kronika | Wydarzenie - 2011-04-30: Grill/Ognisko \\"Grill pod \\u017baczkiem: urodziny Geologa\\""}}]	19	1
1017	2025-07-10 20:44:15.801531+02	19	2011-04-19: Walne "Spotkanie statutowe BCS"	2	[{"changed": {"fields": ["Data rozpocz\\u0119cia", "Data zako\\u0144czenia", "Miejsca"]}}]	19	1
1018	2025-07-10 20:45:12.278569+02	23	2011-05-17 - 2011-05-21: Akcja "Przygarnij Belga w Juwenalia!"	2	[{"changed": {"fields": ["Data zako\\u0144czenia"]}}]	19	1
1019	2025-07-10 20:46:01.920068+02	18	2025-04-16: Karczma "Czapkowa Karczma w klimatach międzywojennych"	2	[{"changed": {"fields": ["Data rozpocz\\u0119cia", "Data zako\\u0144czenia", "Miejsca"]}}]	19	1
1604	2025-07-21 15:57:49.472562+02	14	Odchamianie się	2	[{"changed": {"fields": ["Typ wydarzenia"]}}]	70	1
1625	2025-07-21 16:55:52.62944+02	15	2025-05-14: Konferencja naukowa "Konferencja medyczna we Wrocławiu"	2	[{"changed": {"fields": ["Typ wydarzenia"]}}]	19	1
1646	2025-07-21 17:05:19.904715+02	19	2011-04-19: Walne "Spotkanie statutowe BCS"	2	[{"changed": {"fields": ["Typ wydarzenia"]}}]	19	1
1023	2025-07-11 00:21:29.458813+02	1	Zarząd 2009/2010 - Joanna "Aśka" Lorenc	2	[]	38	1
1024	2025-07-11 00:37:41.300245+02	1	Bretelle	1	[{"added": {}}]	39	1
1025	2025-07-11 00:39:41.594957+02	1	Bretelle	2	[{"changed": {"fields": ["Opis"]}}]	39	1
1026	2025-07-11 01:08:40.450824+02	1	Bretelle	2	[{"added": {"name": "Osoba", "object": "Tadeusz \\"Kumdo/Tadek\\" Hessel - Encyklopedia | Zwyczaj - Bretelle"}}]	39	1
1027	2025-07-11 01:08:56.0949+02	1	Bretelle	2	[]	39	1
1028	2025-07-11 01:20:55.075021+02	17	2011-04-06: Konferencja naukowa/wykład/prelekcja "Wykład na Wydziale Polonistyki"	2	[{"changed": {"fields": ["Data rozpocz\\u0119cia", "Data zako\\u0144czenia", "Miejsca"]}}]	19	1
1605	2025-07-21 15:58:09.535842+02	4	Wyjście do kina	3		70	1
1626	2025-07-21 16:56:28.976039+02	5	Wykład/Prelekcja	2	[{"changed": {"fields": ["Typ wydarzenia"]}}]	70	1
1647	2025-07-21 17:05:37.955612+02	17	2011-04-06: Wykład/Prelekcja "Wykład na Wydziale Polonistyki"	2	[{"changed": {"fields": ["Typ wydarzenia"]}}]	19	1
1072	2025-07-11 13:01:21.581927+02	1	Rucham ci starego	1	[{"added": {}}, {"added": {"name": "Osoba", "object": "Bartosz \\"Heniek\\" Hepek - Encyklopedia | Powiedzenie - Rucham ci starego"}}]	40	1
1606	2025-07-21 15:58:23.253898+02	15	RPG	1	[{"added": {}}]	70	1
1627	2025-07-21 16:56:33.296362+02	14	2025-05-14: Wykład/Prelekcja "Wykład dla Stowarzyszenia Absolwentów UJ"	2	[{"changed": {"fields": ["Typ wydarzenia"]}}]	19	1
1648	2025-07-21 17:05:58.25583+02	6	2010-10-01: Uroczystość "Pierwsza inauguracja roku akademickiego BCS"	2	[{"changed": {"fields": ["Typ wydarzenia"]}}]	19	1
1607	2025-07-21 15:58:31.030329+02	16	Walne	1	[{"added": {}}]	70	1
1628	2025-07-21 16:56:45.356765+02	12	2025-05-14: Karczma "Wielka Karczma Piwna"	2	[{"changed": {"fields": ["Typ wydarzenia"]}}]	19	1
1649	2025-07-21 17:06:11.275323+02	25	2010-05-12: Uroczystość "Złożenie kwiatów pod grobem królowej Jadwigi"	2	[{"changed": {"fields": ["Typ wydarzenia"]}}]	19	1
1608	2025-07-21 15:58:36.73889+02	17	Wycieczka	1	[{"added": {}}]	70	1
1629	2025-07-21 16:56:54.611972+02	11	2025-05-14: Karczma "Czapkowa Karczma Posesyjna"	2	[{"changed": {"fields": ["Typ wydarzenia"]}}]	19	1
1650	2025-07-21 17:06:27.263066+02	24	2010-04-28: Konferencja naukowa "Konferencja naukowa Roberto o folklorze studenckim"	2	[{"changed": {"fields": ["Typ wydarzenia"]}}]	19	1
1321	2025-07-17 22:21:28.764815+02	1	Polska	1	[{"added": {}}]	46	1
1322	2025-07-17 22:21:30.351371+02	1	Uniwersytet Jagielloński	1	[{"added": {}}]	44	1
1323	2025-07-17 22:21:36.226786+02	1	Uniwersytet Jagielloński: Wydział Prawa i Administracji (WPiA)	1	[{"added": {}}]	45	1
1324	2025-07-17 22:23:20.937378+02	2	UJ: Collegium Medicum (CMUJ)	1	[{"added": {}}]	45	1
1325	2025-07-17 22:24:06.223166+02	3	UJ: Collegium Medicum (CMUJ)	1	[{"added": {}}]	45	1
1326	2025-07-17 22:24:20.730968+02	4	UJ: Wydział Farmaceutyczny (WFarm)	1	[{"added": {}}]	45	1
1327	2025-07-17 22:24:45.810239+02	5	UJ: Wydział Nauk o Zdrowiu (WNoZ)	1	[{"added": {}}]	45	1
1328	2025-07-17 22:25:51.381583+02	6	UJ: Wydział Nauk o Zdrowiu (WNoZ)	1	[{"added": {}}]	45	1
1329	2025-07-17 22:26:02.92523+02	7	UJ: Wydział Historyczny (WHist)	1	[{"added": {}}]	45	1
1330	2025-07-17 22:27:03.007563+02	8	UJ: Wydział Filologiczny (WFilol)	1	[{"added": {}}]	45	1
1331	2025-07-17 22:27:24.883964+02	9	UJ: Wydział Polonistyki (WPol)	1	[{"added": {}}]	45	1
1332	2025-07-17 22:27:37.641773+02	10	UJ: Wydział Fizyki, Astronomii i Informatyki Stosowanej (WFAiIS)	1	[{"added": {}}]	45	1
1333	2025-07-17 22:28:15.541001+02	11	UJ: Wydział Chemii (WChUJ)	1	[{"added": {}}]	45	1
1334	2025-07-17 22:28:25.439311+02	12	UJ: Wydział Biologii (WB)	1	[{"added": {}}]	45	1
1335	2025-07-17 22:28:53.760291+02	12	UJ: Wydział Studiów Międzynarodowych i Politycznych (WSMiP)	2	[{"changed": {"fields": ["Wydzia\\u0142", "Skr\\u00f3t"]}}]	45	1
1336	2025-07-17 22:29:32.34657+02	2	UJ: Collegium Medicum (CMUJ)	3		45	1
1337	2025-07-17 22:29:32.346596+02	6	UJ: Wydział Nauk o Zdrowiu (WNoZ)	3		45	1
1338	2025-07-17 22:30:06.071633+02	13	UJ: Wydział Filozoficzny (WFiloz)	1	[{"added": {}}]	45	1
1339	2025-07-17 22:31:01.985226+02	14	UJ: Wydział Matematyki i Informatyki (WMiI)	1	[{"added": {}}]	45	1
1340	2025-07-17 22:31:40.744516+02	15	UJ: Wydział Zarządzania i Komunikacji Społecznej (WZiKS)	1	[{"added": {}}]	45	1
1341	2025-07-17 22:31:57.877182+02	16	UJ: Wydział Biologii (WB)	1	[{"added": {}}]	45	1
1342	2025-07-17 22:32:10.833+02	17	UJ: Wydział Studiów Międzynarodowych i Politycznych (WSMiP)	1	[{"added": {}}]	45	1
1343	2025-07-17 22:32:28.661559+02	18	UJ: Wydział Biochemii, Biofizyki i Biotechnologii (WBBiB)	1	[{"added": {}}]	45	1
1344	2025-07-17 22:32:49.26079+02	19	UJ: Wydział Geografii i Geologii (WGiG)	1	[{"added": {}}]	45	1
1345	2025-07-17 22:33:02.71305+02	20	UJ: Studia Matematyczno-Przyrodnicze (SMP)	1	[{"added": {}}]	45	1
1346	2025-07-17 22:33:16.553251+02	21	UJ: Międzywydziałowe Indywidualne Studia Humanistyczne (MISH)	1	[{"added": {}}]	45	1
1347	2025-07-17 22:38:26.456018+02	2	Akademia Górniczo-Hutnicza	1	[{"added": {}}]	44	1
1348	2025-07-17 22:38:30.359027+02	3	Akademia Górniczo-Hutnicza	1	[{"added": {}}]	44	1
1349	2025-07-17 22:38:44.416437+02	4	Politechnika Krakowska	1	[{"added": {}}]	44	1
1350	2025-07-17 22:39:20.782353+02	5	Uniwersytet Ekonomiczny w Krakowie	1	[{"added": {}}]	44	1
1351	2025-07-17 22:41:51.189082+02	6	Uniwersytet SWPS	1	[{"added": {}}]	44	1
1352	2025-07-17 22:42:05.551489+02	7	Uniwersytet Warszawski	1	[{"added": {}}]	44	1
1353	2025-07-17 22:42:25.882752+02	7	Uniwersytet Śląski	2	[{"changed": {"fields": ["Uczelnia", "Akronim"]}}]	44	1
1354	2025-07-17 22:43:13.630132+02	2	Uniwersytet Łódzki	2	[{"changed": {"fields": ["Uczelnia", "Akronim"]}}]	44	1
1355	2025-07-17 22:43:55.904879+02	8	Uniwersytet Przyrodniczy w Lublinie	1	[{"added": {}}]	44	1
1356	2025-07-17 22:45:37.261531+02	2	Nie wiem	1	[{"added": {}}]	46	1
1357	2025-07-17 22:45:40.068385+02	9	Nie wiem	1	[{"added": {}}]	44	1
1358	2025-07-17 22:46:06.308678+02	3	Nie dotyczy	1	[{"added": {}}]	46	1
1359	2025-07-17 22:46:07.891937+02	10	Nie dotyczy	1	[{"added": {}}]	44	1
1360	2025-07-17 22:49:53.60323+02	4	Niemcy	1	[{"added": {}}]	46	1
1361	2025-07-17 22:50:00.732266+02	11	Niemcy: Każda uczelnia	1	[{"added": {}}]	44	1
1362	2025-07-17 22:50:40.122631+02	11	Niemcy: Nie wiem	2	[{"changed": {"fields": ["Uczelnia", "Akronim"]}}]	44	1
1363	2025-07-17 22:51:16.234425+02	22	XXX_Niemcy: Nie wiem (XXX)	1	[{"added": {}}]	45	1
1364	2025-07-17 22:54:53.410346+02	23	XXX: Nie wiem (XXX)	1	[{"added": {}}]	45	1
1365	2025-07-17 22:55:06.435327+02	24	XXX: Nie dotyczy (XXX)	1	[{"added": {}}]	45	1
1366	2025-07-17 22:57:31.948075+02	25	AGH: Pion górniczy (PG)	1	[{"added": {}}]	45	1
1367	2025-07-17 22:57:39.283271+02	26	AGH: Pion górniczy (PG)	1	[{"added": {}}]	45	1
1368	2025-07-17 22:57:49.950563+02	27	AGH: Pion hutniczy (PH)	1	[{"added": {}}]	45	1
1369	2025-07-17 22:58:17.449288+02	25	AGH: Pion hutniczy (PH)	2	[{"changed": {"fields": ["Wydzia\\u0142", "Skr\\u00f3t"]}}]	45	1
1370	2025-07-17 22:58:27.527+02	25	AGH: Pion hutniczy (PH)	3		45	1
1371	2025-07-17 22:59:59.452961+02	28	PK: Wydział Architektury (WA)	1	[{"added": {}}]	45	1
1372	2025-07-17 23:00:28.332561+02	29	PK: Wydział Mechaniczny (WM)	1	[{"added": {}}]	45	1
1373	2025-07-17 23:00:58.322095+02	30	PK: Wydział Inżynierii Lądowej (WIL)	1	[{"added": {}}]	45	1
1374	2025-07-17 23:02:28.040051+02	31	UEK: Dowolny wydział (Dowolny)	1	[{"added": {}}]	45	1
1375	2025-07-17 23:03:29.036622+02	12	Uniwersytet Warszawski (UW)	1	[{"added": {}}]	44	1
1376	2025-07-17 23:03:31.328193+02	32	UW: Dowolny wydział (Dowolny)	1	[{"added": {}}]	45	1
1377	2025-07-17 23:03:44.612947+02	33	UEK: Dowolny wydział (Dowolny)	1	[{"added": {}}]	45	1
1378	2025-07-17 23:03:50.626041+02	34	UŚ: Dowolny wydział (Dowolny)	1	[{"added": {}}]	45	1
1379	2025-07-17 23:03:54.949643+02	35	UŁ: Dowolny wydział (Dowolny)	1	[{"added": {}}]	45	1
1380	2025-07-17 23:03:58.809274+02	36	UP_Lublin: Dowolny wydział (Dowolny)	1	[{"added": {}}]	45	1
1381	2025-07-17 23:14:34.826695+02	1	UJ_CMUJ: bordowa	1	[{"added": {}}]	47	1
1382	2025-07-17 23:14:39.559496+02	2	UJ_CMUJ: bordowa	1	[{"added": {}}]	47	1
1383	2025-07-17 23:15:03.331673+02	2	UJ_WPiA: czarna	2	[{"changed": {"fields": ["Wydzia\\u0142", "Kolor"]}}]	47	1
1384	2025-07-17 23:15:22.756102+02	3	UJ_WZiKS: brązowa	1	[{"added": {}}]	47	1
1385	2025-07-17 23:15:39.955212+02	4	UJ_WBBiB: ecrú	1	[{"added": {}}]	47	1
1386	2025-07-17 23:15:56.746716+02	5	UJ_WFAiIS: fioletowa	1	[{"added": {}}]	47	1
1387	2025-07-17 23:16:12.835649+02	6	UJ_WFilol: granatowa	1	[{"added": {}}]	47	1
1388	2025-07-17 23:16:31.981041+02	7	UJ_WSMiP: karminowa	1	[{"added": {}}]	47	1
1389	2025-07-17 23:16:54.90687+02	8	UJ_WMiI: fioletowa z niebieskim otokiem	1	[{"added": {}}]	47	1
1390	2025-07-17 23:17:12.571513+02	9	UJ_WPol: granatowa z niebieskim otokiem	1	[{"added": {}}]	47	1
1391	2025-07-17 23:17:38.200198+02	10	UJ_WPol: granatowa z niebieskim otokiem	1	[{"added": {}}]	47	1
1392	2025-07-17 23:18:11.700563+02	11	Honorowa: pomarańczowy	1	[{"added": {}}]	47	1
1393	2025-07-17 23:18:35.508091+02	12	UJ_WFiloz: srebrna	1	[{"added": {}}]	47	1
1394	2025-07-17 23:18:46.633433+02	13	UJ_WGiG: szmaragdowa	1	[{"added": {}}]	47	1
1395	2025-07-17 23:18:56.914148+02	14	UJ_WGiG: szmaragdowa	1	[{"added": {}}]	47	1
1396	2025-07-17 23:19:28.425378+02	15	UJ_WHist: niebieska	1	[{"added": {}}]	47	1
1397	2025-07-17 23:19:48.819566+02	16	UJ_WNoZ: bordowa z zielonym otokiem	1	[{"added": {}}]	47	1
1398	2025-07-17 23:20:09.402658+02	17	UJ_SMP: fioletowa z zielonym otokiem	1	[{"added": {}}]	47	1
1399	2025-07-17 23:20:28.927996+02	18	UJ_WChUJ: żółta	1	[{"added": {}}]	47	1
1400	2025-07-17 23:20:35.072405+02	19	UJ_WChUJ: żółta	1	[{"added": {}}]	47	1
1401	2025-07-17 23:20:37.792647+02	19	UJ_WChUJ: żółta	2	[]	47	1
1402	2025-07-17 23:21:00.890036+02	20	AGH_PG: czarna z zielonym otokiem	1	[{"added": {}}]	47	1
1403	2025-07-17 23:21:20.533611+02	21	AGH_PH: czarna z niebieskim otokiem	1	[{"added": {}}]	47	1
1404	2025-07-17 23:21:24.702614+02	22	AGH_PH: czarna z niebieskim otokiem	1	[{"added": {}}]	47	1
1405	2025-07-17 23:21:27.90508+02	22	AGH_PH: czarna z niebieskim otokiem	2	[]	47	1
1406	2025-07-17 23:21:49.043672+02	23	PK_WA: granatowa	1	[{"added": {}}]	47	1
1407	2025-07-17 23:22:26.057577+02	24	PK_WM: granatowa z czerwonym otokiem	1	[{"added": {}}]	47	1
1408	2025-07-17 23:23:11.625779+02	25	PK_WIL: granatowa z czarnym otokiem	1	[{"added": {}}]	47	1
1409	2025-07-17 23:23:33.489363+02	26	UW_Dowolny: biała z amarantowym otokiem	1	[{"added": {}}]	47	1
1410	2025-07-17 23:25:23.652194+02	27	UŚ_Dowolny: granatowa z napisem "UNIWERSYTET ŚLĄSKI"	1	[{"added": {}}]	47	1
1411	2025-07-17 23:26:17.806859+02	28	UP_Lublin_Dowolny: szmaragdowa	1	[{"added": {}}]	47	1
1412	2025-07-17 23:26:31.679124+02	29	XXX_XXX: Nie wiem	1	[{"added": {}}]	47	1
1413	2025-07-17 23:26:47.195364+02	30	XXX_XXX: Nie dotyczy	1	[{"added": {}}]	47	1
1414	2025-07-17 23:27:15.956707+02	31	XXX_Niemcy_XXX: niebieska	1	[{"added": {}}]	47	1
1415	2025-07-17 23:27:19.650074+02	32	XXX_Niemcy_XXX: niebieska	1	[{"added": {}}]	47	1
1416	2025-07-17 23:27:21.230976+02	32	XXX_Niemcy_XXX: niebieska	2	[]	47	1
1417	2025-07-17 23:27:44.843477+02	33	UJ_WFarm: bordowa z granatowym otokiem	1	[{"added": {}}]	47	1
1418	2025-07-17 23:27:57.961151+02	34	UJ_WB: zielona	1	[{"added": {}}]	47	1
1419	2025-07-17 23:28:15.402891+02	35	UJ_MISH: srebrna z granatowym otokiem	1	[{"added": {}}]	47	1
1420	2025-07-17 23:30:24.996218+02	37	SWPS_Kra: Nie wiem (XXX)	1	[{"added": {}}]	45	1
1421	2025-07-17 23:30:46.946121+02	36	SWPS_Kra_XXX: zielona z bordowym otokiem	1	[{"added": {}}]	47	1
1422	2025-07-18 00:26:27.332459+02	1	Inny	1	[{"added": {}}]	49	1
1423	2025-07-18 00:27:20.928271+02	2	Nie wiem - Inny, XXX	1	[{"added": {}}]	48	1
1424	2025-07-18 00:29:11.00013+02	2	Uczelnia	1	[{"added": {}}]	49	1
1425	2025-07-18 00:29:15.381591+02	3	Wydział Historyczny UJ - Uczelnia, ul. Gołębia 24, Kraków, Polska	1	[{"added": {}}]	48	1
1426	2025-07-18 00:29:35.941415+02	4	CMUJ - Uczelnia, św. Anny 12, Kraków, Polska	1	[{"added": {}}]	48	1
1427	2025-07-18 00:30:04.291611+02	3	Obiekt kultury	1	[{"added": {}}]	49	1
1428	2025-07-18 00:30:07.119218+02	5	Grób królowej Jadwigi - Obiekt kultury, Katedra Wawelska, Kraków, Polska	1	[{"added": {}}]	48	1
1429	2025-07-18 00:30:33.426539+02	6	Auditorium Maximum UJ - Uczelnia, Krupnicza 33, Kraków, Polska	1	[{"added": {}}]	48	1
1430	2025-07-18 08:55:38.460673+02	7	Collegium Maius - Uczelnia, Jagiellońska 15, Kraków, Polska	1	[{"added": {}}]	48	1
1431	2025-07-18 08:56:30.713157+02	8	Collegium Novum - Uczelnia, Gołębia 24, Kraków, Polska	1	[{"added": {}}]	48	1
1432	2025-07-18 08:56:59.705552+02	4	Pub/Klub	1	[{"added": {}}]	49	1
1433	2025-07-18 08:57:11.735063+02	9	Klub Studencki Nawojka - Pub/Klub, Władysława Reymonta 11, Kraków, Polska	1	[{"added": {}}]	48	1
1434	2025-07-18 08:57:34.385235+02	10	Shot Pub - Pub/Klub, Szpitalna 5, Kraków, Polska	1	[{"added": {}}]	48	1
1435	2025-07-18 08:57:58.188598+02	11	Klub Buda - Pub/Klub, Czapskich 2, Kraków, Polska	1	[{"added": {}}]	48	1
1436	2025-07-18 08:58:31.234285+02	12	Collegium Iuridicum UJ - Uczelnia, Grodzka 53, Kraków, Polska	1	[{"added": {}}]	48	1
1437	2025-07-18 08:59:58.479017+02	5	Miasto	1	[{"added": {}}]	49	1
1438	2025-07-18 09:00:01.654811+02	13	Wrocław - Miasto, Wrocław, Polska	1	[{"added": {}}]	48	1
1439	2025-07-18 09:00:24.1393+02	6	Auditorium Maximum UJ - Uczelnia, Krupnicza 33, 31-123 Kraków	2	[{"changed": {"fields": ["Adres"]}}]	48	1
1440	2025-07-18 09:00:53.262331+02	4	CMUJ - Uczelnia, Świętej Anny 12, 31-008 Kraków	2	[{"changed": {"fields": ["Adres"]}}]	48	1
1441	2025-07-18 09:01:14.700854+02	12	Collegium Iuridicum UJ - Uczelnia, Grodzka 53, 33-332 Kraków	2	[{"changed": {"fields": ["Adres"]}}]	48	1
1442	2025-07-18 09:01:38.027197+02	7	Collegium Maius - Uczelnia, Jagiellońska 15, 31-010 Kraków	2	[{"changed": {"fields": ["Adres"]}}]	48	1
1443	2025-07-18 09:02:14.25832+02	8	Collegium Novum UJ - Uczelnia, Gołębia 24, 31-007 Kraków	2	[{"changed": {"fields": ["Nazwa", "Adres"]}}]	48	1
1444	2025-07-18 09:02:22.40628+02	7	Collegium Maius UJ - Uczelnia, Jagiellońska 15, 31-010 Kraków	2	[{"changed": {"fields": ["Nazwa"]}}]	48	1
1445	2025-07-18 09:03:45.270009+02	5	Grób królowej Jadwigi - Obiekt kultury, Katedra Wawelska, 31-001 Kraków	2	[{"changed": {"fields": ["Adres"]}}]	48	1
1446	2025-07-18 09:04:15.441746+02	11	Klub Buda - Pub/Klub, Czapskich 2, 31-110 Kraków	2	[{"changed": {"fields": ["Adres"]}}]	48	1
1447	2025-07-18 09:04:37.513409+02	9	Klub Studencki Nawojka - Pub/Klub, Władysława Reymonta 11, 30-059 Kraków	2	[{"changed": {"fields": ["Adres"]}}]	48	1
1448	2025-07-18 09:05:09.029519+02	10	Shot Pub - Pub/Klub, Szpitalna, 30-962 Kraków	2	[{"changed": {"fields": ["Adres"]}}]	48	1
1449	2025-07-18 09:16:47.284343+02	3	Wydział Historyczny UJ - Uczelnia, ul. Gołębia 24, 31-007 Kraków	2	[{"changed": {"fields": ["Adres"]}}]	48	1
1450	2025-07-18 09:17:59.107444+02	14	Kopiec Kościuszki - Obiekt kultury, al. Waszyngtona 1, 30-204 Kraków	1	[{"added": {}}]	48	1
1451	2025-07-18 09:18:41.964998+02	15	Gołębnik - Uczelnia, Gołębia 16, 31-007 Kraków	1	[{"added": {}}]	48	1
1452	2025-07-18 09:19:40.32704+02	16	Klub Studencki "Żaczek" - Pub/Klub, al. 3 Maja 5, 30-063 Kraków	1	[{"added": {}}]	48	1
1453	2025-07-18 09:20:34.826182+02	17	Kraków - Miasto, Kraków, Polska	1	[{"added": {}}]	48	1
1454	2025-07-18 09:21:21.197836+02	18	Bolonia - Miasto, Bologna, Włochy	1	[{"added": {}}]	48	1
1455	2025-07-18 09:26:08.751269+02	6	Park	1	[{"added": {}}]	49	1
1456	2025-07-18 09:26:11.123284+02	19	Giardini di via Filippo Re - Park, Via Filippo Re, 40126 Bologna BO, Włochy	1	[{"added": {}}]	48	1
1457	2025-07-18 09:26:35.459964+02	20	Palazzo d'Accursio - Obiekt kultury, Piazza Maggiore, 6, 40121 Bologna BO, Włochy	1	[{"added": {}}]	48	1
1458	2025-07-18 09:27:11.120116+02	7	Lokum	1	[{"added": {}}]	49	1
1459	2025-07-18 09:27:13.928527+02	21	Spawner Włochów - Lokum, Via delle Moline, 7, 40126 Bologna BO, Włochy	1	[{"added": {}}]	48	1
1460	2025-07-18 09:27:41.588142+02	22	MEUS - Obiekt kultury, Via Zamboni, 33, 40126 Bologna BO, Włochy	1	[{"added": {}}]	48	1
1461	2025-07-18 09:28:10.605148+02	8	Restauracja	1	[{"added": {}}]	49	1
1462	2025-07-18 09:28:13.024815+02	23	Pizza Casa - Restauracja, Via S. Vitale, 45/A, 40125 Bologna BO, Włochy	1	[{"added": {}}]	48	1
1463	2025-07-18 09:28:34.921279+02	24	Pizza Gingio - Restauracja, Via Rizzoli, 40a, 40126 Bologna BO, Włochy	1	[{"added": {}}]	48	1
1464	2025-07-18 09:29:09.818391+02	25	Centrum Dydaktyczno Kongresowe - Uczelnia, świętego Łazarza 16, 31-530 Kraków	1	[{"added": {}}]	48	1
1465	2025-07-18 09:29:44.192339+02	9	Plac	1	[{"added": {}}]	49	1
1466	2025-07-18 09:29:46.397627+02	26	Piazza Maggiore - Plac, Piazza Maggiore, 40124 Bologna BO, Włochy	1	[{"added": {}}]	48	1
1467	2025-07-18 09:30:35.965123+02	10	Obiekt kultu	1	[{"added": {}}]	49	1
1468	2025-07-18 09:30:39.422453+02	27	Bazylika św. Petroniusza - Obiekt kultu, Piazza Maggiore, 40124 Bologna BO, Włochy	1	[{"added": {}}]	48	1
1469	2025-07-18 09:31:22.047461+02	11	Bar	1	[{"added": {}}]	49	1
1470	2025-07-18 09:31:27.023527+02	28	Bar Birroteca Lupulus - Bar, Via Giuseppe Petroni, 7a, 40126 Bologna BO, Włochy	1	[{"added": {}}]	48	1
1471	2025-07-18 09:32:02.720618+02	29	W dupie - Inny, Chyba wiesz, gdzie masz dupę	1	[{"added": {}}]	48	1
1472	2025-07-18 09:34:18.440553+02	30	Piazza Vittorio Puntoni - Plac, 40126 Bolonia, Włochy	1	[{"added": {}}]	48	1
1473	2025-07-18 09:34:42.575348+02	12	Lotnisko	1	[{"added": {}}]	49	1
1474	2025-07-18 09:34:44.685627+02	31	Port Lotniczy Bolonia - Lotnisko, Via del Triumvirato, 84, 40132 Bologna BO, Włochy	1	[{"added": {}}]	48	1
1475	2025-07-18 09:35:37.844608+02	13	Szlak	1	[{"added": {}}]	49	1
1476	2025-07-18 09:35:44.336098+02	32	Krakowski Szlak Generała Bema - Szlak, powiat krakowski, Polska	1	[{"added": {}}]	48	1
1477	2025-07-18 09:36:38.381962+02	30	Piazza Vittorio Puntoni - Plac, 40126 Bologna BO, Włochy	2	[{"changed": {"fields": ["Adres"]}}]	48	1
1478	2025-07-18 11:39:52.74732+02	9	Shot Pub - Pub/Klub, Szpitalna, 30-962 Kraków	2	[{"changed": {"fields": ["Zamkni\\u0119te na sta\\u0142e"]}}]	48	1
1479	2025-07-18 11:41:08.445788+02	14	Bar mleczny	1	[{"added": {}}]	49	1
1480	2025-07-18 11:41:18.486436+02	15	Dworzec	1	[{"added": {}}]	49	1
1481	2025-07-18 11:41:28.78454+02	16	Bar karaoke	1	[{"added": {}}]	49	1
1482	2025-07-18 11:41:33.206861+02	17	Kino	1	[{"added": {}}]	49	1
1483	2025-07-18 11:41:43.986445+02	18	Schronisko	1	[{"added": {}}]	49	1
1484	2025-07-18 11:41:47.918219+02	19	Teatr	1	[{"added": {}}]	49	1
1485	2025-07-18 11:41:53.980056+02	20	Szczyt	1	[{"added": {}}]	49	1
1486	2025-07-18 11:53:11.629213+02	5	Belgia	1	[{"added": {}}]	46	1
1487	2025-07-18 11:53:16.76629+02	6	Dania	1	[{"added": {}}]	46	1
1488	2025-07-18 11:53:20.804579+02	7	Finlandia	1	[{"added": {}}]	46	1
1489	2025-07-18 11:53:24.337836+02	8	Francja	1	[{"added": {}}]	46	1
1490	2025-07-18 11:53:30.648855+02	9	Norwegia	1	[{"added": {}}]	46	1
1491	2025-07-18 11:53:42.371859+02	10	Szwecja	1	[{"added": {}}]	46	1
1492	2025-07-18 11:53:51.471848+02	11	Włochy	1	[{"added": {}}]	46	1
1493	2025-07-18 12:03:14.464488+02	3	ITA Monte Christo Balla	3		31	1
1494	2025-07-18 12:05:22.431289+02	4	None Balla Monte Christo	1	[{"added": {}}]	31	1
1495	2025-07-18 12:24:08.064916+02	4	Włochy Balla Monte Christo	2	[{"changed": {"fields": ["Kraj pochodzenia"]}}]	31	1
1496	2025-07-18 12:41:04.966707+02	1	Calotte	1	[{"added": {}}]	50	1
1497	2025-07-18 12:41:36.273356+02	2	Czapka	1	[{"added": {}}]	50	1
1498	2025-07-18 12:52:57.455111+02	1	Calotte	2	[]	50	1
1499	2025-07-18 12:53:20.512899+02	2	Czapka	2	[]	50	1
1500	2025-07-18 12:53:43.153457+02	3	Faluch	1	[{"added": {}}]	50	1
1501	2025-07-18 12:54:18.942198+02	4	Feluca	1	[{"added": {}}]	50	1
1502	2025-07-18 12:54:31.464244+02	4	Feluca	2	[{"changed": {"fields": ["Od czego zale\\u017cy kolor"]}}]	50	1
1503	2025-07-18 13:04:02.671595+02	4	Włochy Balla Monte Christo	3		31	1
1504	2025-07-18 10:45:57.685973+02	1	Belgowie: Belgia	1	[{"added": {}}]	51	1
1505	2025-07-18 10:46:29.077635+02	2	Polskie: Polska	1	[{"added": {}}]	51	1
1506	2025-07-18 10:47:00.468289+02	3	Faluszardzi: Belgia, Francja	1	[{"added": {}}]	51	1
1507	2025-07-18 10:47:28.648845+02	12	Hiszpania	1	[{"added": {}}]	46	1
1508	2025-07-18 10:47:41.067423+02	4	Goliardzi: Hiszpania, Włochy	1	[{"added": {}}]	51	1
1509	2025-07-18 10:48:15.481726+02	5	Korporacje studenckie: Niemcy, Polska	1	[{"added": {}}]	51	1
1510	2025-07-18 10:49:35.079768+02	5	Polska Bractwo Czapki Studenckiej UJ	1	[{"added": {}}]	31	1
1511	2025-07-18 10:50:44.390821+02	6	Polska: Bractwo Czapki Studenckiej Animus	1	[{"added": {}}]	31	1
1512	2025-07-18 16:06:44.121258+02	1	Wymienianie się pinsami	3		29	1
1609	2025-07-21 15:58:45.960001+02	18	Wybory	1	[{"added": {}}]	70	1
1630	2025-07-21 16:57:02.737996+02	9	2025-05-14: Karczma "Czapkowa Karczma Karnawałowa"	2	[{"changed": {"fields": ["Typ wydarzenia"]}}]	19	1
1651	2025-07-21 17:06:52.503129+02	24	2010-04-28: Wykład/Prelekcja "Prelekcja Roberto o folklorze studenckim"	2	[{"changed": {"fields": ["Nazwa", "Typ wydarzenia"]}}]	19	1
1537	2025-07-19 19:03:13.882031+02	6	Polska: Bractwo Czapki Studenckiej Animus	2	[]	31	1
1538	2025-07-19 19:04:03.628107+02	5	Polska: Bractwo Czapki Studenckiej UJ	2	[{"changed": {"fields": ["Za\\u0142o\\u017cyciele"]}}]	31	1
\.


--
-- Data for Name: django_content_type; Type: TABLE DATA; Schema: public; Owner: projectuser
--

COPY public.django_content_type (id, app_label, model) FROM stdin;
1	admin	logentry
2	auth	permission
3	auth	group
4	auth	user
5	contenttypes	contenttype
6	sessions	session
14	core	kadencja
15	kronika	proces
16	kronika	miejsce
17	kronika	spotkanieczapkowe
18	kronika	wyjazd
19	kronika	wydarzenie
20	kronika	zdarzenie
25	kronika	obrazwydarzenie
26	encyklopedia	tradycja
28	encyklopedia	tradycjainnegobractwa
29	encyklopedia	tradycjabcs
24	kronika	osoby
31	encyklopedia	bractwo
32	encyklopedia	lengths
33	kronika	okazja
34	kronika	obrazzdarzenie
35	kronika	obrazwyjazd
37	admin_interface	theme
38	kronika	charakterystykadzialanzarzadu
39	encyklopedia	zwyczaj
40	encyklopedia	powiedzenie
41	encyklopedia	pojecie
42	encyklopedia	zrodlo
44	miejsca	uczelnia
45	miejsca	wydzial
46	miejsca	kraj
47	czapki	czapka
48	miejsca	miejsce
49	miejsca	typmiejsca
50	czapki	rodzajczapki
51	encyklopedia	grupabractw
55	osoby	czapka
56	osoby	innaosoba
57	osoby	osoby
58	osoby	wielkimistrz
59	osoby	zarzad
60	osoby	czlonek
61	osoby	bean
62	osoby	dawnyzarzad
63	osoby	halloffame
64	osoby	imieszlacheckie
65	osoby	zwierzeczapkowe
66	osoby	oldczlonek
67	osoby	oldbean
68	osoby	innaoldosoba
69	osoby	osoba
70	kronika	typwydarzenia
71	kronika	typwyjazdu
\.


--
-- Data for Name: django_migrations; Type: TABLE DATA; Schema: public; Owner: projectuser
--

COPY public.django_migrations (id, app, name, applied) FROM stdin;
1	contenttypes	0001_initial	2025-04-24 10:18:16.501024+02
2	auth	0001_initial	2025-04-24 10:18:16.549697+02
3	admin	0001_initial	2025-04-24 10:18:16.563003+02
4	admin	0002_logentry_remove_auto_add	2025-04-24 10:18:16.567753+02
5	admin	0003_logentry_add_action_flag_choices	2025-04-24 10:18:16.572893+02
6	contenttypes	0002_remove_content_type_name	2025-04-24 10:18:16.585132+02
7	auth	0002_alter_permission_name_max_length	2025-04-24 10:18:16.591515+02
8	auth	0003_alter_user_email_max_length	2025-04-24 10:18:16.597672+02
9	auth	0004_alter_user_username_opts	2025-04-24 10:18:16.602301+02
10	auth	0005_alter_user_last_login_null	2025-04-24 10:18:16.609842+02
11	auth	0006_require_contenttypes_0002	2025-04-24 10:18:16.61108+02
12	auth	0007_alter_validators_add_error_messages	2025-04-24 10:18:16.616143+02
13	auth	0008_alter_user_username_max_length	2025-04-24 10:18:16.627553+02
14	auth	0009_alter_user_last_name_max_length	2025-04-24 10:18:16.633054+02
15	auth	0010_alter_group_name_max_length	2025-04-24 10:18:16.639366+02
16	auth	0011_update_proxy_permissions	2025-04-24 10:18:16.643979+02
17	auth	0012_alter_user_first_name_max_length	2025-04-24 10:18:16.648699+02
18	sessions	0001_initial	2025-04-24 10:18:16.659781+02
57	core	0001_initial	2025-05-01 13:34:26.80324+02
58	core	0002_alter_kadencja_zakonczenie	2025-05-01 13:36:11.334519+02
59	core	0003_alter_kadencja_zakonczenie	2025-05-01 13:39:47.154955+02
60	czlonkowie	0001_initial	2025-05-01 14:42:59.071568+02
61	czlonkowie	0002_delete_dawnyzarzad	2025-05-01 14:45:38.611799+02
62	czlonkowie	0003_dawnyzarzad	2025-05-01 14:47:09.802001+02
63	czlonkowie	0002_wielkimistrz_zarzad	2025-05-01 14:52:23.390129+02
64	czlonkowie	0003_alter_czapka_uczelnia_alter_czlonek_dzien_chrztu_and_more	2025-05-01 15:49:29.859326+02
65	czlonkowie	0004_alter_czapka_uczelnia_alter_czlonek_dzien_chrztu_and_more	2025-05-01 19:29:53.304221+02
66	czlonkowie	0005_alter_wielkimistrz_options_and_more	2025-05-01 19:36:25.050151+02
67	czlonkowie	0006_alter_wielkimistrz_options	2025-05-01 19:48:09.925965+02
68	czlonkowie	0007_alter_wielkimistrz_options_and_more	2025-05-01 19:58:00.631491+02
69	kronika	0001_initial	2025-05-01 23:44:07.467652+02
70	kronika	0002_alter_wyjazd_options_proces_opis_alter_miejsce_typ	2025-05-02 01:08:25.262438+02
71	kronika	0003_delete_proces_remove_wyjazd_wydarzenia_and_more	2025-05-02 01:39:54.986502+02
72	kronika	0004_zdarzenie_alter_miejsce_adres_wyjazd_wydarzenie_and_more	2025-05-02 01:55:53.973021+02
73	czlonkowie	0008_podziekowania	2025-05-02 02:10:42.706539+02
74	czlonkowie	0009_halloffame_delete_podziekowania	2025-05-02 02:22:46.38963+02
75	czlonkowie	0010_alter_halloffame_options_remove_halloffame_edited_and_more	2025-05-02 02:36:40.306926+02
76	czlonkowie	0011_alter_halloffame_options_remove_halloffame_numer	2025-05-02 02:40:27.054743+02
77	czlonkowie	0012_alter_halloffame_options	2025-05-02 02:56:03.118534+02
78	czlonkowie	0013_alter_halloffame_options_halloffame_order_field	2025-05-02 15:44:06.384719+02
79	czlonkowie	0014_innaosoba	2025-05-04 21:50:04.052236+02
80	kronika	0005_alter_wydarzenie_typ_uczestnictwo	2025-05-04 21:50:04.085008+02
81	kronika	0006_rename_uczestnik_uczestnictwo_czlonek_and_more	2025-05-04 22:51:26.253802+02
82	czlonkowie	0015_alter_innaosoba_options_remove_innaosoba_imie_and_more	2025-05-04 23:10:22.960379+02
83	kronika	0007_alter_wydarzenie_typ	2025-05-04 23:10:22.963831+02
84	kronika	0008_alter_miejsce_adres	2025-05-04 23:16:41.006088+02
85	kronika	0009_alter_wydarzenie_typ_remove_wydarzenie_zdarzenia_and_more	2025-05-04 23:22:48.036485+02
86	kronika	0010_alter_wydarzenie_zdarzenia	2025-05-05 09:12:12.027593+02
87	kronika	0011_obrazwydarzenie_wydarzenie_obrazy	2025-05-05 12:05:23.834371+02
88	kronika	0012_alter_miejsce_typ_remove_proces_zdarzenia_and_more	2025-05-05 15:25:10.115189+02
90	czlonkowie	0016_przezwisko	2025-05-09 09:27:26.805899+02
91	encyklopedia	0002_alter_tradycja_inne_and_more	2025-05-09 09:27:26.815599+02
92	kronika	0013_alter_miejsce_typ_alter_wydarzenie_typ	2025-05-09 09:27:26.827531+02
93	encyklopedia	0003_tradycja_autor_rodzaj_and_more	2025-05-09 09:56:31.655621+02
94	encyklopedia	0004_tradycjainnegobractwa_tradycjabcs_delete_tradycja	2025-05-13 11:07:34.665972+02
95	czlonkowie	0017_alter_czlonek_czapka_1_alter_czlonek_czapka_2_bean	2025-05-13 12:42:51.866182+02
96	encyklopedia	0005_alter_tradycjainnegobractwa_autor_rodzaj	2025-05-13 12:42:51.869942+02
97	czlonkowie	0018_alter_bean_rodzic_1_alter_bean_rodzic_2	2025-05-13 12:52:22.304559+02
98	czlonkowie	0019_alter_bean_pewnosc_stazu_alter_bean_staz	2025-05-13 13:05:47.350941+02
99	kronika	0014_uczestnictwo_bean	2025-05-13 13:05:47.376679+02
100	kronika	0015_remove_obrazwydarzenie_inne_widoczne_osoby_and_more	2025-05-13 13:22:15.139087+02
101	kronika	0016_rename_uczestnictwo_osoby_alter_osoby_options	2025-05-13 13:44:27.82297+02
102	encyklopedia	0006_bractwo_lengths	2025-05-13 14:48:17.717427+02
103	encyklopedia	0007_delete_lengths_alter_bractwo_options_and_more	2025-05-13 14:57:30.280783+02
104	encyklopedia	0008_alter_bractwo_rok_zalozenia	2025-05-13 14:58:11.318593+02
105	encyklopedia	0009_alter_bractwo_rok_zalozenia	2025-05-13 15:03:46.149859+02
106	czlonkowie	0020_innaosoba_bractwo	2025-05-13 15:15:01.48548+02
107	encyklopedia	0010_alter_bractwo_rok_zalozenia	2025-05-13 18:30:03.983131+02
108	kronika	0017_zdarzenie_miejsce	2025-05-13 18:30:04.014331+02
109	kronika	0018_alter_miejsce_typ_okazja	2025-05-13 19:07:49.592879+02
110	kronika	0019_obrazzdarzenie_zdarzenie_obrazy	2025-05-14 00:17:00.81439+02
111	kronika	0020_obrazwyjazd	2025-05-14 00:22:26.860538+02
112	kronika	0021_rename_obraz_obrazwyjazd_obrazy_wyjazd_obrazy_and_more	2025-05-14 00:30:47.073963+02
113	kronika	0022_rename_obrazy_obrazwyjazd_obraz	2025-05-14 00:40:00.03356+02
114	kronika	0023_obrazwyjazd_data	2025-05-14 00:43:58.787788+02
115	encyklopedia	0011_remove_tradycjabcs_wyjazd_and_more	2025-05-14 01:43:11.894647+02
116	kronika	0024_remove_wyjazd_obrazy_remove_okazja_content_type_and_more	2025-05-14 11:25:13.689573+02
117	kronika	0025_alter_wydarzenie_czy_to_wyjazd	2025-05-14 11:25:20.190332+02
118	kronika	0002_alter_obrazwydarzenie_options_wyjazd	2025-05-14 12:27:41.853995+02
119	encyklopedia	0002_tradycjabcs_wydarzenie	2025-05-14 12:28:05.097416+02
120	czlonkowie	0002_innaosoba_bractwo_przezwisko_kto_wielkimistrz_imie_and_more	2025-05-14 12:28:49.792764+02
121	czlonkowie	0021_merge_20250514_1247	2025-05-14 14:47:25.14884+02
122	encyklopedia	0010_merge_20250514_1247	2025-05-14 14:47:25.150372+02
123	kronika	0017_merge_20250514_1247	2025-05-14 14:47:25.151219+02
124	encyklopedia	0011_remove_tradycjabcs_autor_czlonek_and_more	2025-05-14 15:00:02.449131+02
125	kronika	0018_delete_osoby	2025-05-14 15:19:52.000698+02
126	czlonkowie	0022_osoby	2025-05-14 15:20:41.793322+02
127	encyklopedia	0012_alter_tradycjainnegobractwa_autor_rodzaj	2025-05-14 17:28:14.68845+02
128	kronika	0019_delete_wyjazd	2025-05-14 17:33:33.598178+02
129	kronika	0020_alter_wydarzenie_options_remove_wydarzenie_data_and_more	2025-05-14 17:45:28.556123+02
130	kronika	0021_obrazzdarzenie	2025-05-14 18:10:51.907077+02
131	kronika	0022_zdarzenie_miejsce_zdarzenie_obrazy	2025-05-14 18:20:32.554907+02
132	kronika	0023_zdarzenie_wydarzenie_alter_wydarzenie_zdarzenia	2025-05-14 18:23:48.509219+02
133	czlonkowie	0023_alter_czapka_wydzial_alter_czlonek_pewnosc_stazu	2025-05-15 00:53:49.876665+02
134	kronika	0024_remove_wydarzenie_zdarzenia_remove_zdarzenie_obrazy_and_more	2025-05-15 00:53:49.900367+02
135	czlonkowie	0024_alter_bean_czapka_1_alter_bean_czapka_2_and_more	2025-05-15 01:16:54.929407+02
136	czlonkowie	0025_alter_przezwisko_options_remove_przezwisko_kto	2025-05-15 01:24:01.314577+02
137	czlonkowie	0026_przezwisko_bean_przezwisko_czlonek_and_more	2025-05-15 01:56:14.048985+02
138	czlonkowie	0025_bean_przezwiska_czlonek_przezwiska	2025-05-15 02:16:50.501198+02
139	czlonkowie	0026_alter_bean_przezwiska_alter_czlonek_przezwiska	2025-05-15 02:32:47.37794+02
140	czlonkowie	0027_innaosoba_imie_innaosoba_nazwisko_and_more	2025-05-15 02:59:30.471617+02
141	czlonkowie	0028_alter_innaosoba_nazwisko	2025-05-15 03:00:50.935594+02
142	czlonkowie	0029_alter_innaosoba_options_remove_innaosoba_nazwa	2025-05-15 03:06:33.406131+02
143	czlonkowie	0030_alter_innaosoba_imie_alter_innaosoba_nazwisko	2025-05-15 03:27:43.270686+02
144	czlonkowie	0031_delete_przezwisko	2025-05-15 03:31:45.290051+02
145	kronika	0025_wydarzenie_link	2025-05-15 12:50:42.582059+02
146	kronika	0026_zdarzenie_godzina_alter_miejsce_typ_and_more	2025-05-15 15:52:25.310576+02
147	czlonkowie	0032_alter_bean_pewnosc_stazu_alter_czlonek_pewnosc_stazu	2025-05-17 18:35:37.548459+02
148	czlonkowie	0033_alter_czlonek_imie_piwne_1_wybor_and_more	2025-05-17 19:47:32.276797+02
149	czlonkowie	0034_halloffame_bean_alter_czlonek_status	2025-05-19 01:04:02.266356+02
150	encyklopedia	0013_alter_tradycjabcs_options	2025-05-19 01:04:02.272514+02
151	admin_interface	0001_initial	2025-05-19 23:42:04.25479+02
152	admin_interface	0002_add_related_modal	2025-05-19 23:42:04.268431+02
153	admin_interface	0003_add_logo_color	2025-05-19 23:42:04.273815+02
154	admin_interface	0004_rename_title_color	2025-05-19 23:42:04.27762+02
155	admin_interface	0005_add_recent_actions_visible	2025-05-19 23:42:04.288643+02
156	admin_interface	0006_bytes_to_str	2025-05-19 23:42:04.339109+02
157	admin_interface	0007_add_favicon	2025-05-19 23:42:04.343135+02
158	admin_interface	0008_change_related_modal_background_opacity_type	2025-05-19 23:42:04.349108+02
159	admin_interface	0009_add_enviroment	2025-05-19 23:42:04.355324+02
160	admin_interface	0010_add_localization	2025-05-19 23:42:04.366323+02
161	admin_interface	0011_add_environment_options	2025-05-19 23:42:04.388354+02
162	admin_interface	0012_update_verbose_names	2025-05-19 23:42:04.395947+02
163	admin_interface	0013_add_related_modal_close_button	2025-05-19 23:42:04.402521+02
164	admin_interface	0014_name_unique	2025-05-19 23:42:04.413943+02
165	admin_interface	0015_add_language_chooser_active	2025-05-19 23:42:04.418567+02
166	admin_interface	0016_add_language_chooser_display	2025-05-19 23:42:04.421872+02
167	admin_interface	0017_change_list_filter_dropdown	2025-05-19 23:42:04.425816+02
168	admin_interface	0018_theme_list_filter_sticky	2025-05-19 23:42:04.43924+02
169	admin_interface	0019_add_form_sticky	2025-05-19 23:42:04.447123+02
170	admin_interface	0020_module_selected_colors	2025-05-19 23:42:04.477421+02
171	admin_interface	0021_file_extension_validator	2025-05-19 23:42:04.483313+02
172	admin_interface	0022_add_logo_max_width_and_height	2025-05-19 23:42:04.490294+02
173	admin_interface	0023_theme_foldable_apps	2025-05-19 23:42:04.493687+02
174	admin_interface	0024_remove_theme_css	2025-05-19 23:42:04.497512+02
175	admin_interface	0025_theme_language_chooser_control	2025-05-19 23:42:04.502491+02
176	admin_interface	0026_theme_list_filter_highlight	2025-05-19 23:42:04.507399+02
177	admin_interface	0027_theme_list_filter_removal_links	2025-05-19 23:42:04.514369+02
178	admin_interface	0028_theme_show_fieldsets_as_tabs_and_more	2025-05-19 23:42:04.53036+02
179	admin_interface	0029_theme_css_generic_link_active_color	2025-05-19 23:42:04.537773+02
180	admin_interface	0030_theme_collapsible_stacked_inlines_and_more	2025-05-19 23:42:04.555002+02
181	kronika	0027_alter_miejsce_typ	2025-07-01 16:13:51.382665+02
182	kronika	0028_alter_obrazwydarzenie_wydarzenie_and_more	2025-07-03 20:28:03.428731+02
183	encyklopedia	0014_alter_tradycjabcs_wydarzenie	2025-07-03 20:28:03.437295+02
185	czlonkowie	0036_dawnyzarzad_charakterystyka	2025-07-10 20:55:51.087663+02
186	kronika	0029_alter_miejsce_typ_alter_wydarzenie_typ_wyjazdu	2025-07-10 20:55:51.102824+02
187	czlonkowie	0037_zarzad_charakterystyka	2025-07-10 20:57:10.078096+02
188	czlonkowie	0038_remove_dawnyzarzad_charakterystyka_and_more	2025-07-10 20:58:33.908735+02
189	kronika	0030_charakterystykadzialanzarzadu	2025-07-10 21:40:19.143047+02
190	czlonkowie	0039_dawnyzarzad_charakterystyki	2025-07-10 21:40:19.164913+02
191	czlonkowie	0040_remove_dawnyzarzad_charakterystyki	2025-07-11 00:13:35.540931+02
192	kronika	0031_alter_charakterystykadzialanzarzadu_dawny_zarzad_and_more	2025-07-11 00:19:12.154491+02
193	encyklopedia	0015_zwyczaj	2025-07-11 00:34:28.378667+02
194	encyklopedia	0016_zwyczaj_opis	2025-07-11 00:38:29.260092+02
195	czlonkowie	0041_alter_dawnyzarzad_wielki_mistrz_and_more	2025-07-11 01:53:31.540701+02
196	czlonkowie	0042_alter_zarzad_wielki_mistrz	2025-07-11 01:58:06.96624+02
197	czlonkowie	0043_alter_czapka_uczelnia	2025-07-11 12:55:37.461654+02
198	encyklopedia	0017_powiedzenie	2025-07-11 12:55:37.503695+02
199	czlonkowie	0044_alter_dawnyzarzad_wielki_mistrz	2025-07-11 14:12:24.130456+02
201	encyklopedia	0014_zwyczaj_alter_tradycjabcs_wydarzenie_pojecie_and_more	2025-07-12 09:20:07.719307+02
203	encyklopedia	0001_initial	2025-07-12 09:47:50.95695+02
206	encyklopedia	0002_alter_pojecie_options_alter_zrodlo_options_and_more	2025-07-17 17:35:54.244976+02
207	encyklopedia	0003_zwyczaj_powiedzenie	2025-07-17 17:39:50.489993+02
208	encyklopedia	0004_remove_powiedzenie_autor	2025-07-17 17:57:07.170346+02
209	kronika	0002_charakterystykadzialanzarzadu	2025-07-17 20:18:47.694519+02
210	czlonkowie	0002_delete_osoby_alter_zarzad_options_and_more	2025-07-17 20:45:44.761403+02
211	miejsca	0001_initial	2025-07-17 22:13:49.240757+02
212	czapki	0001_initial	2025-07-17 22:14:21.016912+02
213	czapki	0002_alter_czapka_options_remove_czapka_uczelnia_and_more	2025-07-17 23:10:25.95985+02
214	czlonkowie	0003_alter_czlonek_czapka_1_alter_czlonek_czapka_2_and_more	2025-07-17 23:32:14.319573+02
215	miejsca	0002_alter_uczelnia_options	2025-07-17 23:32:14.323374+02
216	miejsca	0003_typmiejsca_miejsce	2025-07-18 00:23:18.537097+02
217	kronika	0003_alter_obrazzdarzenie_miejsce_alter_zdarzenie_miejsce_and_more	2025-07-18 10:13:12.687732+02
218	miejsca	0004_miejsce_zamkniete_na_stale_alter_miejsce_adres	2025-07-18 10:13:12.701849+02
219	encyklopedia	0005_alter_bractwo_panstwo	2025-07-18 12:04:03.941256+02
220	czapki	0003_rodzajczapki	2025-07-18 12:38:54.814127+02
221	encyklopedia	0006_alter_bractwo_czapka	2025-07-18 13:03:28.870526+02
222	encyklopedia	0007_alter_bractwo_czapka	2025-07-18 13:05:01.479829+02
223	czapki	0004_alter_rodzajczapki_kraje	2025-07-18 10:34:58.484361+02
224	encyklopedia	0008_tradycjainnegobractwa_bractwo_grupabractw	2025-07-18 10:34:58.550242+02
225	encyklopedia	0009_alter_grupabractw_kraje	2025-07-18 10:34:58.561429+02
226	encyklopedia	0010_grupabractw_rodzaj_czapki	2025-07-18 10:40:58.011679+02
227	encyklopedia	0011_remove_bractwo_czapka_bractwo_grupa_bractw	2025-07-18 10:44:01.874619+02
228	encyklopedia	0012_remove_tradycjabcs_autor_rodzaj_and_more	2025-07-18 16:13:11.971716+02
229	encyklopedia	0013_alter_pojecie_origins_alter_tradycjabcs_nazwa_and_more	2025-07-18 17:55:48.672161+02
230	czlonkowie	0004_remove_bean_czapka_1_remove_bean_czapka_2_and_more	2025-07-18 18:07:39.697367+02
231	kronika	0004_alter_charakterystykadzialanzarzadu_autor	2025-07-18 18:07:39.725188+02
232	czlonkowie	0005_osoba_alter_oldbean_rodzic_1_alter_oldbean_rodzic_2_and_more	2025-07-18 20:12:03.765417+02
233	czlonkowie	0006_migrate_old_to_new	2025-07-18 20:58:13.541579+02
234	czlonkowie	0007_migrate_old_to_new_but_considering_the_polymorphism	2025-07-18 21:32:00.343929+02
235	czlonkowie	0008_fix_the_ctypes	2025-07-18 22:17:41.460706+02
236	czlonkowie	0009_fix_the_ctypes_1	2025-07-18 22:23:32.859792+02
237	czlonkowie	0010_fix_the_ctypes_2	2025-07-18 22:31:42.918912+02
241	czlonkowie	0011_reset_and_migrate	2025-07-19 10:55:25.14282+02
242	czlonkowie	0012_migrate	2025-07-19 11:12:50.964876+02
243	czlonkowie	0013_migrate_for_real	2025-07-19 13:06:12.029203+02
244	czlonkowie	0006_migrate_data_from_oldczlonek_to_czlonek	2025-07-19 14:20:57.945234+02
245	czlonkowie	0007_alter_innaoldosoba_options_alter_oldbean_options_and_more	2025-07-19 14:20:57.975097+02
246	czlonkowie	0008_remove_oldbean_czapka_1_remove_oldbean_czapka_2_and_more	2025-07-19 14:40:10.376837+02
247	kronika	0005_alter_charakterystykadzialanzarzadu_autor	2025-07-19 14:40:10.402395+02
248	czlonkowie	0009_delete_oldczlonek	2025-07-19 14:40:10.40596+02
249	czlonkowie	0010_rename_bractwo_innaosoba_bractwo_do_ktorego_nalezy	2025-07-19 19:02:15.027732+02
250	encyklopedia	0014_bractwo_zalozyciele	2025-07-19 19:02:15.075555+02
251	encyklopedia	0015_remove_tradycjabcs_zapozyczona_tradycjabcs_autor_and_more	2025-07-19 19:14:34.572136+02
252	encyklopedia	0016_pojecie_autor	2025-07-19 19:18:49.288474+02
253	encyklopedia	0017_powiedzenie_adresaci_powiedzenie_autor_and_more	2025-07-19 19:33:25.192006+02
254	kronika	0006_remove_wydarzenie_obrazy_and_more	2025-07-19 20:01:35.905444+02
255	osoby	0001_initial	2025-07-20 19:25:44.668644+02
256	osoby	0002_delete_osoby_alter_zarzad_options_and_more	2025-07-20 19:29:06.365047+02
257	osoby	0003_alter_czlonek_czapka_1_alter_czlonek_czapka_2_and_more	2025-07-20 19:29:28.537987+02
258	osoby	0004_remove_bean_czapka_1_remove_bean_czapka_2_and_more	2025-07-20 19:30:04.970308+02
259	osoby	0005_osoba_alter_oldbean_rodzic_1_alter_oldbean_rodzic_2_and_more	2025-07-20 19:30:27.082704+02
260	osoby	0006_migrate_data_from_oldczlonek_to_czlonek	2025-07-20 19:30:41.424507+02
261	osoby	0007_alter_innaoldosoba_options_alter_oldbean_options_and_more	2025-07-20 19:30:53.714599+02
262	osoby	0008_remove_oldbean_czapka_1_remove_oldbean_czapka_2_and_more	2025-07-20 19:31:03.402856+02
263	osoby	0009_delete_oldczlonek	2025-07-20 19:31:34.620268+02
264	osoby	0010_rename_bractwo_innaosoba_bractwo_do_ktorego_nalezy	2025-07-20 21:37:12.00108+02
265	osoby	0011_alter_bean_pewnosc_stazu_alter_czlonek_imie_piwne_1_and_more	2025-07-20 21:48:19.287755+02
266	kronika	0007_typwydarzenia_typwyjazdu	2025-07-21 15:53:55.935528+02
267	kronika	0008_rename_typ_wydarzenia_wydarzenie_old_typ_wydarzenia_and_more	2025-07-21 16:26:48.856366+02
268	kronika	0009_remove_wydarzenie_old_typ_wydarzenia_and_more	2025-07-21 16:27:34.46941+02
269	kronika	0010_alter_wydarzenie_typ_wydarzenia_and_more	2025-07-21 16:49:27.0697+02
\.


--
-- Data for Name: django_session; Type: TABLE DATA; Schema: public; Owner: projectuser
--

COPY public.django_session (session_key, session_data, expire_date) FROM stdin;
uqejwy4sjit3ps460mk23rwwcob1eiut	.eJxVjDsOAiEUAO9CbcgDHj9Le89A-Dxl1UCy7FbGuxuSLbSdmcybhbhvNeyD1rAUdmaCnX5ZivlJbYryiO3eee5tW5fEZ8IPO_i1F3pdjvZvUOOoc2scOC2Nkzc0GkDLlKIigzoBek3gnIrKg7VURAZhVcEitERDFtEr9vkCmjk18A:1u7roq:GItcFo0EY88Xya-uF0tPE8N4uko-gbzywcx3UjlmSF8	2025-05-08 10:20:28.689032+02
qltd0zqr7bumeuqwl9rz582r60t20a1u	.eJxVjDsOAiEUAO9CbcgDHj9Le89A-Dxl1UCy7FbGuxuSLbSdmcybhbhvNeyD1rAUdmaCnX5ZivlJbYryiO3eee5tW5fEZ8IPO_i1F3pdjvZvUOOoc2scOC2Nkzc0GkDLlKIigzoBek3gnIrKg7VURAZhVcEitERDFtEr9vkCmjk18A:1uH8Gb:33OQjUkZ7BMKZCVOL8v7dxgVddcHR_CqtoQKy5ZgjGw	2025-06-02 23:43:25.633742+02
yhbs7ag3ngoo93uvhgr2xcq7c6ikn0iz	.eJxVjDsOAiEUAO9CbcgDHj9Le89A-Dxl1UCy7FbGuxuSLbSdmcybhbhvNeyD1rAUdmaCnX5ZivlJbYryiO3eee5tW5fEZ8IPO_i1F3pdjvZvUOOoc2scOC2Nkzc0GkDLlKIigzoBek3gnIrKg7VURAZhVcEitERDFtEr9vkCmjk18A:1uOOW6:FUUzeufnnTDD59mHRTzlEQKHS5r7THK2qchfUg5WPT4	2025-06-23 00:29:26.965873+02
e2w126gsubz1f9nieaoyi47njc6foy36	.eJxVjDsOAiEUAO9CbcgDHj9Le89A-Dxl1UCy7FbGuxuSLbSdmcybhbhvNeyD1rAUdmaCnX5ZivlJbYryiO3eee5tW5fEZ8IPO_i1F3pdjvZvUOOoc2scOC2Nkzc0GkDLlKIigzoBek3gnIrKg7VURAZhVcEitERDFtEr9vkCmjk18A:1uWXvQ:dLWAHzmhbNQISAaTGjliMc_wNpgYG4fxiTSsmSEngTU	2025-07-15 12:09:16.945006+02
6r6d3tjt373yk4qtju2zdatiemmlj8zt	.eJxVjDsOAiEUAO9CbcgDHj9Le89A-Dxl1UCy7FbGuxuSLbSdmcybhbhvNeyD1rAUdmaCnX5ZivlJbYryiO3eee5tW5fEZ8IPO_i1F3pdjvZvUOOoc2scOC2Nkzc0GkDLlKIigzoBek3gnIrKg7VURAZhVcEitERDFtEr9vkCmjk18A:1uc3B4:Eut1MoBzk6DQC_aYvB_ngKx7zZyRq0W8DXie8FvIFmA	2025-07-30 16:32:10.780881+02
\.


--
-- Data for Name: encyklopedia_bractwo; Type: TABLE DATA; Schema: public; Owner: projectuser
--

COPY public.encyklopedia_bractwo (id, nazwa, panstwo_id, rok_zalozenia, wiek_tradycje, grupa_bractw_id) FROM stdin;
6	Bractwo Czapki Studenckiej Animus	1	1111111111	1111111111	2
5	Bractwo Czapki Studenckiej UJ	1	2009	1111111111	2
\.


--
-- Data for Name: encyklopedia_bractwo_zalozyciele; Type: TABLE DATA; Schema: public; Owner: projectuser
--

COPY public.encyklopedia_bractwo_zalozyciele (id, bractwo_id, osoba_id) FROM stdin;
1	5	148
2	5	76
3	5	157
\.


--
-- Data for Name: encyklopedia_grupabractw; Type: TABLE DATA; Schema: public; Owner: projectuser
--

COPY public.encyklopedia_grupabractw (id, nazwa, opis, rodzaj_czapki_id) FROM stdin;
1	Belgowie		1
2	Polskie		2
3	Faluszardzi		3
4	Goliardzi		4
5	Korporacje studenckie		2
\.


--
-- Data for Name: encyklopedia_grupabractw_kraje; Type: TABLE DATA; Schema: public; Owner: projectuser
--

COPY public.encyklopedia_grupabractw_kraje (id, grupabractw_id, kraj_id) FROM stdin;
1	1	5
2	2	1
3	3	8
4	3	5
5	4	11
6	4	12
7	5	1
8	5	4
\.


--
-- Data for Name: encyklopedia_pojecie; Type: TABLE DATA; Schema: public; Owner: projectuser
--

COPY public.encyklopedia_pojecie (id, nazwa, opis, origins, wydarzenie_id, autor_id) FROM stdin;
\.


--
-- Data for Name: encyklopedia_powiedzenie; Type: TABLE DATA; Schema: public; Owner: projectuser
--

COPY public.encyklopedia_powiedzenie (id, tekst, kontekst, autor_id) FROM stdin;
\.


--
-- Data for Name: encyklopedia_powiedzenie_adresaci; Type: TABLE DATA; Schema: public; Owner: projectuser
--

COPY public.encyklopedia_powiedzenie_adresaci (id, powiedzenie_id, osoba_id) FROM stdin;
\.


--
-- Data for Name: encyklopedia_tradycjabcs; Type: TABLE DATA; Schema: public; Owner: projectuser
--

COPY public.encyklopedia_tradycjabcs (id, nazwa, okolicznosci_powstania, inne, opis, autor_czlonek_id, wydarzenie_id, od_kogo_id, autor_id, zapozyczona_czy_autorska) FROM stdin;
\.


--
-- Data for Name: encyklopedia_tradycjainnegobractwa; Type: TABLE DATA; Schema: public; Owner: projectuser
--

COPY public.encyklopedia_tradycjainnegobractwa (id, nazwa, opis, bractwo_id, od_kogo_id, zapozyczona) FROM stdin;
\.


--
-- Data for Name: encyklopedia_zrodlo; Type: TABLE DATA; Schema: public; Owner: projectuser
--

COPY public.encyklopedia_zrodlo (id, nazwa, link, gdzie_znalezc, zawartosc) FROM stdin;
\.


--
-- Data for Name: encyklopedia_zrodlo_autorzy; Type: TABLE DATA; Schema: public; Owner: projectuser
--

COPY public.encyklopedia_zrodlo_autorzy (id, zrodlo_id, osoba_id) FROM stdin;
\.


--
-- Data for Name: encyklopedia_zwyczaj; Type: TABLE DATA; Schema: public; Owner: projectuser
--

COPY public.encyklopedia_zwyczaj (id, nazwa, data_powstania, opis, autor_id) FROM stdin;
\.


--
-- Data for Name: kronika_charakterystykadzialanzarzadu; Type: TABLE DATA; Schema: public; Owner: projectuser
--

COPY public.kronika_charakterystykadzialanzarzadu (id, charakterystyka, autor_id, dawny_zarzad_id, zarzad_id) FROM stdin;
1	Krótka charakterystyka działań Zarządu: \r\n- Zarząd istnieje tylko formalnie, Tadek i Kasper sterują organizacją\r\n- Działalność bardzo spontaniczna i nieregularna, głównie imprezy\r\n- W pewnym ustalonym momencie Tadek przekazuje władzę Magdalenie (Kasztance)\r\n- Kontakty z Belgami: Coluche, Cristo, Frederic Widart (i inni): częste przyjazdy i nieformalna opieka nad nowo powstającym bractwem; Bretelle: częste przyjazdy turystyczne do Krakowa dużą grupą	63	1	\N
2	Krótka charakterystyka działań Zarządu: \r\n- Bogata działalność mimo braku spisanego planu\r\n- Ukończenie statutu i uformowanie się formalnego Zarządu\r\n- Liczne nieformalne spotkania na Topolowej\r\n- Dobra organizacja mimo braku spisanego planu działania	63	\N	16
3	Krótka charakterystyka działań Zarządu: \r\n- Liczne wyjazdy zagraniczne\r\n- Kontynuacja poprzednich doświadczeń Magdaleny	63	\N	17
4	Krótka charakterystyka działań Zarządu: \r\n- Liczne wyjazdy zagraniczne\r\n- Kontynuacja poprzednich doświadczeń Magdaleny	63	\N	18
5	Krótka charakterystyka działań Zarządu: \r\n- Liczne nieformalne wyjazdy zagraniczne\r\n- Częstsze odwiedziny u Profesora w Zabierzowie\r\n- Ukończenie śpiewnika	63	\N	20
6	Krótka charakterystyka działań Zarządu: \r\n- Wprowadzenie Ukazów;\r\n- Kalendarz imprez\r\n- Regularne ostre dyżury w sali klubowej w Starym Porcie\r\n- Rozliczenie finansowe na koniec działalności	63	\N	21
7	Krótka charakterystyka działań Zarządu: \r\n- Monika Kwater praktycznie kieruje bractwem\r\n- Próby wprowadzenia nowego herbu (nieudane)\r\n- Pierwsze kontakty z Bractwem Żółtego Szalika\r\n- Wprowadzenie zespołów: ds historii, śpiewnika i kultury	63	\N	22
8	Krótka charakterystyka działań Zarządu: \r\n- Nowy Statut (zgodny z wytycznymi UJ)\r\n- #DobryPR (Zuza)\r\n- Depositio Beanorum	63	\N	23
9	Krótka charakterystyka działań Zarządu: \r\n- Kucharz wprowadza stan konta on line\r\n- 10-lecie czapki\r\n- Kasper wybija medal z Boyem i rozkręca promocję nietypowego medalu z Karolem Wojtyłą\r\n- Zarząd: czapki honoris causa dla Tadka i Kaspra\r\n- Powołanie muzeum folkloru studenckiego pod opieką Kaspra\r\n- Angielska nazwa organizacji: Fellowship of the Students’ Cap of Jagiellonian University\r\n- Ustalenie nowych zasad członkostwa\r\n- Czapka studencka została wpisana do statutu UJ	63	\N	24
10	Krótka charakterystyka działań Zarządu: \r\n- Próby rozkręcenia działalności na początku\r\n- COVID-19 i lockdown	63	\N	25
11	Krótka charakterystyka działań Zarządu: \r\n- COVID-19: większość spotkań odwołana albo on-line\r\n- Pakt Bractw z Animusem: czy został podpisany?	63	\N	26
\.


--
-- Data for Name: kronika_obrazwydarzenie; Type: TABLE DATA; Schema: public; Owner: projectuser
--

COPY public.kronika_obrazwydarzenie (id, tytul, obraz, opis, wydarzenie_id) FROM stdin;
2	Złożenie kwiatów	kronika/wydarzenia/UniwersyteckiDzienPamieci_23yMlpx.jpg	Autor: Anna Karczmarz z Dziennika Polskiego	8
\.


--
-- Data for Name: kronika_obrazwydarzenie_widoczne_osoby; Type: TABLE DATA; Schema: public; Owner: projectuser
--

COPY public.kronika_obrazwydarzenie_widoczne_osoby (id, obrazwydarzenie_id, osoba_id) FROM stdin;
\.


--
-- Data for Name: kronika_obrazzdarzenie; Type: TABLE DATA; Schema: public; Owner: projectuser
--

COPY public.kronika_obrazzdarzenie (id, tytul, data, obraz, opis, miejsce_id, zdarzenie_id) FROM stdin;
1		2025-05-09	kronika/zdarzenia/karabinieri.jpg		18	\N
2	Mural kotki	2025-05-08	kronika/zdarzenia/Mural_kotki.jpg		30	30
3	Posterunek karabinieri	2025-05-08	kronika/zdarzenia/karabinieri_OI7Izuz.jpg		30	30
4	Punkt zbiórkowy - fontanna Neptuna	2025-05-08	kronika/zdarzenia/Cycki.jpg		30	30
5	Jakaś kaplica	2025-05-08	kronika/zdarzenia/494342816_580860494460289_7301206846230970123_n.jpg		30	30
\.


--
-- Data for Name: kronika_obrazzdarzenie_widoczne_osoby; Type: TABLE DATA; Schema: public; Owner: projectuser
--

COPY public.kronika_obrazzdarzenie_widoczne_osoby (id, obrazzdarzenie_id, osoba_id) FROM stdin;
\.


--
-- Data for Name: kronika_proces; Type: TABLE DATA; Schema: public; Owner: projectuser
--

COPY public.kronika_proces (id, nazwa, data_rozpoczecia, data_zakonczenia, opis) FROM stdin;
1	Powstawanie koncepcji BCS	2009-03-01	2009-08-20	Aśka Lorenc: "Marzec. Tadek i Kasper na wykładach prof. Gajdy dowiadują się o istnieniu polskich czapek studenckich. Tadek wiąże to z poznanymi w Besançon i Ransart belgijskimi penne i calotte. Tadek i Kasper spędzają dużo czasu na dyskusjach z profesorem Gajdą, gdzie nakreślają ideę organizacji. Początkowo myślą o tym, aby to było koło historii medycyny. Z czasem dojrzewa pomysł, aby to było bractwo. "
\.


--
-- Data for Name: kronika_proces_zdarzenia; Type: TABLE DATA; Schema: public; Owner: projectuser
--

COPY public.kronika_proces_zdarzenia (id, proces_id, zdarzenie_id) FROM stdin;
\.


--
-- Data for Name: kronika_typwydarzenia; Type: TABLE DATA; Schema: public; Owner: projectuser
--

COPY public.kronika_typwydarzenia (id, typ) FROM stdin;
1	Akcja
2	Inne
3	Karczma
6	Konferencja naukowa
7	Sprzątanie grobów
8	Historyczne
9	Ognisko
10	Ostry Dyżur
11	Planszówki
12	Reaktywacja
13	Juwenalia
14	Odchamianie się
15	RPG
16	Walne
17	Wycieczka
18	Wybory
19	Ułańskie Zdrowie
20	Uroczystość
21	Zawody sportowe
22	Nieoficjalne
23	Nie dotyczy
5	Wykład/Prelekcja
24	Wycieczka rowerowa
25	Grill
\.


--
-- Data for Name: kronika_typwyjazdu; Type: TABLE DATA; Schema: public; Owner: projectuser
--

COPY public.kronika_typwyjazdu (id, typ) FROM stdin;
1	Adapciak
2	Inny
3	Kudłacze
5	Nie dotyczy
4	Wyjazd zagraniczny
\.


--
-- Data for Name: kronika_wydarzenie; Type: TABLE DATA; Schema: public; Owner: projectuser
--

COPY public.kronika_wydarzenie (id, nazwa, opis, czy_to_wyjazd, data_rozpoczecia, data_zakonczenia, link, typ_wydarzenia_id, typ_wyjazdu_id) FROM stdin;
12	Wielka Karczma Piwna		N	2025-05-14	2025-05-14		3	5
11	Czapkowa Karczma Posesyjna		N	2025-05-14	2025-05-14		3	5
9	Czapkowa Karczma Karnawałowa		N	2025-05-14	2025-05-14		3	5
1	Założenie BCS	Aśka Lorenc: "data powstania Bractwa Czapki Studenckiej. Oprócz noszenia czapek ważny jest folklor studencki: integracja, śpiew, wymienianie się pinsami, koleżeństwo. \r\nCzapka działa w ramach Collegium Medicum UJ. Wielu studentów ze wszystkich wydziałów posiada swoje własne czapki. "	N	2009-08-20	2009-08-20		8	5
16	Wycieczka na Kopiec Kościuszki	Aśka Lorenc: "Studenci wielu wydziałów bierają się pod akademikiem Żaczek i wspólnie idą na Kopiec Kościuszki, śpiewając m.in pieśni żołnierskie. "	N	2025-05-14	2025-05-14		17	5
15	Konferencja medyczna we Wrocławiu	Aśka Lorenc: "Czapka medyczna (i nie tylko) wpada do Wrocławia. We Wrocławiu ma miejsce konferencja medyczna i twórcy Czapki chcą skorzystać z okazji, by promować zwyczaj jej noszenia. "	N	2025-05-14	2025-05-14		6	5
14	Wykład dla Stowarzyszenia Absolwentów UJ	Wykład Tadeusza na temat czapki studenckiej UJ dla Stowarzyszenia Absolwentów UJ (piwnica przy ul. Grodzkiej 53)	N	2025-05-14	2025-05-14		5	5
8	Uniwersytecki Dzień Pamięci	Aśka Lorenc: "Bractwo  biorze udział w Uniwersyteckim Dniu Pamięci (rocznicy Sondernaktion Krakau) - dużo fotek tego dnia robiła nam Anka Kaczmarz z Dziennika Polskiego (miała nam je wysłać i nie wysłała!).	N	2025-05-14	2025-05-14		20	5
26	Faerie Matricularum		T	2025-05-08	2025-05-11		23	4
18	Czapkowa Karczma w klimatach międzywojennych		N	2025-04-16	2025-04-16		3	5
23	Przygarnij Belga w Juwenalia!	nocleg w czasie Juwenaliów	N	2011-05-17	2011-05-21		1	5
22	Majowa Karczma Piwna		N	2011-05-14	2011-05-14		3	5
21	Czapkowa eskapada rowerowa szlakiem Bema		N	2011-05-07	2011-05-07		24	5
20	Grill pod Żaczkiem: urodziny Geologa		N	2011-04-30	2011-04-30		25	5
19	Spotkanie statutowe BCS		N	2011-04-19	2011-04-19		16	5
17	Wykład na Wydziale Polonistyki		N	2011-04-06	2011-04-06		5	5
6	Pierwsza inauguracja roku akademickiego BCS	Aśka Lorenc: "Bractwo spotyka się dość spontanicznie. Większość członków stanowią osoby z CMUJ, ale spotkania są organizowane w taki sposób, aby włączyć jak najwięcej osób. "	N	2010-10-01	2010-10-01		20	5
25	Złożenie kwiatów pod grobem królowej Jadwigi		N	2010-05-12	2010-05-12		20	5
24	Prelekcja Roberto o folklorze studenckim		N	2010-04-28	2010-04-28		5	5
3	Pierwsza karczma		N	2010-01-28	2010-01-28		3	5
\.


--
-- Data for Name: kronika_wydarzenie_miejsca; Type: TABLE DATA; Schema: public; Owner: projectuser
--

COPY public.kronika_wydarzenie_miejsca (id, wydarzenie_id, miejsce_id) FROM stdin;
1	24	2
2	25	4
3	6	24
4	6	5
5	6	6
6	26	17
7	26	18
8	26	19
9	26	20
10	26	21
11	26	22
12	26	23
13	26	25
14	26	26
15	26	27
16	26	1
17	26	28
18	26	29
19	26	30
20	23	16
21	22	10
22	21	31
23	20	15
24	19	10
25	18	10
26	17	14
\.


--
-- Data for Name: kronika_wydarzenie_uczestnicy; Type: TABLE DATA; Schema: public; Owner: projectuser
--

COPY public.kronika_wydarzenie_uczestnicy (id, wydarzenie_id, osoba_id) FROM stdin;
\.


--
-- Data for Name: kronika_wyjazd_obrazy; Type: TABLE DATA; Schema: public; Owner: projectuser
--

COPY public.kronika_wyjazd_obrazy (id, wyjazd_id, obrazwyjazd_id) FROM stdin;
\.


--
-- Data for Name: kronika_zdarzenie; Type: TABLE DATA; Schema: public; Owner: projectuser
--

COPY public.kronika_zdarzenie (id, nazwa, data, opis, miejsce_id, wydarzenie_id, godzina) FROM stdin;
19	Impreza ze stoiskami balli i muzyką	2025-05-09	Dalsza integracja z goliardią przy ich stoiskach z żarciem goliardii i muzyce granej przez goliardów. Zajęliśmy strategiczną pozycję na końcu placu, gdzie rozłożyliśmy naszą flagę (która stała dopóki ktoś nie wpadł na genialny pomysł skakania przez nią)	18	26	20:00:00
6	Spotkanie z babcią Tadka	2011-03-18	Poznajemy babcię Tadka, która nosiła czapkę studencką, kiedy geologię przeniesiono z UJ na AGH.	\N	\N	\N
5	Nowa tradycja: Toast w stronę Nawojki	2011-03-12		\N	\N	\N
1	Samorząd nosi czapki	2010-05-12	złożenie kwiatów pod grobem Królowej Jadwigi (czapki są zaproszone a Samorząd Studencki nosi nosi czapki)	4	25	\N
25	Pub Crawl	2025-05-10	Za jedyne 5 eurasów nabyliśmy zielone przepustki na 4 różne trunki w 4 różnych lokacjach. Podczas tego eventu poznaliśmy najemników z Pizy, w tym tygrysa Kapitano	17	26	15:00:00
24	Darmowy lunch dla uczestników parady	2025-05-10	Bułki z włoską szynką. Szczęśliwcy nie natrafili na mortadelę. Wolny czas, tam też spotkaliśmy się z Kucharzem i Szynką (Kucharz prowadził badania we Włoszech), którzy od tej pory trzymali się z nami	18	26	14:00:00
2	International Cantus: Gaudeamus	2010-10-01		6	6	\N
20	Przekazanie kluczy do miasta bolońskim goliardom	2025-05-09	Podczas Faerie Matricularum zgodnie z tradycją burmistrz przekazuje goliardom klucze (zrobione z ciasta). Wydarzeniu towarzyszą fittone oraz sztandary. Śpiewa się Viva Bologna oraz Gaudeamus Igitur.	19	26	12:00:00
3	Pierwszy pochód z Collegium Maius do Auditorium Maximum	2010-10-01		5	6	\N
23	Parada przebierana	2025-05-10	Z okazji Faerie Matricularum Bolońscy goliardzi co roku organizują paradę z platformami. Każda balla przebiera się wg ustalonego theme'u i przygotowuje platformę. Balla naszych gospodarzy, Monte Christo, przebrała się za ciemną stronę mocy z uniwersum Władcy Pierścieni oraz Hobbita. Zamiast platformy mieli chodzącego Smauga. Większość z nas przebrała się za Uruk-hai, ale pojawili się także dwaj nazgule oraz oko Saurona. Podczas parady śpiewaliśmy polskie piosenki.\r\nPrzed paradą szedł orszak perkusyjny, dbający o to, by każdy nas słyszał. Przeszliśmy od Piazza Vittorio Puntoni do Piazza Magiore. Orszak zakończył się odśpiewaniem Gaudeamus.	29	26	12:00:00
12	Prelekcje na temat studenckiego folkloru	2010-10-01		24	6	\N
22	Zwiedzanie MEUS	2025-05-09	MEUS - muzeum studenckiego folkloru. Zobaczyliśmy wiele niecodziennych czapek, średniowieczne narzędzia do ujarzmiania beanów, symbol goliardii w postaci słupa. Dowiedzieliśmy się dlaczego Angela Merkel ma bliznę na policzku oraz że na Uniwersytecie Bolońskim studiował Mirosław z Polski	21	26	16:00:00
21	Uroczyste nadanie feluk nowym goliardom	2025-05-09	Dwóch nowych członków dołączyło do szeregu goliardów. Zostali (a właściwie to tylko chłopak, bo dziewczynie ktoś zajomał czapkę) ochrzczeni przez burmistrza i fittone. W programie składanie przysięgi, oberwanie ozdób z feluki, obsypanie popiołem z peta i picie całej butelki wina przesiąkającego przez czapkę. Po chrzcie na uczestników czekał stół z przekąskami i popitą. Delegacja Polski zdążyła wypić 3 z 4 butelek aperola zanim Włosi skapnęli się co jest grane. Henio zamienił się w barmana i zaczął wydawać Włochom resztę szamy	21	26	17:00:00
26	Impreza z muzyką w Giardini Filippo Re	2025-05-10	Wydarzenie podobne do tego z dnia poprzedniego, ale tym razem było więcej niezależnych budek, co oznaczało więcej goliardów wolnych do zabawy. Dołączyli także goście z Belgii.\r\nTo właśnie podczas tego wydarzenia Henio i Nobod dołączyli w szeregi najemników z Pizy.	18	26	19:00:00
27	Wyścig gokartów	2025-05-11	Co roku każda z balli wystawia do zawodów swoje gokarty (tak, mają swoje własnoręcznie zbudowane wózki), ozdabiając je z jajem. Balla Monte Christo użyła do tego pozostałości z kostiumu Smauga, balla Impero przywiązała swojego potężnego członka Odyna do łóżka na kółkach, pojawił się też wózek inwalidzki. \r\n\r\nPierwsza konkurencja polegała na zebraniu największej ilości narodowości w orszaku za danym wózkiem. Zapewniliśmy naszym gospodarzom zwycięstwo w tej kategorii.\r\n\r\nW następnej konkurencji goliardzi przypięli po trzy balony do swoich wózków. W specjalnie wyznaczonej do tego strefie trzyosobowe drużyny (dwóch pchających wózek i jeden pasażer) starały się przekłuć balony przeciwników za pomocą szaszłyków.\r\nW naszej drużynie jednym z pchających był Nobod, zaś pasażerem Stefano. Walczyli dzielnie, ale w końcu przegrali z wózkiem inwalidzkim.\r\n\r\nOstatnią konkurencją  był wyścig, poprzedzony obaleniem całej butli wina przez drużyny. Przez oszustwo pasażera (Stefano) nasza drużyna (Szymon Zwias i Nobod) musiała oprócz tego wyzerować puszkę piwa, którego to zadania podjął się Nobod. Przez to opóźnienie musieliśmy nieźle przyspieszyć. Sklejany taśmą klejącą gruchot nie wytrzymał i rozpadł się podczas morderczego biegu posyłając pchających na bruk, a Stefano w bliżej nieokreślonym kierunku. Mimo fiasko incydent spotkał się z wiwatem ze strony goliardów na cześć pchających.	25	26	14:00:00
28	Zwiedzanie Piazza Magiore	2025-05-11	Jeden ze studentów sztuki postawił nam wszystkim darmowe piwo i postanowił pokazać parę tajemnic Bolonii.\r\n\r\n1. Iluzja optyczna fontanny Neptuna: autor chciał przyprawić Neptunowi dużego członka, jednak spotkało się to z dezaprobatą kościoła. Postanowił więc utrzeć klerowi nosa i ustawił palec boga w taki sposób, by z perspektywy księży idących (codziennie!) do bazyliki przypominał całkiem pokaźny maszt w erekcji\r\n\r\n2. Koniunkcja trzech wież Bolonii: trzy wieże symbolizujące kolejno władzę, ludzi i kościół są ustawione w jednej linii by pokazać równość tych trzech\r\n\r\n3. Największe skarby średniowieczej Bolonii: Pod łukiem jednej z arkad znajduje się fresk przestawiający winorośl, zboże i... konopię - Bolonia jako miasto portowe, masowo produkowała liny. Dziś przedstawienie konopii jako obrońcę ludu byłoby nie do pomyślenia\r\n\r\n4. Konfesjonał z czasów epidemii: Popularna atrakcja. 4 łuki - mówiąc do ściany pod dowolnym łukiem, słychać Cię w każdym innym	25	26	16:00:00
29	Kolacje wszystkich balli	2025-05-11		\N	26	19:00:00
30	Podróż z buta do centrum	2025-05-08	Część brygady przerażona ceną przejazdu Macroni Express wybrała podróż pieszą. Po drodze odwiedziliśmy miejscowy Carrefour, gdzie po dowiedzeniu się, iż we Włoszech picie publicznie jest legalne, połowa ludzi została tam na dłużej (na ławce przed sklepem)	30	26	06:30:00
\.


--
-- Data for Name: kronika_zdarzenie_powiazane_osoby; Type: TABLE DATA; Schema: public; Owner: projectuser
--

COPY public.kronika_zdarzenie_powiazane_osoby (id, zdarzenie_id, osoba_id) FROM stdin;
\.


--
-- Data for Name: miejsca_kraj; Type: TABLE DATA; Schema: public; Owner: projectuser
--

COPY public.miejsca_kraj (id, kraj) FROM stdin;
1	Polska
2	Nie wiem
3	Nie dotyczy
4	Niemcy
5	Belgia
6	Dania
7	Finlandia
8	Francja
9	Norwegia
10	Szwecja
11	Włochy
12	Hiszpania
\.


--
-- Data for Name: miejsca_miejsce; Type: TABLE DATA; Schema: public; Owner: projectuser
--

COPY public.miejsca_miejsce (id, nazwa, adres, typ_id, zamkniete_na_stale) FROM stdin;
5	Auditorium Maximum UJ	Krupnicza 33, 31-123 Kraków	2	f
27	Bar Birroteca Lupulus	Via Giuseppe Petroni, 7a, 40126 Bologna BO, Włochy	11	f
26	Bazylika św. Petroniusza	Piazza Maggiore, 40124 Bologna BO, Włochy	10	f
17	Bolonia	Bologna, Włochy	5	f
24	Centrum Dydaktyczno Kongresowe	świętego Łazarza 16, 31-530 Kraków	2	f
3	CMUJ	Świętej Anny 12, 31-008 Kraków	2	f
11	Collegium Iuridicum UJ	Grodzka 53, 33-332 Kraków	2	f
6	Collegium Maius UJ	Jagiellońska 15, 31-010 Kraków	2	f
7	Collegium Novum UJ	Gołębia 24, 31-007 Kraków	2	f
18	Giardini di via Filippo Re	Via Filippo Re, 40126 Bologna BO, Włochy	6	f
14	Gołębnik	Gołębia 16, 31-007 Kraków	2	f
4	Grób królowej Jadwigi	Katedra Wawelska, 31-001 Kraków	3	f
10	Klub Buda	Czapskich 2, 31-110 Kraków	4	f
8	Klub Studencki Nawojka	Władysława Reymonta 11, 30-059 Kraków	4	f
15	Klub Studencki "Żaczek"	al. 3 Maja 5, 30-063 Kraków	4	f
13	Kopiec Kościuszki	al. Waszyngtona 1, 30-204 Kraków	3	f
16	Kraków	Kraków, Polska	5	f
31	Krakowski Szlak Generała Bema	powiat krakowski, Polska	13	f
21	MEUS	Via Zamboni, 33, 40126 Bologna BO, Włochy	3	f
1	Nie wiem	XXX	1	f
19	Palazzo d'Accursio	Piazza Maggiore, 6, 40121 Bologna BO, Włochy	3	f
25	Piazza Maggiore	Piazza Maggiore, 40124 Bologna BO, Włochy	9	f
29	Piazza Vittorio Puntoni	40126 Bologna BO, Włochy	9	f
22	Pizza Casa	Via S. Vitale, 45/A, 40125 Bologna BO, Włochy	8	f
23	Pizza Gingio	Via Rizzoli, 40a, 40126 Bologna BO, Włochy	8	f
30	Port Lotniczy Bolonia	Via del Triumvirato, 84, 40132 Bologna BO, Włochy	12	f
20	Spawner Włochów	Via delle Moline, 7, 40126 Bologna BO, Włochy	7	f
28	W dupie	Chyba wiesz, gdzie masz dupę	1	f
12	Wrocław	Wrocław, Polska	5	f
2	Wydział Historyczny UJ	ul. Gołębia 24, 31-007 Kraków	2	f
9	Shot Pub	Szpitalna, 30-962 Kraków	4	t
\.


--
-- Data for Name: miejsca_typmiejsca; Type: TABLE DATA; Schema: public; Owner: projectuser
--

COPY public.miejsca_typmiejsca (id, nazwa) FROM stdin;
1	Inny
2	Uczelnia
3	Obiekt kultury
4	Pub/Klub
5	Miasto
6	Park
7	Lokum
8	Restauracja
9	Plac
10	Obiekt kultu
11	Bar
12	Lotnisko
13	Szlak
14	Bar mleczny
15	Dworzec
16	Bar karaoke
17	Kino
18	Schronisko
19	Teatr
20	Szczyt
\.


--
-- Data for Name: miejsca_uczelnia; Type: TABLE DATA; Schema: public; Owner: projectuser
--

COPY public.miejsca_uczelnia (id, nazwa, akronim, kraj_id) FROM stdin;
1	Uniwersytet Jagielloński	UJ	1
3	Akademia Górniczo-Hutnicza	AGH	1
4	Politechnika Krakowska	PK	1
5	Uniwersytet Ekonomiczny w Krakowie	UEK	1
6	Uniwersytet SWPS	SWPS_Kra	1
7	Uniwersytet Śląski	UŚ	1
2	Uniwersytet Łódzki	UŁ	1
8	Uniwersytet Przyrodniczy w Lublinie	UP_Lublin	1
9	Nie wiem	XXX	2
10	Nie dotyczy	XXX	3
11	Nie wiem	XXX_Niemcy	4
12	Uniwersytet Warszawski	UW	1
\.


--
-- Data for Name: miejsca_wydzial; Type: TABLE DATA; Schema: public; Owner: projectuser
--

COPY public.miejsca_wydzial (id, nazwa, skrot, uczelnia_id) FROM stdin;
1	Wydział Prawa i Administracji	WPiA	1
3	Collegium Medicum	CMUJ	1
4	Wydział Farmaceutyczny	WFarm	1
5	Wydział Nauk o Zdrowiu	WNoZ	1
7	Wydział Historyczny	WHist	1
8	Wydział Filologiczny	WFilol	1
9	Wydział Polonistyki	WPol	1
10	Wydział Fizyki, Astronomii i Informatyki Stosowanej	WFAiIS	1
11	Wydział Chemii	WChUJ	1
12	Wydział Studiów Międzynarodowych i Politycznych	WSMiP	1
13	Wydział Filozoficzny	WFiloz	1
14	Wydział Matematyki i Informatyki	WMiI	1
15	Wydział Zarządzania i Komunikacji Społecznej	WZiKS	1
16	Wydział Biologii	WB	1
17	Wydział Studiów Międzynarodowych i Politycznych	WSMiP	1
18	Wydział Biochemii, Biofizyki i Biotechnologii	WBBiB	1
19	Wydział Geografii i Geologii	WGiG	1
20	Studia Matematyczno-Przyrodnicze	SMP	1
21	Międzywydziałowe Indywidualne Studia Humanistyczne	MISH	1
22	Nie wiem	XXX	11
23	Nie wiem	XXX	9
24	Nie dotyczy	XXX	10
26	Pion górniczy	PG	3
27	Pion hutniczy	PH	3
28	Wydział Architektury	WA	4
29	Wydział Mechaniczny	WM	4
30	Wydział Inżynierii Lądowej	WIL	4
31	Dowolny wydział	Dowolny	5
32	Dowolny wydział	Dowolny	12
33	Dowolny wydział	Dowolny	5
34	Dowolny wydział	Dowolny	7
35	Dowolny wydział	Dowolny	2
36	Dowolny wydział	Dowolny	8
37	Nie wiem	XXX	6
\.


--
-- Data for Name: osoby_bean; Type: TABLE DATA; Schema: public; Owner: projectuser
--

COPY public.osoby_bean (osoba_ptr_id, staz, pewnosc_stazu, czapka_1_id, czapka_2_id, rodzic_1_id, rodzic_2_id) FROM stdin;
5	2024	T	7	30	171	171
6	2024	T	15	30	31	171
7	2024	T	21	30	29	171
8	2024	T	2	30	31	171
9	2024	T	2	30	56	171
178	2024	T	8	30	102	171
179	2024	T	3	30	29	171
4	2024	T	15	30	31	171
\.


--
-- Data for Name: osoby_czlonek; Type: TABLE DATA; Schema: public; Owner: projectuser
--

COPY public.osoby_czlonek (osoba_ptr_id, staz, pewnosc_stazu, aktywnosc, ochrzczony, rok_chrztu, miesiac_chrztu, dzien_chrztu, status, imie_piwne_1_wybor, imie_piwne_1, imie_piwne_2_wybor, imie_piwne_2, czapka_1_id, czapka_2_id, rodzic_1_id, rodzic_2_id) FROM stdin;
167	2022	N	A	T	2025	5	16	C	other	Rudy	n/a	Nie dotyczy	2	30	117	171
1	2018	T	A	T	2019	9	27	W	other	Adrenalina	other	Chupa Chups	2	30	113	171
2	1111111111	T	N	T	1111111111	1111111111	1111111111	W	d/n	Nie wiem	n/a	Nie dotyczy	29	30	170	171
3	2011	T	M	T	1111111111	1111111111	1111111111	W	other	Avis	n/a	Nie dotyczy	15	30	128	171
10	2011	T	N	d/n	1111111111	1111111111	1111111111	d/n	d/n	Nie wiem	n/a	Nie dotyczy	2	30	170	171
11	2017	T	N	T	1111111111	1111111111	1111111111	W	other	Księżniczka	n/a	Nie dotyczy	13	30	147	171
12	2018	T	N	d/n	1111111111	1111111111	1111111111	d/n	d/n	Nie wiem	n/a	Nie dotyczy	15	30	170	171
13	2016	N	N	d/n	1111111111	1111111111	1111111111	d/n	d/n	Nie wiem	n/a	Nie dotyczy	3	30	170	171
14	2016	N	O	d/n	1111111111	1111111111	1111111111	d/n	d/n	Nie wiem	n/a	Nie dotyczy	2	30	170	171
15	2014	N	M	T	1111111111	1111111111	1111111111	W	other	Abeille	n/a	Nie dotyczy	2	30	32	171
16	2017	T	A	T	2018	10	14	C	other	Emalia	n/a	Nie dotyczy	9	30	90	171
17	2012	T	N	T	1111111111	1111111111	1111111111	W	d/n	Nie wiem	n/a	Nie dotyczy	29	30	109	171
21	2014	T	N	T	1111111111	1111111111	1111111111	W	other	Hipster	n/a	Nie dotyczy	29	30	97	171
18	2015	T	N	T	2016	5	1111111111	W	other	Księżniczka	n/a	Nie dotyczy	2	30	170	171
20	2015	T	N	T	2016	5	1111111111	W	other	Mała Ania	n/a	Nie dotyczy	15	30	118	171
22	1111111111	T	N	T	1111111111	1111111111	1111111111	W	d/n	Nie wiem	n/a	Nie dotyczy	1	30	170	171
19	2011	N	N	T	1111111111	1111111111	1111111111	W	other	Litle dragon	other	Gestapo	12	1	32	171
23	2010	N	N	T	1111111111	1111111111	1111111111	W	other	Astel	n/a	Nie dotyczy	12	30	148	171
24	2011	N	N	T	1111111111	1111111111	1111111111	W	other	Biba	n/a	Nie dotyczy	2	30	97	171
25	2017	T	A	T	2018	4	15	W	other	Dar Szczecina	n/a	Nie dotyczy	17	30	41	171
26	2011	N	N	T	1111111111	1111111111	1111111111	W	d/n	Nie wiem	n/a	Nie dotyczy	7	30	19	171
27	2011	N	N	T	1111111111	1111111111	1111111111	W	d/n	Nie wiem	n/a	Nie dotyczy	3	30	32	171
28	2017	N	N	d/n	1111111111	1111111111	1111111111	d/n	d/n	Nie wiem	n/a	Nie dotyczy	3	30	170	171
30	2017	N	A	T	2018	10	14	W	other	Kucharz	n/a	Nie dotyczy	4	30	90	122
29	2023	N	A	T	2023	9	29	C	other	Nobod	n/a	Nie dotyczy	16	30	110	171
32	2010	N	N	T	1111111111	1111111111	1111111111	W	other	Geolog	n/a	Nie dotyczy	13	30	148	171
31	2023	T	A	T	2024	5	17	C	other	Heniek	n/a	Nie dotyczy	2	30	30	171
33	2020	N	M	d/n	1111111111	1111111111	1111111111	d/n	d/n	Nie wiem	n/a	Nie dotyczy	29	30	170	171
34	2011	N	N	d/n	1111111111	1111111111	1111111111	d/n	d/n	Nie wiem	n/a	Nie dotyczy	29	30	170	171
35	2014	N	N	T	1111111111	1111111111	1111111111	W	other	Poronny Panicz	n/a	Nie dotyczy	29	30	97	171
36	2015	T	N	T	1111111111	1111111111	1111111111	W	other	Benio	n/a	Nie dotyczy	3	30	148	171
37	2023	N	N	T	2023	10	12	W	other	Szanciarz	n/a	Nie dotyczy	3	30	110	171
38	2014	N	M	T	1111111111	1111111111	1111111111	W	other	Cami	n/a	Nie dotyczy	31	30	158	171
39	2016	T	O	T	1111111111	1111111111	1111111111	W	d/n	Nie wiem	n/a	Nie dotyczy	18	30	96	171
40	2011	N	N	d/n	1111111111	1111111111	1111111111	d/n	d/n	Nie wiem	n/a	Nie dotyczy	15	30	170	171
177	2009	T	A	T	2009	8	20	H	other	BCS UJ	n/a	Nie dotyczy	1	11	76	148
41	2015	N	A	T	1111111111	1111111111	1111111111	W	other	Bandera	n/a	Nie dotyczy	15	30	43	171
42	2016	N	A	T	1111111111	1111111111	1111111111	W	other	Deanus	n/a	Nie dotyczy	15	30	90	171
43	1111111111	N	N	T	1111111111	1111111111	1111111111	W	other	Bisquit	n/a	Nie dotyczy	29	30	53	171
44	1111111111	N	N	T	1111111111	1111111111	1111111111	W	other	Gimli	n/a	Nie dotyczy	29	30	148	171
45	2011	N	N	d/n	1111111111	1111111111	1111111111	d/n	d/n	Nie wiem	n/a	Nie dotyczy	12	30	170	171
46	2011	N	N	T	1111111111	1111111111	1111111111	W	other	Szparag	n/a	Nie dotyczy	29	30	19	171
47	2017	T	N	T	2018	4	4	W	other	Waćpanna	other	Doris	9	30	41	171
48	1111111111	N	N	T	1111111111	1111111111	1111111111	W	d/n	Nie wiem	n/a	Nie dotyczy	29	30	170	171
173	2024	T	A	T	2025	3	14	C	other	Jeżyk	n/a	Nie dotyczy	34	30	56	171
49	2015	T	A	T	1111111111	1111111111	1111111111	W	d/n	Nie wiem	n/a	Nie dotyczy	15	30	170	171
50	2014	N	N	d/n	1111111111	1111111111	1111111111	d/n	d/n	Nie wiem	n/a	Nie dotyczy	18	30	170	171
174	2024	T	A	T	2025	3	14	C	other	Chłopiec z Warszawy	n/a	Nie dotyczy	4	30	31	171
51	2014	N	N	T	1111111111	1111111111	1111111111	W	d/n	Nie wiem	n/a	Nie dotyczy	9	30	158	109
52	2018	N	N	d/n	1111111111	1111111111	1111111111	d/n	d/n	Nie wiem	n/a	Nie dotyczy	29	30	170	171
53	2014	N	N	T	1111111111	1111111111	1111111111	W	other	Malina	n/a	Nie dotyczy	29	30	19	171
55	1111111111	N	N	T	1111111111	1111111111	1111111111	W	other	Cytrynek	n/a	Nie dotyczy	2	30	133	171
54	2013	T	N	T	2014	5	1111111111	W	other	Dziadek	n/a	Nie dotyczy	1	30	129	171
56	2023	T	A	T	2024	11	15	C	other	Stabilizator	other	Rakieta	1	30	29	171
57	2011	N	N	d/n	1111111111	1111111111	1111111111	d/n	d/n	Nie wiem	n/a	Nie dotyczy	29	30	170	171
59	2018	T	N	T	2019	9	27	W	other	Ada z penisem	n/a	Nie dotyczy	2	30	113	171
60	2015	N	N	T	1111111111	1111111111	1111111111	W	other	Cybuch	n/a	Nie dotyczy	2	30	148	171
58	2018	N	N	d/n	1111111111	1111111111	1111111111	d/n	d/n	Nie wiem	n/a	Nie dotyczy	2	30	170	171
61	2009	T	N	T	1111111111	1111111111	1111111111	W	d/n	Nie wiem	n/a	Nie dotyczy	29	30	157	171
63	2009	T	A	T	2010	11	27	W	other	Aśka	n/a	Nie dotyczy	9	30	128	171
62	1111111111	N	N	T	1111111111	1111111111	1111111111	W	other	Szysza	n/a	Nie dotyczy	29	30	32	171
64	2018	T	N	T	2019	3	15	W	other	Jasiek	n/a	Nie dotyczy	9	30	113	171
65	2013	T	N	T	1111111111	1111111111	1111111111	W	d/n	Nie wiem	n/a	Nie dotyczy	29	30	170	171
66	1111111111	N	N	d/n	1111111111	1111111111	1111111111	d/n	other	Spanko	n/a	Nie dotyczy	29	30	130	171
67	2017	N	N	T	1111111111	1111111111	1111111111	W	other	Krwawa Baronessa	n/a	Nie dotyczy	2	30	133	171
68	2009	T	N	T	1111111111	1111111111	1111111111	W	d/n	Nie wiem	n/a	Nie dotyczy	29	30	157	171
70	2015	N	N	d/n	1111111111	1111111111	1111111111	d/n	d/n	Nie wiem	n/a	Nie dotyczy	7	30	170	171
72	2019	T	A	T	2022	6	11	C	other	Bezimienna	n/a	Nie dotyczy	1	30	113	171
71	2016	N	N	d/n	1111111111	1111111111	1111111111	d/n	d/n	Nie wiem	n/a	Nie dotyczy	7	30	170	171
73	2016	N	N	d/n	1111111111	1111111111	1111111111	d/n	d/n	Nie wiem	n/a	Nie dotyczy	29	30	170	171
74	2014	N	N	T	1111111111	1111111111	1111111111	W	d/n	Nie wiem	n/a	Nie dotyczy	3	30	146	171
75	2011	N	N	d/n	1111111111	1111111111	1111111111	d/n	d/n	Nie wiem	n/a	Nie dotyczy	2	30	170	171
69	2016	N	O	d/n	1111111111	1111111111	1111111111	d/n	d/n	Nie wiem	n/a	Nie dotyczy	2	30	170	171
76	2009	T	M	T	1111111111	1111111111	1111111111	H	other	Pumba	n/a	Nie dotyczy	1	11	157	171
77	2018	T	N	T	2019	3	15	W	d/n	Nie wiem	n/a	Nie dotyczy	3	30	47	171
78	2015	N	N	d/n	1111111111	1111111111	1111111111	d/n	d/n	Nie wiem	n/a	Nie dotyczy	9	30	170	171
79	1111111111	T	N	T	1111111111	1111111111	1111111111	W	d/n	Nie wiem	n/a	Nie dotyczy	29	30	170	171
80	1111111111	T	N	T	1111111111	1111111111	1111111111	W	d/n	Nie wiem	n/a	Nie dotyczy	29	30	170	171
81	2015	N	N	d/n	1111111111	1111111111	1111111111	d/n	d/n	Nie wiem	n/a	Nie dotyczy	29	30	170	171
82	2017	T	N	d/n	1111111111	1111111111	1111111111	d/n	d/n	Nie wiem	n/a	Nie dotyczy	3	30	170	171
84	2011	N	N	T	1111111111	1111111111	1111111111	W	other	Benikaza	other	Peruano	29	30	19	171
85	2015	N	N	d/n	1111111111	1111111111	1111111111	d/n	d/n	Nie wiem	n/a	Nie dotyczy	2	30	170	171
165	2024	T	A	T	2025	5	16	C	other	Artifex	n/a	Nie dotyczy	15	30	130	171
87	1111111111	T	N	T	1111111111	1111111111	1111111111	W	d/n	Nie wiem	n/a	Nie dotyczy	29	30	170	171
86	2014	N	O	T	1111111111	1111111111	1111111111	W	other	Poniatowski	n/a	Nie dotyczy	29	30	109	171
88	2018	N	N	d/n	1111111111	1111111111	1111111111	d/n	other	El Michał	n/a	Nie dotyczy	2	30	170	171
89	2015	T	A	T	2016	9	1111111111	W	other	Ciepły	n/a	Nie dotyczy	5	30	95	171
90	2015	N	N	T	2016	9	1111111111	W	other	Yoda	n/a	Nie dotyczy	15	30	109	177
91	2015	N	N	d/n	1111111111	1111111111	1111111111	d/n	d/n	Nie wiem	n/a	Nie dotyczy	1	30	170	171
95	2015	T	N	T	1111111111	1111111111	1111111111	W	other	Dzidzia	n/a	Nie dotyczy	1	30	133	171
94	2018	T	A	T	2019	5	24	W	other	Mmm...	n/a	Nie dotyczy	15	30	41	171
92	2011	T	N	T	1111111111	1111111111	1111111111	W	d/n	Nie wiem	n/a	Nie dotyczy	1	30	170	171
93	2017	N	N	d/n	1111111111	1111111111	1111111111	d/n	d/n	Nie wiem	n/a	Nie dotyczy	15	30	170	171
96	2014	N	N	T	1111111111	1111111111	1111111111	W	other	Solon jak ten grek	n/a	Nie dotyczy	8	30	3	171
97	2010	N	N	T	1111111111	1111111111	1111111111	W	other	Kasztanka	n/a	Nie dotyczy	6	30	148	171
98	2017	N	N	T	1111111111	1111111111	1111111111	W	other	Max	n/a	Nie dotyczy	15	30	147	171
99	2014	N	N	T	1111111111	1111111111	1111111111	W	d/n	Nie wiem	n/a	Nie dotyczy	2	30	51	171
100	2009	T	N	T	1111111111	1111111111	1111111111	W	d/n	Nie wiem	n/a	Nie dotyczy	29	30	170	171
101	2009	T	N	T	1111111111	1111111111	1111111111	W	d/n	Nie wiem	n/a	Nie dotyczy	29	30	157	171
102	2023	N	A	T	2023	5	19	C	other	Księciunio	n/a	Nie dotyczy	9	30	159	171
103	2011	T	M	T	1111111111	1111111111	1111111111	W	other	Martinus	n/a	Nie dotyczy	6	30	170	171
105	2023	T	A	T	2024	11	15	C	other	Felis	n/a	Nie dotyczy	1	30	159	171
104	2015	N	N	T	1111111111	1111111111	1111111111	W	other	Rysia	n/a	Nie dotyczy	1	30	109	171
106	2011	N	N	d/n	1111111111	1111111111	1111111111	d/n	d/n	Nie wiem	n/a	Nie dotyczy	13	30	\N	171
107	2023	T	A	T	2024	9	30	C	other	Bober	n/a	Nie dotyczy	3	30	116	171
109	2012	T	O	T	1111111111	1111111111	1111111111	X	other	Jezus	n/a	Nie dotyczy	12	30	97	171
110	2018	T	A	T	2020	2	28	W	other	Kotlet	n/a	Nie dotyczy	3	30	118	171
108	2017	N	N	T	2018	10	14	W	other	Sułtan	n/a	Nie dotyczy	29	30	90	171
116	2022	T	A	T	2023	5	19	C	other	Cukier	other	Małolata	15	30	64	121
113	2016	N	N	T	2018	4	4	W	other	I Sekretarz PZPR towarzysz Władysław Gomułka, ps. Wiesław	other	Gomuł	3	30	41	67
112	1111111111	N	N	T	1111111111	1111111111	1111111111	W	d/n	Nie wiem	n/a	Nie dotyczy	1	30	118	171
115	2009	T	N	T	1111111111	1111111111	1111111111	W	d/n	Nie wiem	n/a	Nie dotyczy	29	30	157	171
114	2019	N	N	T	2019	11	22	W	other	Śnięty Cwel Kasper	n/a	Nie dotyczy	9	30	125	171
111	2023	N	A	T	2024	11	15	C	other	Allec	n/a	Nie dotyczy	9	30	159	171
118	2015	N	N	T	1111111111	1111111111	1111111111	W	other	Koala	n/a	Nie dotyczy	3	30	146	171
117	2017	T	A	T	2018	5	17	W	other	Monia	n/a	Nie dotyczy	18	30	154	171
119	2015	N	N	d/n	1111111111	1111111111	1111111111	d/n	d/n	Nie wiem	n/a	Nie dotyczy	29	30	\N	171
121	2022	N	O	T	2022	9	30	W	other	Lis	n/a	Nie dotyczy	3	30	130	171
122	2016	T	O	T	1111111111	1111111111	1111111111	W	d/n	Nie wiem	n/a	Nie dotyczy	3	30	170	171
120	2018	T	A	T	2019	5	24	W	other	Szynka	n/a	Nie dotyczy	36	30	30	171
171	1111111111	T	N	N	1010101010	1010101010	1010101010	d/n	n/a	Nie dotyczy	n/a	Nie dotyczy	29	30	171	171
170	1111111111	N	N	T	2009	1111111111	1111111111	d/n	d/n	Nie wiem	n/a	Nie dotyczy	29	30	170	171
123	2024	N	A	T	2024	11	15	C	other	Equus	other	Dajcie mi telefon, mam tam notatki	29	30	159	171
124	2015	N	N	d/n	1111111111	1111111111	1111111111	d/n	d/n	Nie wiem	n/a	Nie dotyczy	2	30	51	171
125	2017	N	M	T	2018	5	17	W	other	Chat	n/a	Nie dotyczy	15	30	154	43
127	2019	N	N	T	2019	11	22	W	other	Hrabina	n/a	Nie dotyczy	29	30	113	171
126	2014	N	N	T	1111111111	1111111111	1111111111	W	d/n	Nie wiem	n/a	Nie dotyczy	6	30	158	171
128	2009	T	N	T	1111111111	1111111111	1111111111	W	d/n	Nie wiem	n/a	Nie dotyczy	15	30	148	171
129	1111111111	N	N	T	1111111111	1111111111	1111111111	W	d/n	Nie wiem	n/a	Nie dotyczy	2	30	97	171
130	2018	T	N	T	2019	3	15	W	other	Koziołek	n/a	Nie dotyczy	9	30	41	171
131	2015	T	N	T	2015	11	1111111111	W	d/n	Nie wiem	n/a	Nie dotyczy	6	30	15	171
132	1111111111	T	N	T	1111111111	1111111111	1111111111	W	d/n	Nie wiem	n/a	Nie dotyczy	29	30	170	171
134	2009	T	N	T	1111111111	1111111111	1111111111	W	d/n	Nie wiem	n/a	Nie dotyczy	29	30	157	171
133	2011	T	M	T	1111111111	1111111111	1111111111	W	other	Synek	n/a	Nie dotyczy	3	2	46	171
136	2018	N	N	d/n	1111111111	1111111111	1111111111	d/n	other	Cieplejszy	n/a	Nie dotyczy	3	30	\N	171
135	2011	T	N	T	1111111111	1111111111	1111111111	W	d/n	Nie wiem	n/a	Nie dotyczy	1	30	170	171
137	2017	N	N	d/n	1111111111	1111111111	1111111111	d/n	d/n	Nie wiem	n/a	Nie dotyczy	5	30	\N	171
138	2015	T	N	d/n	1111111111	1111111111	1111111111	d/n	d/n	Nie wiem	n/a	Nie dotyczy	29	30	\N	171
139	2014	N	N	T	1111111111	1111111111	1111111111	W	d/n	Nie wiem	n/a	Nie dotyczy	2	30	19	171
140	2015	N	N	d/n	1111111111	1111111111	1111111111	d/n	d/n	Nie wiem	n/a	Nie dotyczy	1	30	\N	171
141	2023	N	N	d/n	1111111111	1111111111	1111111111	d/n	d/n	Nie wiem	n/a	Nie dotyczy	5	30	\N	171
142	2011	T	N	T	1111111111	1111111111	1111111111	W	d/n	Nie wiem	n/a	Nie dotyczy	15	30	148	171
143	2023	T	A	T	2024	5	17	C	other	Sander	n/a	Nie dotyczy	9	30	29	171
144	2016	N	N	T	1111111111	1111111111	1111111111	W	other	Dżdżysław	n/a	Nie dotyczy	15	30	128	171
145	1111111111	N	N	d/n	1111111111	1111111111	1111111111	d/n	d/n	Nie wiem	n/a	Nie dotyczy	5	30	96	171
146	2013	N	N	T	1111111111	1111111111	1111111111	W	other	Stefan Pierwszy Płaszcz Gondoru	n/a	Nie dotyczy	6	30	19	171
147	2015	T	N	T	1111111111	1111111111	1111111111	d/n	other	Lewe Jądro w Ciemności	n/a	Nie dotyczy	5	30	96	171
148	2009	T	N	T	1111111111	1111111111	1111111111	H	other	Kumdo	other	Tadek	1	11	157	171
150	2014	N	A	T	1111111111	1111111111	1111111111	W	other	Sigurd	n/a	Nie dotyczy	6	30	128	171
149	2013	T	N	T	1111111111	1111111111	1111111111	W	other	Potomek	n/a	Nie dotyczy	29	30	19	171
151	2009	T	N	T	1111111111	1111111111	1111111111	W	d/n	Nie wiem	n/a	Nie dotyczy	29	30	157	171
152	2014	N	N	T	1111111111	1111111111	1111111111	W	d/n	Nie wiem	n/a	Nie dotyczy	29	30	97	171
153	2011	T	N	T	1111111111	1111111111	1111111111	W	other	Wawrzyn	n/a	Nie dotyczy	12	30	19	171
154	1111111111	N	N	T	1111111111	1111111111	1111111111	W	other	Manista	n/a	Nie dotyczy	29	30	148	171
172	2023	T	A	T	2025	2	13	C	other	Marchewa	n/a	Nie dotyczy	6	30	120	171
155	2019	N	N	T	2019	11	22	W	other	Prawnik	n/a	Nie dotyczy	2	30	113	171
156	1111111111	N	N	d/n	1111111111	1111111111	1111111111	d/n	d/n	Nie wiem	n/a	Nie dotyczy	6	30	\N	171
157	2009	T	N	T	2009	1111111111	1111111111	H	other	Profesor	n/a	Nie dotyczy	11	30	171	171
158	2011	N	N	T	1111111111	1111111111	1111111111	W	other	Estel	n/a	Nie dotyczy	18	30	158	171
159	2017	N	N	T	1111111111	1111111111	1111111111	W	other	Rana	n/a	Nie dotyczy	3	30	42	171
\.


--
-- Data for Name: osoby_dawnyzarzad; Type: TABLE DATA; Schema: public; Owner: projectuser
--

COPY public.osoby_dawnyzarzad (id, bibendi_id, cantandi_id, kadencja_id, kasztelan_id, "kontakt_z_SKNHI_id", "kontakt_z_SSUJ_id", magister_disciplinae_id, skarbnik_id, wielki_mistrz_id) FROM stdin;
2	134	32	4	76	68	101	61	151	3
1	134	115	3	76	68	101	61	151	3
\.


--
-- Data for Name: osoby_halloffame; Type: TABLE DATA; Schema: public; Owner: projectuser
--

COPY public.osoby_halloffame (id, nazwa_alternatywna, zaslugi, czlonek_id, order_field, bean_id) FROM stdin;
9		Wprowadzenie rejestru chrztów - to BARDZO pomogło	41	Damian "Bandera" Zych	\N
8		Pomoc w identyfikacji paru członków z dawnych lat	89	Łukasz "Ciepły" Ciepły (Lindert)	\N
2		Wywarcie na mnie presji, żebym wreszcie wziął się do roboty i bycie spoko starym	102	Marceli "Księciunio" Mart-Łakomy	\N
1		Udostępnienie swojego kalendarium czapkowego i od zatrzęsienia innych materiałów	63	Joanna "Aśka" Lorenc	\N
3	Weterani BCS	Bycie skarbnicą wiedzy, którą chętnie się dzielą	\N	Weterani BCS	\N
7		Rozmowa o aspektach technicznych tworzenia takiej strony	\N	Piotr Kociński	7
4		Podzielenie się swoją bazą członków BCS	30	Bartłomiej "Kucharz" Olajossy	\N
10		Dzielenie się wszystkimi materiałami jakie wpadły mu w ręce	165	Krzysztof "Artifex" Trela	\N
6		Odpowiedzenie na pytanie "Jak dołączyć do BCS?" (odpowiedź to: przyjdź na spotkanie)	130	Czat firmowy BCS	\N
\.


--
-- Data for Name: osoby_imieszlacheckie; Type: TABLE DATA; Schema: public; Owner: projectuser
--

COPY public.osoby_imieszlacheckie (id, imie_id) FROM stdin;
1	67
2	102
3	11
4	18
5	47
6	35
7	86
8	108
9	127
\.


--
-- Data for Name: osoby_innaosoba; Type: TABLE DATA; Schema: public; Owner: projectuser
--

COPY public.osoby_innaosoba (osoba_ptr_id, opis, kategoria, bractwo_do_ktorego_nalezy_id) FROM stdin;
180	Przyjaciel Bractwa, Członek Honoris Causa. Założyciel Klubu "Buda", w którym spotykała się wczesna Czapka. We wczesnym okresie działalności Bractwa, nieformalnie przewodził BCS. Tak, to ten Pan Andrzej z "Chińskiej Piosenki Pana Andrzeja"	PC	\N
181		PC	\N
182	Belg	Inne BCS	\N
183	Francuz	Inne BCS	\N
184	Lekarz z Hiszpanii	Inne BCS	\N
185	Samorząd Studentów Uniwersytetu Jagiellońskiego	Org	\N
186		I	\N
187	Profesor, który pomógł Tadkowi i Kasprowi w stworzeniu BCS UJ	PC	\N
\.


--
-- Data for Name: osoby_osoba; Type: TABLE DATA; Schema: public; Owner: projectuser
--

COPY public.osoby_osoba (id, imie, nazwisko, przezwiska, polymorphic_ctype_id) FROM stdin;
11	Aleksandra	Klekocińska	{}	60
12	Aleksandra	Król	{}	60
13	Aleksandra	Wagner	{}	60
14	Alicja	Majczak	{}	60
15	Alicja Waleria	Barć	{}	60
16	Amelia	Boufenghour	{}	60
17	Aneta	Galara	{}	60
21	Anna	Stachowiak	{}	60
18	Anna	Łopatniuk	{}	60
20	Anna	Pawlicka	{}	60
22	Anna	Wyroba	{}	60
19	Anna Maria	Kuźma	{}	60
23	Antoni	Krzyżanowski	{}	60
24	Artur	Biba	{}	60
25	Artur	Czajkowski	{}	60
26	Artur	Halcarz	{}	60
27	Artur	Miadzielec	{}	60
28	Artur	Szymański	{}	60
30	Bartłomiej	Olajossy	{}	60
29	Bartłomiej	Grzeszykowski	{}	60
32	Bartosz	Maciejewski	{}	60
31	Bartosz	Hepek	{}	60
33	Bartosz	Sieniawski	{}	60
34	Bartosz	Spytkowski	{}	60
35	Beanus	Perennus	{}	60
36	Benedykt Mateusz	Dzięcielski	{}	60
37	Błażej	Hałat	{}	60
38	Camilla	Schindler	{}	60
39	Cezary	Sołtysik	{}	60
40	Christine	Przybyła-Kowalska	{}	60
177	Czapka		{}	60
41	Damian	Zych	{Buch}	60
42	Daniel	Zgliński	{}	60
43	Dawid	Wiklik	{}	60
44	Dominik	Ciebiera	{}	60
45	Dominika	Liszka	{}	60
46	Dominika	Szponar	{}	60
47	Dorota	Drożyńska	{}	60
48	Elżbieta	Mierzejewska	{}	60
173	Elżunia	Krasiejko	{}	60
49	Eryk	Królczyk	{}	60
50	Ewa	Smuga-Codutti	{}	60
174	Feliks	Kwiatkowski	{}	60
51	Gabriela	Michalik (Mucha)	{}	60
52	Gniewko	Wawrzyńczak	{}	60
53	Grażyna	Malinowska	{}	60
55	Grzegorz	Lebedowicz	{}	60
54	Grzegorz	Dziadek	{}	60
56	Herman	Chekurda	{}	60
57	Jacek	Onisk	{}	60
59	Jakub	Kornacki	{}	60
60	Jakub	Łukasik	{}	60
58	Jakub	Bukalski	{}	60
61	Jakub	Nawrot	{}	60
63	Joanna	Lorenc	{}	60
62	Joanna	Krawczyk	{}	60
64	John	Graff-Warburton	{}	60
65	Julia	Jurczuk	{}	60
66	Julia	Musiał	{}	60
67	Kamila	Dziewońska (Paisley)	{}	60
68	Kamila	Rozesłaniec	{}	60
70	Karol	Starowicz	{}	60
72	Karolina	Kania	{}	60
71	Karolina	Dzierżawska	{}	60
73	Karolina	Mater	{}	60
74	Karolina	Szklanny	{}	60
75	Karolina	Wielgus	{}	60
69	Karol Konrad	Czekałowski	{}	60
76	Kasper	Krawet	{}	60
77	Katarzyna	Marek	{}	60
78	Katarzyna	Ostrowska	{}	60
79	Katarzyna	Smuga	{}	60
80	Katarzyna	Żanowska	{}	60
81	Kinga	Radwan	{}	60
82	Klaudia	Buchalska	{}	60
84	Konrad		{}	60
85	Konrad	Piwowarczyk	{}	60
165	Krzysztof	Trela	{}	60
87	Krzysztof	Tomczyk	{}	60
86	Krzysztof	Sadowski	{}	60
88	Ludwik	Janiszewski	{}	60
89	Łukasz	Ciepły (Lindert)	{}	60
90	Łukasz	Pryk	{}	60
91	Ma	Rysia	{}	60
95	Maciej	Małecki	{}	60
94	Maciej	Lisowski	{}	60
92	Maciej	Hyla	{}	60
93	Maciej	Krzyżanek	{}	60
96	Maciej	Solon	{}	60
97	Magdalena	Brilha	{}	60
98	Maksymilian	Depa	{}	60
99	Małgorzata	Głuszek	{}	60
100	Małgorzata	Lurzyńska	{}	60
6	Krysia	Cholewa	{}	61
9	Patrycja	Skowronek	{"Wiktoriańskie Dziecko"}	61
101	Małgorzata	Żurek	{}	60
102	Marceli	Mart-Łakomy	{}	60
103	Marcin	Loch	{}	60
105	Maria	Turakiewicz	{}	60
178	Szymon	Zwias	{Tur}	61
181	Babcia	Tadka	{}	56
184	Roberto	Martinez del Rio	{}	56
104	Maria	Babiuch	{}	60
106	Marta	Toumia	{}	60
107	Martyna	Kubiak	{}	60
109	Mateusz	Tomczyk	{}	60
110	Mateusz	Żurek	{}	60
108	Mateusz	Sułek	{}	60
116	Michał	Malata	{Mamut}	60
113	Michał	Gumułka	{}	60
112	Michał	Boryka	{}	60
167	Dawid	Otłowski	{}	60
7	Mateusz	Sokół	{Scorpio,Szczur,Scoppiato}	61
179	Wiktoria	Doleżych	{Wedel}	61
182	Christobalt	Miltrugno	{}	56
185	SSUJ		{}	56
187	Zdzisław	Gajda	{Profesor}	56
5	Konrad		{Austriak}	61
8	Mateusz	Warmus	{"Najpiękniejszy Bean"}	61
180	Andrzej	Pawłowski	{}	56
183	Frederic	Widart	{}	56
186	Stefano	Campagna	{"Kwaśny Krab"}	56
1	Adrianna	Kapelak	{}	60
2	Agata	Grochowina	{}	60
3	Agnieszka	Albrychiewicz	{}	60
10	Aleksander	Wędrychowski	{}	60
115	Michał	Lenik	{}	60
114	Michał	Kasperek	{}	60
111	Michalina	Kokosińska	{}	60
118	Monika	Kwater-Boryka	{}	60
117	Monika	Góralik	{}	60
119	Monika	Stępień	{}	60
121	Natalia	Lisowska	{}	60
122	Natalia	Stachura	{}	60
120	Natalia	Ciesielska (Olajossy)	{}	60
171	Nie	dotyczy	{}	60
170	Nie	wiem	{}	60
123	Olga	Wajda	{}	60
124	Pamela Anna	Drozd	{}	60
125	Patrycja	Karauda	{}	60
127	Patrycja	Szaniawska	{}	60
126	Patrycja	Malinowska-Majdak	{}	60
128	Patryk	Gujda	{}	60
129	Paula	Dybowska	{}	60
130	Paulina	Kozioł	{}	60
131	Paulina	Tomżyńska	{}	60
132	Paweł	Grzegorczyk	{}	60
134	Paweł	Nawrot	{}	60
133	Paweł	Mucha	{}	60
136	Piotr	Litwin	{}	60
135	Piotr	Bulica	{}	60
137	Piotr	Szewczyk	{}	60
138	Piotr	Szota	{}	60
139	Przemysław	Jankowski	{}	60
140	Richard	Staryszak	{}	60
141	Robert	Ścieszka	{}	60
142	Roksana	Kidawa	{}	60
143	Sandra	Chandzlik	{}	60
144	Sebastian	Stala	{}	60
145	Stanisław	Stokłosa	{}	60
146	Stefan	Bocheński	{}	60
147	Szymon	Stankiewicz	{}	60
148	Tadeusz	Hessel	{}	60
150	Tomasz	Krok	{}	60
149	Tomasz	Andrzej Cieciora	{}	60
151	Urszula	Kasprzyk	{}	60
152	Wacław	Chmiel	{}	60
153	Wawrzyniec	Ordziniak	{}	60
154	Weronika	Manista	{}	60
172	Weronika	Marchewka	{}	60
155	Wiktor	Sobol	{}	60
156	Wiktoria	Kałka	{}	60
157	Zdzisław	Gajda	{}	60
158	Zofia	Krasińska-Krawet	{}	60
159	Zuzanna	Żmuda	{}	60
4	Kacper	Wilk	{Szogun,"Czwarty Wilk Noboda"}	61
\.


--
-- Data for Name: osoby_wielkimistrz; Type: TABLE DATA; Schema: public; Owner: projectuser
--

COPY public.osoby_wielkimistrz (id, tadeusz, tytuly, tadeusz_numeric, imie_id) FROM stdin;
3	I		1	148
4	II		2	97
7	III		3	53
8	IV		4	133
1	V		5	95
9	V	Wielki Antymistrz Bandera Łże-Tadeusz VI, czerwono-czarny ognień tańczący na wioskach wrogów	5	41
12	VI	Ostatni Książę Pszczyny, władca studentów i zwierząt nie wyłączając smoków i panter	6	113
17	VIII		8	125
13	IX	Gałązka z Boskiego Drzewa Wpierdolu	9	30
14	X	Zawsze Trzeźwy Landlord Czerwonomakowskich Luster	10	64
16	X	Patronka Słowa Mówionego i Pisanego, Jedyny Prawowity Tadeusz X	10	130
15	XI	Czerwona Opcja Śląska	11	116
\.


--
-- Data for Name: osoby_zarzad; Type: TABLE DATA; Schema: public; Owner: projectuser
--

COPY public.osoby_zarzad (id, cantandi_id, kadencja_id, kasztelan_id, sekretarz_id, skarbnik_id, wielki_mistrz_id) FROM stdin;
17	133	6	19	142	158	4
16	24	5	19	142	158	4
18	133	6	19	142	158	4
19	133	7	142	146	65	4
20	150	8	109	129	15	7
21	96	9	95	128	118	8
22	90	10	118	89	131	1
23	67	11	154	159	122	9
24	25	12	113	159	30	9
25	42	13	125	130	120	12
26	64	14	155	130	25	17
27	110	15	155	64	25	13
28	110	16	109	120	64	14
29	31	17	29	102	107	15
\.


--
-- Data for Name: osoby_zwierzeczapkowe; Type: TABLE DATA; Schema: public; Owner: projectuser
--

COPY public.osoby_zwierzeczapkowe (id, zwierze, wyjasnienie) FROM stdin;
1	Ptak	z łaciny
2	Pszczoła	z francuskiego
4	Guziec	
5	Koń	
6	Kot	z łaciny
3	Smok	z angielskiego
8	Koala	
9	Lis	
7	Koń	z łaciny
10	Kot	z francuskiego
11	Koza	
12	Sander	inaczej sandacz
13	Żaba	
\.


--
-- Name: admin_interface_theme_id_seq; Type: SEQUENCE SET; Schema: public; Owner: projectuser
--

SELECT pg_catalog.setval('public.admin_interface_theme_id_seq', 2, true);


--
-- Name: auth_group_id_seq; Type: SEQUENCE SET; Schema: public; Owner: projectuser
--

SELECT pg_catalog.setval('public.auth_group_id_seq', 1, false);


--
-- Name: auth_group_permissions_id_seq; Type: SEQUENCE SET; Schema: public; Owner: projectuser
--

SELECT pg_catalog.setval('public.auth_group_permissions_id_seq', 1, false);


--
-- Name: auth_permission_id_seq; Type: SEQUENCE SET; Schema: public; Owner: projectuser
--

SELECT pg_catalog.setval('public.auth_permission_id_seq', 304, true);


--
-- Name: auth_user_groups_id_seq; Type: SEQUENCE SET; Schema: public; Owner: projectuser
--

SELECT pg_catalog.setval('public.auth_user_groups_id_seq', 1, false);


--
-- Name: auth_user_id_seq; Type: SEQUENCE SET; Schema: public; Owner: projectuser
--

SELECT pg_catalog.setval('public.auth_user_id_seq', 1, true);


--
-- Name: auth_user_user_permissions_id_seq; Type: SEQUENCE SET; Schema: public; Owner: projectuser
--

SELECT pg_catalog.setval('public.auth_user_user_permissions_id_seq', 1, false);


--
-- Name: core_kadencja_id_seq; Type: SEQUENCE SET; Schema: public; Owner: projectuser
--

SELECT pg_catalog.setval('public.core_kadencja_id_seq', 17, true);


--
-- Name: czapki_czapka_id_seq; Type: SEQUENCE SET; Schema: public; Owner: projectuser
--

SELECT pg_catalog.setval('public.czapki_czapka_id_seq', 36, true);


--
-- Name: czapki_rodzajczapki_id_seq; Type: SEQUENCE SET; Schema: public; Owner: projectuser
--

SELECT pg_catalog.setval('public.czapki_rodzajczapki_id_seq', 4, true);


--
-- Name: czapki_rodzajczapki_kraje_id_seq; Type: SEQUENCE SET; Schema: public; Owner: projectuser
--

SELECT pg_catalog.setval('public.czapki_rodzajczapki_kraje_id_seq', 4, true);


--
-- Name: czlonkowie_dawnyzarzad_id_seq; Type: SEQUENCE SET; Schema: public; Owner: projectuser
--

SELECT pg_catalog.setval('public.czlonkowie_dawnyzarzad_id_seq', 2, true);


--
-- Name: czlonkowie_halloffame_id_seq; Type: SEQUENCE SET; Schema: public; Owner: projectuser
--

SELECT pg_catalog.setval('public.czlonkowie_halloffame_id_seq', 10, true);


--
-- Name: czlonkowie_imieszlacheckie_id_seq; Type: SEQUENCE SET; Schema: public; Owner: projectuser
--

SELECT pg_catalog.setval('public.czlonkowie_imieszlacheckie_id_seq', 9, true);


--
-- Name: czlonkowie_wielkimistrz_id_seq; Type: SEQUENCE SET; Schema: public; Owner: projectuser
--

SELECT pg_catalog.setval('public.czlonkowie_wielkimistrz_id_seq', 17, true);


--
-- Name: czlonkowie_zarzad_id_seq; Type: SEQUENCE SET; Schema: public; Owner: projectuser
--

SELECT pg_catalog.setval('public.czlonkowie_zarzad_id_seq', 29, true);


--
-- Name: czlonkowie_zwierzeczapkowe_id_seq; Type: SEQUENCE SET; Schema: public; Owner: projectuser
--

SELECT pg_catalog.setval('public.czlonkowie_zwierzeczapkowe_id_seq', 13, true);


--
-- Name: django_admin_log_id_seq; Type: SEQUENCE SET; Schema: public; Owner: projectuser
--

SELECT pg_catalog.setval('public.django_admin_log_id_seq', 1653, true);


--
-- Name: django_content_type_id_seq; Type: SEQUENCE SET; Schema: public; Owner: projectuser
--

SELECT pg_catalog.setval('public.django_content_type_id_seq', 71, true);


--
-- Name: django_migrations_id_seq; Type: SEQUENCE SET; Schema: public; Owner: projectuser
--

SELECT pg_catalog.setval('public.django_migrations_id_seq', 269, true);


--
-- Name: encyklopedia_bractwo_id_seq; Type: SEQUENCE SET; Schema: public; Owner: projectuser
--

SELECT pg_catalog.setval('public.encyklopedia_bractwo_id_seq', 6, true);


--
-- Name: encyklopedia_bractwo_zalozyciele_id_seq; Type: SEQUENCE SET; Schema: public; Owner: projectuser
--

SELECT pg_catalog.setval('public.encyklopedia_bractwo_zalozyciele_id_seq', 3, true);


--
-- Name: encyklopedia_grupabractw_id_seq; Type: SEQUENCE SET; Schema: public; Owner: projectuser
--

SELECT pg_catalog.setval('public.encyklopedia_grupabractw_id_seq', 5, true);


--
-- Name: encyklopedia_grupabractw_kraje_id_seq; Type: SEQUENCE SET; Schema: public; Owner: projectuser
--

SELECT pg_catalog.setval('public.encyklopedia_grupabractw_kraje_id_seq', 8, true);


--
-- Name: encyklopedia_pojecie_id_seq; Type: SEQUENCE SET; Schema: public; Owner: projectuser
--

SELECT pg_catalog.setval('public.encyklopedia_pojecie_id_seq', 1, false);


--
-- Name: encyklopedia_powiedzenie_adresaci_id_seq; Type: SEQUENCE SET; Schema: public; Owner: projectuser
--

SELECT pg_catalog.setval('public.encyklopedia_powiedzenie_adresaci_id_seq', 1, false);


--
-- Name: encyklopedia_powiedzenie_id_seq; Type: SEQUENCE SET; Schema: public; Owner: projectuser
--

SELECT pg_catalog.setval('public.encyklopedia_powiedzenie_id_seq', 1, false);


--
-- Name: encyklopedia_tradycjabcs_id_seq; Type: SEQUENCE SET; Schema: public; Owner: projectuser
--

SELECT pg_catalog.setval('public.encyklopedia_tradycjabcs_id_seq', 1, true);


--
-- Name: encyklopedia_tradycjainnegobractwa_id_seq; Type: SEQUENCE SET; Schema: public; Owner: projectuser
--

SELECT pg_catalog.setval('public.encyklopedia_tradycjainnegobractwa_id_seq', 1, false);


--
-- Name: encyklopedia_zrodlo_autorzy_id_seq; Type: SEQUENCE SET; Schema: public; Owner: projectuser
--

SELECT pg_catalog.setval('public.encyklopedia_zrodlo_autorzy_id_seq', 1, false);


--
-- Name: encyklopedia_zrodlo_id_seq; Type: SEQUENCE SET; Schema: public; Owner: projectuser
--

SELECT pg_catalog.setval('public.encyklopedia_zrodlo_id_seq', 1, true);


--
-- Name: encyklopedia_zwyczaj_id_seq; Type: SEQUENCE SET; Schema: public; Owner: projectuser
--

SELECT pg_catalog.setval('public.encyklopedia_zwyczaj_id_seq', 1, false);


--
-- Name: kronika_charakterystykadzialanzarzadu_id_seq; Type: SEQUENCE SET; Schema: public; Owner: projectuser
--

SELECT pg_catalog.setval('public.kronika_charakterystykadzialanzarzadu_id_seq', 11, true);


--
-- Name: kronika_obrazwydarzenie_id_seq; Type: SEQUENCE SET; Schema: public; Owner: projectuser
--

SELECT pg_catalog.setval('public.kronika_obrazwydarzenie_id_seq', 2, true);


--
-- Name: kronika_obrazwydarzenie_widoczne_osoby_id_seq; Type: SEQUENCE SET; Schema: public; Owner: projectuser
--

SELECT pg_catalog.setval('public.kronika_obrazwydarzenie_widoczne_osoby_id_seq', 1, false);


--
-- Name: kronika_obrazzdarzenie_id_seq; Type: SEQUENCE SET; Schema: public; Owner: projectuser
--

SELECT pg_catalog.setval('public.kronika_obrazzdarzenie_id_seq', 5, true);


--
-- Name: kronika_obrazzdarzenie_widoczne_osoby_id_seq; Type: SEQUENCE SET; Schema: public; Owner: projectuser
--

SELECT pg_catalog.setval('public.kronika_obrazzdarzenie_widoczne_osoby_id_seq', 1, false);


--
-- Name: kronika_proces_id_seq; Type: SEQUENCE SET; Schema: public; Owner: projectuser
--

SELECT pg_catalog.setval('public.kronika_proces_id_seq', 1, true);


--
-- Name: kronika_proces_zdarzenia_id_seq; Type: SEQUENCE SET; Schema: public; Owner: projectuser
--

SELECT pg_catalog.setval('public.kronika_proces_zdarzenia_id_seq', 1, false);


--
-- Name: kronika_typwydarzenia_id_seq; Type: SEQUENCE SET; Schema: public; Owner: projectuser
--

SELECT pg_catalog.setval('public.kronika_typwydarzenia_id_seq', 25, true);


--
-- Name: kronika_typwyjazdu_id_seq; Type: SEQUENCE SET; Schema: public; Owner: projectuser
--

SELECT pg_catalog.setval('public.kronika_typwyjazdu_id_seq', 5, true);


--
-- Name: kronika_wydarzenie_id_seq; Type: SEQUENCE SET; Schema: public; Owner: projectuser
--

SELECT pg_catalog.setval('public.kronika_wydarzenie_id_seq', 26, true);


--
-- Name: kronika_wydarzenie_miejsca_id_seq; Type: SEQUENCE SET; Schema: public; Owner: projectuser
--

SELECT pg_catalog.setval('public.kronika_wydarzenie_miejsca_id_seq', 26, true);


--
-- Name: kronika_wydarzenie_uczestnicy_id_seq; Type: SEQUENCE SET; Schema: public; Owner: projectuser
--

SELECT pg_catalog.setval('public.kronika_wydarzenie_uczestnicy_id_seq', 1, false);


--
-- Name: kronika_wyjazd_obrazy_id_seq; Type: SEQUENCE SET; Schema: public; Owner: projectuser
--

SELECT pg_catalog.setval('public.kronika_wyjazd_obrazy_id_seq', 1, false);


--
-- Name: kronika_zdarzenie_id_seq; Type: SEQUENCE SET; Schema: public; Owner: projectuser
--

SELECT pg_catalog.setval('public.kronika_zdarzenie_id_seq', 30, true);


--
-- Name: kronika_zdarzenie_powiazane_osoby_id_seq; Type: SEQUENCE SET; Schema: public; Owner: projectuser
--

SELECT pg_catalog.setval('public.kronika_zdarzenie_powiazane_osoby_id_seq', 1, false);


--
-- Name: miejsca_kraj_id_seq; Type: SEQUENCE SET; Schema: public; Owner: projectuser
--

SELECT pg_catalog.setval('public.miejsca_kraj_id_seq', 12, true);


--
-- Name: miejsca_miejsce_id_seq; Type: SEQUENCE SET; Schema: public; Owner: projectuser
--

SELECT pg_catalog.setval('public.miejsca_miejsce_id_seq', 32, true);


--
-- Name: miejsca_typmiejsca_id_seq; Type: SEQUENCE SET; Schema: public; Owner: projectuser
--

SELECT pg_catalog.setval('public.miejsca_typmiejsca_id_seq', 20, true);


--
-- Name: miejsca_uczelnia_id_seq; Type: SEQUENCE SET; Schema: public; Owner: projectuser
--

SELECT pg_catalog.setval('public.miejsca_uczelnia_id_seq', 12, true);


--
-- Name: miejsca_wydzial_id_seq; Type: SEQUENCE SET; Schema: public; Owner: projectuser
--

SELECT pg_catalog.setval('public.miejsca_wydzial_id_seq', 37, true);


--
-- Name: osoby_osoba_id_seq; Type: SEQUENCE SET; Schema: public; Owner: projectuser
--

SELECT pg_catalog.setval('public.osoby_osoba_id_seq', 187, true);


--
-- Name: admin_interface_theme admin_interface_theme_name_30bda70f_uniq; Type: CONSTRAINT; Schema: public; Owner: projectuser
--

ALTER TABLE ONLY public.admin_interface_theme
    ADD CONSTRAINT admin_interface_theme_name_30bda70f_uniq UNIQUE (name);


--
-- Name: admin_interface_theme admin_interface_theme_pkey; Type: CONSTRAINT; Schema: public; Owner: projectuser
--

ALTER TABLE ONLY public.admin_interface_theme
    ADD CONSTRAINT admin_interface_theme_pkey PRIMARY KEY (id);


--
-- Name: auth_group auth_group_name_key; Type: CONSTRAINT; Schema: public; Owner: projectuser
--

ALTER TABLE ONLY public.auth_group
    ADD CONSTRAINT auth_group_name_key UNIQUE (name);


--
-- Name: auth_group_permissions auth_group_permissions_group_id_permission_id_0cd325b0_uniq; Type: CONSTRAINT; Schema: public; Owner: projectuser
--

ALTER TABLE ONLY public.auth_group_permissions
    ADD CONSTRAINT auth_group_permissions_group_id_permission_id_0cd325b0_uniq UNIQUE (group_id, permission_id);


--
-- Name: auth_group_permissions auth_group_permissions_pkey; Type: CONSTRAINT; Schema: public; Owner: projectuser
--

ALTER TABLE ONLY public.auth_group_permissions
    ADD CONSTRAINT auth_group_permissions_pkey PRIMARY KEY (id);


--
-- Name: auth_group auth_group_pkey; Type: CONSTRAINT; Schema: public; Owner: projectuser
--

ALTER TABLE ONLY public.auth_group
    ADD CONSTRAINT auth_group_pkey PRIMARY KEY (id);


--
-- Name: auth_permission auth_permission_content_type_id_codename_01ab375a_uniq; Type: CONSTRAINT; Schema: public; Owner: projectuser
--

ALTER TABLE ONLY public.auth_permission
    ADD CONSTRAINT auth_permission_content_type_id_codename_01ab375a_uniq UNIQUE (content_type_id, codename);


--
-- Name: auth_permission auth_permission_pkey; Type: CONSTRAINT; Schema: public; Owner: projectuser
--

ALTER TABLE ONLY public.auth_permission
    ADD CONSTRAINT auth_permission_pkey PRIMARY KEY (id);


--
-- Name: auth_user_groups auth_user_groups_pkey; Type: CONSTRAINT; Schema: public; Owner: projectuser
--

ALTER TABLE ONLY public.auth_user_groups
    ADD CONSTRAINT auth_user_groups_pkey PRIMARY KEY (id);


--
-- Name: auth_user_groups auth_user_groups_user_id_group_id_94350c0c_uniq; Type: CONSTRAINT; Schema: public; Owner: projectuser
--

ALTER TABLE ONLY public.auth_user_groups
    ADD CONSTRAINT auth_user_groups_user_id_group_id_94350c0c_uniq UNIQUE (user_id, group_id);


--
-- Name: auth_user auth_user_pkey; Type: CONSTRAINT; Schema: public; Owner: projectuser
--

ALTER TABLE ONLY public.auth_user
    ADD CONSTRAINT auth_user_pkey PRIMARY KEY (id);


--
-- Name: auth_user_user_permissions auth_user_user_permissions_pkey; Type: CONSTRAINT; Schema: public; Owner: projectuser
--

ALTER TABLE ONLY public.auth_user_user_permissions
    ADD CONSTRAINT auth_user_user_permissions_pkey PRIMARY KEY (id);


--
-- Name: auth_user_user_permissions auth_user_user_permissions_user_id_permission_id_14a6b632_uniq; Type: CONSTRAINT; Schema: public; Owner: projectuser
--

ALTER TABLE ONLY public.auth_user_user_permissions
    ADD CONSTRAINT auth_user_user_permissions_user_id_permission_id_14a6b632_uniq UNIQUE (user_id, permission_id);


--
-- Name: auth_user auth_user_username_key; Type: CONSTRAINT; Schema: public; Owner: projectuser
--

ALTER TABLE ONLY public.auth_user
    ADD CONSTRAINT auth_user_username_key UNIQUE (username);


--
-- Name: core_kadencja core_kadencja_pkey; Type: CONSTRAINT; Schema: public; Owner: projectuser
--

ALTER TABLE ONLY public.core_kadencja
    ADD CONSTRAINT core_kadencja_pkey PRIMARY KEY (id);


--
-- Name: czapki_czapka czapki_czapka_pkey; Type: CONSTRAINT; Schema: public; Owner: projectuser
--

ALTER TABLE ONLY public.czapki_czapka
    ADD CONSTRAINT czapki_czapka_pkey PRIMARY KEY (id);


--
-- Name: czapki_rodzajczapki_kraje czapki_rodzajczapki_kraje_pkey; Type: CONSTRAINT; Schema: public; Owner: projectuser
--

ALTER TABLE ONLY public.czapki_rodzajczapki_kraje
    ADD CONSTRAINT czapki_rodzajczapki_kraje_pkey PRIMARY KEY (id);


--
-- Name: czapki_rodzajczapki_kraje czapki_rodzajczapki_kraje_rodzajczapki_id_kraj_id_620cc5dd_uniq; Type: CONSTRAINT; Schema: public; Owner: projectuser
--

ALTER TABLE ONLY public.czapki_rodzajczapki_kraje
    ADD CONSTRAINT czapki_rodzajczapki_kraje_rodzajczapki_id_kraj_id_620cc5dd_uniq UNIQUE (rodzajczapki_id, kraj_id);


--
-- Name: czapki_rodzajczapki czapki_rodzajczapki_pkey; Type: CONSTRAINT; Schema: public; Owner: projectuser
--

ALTER TABLE ONLY public.czapki_rodzajczapki
    ADD CONSTRAINT czapki_rodzajczapki_pkey PRIMARY KEY (id);


--
-- Name: django_admin_log django_admin_log_pkey; Type: CONSTRAINT; Schema: public; Owner: projectuser
--

ALTER TABLE ONLY public.django_admin_log
    ADD CONSTRAINT django_admin_log_pkey PRIMARY KEY (id);


--
-- Name: django_content_type django_content_type_app_label_model_76bd3d3b_uniq; Type: CONSTRAINT; Schema: public; Owner: projectuser
--

ALTER TABLE ONLY public.django_content_type
    ADD CONSTRAINT django_content_type_app_label_model_76bd3d3b_uniq UNIQUE (app_label, model);


--
-- Name: django_content_type django_content_type_pkey; Type: CONSTRAINT; Schema: public; Owner: projectuser
--

ALTER TABLE ONLY public.django_content_type
    ADD CONSTRAINT django_content_type_pkey PRIMARY KEY (id);


--
-- Name: django_migrations django_migrations_pkey; Type: CONSTRAINT; Schema: public; Owner: projectuser
--

ALTER TABLE ONLY public.django_migrations
    ADD CONSTRAINT django_migrations_pkey PRIMARY KEY (id);


--
-- Name: django_session django_session_pkey; Type: CONSTRAINT; Schema: public; Owner: projectuser
--

ALTER TABLE ONLY public.django_session
    ADD CONSTRAINT django_session_pkey PRIMARY KEY (session_key);


--
-- Name: encyklopedia_bractwo encyklopedia_bractwo_pkey; Type: CONSTRAINT; Schema: public; Owner: projectuser
--

ALTER TABLE ONLY public.encyklopedia_bractwo
    ADD CONSTRAINT encyklopedia_bractwo_pkey PRIMARY KEY (id);


--
-- Name: encyklopedia_bractwo_zalozyciele encyklopedia_bractwo_zal_bractwo_id_osoba_id_6d7271f4_uniq; Type: CONSTRAINT; Schema: public; Owner: projectuser
--

ALTER TABLE ONLY public.encyklopedia_bractwo_zalozyciele
    ADD CONSTRAINT encyklopedia_bractwo_zal_bractwo_id_osoba_id_6d7271f4_uniq UNIQUE (bractwo_id, osoba_id);


--
-- Name: encyklopedia_bractwo_zalozyciele encyklopedia_bractwo_zalozyciele_pkey; Type: CONSTRAINT; Schema: public; Owner: projectuser
--

ALTER TABLE ONLY public.encyklopedia_bractwo_zalozyciele
    ADD CONSTRAINT encyklopedia_bractwo_zalozyciele_pkey PRIMARY KEY (id);


--
-- Name: encyklopedia_grupabractw_kraje encyklopedia_grupabractw_grupabractw_id_kraj_id_1aa974fc_uniq; Type: CONSTRAINT; Schema: public; Owner: projectuser
--

ALTER TABLE ONLY public.encyklopedia_grupabractw_kraje
    ADD CONSTRAINT encyklopedia_grupabractw_grupabractw_id_kraj_id_1aa974fc_uniq UNIQUE (grupabractw_id, kraj_id);


--
-- Name: encyklopedia_grupabractw_kraje encyklopedia_grupabractw_kraje_pkey; Type: CONSTRAINT; Schema: public; Owner: projectuser
--

ALTER TABLE ONLY public.encyklopedia_grupabractw_kraje
    ADD CONSTRAINT encyklopedia_grupabractw_kraje_pkey PRIMARY KEY (id);


--
-- Name: encyklopedia_grupabractw encyklopedia_grupabractw_pkey; Type: CONSTRAINT; Schema: public; Owner: projectuser
--

ALTER TABLE ONLY public.encyklopedia_grupabractw
    ADD CONSTRAINT encyklopedia_grupabractw_pkey PRIMARY KEY (id);


--
-- Name: encyklopedia_pojecie encyklopedia_pojecie_pkey; Type: CONSTRAINT; Schema: public; Owner: projectuser
--

ALTER TABLE ONLY public.encyklopedia_pojecie
    ADD CONSTRAINT encyklopedia_pojecie_pkey PRIMARY KEY (id);


--
-- Name: encyklopedia_powiedzenie_adresaci encyklopedia_powiedzenie_adresaci_pkey; Type: CONSTRAINT; Schema: public; Owner: projectuser
--

ALTER TABLE ONLY public.encyklopedia_powiedzenie_adresaci
    ADD CONSTRAINT encyklopedia_powiedzenie_adresaci_pkey PRIMARY KEY (id);


--
-- Name: encyklopedia_powiedzenie encyklopedia_powiedzenie_pkey; Type: CONSTRAINT; Schema: public; Owner: projectuser
--

ALTER TABLE ONLY public.encyklopedia_powiedzenie
    ADD CONSTRAINT encyklopedia_powiedzenie_pkey PRIMARY KEY (id);


--
-- Name: encyklopedia_powiedzenie_adresaci encyklopedia_powiedzenie_powiedzenie_id_osoba_id_da0b3461_uniq; Type: CONSTRAINT; Schema: public; Owner: projectuser
--

ALTER TABLE ONLY public.encyklopedia_powiedzenie_adresaci
    ADD CONSTRAINT encyklopedia_powiedzenie_powiedzenie_id_osoba_id_da0b3461_uniq UNIQUE (powiedzenie_id, osoba_id);


--
-- Name: encyklopedia_tradycjabcs encyklopedia_tradycjabcs_pkey; Type: CONSTRAINT; Schema: public; Owner: projectuser
--

ALTER TABLE ONLY public.encyklopedia_tradycjabcs
    ADD CONSTRAINT encyklopedia_tradycjabcs_pkey PRIMARY KEY (id);


--
-- Name: encyklopedia_tradycjainnegobractwa encyklopedia_tradycjainnegobractwa_pkey; Type: CONSTRAINT; Schema: public; Owner: projectuser
--

ALTER TABLE ONLY public.encyklopedia_tradycjainnegobractwa
    ADD CONSTRAINT encyklopedia_tradycjainnegobractwa_pkey PRIMARY KEY (id);


--
-- Name: encyklopedia_zrodlo_autorzy encyklopedia_zrodlo_autorzy_pkey; Type: CONSTRAINT; Schema: public; Owner: projectuser
--

ALTER TABLE ONLY public.encyklopedia_zrodlo_autorzy
    ADD CONSTRAINT encyklopedia_zrodlo_autorzy_pkey PRIMARY KEY (id);


--
-- Name: encyklopedia_zrodlo_autorzy encyklopedia_zrodlo_autorzy_zrodlo_id_osoba_id_629aa0ef_uniq; Type: CONSTRAINT; Schema: public; Owner: projectuser
--

ALTER TABLE ONLY public.encyklopedia_zrodlo_autorzy
    ADD CONSTRAINT encyklopedia_zrodlo_autorzy_zrodlo_id_osoba_id_629aa0ef_uniq UNIQUE (zrodlo_id, osoba_id);


--
-- Name: encyklopedia_zrodlo encyklopedia_zrodlo_pkey; Type: CONSTRAINT; Schema: public; Owner: projectuser
--

ALTER TABLE ONLY public.encyklopedia_zrodlo
    ADD CONSTRAINT encyklopedia_zrodlo_pkey PRIMARY KEY (id);


--
-- Name: encyklopedia_zwyczaj encyklopedia_zwyczaj_pkey; Type: CONSTRAINT; Schema: public; Owner: projectuser
--

ALTER TABLE ONLY public.encyklopedia_zwyczaj
    ADD CONSTRAINT encyklopedia_zwyczaj_pkey PRIMARY KEY (id);


--
-- Name: kronika_charakterystykadzialanzarzadu kronika_charakterystykadzialanzarzadu_pkey; Type: CONSTRAINT; Schema: public; Owner: projectuser
--

ALTER TABLE ONLY public.kronika_charakterystykadzialanzarzadu
    ADD CONSTRAINT kronika_charakterystykadzialanzarzadu_pkey PRIMARY KEY (id);


--
-- Name: kronika_obrazwydarzenie_widoczne_osoby kronika_obrazwydarzenie__obrazwydarzenie_id_osoba_cc042493_uniq; Type: CONSTRAINT; Schema: public; Owner: projectuser
--

ALTER TABLE ONLY public.kronika_obrazwydarzenie_widoczne_osoby
    ADD CONSTRAINT kronika_obrazwydarzenie__obrazwydarzenie_id_osoba_cc042493_uniq UNIQUE (obrazwydarzenie_id, osoba_id);


--
-- Name: kronika_obrazwydarzenie kronika_obrazwydarzenie_pkey; Type: CONSTRAINT; Schema: public; Owner: projectuser
--

ALTER TABLE ONLY public.kronika_obrazwydarzenie
    ADD CONSTRAINT kronika_obrazwydarzenie_pkey PRIMARY KEY (id);


--
-- Name: kronika_obrazwydarzenie_widoczne_osoby kronika_obrazwydarzenie_widoczne_osoby_pkey; Type: CONSTRAINT; Schema: public; Owner: projectuser
--

ALTER TABLE ONLY public.kronika_obrazwydarzenie_widoczne_osoby
    ADD CONSTRAINT kronika_obrazwydarzenie_widoczne_osoby_pkey PRIMARY KEY (id);


--
-- Name: kronika_obrazzdarzenie kronika_obrazzdarzenie_pkey; Type: CONSTRAINT; Schema: public; Owner: projectuser
--

ALTER TABLE ONLY public.kronika_obrazzdarzenie
    ADD CONSTRAINT kronika_obrazzdarzenie_pkey PRIMARY KEY (id);


--
-- Name: kronika_obrazzdarzenie_widoczne_osoby kronika_obrazzdarzenie_w_obrazzdarzenie_id_osoba__e3de9421_uniq; Type: CONSTRAINT; Schema: public; Owner: projectuser
--

ALTER TABLE ONLY public.kronika_obrazzdarzenie_widoczne_osoby
    ADD CONSTRAINT kronika_obrazzdarzenie_w_obrazzdarzenie_id_osoba__e3de9421_uniq UNIQUE (obrazzdarzenie_id, osoba_id);


--
-- Name: kronika_obrazzdarzenie_widoczne_osoby kronika_obrazzdarzenie_widoczne_osoby_pkey; Type: CONSTRAINT; Schema: public; Owner: projectuser
--

ALTER TABLE ONLY public.kronika_obrazzdarzenie_widoczne_osoby
    ADD CONSTRAINT kronika_obrazzdarzenie_widoczne_osoby_pkey PRIMARY KEY (id);


--
-- Name: kronika_proces kronika_proces_pkey; Type: CONSTRAINT; Schema: public; Owner: projectuser
--

ALTER TABLE ONLY public.kronika_proces
    ADD CONSTRAINT kronika_proces_pkey PRIMARY KEY (id);


--
-- Name: kronika_proces_zdarzenia kronika_proces_zdarzenia_pkey; Type: CONSTRAINT; Schema: public; Owner: projectuser
--

ALTER TABLE ONLY public.kronika_proces_zdarzenia
    ADD CONSTRAINT kronika_proces_zdarzenia_pkey PRIMARY KEY (id);


--
-- Name: kronika_proces_zdarzenia kronika_proces_zdarzenia_proces_id_zdarzenie_id_9a921693_uniq; Type: CONSTRAINT; Schema: public; Owner: projectuser
--

ALTER TABLE ONLY public.kronika_proces_zdarzenia
    ADD CONSTRAINT kronika_proces_zdarzenia_proces_id_zdarzenie_id_9a921693_uniq UNIQUE (proces_id, zdarzenie_id);


--
-- Name: kronika_typwydarzenia kronika_typwydarzenia_pkey; Type: CONSTRAINT; Schema: public; Owner: projectuser
--

ALTER TABLE ONLY public.kronika_typwydarzenia
    ADD CONSTRAINT kronika_typwydarzenia_pkey PRIMARY KEY (id);


--
-- Name: kronika_typwyjazdu kronika_typwyjazdu_pkey; Type: CONSTRAINT; Schema: public; Owner: projectuser
--

ALTER TABLE ONLY public.kronika_typwyjazdu
    ADD CONSTRAINT kronika_typwyjazdu_pkey PRIMARY KEY (id);


--
-- Name: kronika_wydarzenie_miejsca kronika_wydarzenie_miejs_wydarzenie_id_miejsce_id_cec71ed1_uniq; Type: CONSTRAINT; Schema: public; Owner: projectuser
--

ALTER TABLE ONLY public.kronika_wydarzenie_miejsca
    ADD CONSTRAINT kronika_wydarzenie_miejs_wydarzenie_id_miejsce_id_cec71ed1_uniq UNIQUE (wydarzenie_id, miejsce_id);


--
-- Name: kronika_wydarzenie_miejsca kronika_wydarzenie_miejsca_pkey; Type: CONSTRAINT; Schema: public; Owner: projectuser
--

ALTER TABLE ONLY public.kronika_wydarzenie_miejsca
    ADD CONSTRAINT kronika_wydarzenie_miejsca_pkey PRIMARY KEY (id);


--
-- Name: kronika_wydarzenie kronika_wydarzenie_pkey; Type: CONSTRAINT; Schema: public; Owner: projectuser
--

ALTER TABLE ONLY public.kronika_wydarzenie
    ADD CONSTRAINT kronika_wydarzenie_pkey PRIMARY KEY (id);


--
-- Name: kronika_wydarzenie_uczestnicy kronika_wydarzenie_uczes_wydarzenie_id_osoba_id_09898ddc_uniq; Type: CONSTRAINT; Schema: public; Owner: projectuser
--

ALTER TABLE ONLY public.kronika_wydarzenie_uczestnicy
    ADD CONSTRAINT kronika_wydarzenie_uczes_wydarzenie_id_osoba_id_09898ddc_uniq UNIQUE (wydarzenie_id, osoba_id);


--
-- Name: kronika_wydarzenie_uczestnicy kronika_wydarzenie_uczestnicy_pkey; Type: CONSTRAINT; Schema: public; Owner: projectuser
--

ALTER TABLE ONLY public.kronika_wydarzenie_uczestnicy
    ADD CONSTRAINT kronika_wydarzenie_uczestnicy_pkey PRIMARY KEY (id);


--
-- Name: kronika_wyjazd_obrazy kronika_wyjazd_obrazy_pkey; Type: CONSTRAINT; Schema: public; Owner: projectuser
--

ALTER TABLE ONLY public.kronika_wyjazd_obrazy
    ADD CONSTRAINT kronika_wyjazd_obrazy_pkey PRIMARY KEY (id);


--
-- Name: kronika_wyjazd_obrazy kronika_wyjazd_obrazy_wyjazd_id_obrazwyjazd_id_cb207b7d_uniq; Type: CONSTRAINT; Schema: public; Owner: projectuser
--

ALTER TABLE ONLY public.kronika_wyjazd_obrazy
    ADD CONSTRAINT kronika_wyjazd_obrazy_wyjazd_id_obrazwyjazd_id_cb207b7d_uniq UNIQUE (wyjazd_id, obrazwyjazd_id);


--
-- Name: kronika_zdarzenie kronika_zdarzenie_pkey; Type: CONSTRAINT; Schema: public; Owner: projectuser
--

ALTER TABLE ONLY public.kronika_zdarzenie
    ADD CONSTRAINT kronika_zdarzenie_pkey PRIMARY KEY (id);


--
-- Name: kronika_zdarzenie_powiazane_osoby kronika_zdarzenie_powiaz_zdarzenie_id_osoba_id_2ac268f3_uniq; Type: CONSTRAINT; Schema: public; Owner: projectuser
--

ALTER TABLE ONLY public.kronika_zdarzenie_powiazane_osoby
    ADD CONSTRAINT kronika_zdarzenie_powiaz_zdarzenie_id_osoba_id_2ac268f3_uniq UNIQUE (zdarzenie_id, osoba_id);


--
-- Name: kronika_zdarzenie_powiazane_osoby kronika_zdarzenie_powiazane_osoby_pkey; Type: CONSTRAINT; Schema: public; Owner: projectuser
--

ALTER TABLE ONLY public.kronika_zdarzenie_powiazane_osoby
    ADD CONSTRAINT kronika_zdarzenie_powiazane_osoby_pkey PRIMARY KEY (id);


--
-- Name: miejsca_kraj miejsca_kraj_pkey; Type: CONSTRAINT; Schema: public; Owner: projectuser
--

ALTER TABLE ONLY public.miejsca_kraj
    ADD CONSTRAINT miejsca_kraj_pkey PRIMARY KEY (id);


--
-- Name: miejsca_miejsce miejsca_miejsce_pkey; Type: CONSTRAINT; Schema: public; Owner: projectuser
--

ALTER TABLE ONLY public.miejsca_miejsce
    ADD CONSTRAINT miejsca_miejsce_pkey PRIMARY KEY (id);


--
-- Name: miejsca_typmiejsca miejsca_typmiejsca_pkey; Type: CONSTRAINT; Schema: public; Owner: projectuser
--

ALTER TABLE ONLY public.miejsca_typmiejsca
    ADD CONSTRAINT miejsca_typmiejsca_pkey PRIMARY KEY (id);


--
-- Name: miejsca_uczelnia miejsca_uczelnia_pkey; Type: CONSTRAINT; Schema: public; Owner: projectuser
--

ALTER TABLE ONLY public.miejsca_uczelnia
    ADD CONSTRAINT miejsca_uczelnia_pkey PRIMARY KEY (id);


--
-- Name: miejsca_wydzial miejsca_wydzial_pkey; Type: CONSTRAINT; Schema: public; Owner: projectuser
--

ALTER TABLE ONLY public.miejsca_wydzial
    ADD CONSTRAINT miejsca_wydzial_pkey PRIMARY KEY (id);


--
-- Name: osoby_bean osoby_bean_pkey1; Type: CONSTRAINT; Schema: public; Owner: projectuser
--

ALTER TABLE ONLY public.osoby_bean
    ADD CONSTRAINT osoby_bean_pkey1 PRIMARY KEY (osoba_ptr_id);


--
-- Name: osoby_czlonek osoby_czlonek_pkey1; Type: CONSTRAINT; Schema: public; Owner: projectuser
--

ALTER TABLE ONLY public.osoby_czlonek
    ADD CONSTRAINT osoby_czlonek_pkey1 PRIMARY KEY (osoba_ptr_id);


--
-- Name: osoby_dawnyzarzad osoby_dawnyzarzad_pkey; Type: CONSTRAINT; Schema: public; Owner: projectuser
--

ALTER TABLE ONLY public.osoby_dawnyzarzad
    ADD CONSTRAINT osoby_dawnyzarzad_pkey PRIMARY KEY (id);


--
-- Name: osoby_halloffame osoby_halloffame_pkey; Type: CONSTRAINT; Schema: public; Owner: projectuser
--

ALTER TABLE ONLY public.osoby_halloffame
    ADD CONSTRAINT osoby_halloffame_pkey PRIMARY KEY (id);


--
-- Name: osoby_imieszlacheckie osoby_imieszlacheckie_pkey; Type: CONSTRAINT; Schema: public; Owner: projectuser
--

ALTER TABLE ONLY public.osoby_imieszlacheckie
    ADD CONSTRAINT osoby_imieszlacheckie_pkey PRIMARY KEY (id);


--
-- Name: osoby_innaosoba osoby_innaosoba_pkey1; Type: CONSTRAINT; Schema: public; Owner: projectuser
--

ALTER TABLE ONLY public.osoby_innaosoba
    ADD CONSTRAINT osoby_innaosoba_pkey1 PRIMARY KEY (osoba_ptr_id);


--
-- Name: osoby_osoba osoby_osoba_pkey; Type: CONSTRAINT; Schema: public; Owner: projectuser
--

ALTER TABLE ONLY public.osoby_osoba
    ADD CONSTRAINT osoby_osoba_pkey PRIMARY KEY (id);


--
-- Name: osoby_wielkimistrz osoby_wielkimistrz_pkey; Type: CONSTRAINT; Schema: public; Owner: projectuser
--

ALTER TABLE ONLY public.osoby_wielkimistrz
    ADD CONSTRAINT osoby_wielkimistrz_pkey PRIMARY KEY (id);


--
-- Name: osoby_zarzad osoby_zarzad_pkey; Type: CONSTRAINT; Schema: public; Owner: projectuser
--

ALTER TABLE ONLY public.osoby_zarzad
    ADD CONSTRAINT osoby_zarzad_pkey PRIMARY KEY (id);


--
-- Name: osoby_zwierzeczapkowe osoby_zwierzeczapkowe_pkey; Type: CONSTRAINT; Schema: public; Owner: projectuser
--

ALTER TABLE ONLY public.osoby_zwierzeczapkowe
    ADD CONSTRAINT osoby_zwierzeczapkowe_pkey PRIMARY KEY (id);


--
-- Name: admin_interface_theme_name_30bda70f_like; Type: INDEX; Schema: public; Owner: projectuser
--

CREATE INDEX admin_interface_theme_name_30bda70f_like ON public.admin_interface_theme USING btree (name varchar_pattern_ops);


--
-- Name: auth_group_name_a6ea08ec_like; Type: INDEX; Schema: public; Owner: projectuser
--

CREATE INDEX auth_group_name_a6ea08ec_like ON public.auth_group USING btree (name varchar_pattern_ops);


--
-- Name: auth_group_permissions_group_id_b120cbf9; Type: INDEX; Schema: public; Owner: projectuser
--

CREATE INDEX auth_group_permissions_group_id_b120cbf9 ON public.auth_group_permissions USING btree (group_id);


--
-- Name: auth_group_permissions_permission_id_84c5c92e; Type: INDEX; Schema: public; Owner: projectuser
--

CREATE INDEX auth_group_permissions_permission_id_84c5c92e ON public.auth_group_permissions USING btree (permission_id);


--
-- Name: auth_permission_content_type_id_2f476e4b; Type: INDEX; Schema: public; Owner: projectuser
--

CREATE INDEX auth_permission_content_type_id_2f476e4b ON public.auth_permission USING btree (content_type_id);


--
-- Name: auth_user_groups_group_id_97559544; Type: INDEX; Schema: public; Owner: projectuser
--

CREATE INDEX auth_user_groups_group_id_97559544 ON public.auth_user_groups USING btree (group_id);


--
-- Name: auth_user_groups_user_id_6a12ed8b; Type: INDEX; Schema: public; Owner: projectuser
--

CREATE INDEX auth_user_groups_user_id_6a12ed8b ON public.auth_user_groups USING btree (user_id);


--
-- Name: auth_user_user_permissions_permission_id_1fbb5f2c; Type: INDEX; Schema: public; Owner: projectuser
--

CREATE INDEX auth_user_user_permissions_permission_id_1fbb5f2c ON public.auth_user_user_permissions USING btree (permission_id);


--
-- Name: auth_user_user_permissions_user_id_a95ead1b; Type: INDEX; Schema: public; Owner: projectuser
--

CREATE INDEX auth_user_user_permissions_user_id_a95ead1b ON public.auth_user_user_permissions USING btree (user_id);


--
-- Name: auth_user_username_6821ab7c_like; Type: INDEX; Schema: public; Owner: projectuser
--

CREATE INDEX auth_user_username_6821ab7c_like ON public.auth_user USING btree (username varchar_pattern_ops);


--
-- Name: czapki_czapka_wydzial_id_1fecac96; Type: INDEX; Schema: public; Owner: projectuser
--

CREATE INDEX czapki_czapka_wydzial_id_1fecac96 ON public.czapki_czapka USING btree (wydzial_id);


--
-- Name: czapki_rodzajczapki_kraje_kraj_id_2bfda636; Type: INDEX; Schema: public; Owner: projectuser
--

CREATE INDEX czapki_rodzajczapki_kraje_kraj_id_2bfda636 ON public.czapki_rodzajczapki_kraje USING btree (kraj_id);


--
-- Name: czapki_rodzajczapki_kraje_rodzajczapki_id_ceb62ce8; Type: INDEX; Schema: public; Owner: projectuser
--

CREATE INDEX czapki_rodzajczapki_kraje_rodzajczapki_id_ceb62ce8 ON public.czapki_rodzajczapki_kraje USING btree (rodzajczapki_id);


--
-- Name: czlonkowie_dawnyzarzad_bibendi_id_1f4e72cd; Type: INDEX; Schema: public; Owner: projectuser
--

CREATE INDEX czlonkowie_dawnyzarzad_bibendi_id_1f4e72cd ON public.osoby_dawnyzarzad USING btree (bibendi_id);


--
-- Name: czlonkowie_dawnyzarzad_cantandi_id_57a7d0e2; Type: INDEX; Schema: public; Owner: projectuser
--

CREATE INDEX czlonkowie_dawnyzarzad_cantandi_id_57a7d0e2 ON public.osoby_dawnyzarzad USING btree (cantandi_id);


--
-- Name: czlonkowie_dawnyzarzad_kadencja_id_50e5a39b; Type: INDEX; Schema: public; Owner: projectuser
--

CREATE INDEX czlonkowie_dawnyzarzad_kadencja_id_50e5a39b ON public.osoby_dawnyzarzad USING btree (kadencja_id);


--
-- Name: czlonkowie_dawnyzarzad_kasztelan_id_a16b7c18; Type: INDEX; Schema: public; Owner: projectuser
--

CREATE INDEX czlonkowie_dawnyzarzad_kasztelan_id_a16b7c18 ON public.osoby_dawnyzarzad USING btree (kasztelan_id);


--
-- Name: czlonkowie_dawnyzarzad_kontakt_z_SKNHI_id_d0e8b195; Type: INDEX; Schema: public; Owner: projectuser
--

CREATE INDEX "czlonkowie_dawnyzarzad_kontakt_z_SKNHI_id_d0e8b195" ON public.osoby_dawnyzarzad USING btree ("kontakt_z_SKNHI_id");


--
-- Name: czlonkowie_dawnyzarzad_kontakt_z_SSUJ_id_1a5b337c; Type: INDEX; Schema: public; Owner: projectuser
--

CREATE INDEX "czlonkowie_dawnyzarzad_kontakt_z_SSUJ_id_1a5b337c" ON public.osoby_dawnyzarzad USING btree ("kontakt_z_SSUJ_id");


--
-- Name: czlonkowie_dawnyzarzad_magister_disciplinae_id_85a3b66c; Type: INDEX; Schema: public; Owner: projectuser
--

CREATE INDEX czlonkowie_dawnyzarzad_magister_disciplinae_id_85a3b66c ON public.osoby_dawnyzarzad USING btree (magister_disciplinae_id);


--
-- Name: czlonkowie_dawnyzarzad_skarbnik_id_221ba366; Type: INDEX; Schema: public; Owner: projectuser
--

CREATE INDEX czlonkowie_dawnyzarzad_skarbnik_id_221ba366 ON public.osoby_dawnyzarzad USING btree (skarbnik_id);


--
-- Name: czlonkowie_dawnyzarzad_wielki_mistrz_id_b12f32a7; Type: INDEX; Schema: public; Owner: projectuser
--

CREATE INDEX czlonkowie_dawnyzarzad_wielki_mistrz_id_b12f32a7 ON public.osoby_dawnyzarzad USING btree (wielki_mistrz_id);


--
-- Name: czlonkowie_halloffame_bean_id_40be3fd4; Type: INDEX; Schema: public; Owner: projectuser
--

CREATE INDEX czlonkowie_halloffame_bean_id_40be3fd4 ON public.osoby_halloffame USING btree (bean_id);


--
-- Name: czlonkowie_halloffame_czlonek_id_371cd174; Type: INDEX; Schema: public; Owner: projectuser
--

CREATE INDEX czlonkowie_halloffame_czlonek_id_371cd174 ON public.osoby_halloffame USING btree (czlonek_id);


--
-- Name: czlonkowie_imieszlacheckie_imie_id_f1ec203c; Type: INDEX; Schema: public; Owner: projectuser
--

CREATE INDEX czlonkowie_imieszlacheckie_imie_id_f1ec203c ON public.osoby_imieszlacheckie USING btree (imie_id);


--
-- Name: czlonkowie_wielkimistrz_imie_id_cb788e60; Type: INDEX; Schema: public; Owner: projectuser
--

CREATE INDEX czlonkowie_wielkimistrz_imie_id_cb788e60 ON public.osoby_wielkimistrz USING btree (imie_id);


--
-- Name: czlonkowie_wielkimistrz_tadeusz_numeric_26d51b94; Type: INDEX; Schema: public; Owner: projectuser
--

CREATE INDEX czlonkowie_wielkimistrz_tadeusz_numeric_26d51b94 ON public.osoby_wielkimistrz USING btree (tadeusz_numeric);


--
-- Name: czlonkowie_zarzad_cantandi_id_4545a2f1; Type: INDEX; Schema: public; Owner: projectuser
--

CREATE INDEX czlonkowie_zarzad_cantandi_id_4545a2f1 ON public.osoby_zarzad USING btree (cantandi_id);


--
-- Name: czlonkowie_zarzad_kadencja_id_2b8b7a12; Type: INDEX; Schema: public; Owner: projectuser
--

CREATE INDEX czlonkowie_zarzad_kadencja_id_2b8b7a12 ON public.osoby_zarzad USING btree (kadencja_id);


--
-- Name: czlonkowie_zarzad_kasztelan_id_68849661; Type: INDEX; Schema: public; Owner: projectuser
--

CREATE INDEX czlonkowie_zarzad_kasztelan_id_68849661 ON public.osoby_zarzad USING btree (kasztelan_id);


--
-- Name: czlonkowie_zarzad_sekretarz_id_32a244f4; Type: INDEX; Schema: public; Owner: projectuser
--

CREATE INDEX czlonkowie_zarzad_sekretarz_id_32a244f4 ON public.osoby_zarzad USING btree (sekretarz_id);


--
-- Name: czlonkowie_zarzad_skarbnik_id_b88aad3b; Type: INDEX; Schema: public; Owner: projectuser
--

CREATE INDEX czlonkowie_zarzad_skarbnik_id_b88aad3b ON public.osoby_zarzad USING btree (skarbnik_id);


--
-- Name: czlonkowie_zarzad_wielki_mistrz_id_a625d7a4; Type: INDEX; Schema: public; Owner: projectuser
--

CREATE INDEX czlonkowie_zarzad_wielki_mistrz_id_a625d7a4 ON public.osoby_zarzad USING btree (wielki_mistrz_id);


--
-- Name: django_admin_log_content_type_id_c4bce8eb; Type: INDEX; Schema: public; Owner: projectuser
--

CREATE INDEX django_admin_log_content_type_id_c4bce8eb ON public.django_admin_log USING btree (content_type_id);


--
-- Name: django_admin_log_user_id_c564eba6; Type: INDEX; Schema: public; Owner: projectuser
--

CREATE INDEX django_admin_log_user_id_c564eba6 ON public.django_admin_log USING btree (user_id);


--
-- Name: django_session_expire_date_a5c62663; Type: INDEX; Schema: public; Owner: projectuser
--

CREATE INDEX django_session_expire_date_a5c62663 ON public.django_session USING btree (expire_date);


--
-- Name: django_session_session_key_c0390e0f_like; Type: INDEX; Schema: public; Owner: projectuser
--

CREATE INDEX django_session_session_key_c0390e0f_like ON public.django_session USING btree (session_key varchar_pattern_ops);


--
-- Name: encyklopedia_bractwo_grupa_bractw_id_e2bd8c78; Type: INDEX; Schema: public; Owner: projectuser
--

CREATE INDEX encyklopedia_bractwo_grupa_bractw_id_e2bd8c78 ON public.encyklopedia_bractwo USING btree (grupa_bractw_id);


--
-- Name: encyklopedia_bractwo_panstwo_id_e11894fb; Type: INDEX; Schema: public; Owner: projectuser
--

CREATE INDEX encyklopedia_bractwo_panstwo_id_e11894fb ON public.encyklopedia_bractwo USING btree (panstwo_id);


--
-- Name: encyklopedia_bractwo_zalozyciele_bractwo_id_fa3e8369; Type: INDEX; Schema: public; Owner: projectuser
--

CREATE INDEX encyklopedia_bractwo_zalozyciele_bractwo_id_fa3e8369 ON public.encyklopedia_bractwo_zalozyciele USING btree (bractwo_id);


--
-- Name: encyklopedia_bractwo_zalozyciele_osoba_id_4b86538e; Type: INDEX; Schema: public; Owner: projectuser
--

CREATE INDEX encyklopedia_bractwo_zalozyciele_osoba_id_4b86538e ON public.encyklopedia_bractwo_zalozyciele USING btree (osoba_id);


--
-- Name: encyklopedia_grupabractw_kraje_grupabractw_id_8be06b61; Type: INDEX; Schema: public; Owner: projectuser
--

CREATE INDEX encyklopedia_grupabractw_kraje_grupabractw_id_8be06b61 ON public.encyklopedia_grupabractw_kraje USING btree (grupabractw_id);


--
-- Name: encyklopedia_grupabractw_kraje_kraj_id_d74f8e16; Type: INDEX; Schema: public; Owner: projectuser
--

CREATE INDEX encyklopedia_grupabractw_kraje_kraj_id_d74f8e16 ON public.encyklopedia_grupabractw_kraje USING btree (kraj_id);


--
-- Name: encyklopedia_grupabractw_rodzaj_czapki_id_80dec4a3; Type: INDEX; Schema: public; Owner: projectuser
--

CREATE INDEX encyklopedia_grupabractw_rodzaj_czapki_id_80dec4a3 ON public.encyklopedia_grupabractw USING btree (rodzaj_czapki_id);


--
-- Name: encyklopedia_pojecie_autor_id_a1fc1888; Type: INDEX; Schema: public; Owner: projectuser
--

CREATE INDEX encyklopedia_pojecie_autor_id_a1fc1888 ON public.encyklopedia_pojecie USING btree (autor_id);


--
-- Name: encyklopedia_pojecie_wydarzenie_id_373336c0; Type: INDEX; Schema: public; Owner: projectuser
--

CREATE INDEX encyklopedia_pojecie_wydarzenie_id_373336c0 ON public.encyklopedia_pojecie USING btree (wydarzenie_id);


--
-- Name: encyklopedia_powiedzenie_adresaci_osoba_id_df7a53b5; Type: INDEX; Schema: public; Owner: projectuser
--

CREATE INDEX encyklopedia_powiedzenie_adresaci_osoba_id_df7a53b5 ON public.encyklopedia_powiedzenie_adresaci USING btree (osoba_id);


--
-- Name: encyklopedia_powiedzenie_adresaci_powiedzenie_id_1ea24e99; Type: INDEX; Schema: public; Owner: projectuser
--

CREATE INDEX encyklopedia_powiedzenie_adresaci_powiedzenie_id_1ea24e99 ON public.encyklopedia_powiedzenie_adresaci USING btree (powiedzenie_id);


--
-- Name: encyklopedia_powiedzenie_autor_id_40724a6d; Type: INDEX; Schema: public; Owner: projectuser
--

CREATE INDEX encyklopedia_powiedzenie_autor_id_40724a6d ON public.encyklopedia_powiedzenie USING btree (autor_id);


--
-- Name: encyklopedia_tradycjabcs_autor_czlonek_id_0e30264e; Type: INDEX; Schema: public; Owner: projectuser
--

CREATE INDEX encyklopedia_tradycjabcs_autor_czlonek_id_0e30264e ON public.encyklopedia_tradycjabcs USING btree (autor_czlonek_id);


--
-- Name: encyklopedia_tradycjabcs_autor_id_b9b49d89; Type: INDEX; Schema: public; Owner: projectuser
--

CREATE INDEX encyklopedia_tradycjabcs_autor_id_b9b49d89 ON public.encyklopedia_tradycjabcs USING btree (autor_id);


--
-- Name: encyklopedia_tradycjabcs_od_kogo_id_849d116e; Type: INDEX; Schema: public; Owner: projectuser
--

CREATE INDEX encyklopedia_tradycjabcs_od_kogo_id_849d116e ON public.encyklopedia_tradycjabcs USING btree (od_kogo_id);


--
-- Name: encyklopedia_tradycjabcs_wydarzenie_id_121d8343; Type: INDEX; Schema: public; Owner: projectuser
--

CREATE INDEX encyklopedia_tradycjabcs_wydarzenie_id_121d8343 ON public.encyklopedia_tradycjabcs USING btree (wydarzenie_id);


--
-- Name: encyklopedia_tradycjainnegobractwa_bractwo_id_382a6617; Type: INDEX; Schema: public; Owner: projectuser
--

CREATE INDEX encyklopedia_tradycjainnegobractwa_bractwo_id_382a6617 ON public.encyklopedia_tradycjainnegobractwa USING btree (bractwo_id);


--
-- Name: encyklopedia_tradycjainnegobractwa_od_kogo_id_36441a91; Type: INDEX; Schema: public; Owner: projectuser
--

CREATE INDEX encyklopedia_tradycjainnegobractwa_od_kogo_id_36441a91 ON public.encyklopedia_tradycjainnegobractwa USING btree (od_kogo_id);


--
-- Name: encyklopedia_zrodlo_autorzy_osoba_id_52f6cc02; Type: INDEX; Schema: public; Owner: projectuser
--

CREATE INDEX encyklopedia_zrodlo_autorzy_osoba_id_52f6cc02 ON public.encyklopedia_zrodlo_autorzy USING btree (osoba_id);


--
-- Name: encyklopedia_zrodlo_autorzy_zrodlo_id_e223b9bc; Type: INDEX; Schema: public; Owner: projectuser
--

CREATE INDEX encyklopedia_zrodlo_autorzy_zrodlo_id_e223b9bc ON public.encyklopedia_zrodlo_autorzy USING btree (zrodlo_id);


--
-- Name: encyklopedia_zwyczaj_autor_id_204c103c; Type: INDEX; Schema: public; Owner: projectuser
--

CREATE INDEX encyklopedia_zwyczaj_autor_id_204c103c ON public.encyklopedia_zwyczaj USING btree (autor_id);


--
-- Name: kronika_charakterystykadzialanzarzadu_autor_id_82571297; Type: INDEX; Schema: public; Owner: projectuser
--

CREATE INDEX kronika_charakterystykadzialanzarzadu_autor_id_82571297 ON public.kronika_charakterystykadzialanzarzadu USING btree (autor_id);


--
-- Name: kronika_charakterystykadzialanzarzadu_dawny_zarzad_id_fad40bc7; Type: INDEX; Schema: public; Owner: projectuser
--

CREATE INDEX kronika_charakterystykadzialanzarzadu_dawny_zarzad_id_fad40bc7 ON public.kronika_charakterystykadzialanzarzadu USING btree (dawny_zarzad_id);


--
-- Name: kronika_charakterystykadzialanzarzadu_zarzad_id_2a4e46b5; Type: INDEX; Schema: public; Owner: projectuser
--

CREATE INDEX kronika_charakterystykadzialanzarzadu_zarzad_id_2a4e46b5 ON public.kronika_charakterystykadzialanzarzadu USING btree (zarzad_id);


--
-- Name: kronika_obrazwydarzenie_wi_obrazwydarzenie_id_f21627bd; Type: INDEX; Schema: public; Owner: projectuser
--

CREATE INDEX kronika_obrazwydarzenie_wi_obrazwydarzenie_id_f21627bd ON public.kronika_obrazwydarzenie_widoczne_osoby USING btree (obrazwydarzenie_id);


--
-- Name: kronika_obrazwydarzenie_widoczne_osoby_osoba_id_43166c8e; Type: INDEX; Schema: public; Owner: projectuser
--

CREATE INDEX kronika_obrazwydarzenie_widoczne_osoby_osoba_id_43166c8e ON public.kronika_obrazwydarzenie_widoczne_osoby USING btree (osoba_id);


--
-- Name: kronika_obrazwydarzenie_wydarzenie_id_6f339e22; Type: INDEX; Schema: public; Owner: projectuser
--

CREATE INDEX kronika_obrazwydarzenie_wydarzenie_id_6f339e22 ON public.kronika_obrazwydarzenie USING btree (wydarzenie_id);


--
-- Name: kronika_obrazzdarzenie_miejsce_id_1318bf6f; Type: INDEX; Schema: public; Owner: projectuser
--

CREATE INDEX kronika_obrazzdarzenie_miejsce_id_1318bf6f ON public.kronika_obrazzdarzenie USING btree (miejsce_id);


--
-- Name: kronika_obrazzdarzenie_wid_obrazzdarzenie_id_c310fe10; Type: INDEX; Schema: public; Owner: projectuser
--

CREATE INDEX kronika_obrazzdarzenie_wid_obrazzdarzenie_id_c310fe10 ON public.kronika_obrazzdarzenie_widoczne_osoby USING btree (obrazzdarzenie_id);


--
-- Name: kronika_obrazzdarzenie_widoczne_osoby_osoba_id_dd380982; Type: INDEX; Schema: public; Owner: projectuser
--

CREATE INDEX kronika_obrazzdarzenie_widoczne_osoby_osoba_id_dd380982 ON public.kronika_obrazzdarzenie_widoczne_osoby USING btree (osoba_id);


--
-- Name: kronika_obrazzdarzenie_zdarzenie_id_55228435; Type: INDEX; Schema: public; Owner: projectuser
--

CREATE INDEX kronika_obrazzdarzenie_zdarzenie_id_55228435 ON public.kronika_obrazzdarzenie USING btree (zdarzenie_id);


--
-- Name: kronika_proces_zdarzenia_proces_id_56d6a828; Type: INDEX; Schema: public; Owner: projectuser
--

CREATE INDEX kronika_proces_zdarzenia_proces_id_56d6a828 ON public.kronika_proces_zdarzenia USING btree (proces_id);


--
-- Name: kronika_proces_zdarzenia_zdarzenie_id_19a746bf; Type: INDEX; Schema: public; Owner: projectuser
--

CREATE INDEX kronika_proces_zdarzenia_zdarzenie_id_19a746bf ON public.kronika_proces_zdarzenia USING btree (zdarzenie_id);


--
-- Name: kronika_wydarzenie_miejsca_miejsce_id_52d8d4fa; Type: INDEX; Schema: public; Owner: projectuser
--

CREATE INDEX kronika_wydarzenie_miejsca_miejsce_id_52d8d4fa ON public.kronika_wydarzenie_miejsca USING btree (miejsce_id);


--
-- Name: kronika_wydarzenie_miejsca_wydarzenie_id_dcee8c3d; Type: INDEX; Schema: public; Owner: projectuser
--

CREATE INDEX kronika_wydarzenie_miejsca_wydarzenie_id_dcee8c3d ON public.kronika_wydarzenie_miejsca USING btree (wydarzenie_id);


--
-- Name: kronika_wydarzenie_typ_wydarzenia_id_c47b1796; Type: INDEX; Schema: public; Owner: projectuser
--

CREATE INDEX kronika_wydarzenie_typ_wydarzenia_id_c47b1796 ON public.kronika_wydarzenie USING btree (typ_wydarzenia_id);


--
-- Name: kronika_wydarzenie_typ_wyjazdu_id_7df495bc; Type: INDEX; Schema: public; Owner: projectuser
--

CREATE INDEX kronika_wydarzenie_typ_wyjazdu_id_7df495bc ON public.kronika_wydarzenie USING btree (typ_wyjazdu_id);


--
-- Name: kronika_wydarzenie_uczestnicy_osoba_id_d531e5e6; Type: INDEX; Schema: public; Owner: projectuser
--

CREATE INDEX kronika_wydarzenie_uczestnicy_osoba_id_d531e5e6 ON public.kronika_wydarzenie_uczestnicy USING btree (osoba_id);


--
-- Name: kronika_wydarzenie_uczestnicy_wydarzenie_id_68a3afe5; Type: INDEX; Schema: public; Owner: projectuser
--

CREATE INDEX kronika_wydarzenie_uczestnicy_wydarzenie_id_68a3afe5 ON public.kronika_wydarzenie_uczestnicy USING btree (wydarzenie_id);


--
-- Name: kronika_wyjazd_obrazy_obrazwyjazd_id_3d545cbf; Type: INDEX; Schema: public; Owner: projectuser
--

CREATE INDEX kronika_wyjazd_obrazy_obrazwyjazd_id_3d545cbf ON public.kronika_wyjazd_obrazy USING btree (obrazwyjazd_id);


--
-- Name: kronika_wyjazd_obrazy_wyjazd_id_d9c4bfe3; Type: INDEX; Schema: public; Owner: projectuser
--

CREATE INDEX kronika_wyjazd_obrazy_wyjazd_id_d9c4bfe3 ON public.kronika_wyjazd_obrazy USING btree (wyjazd_id);


--
-- Name: kronika_zdarzenie_miejsce_id_e084df83; Type: INDEX; Schema: public; Owner: projectuser
--

CREATE INDEX kronika_zdarzenie_miejsce_id_e084df83 ON public.kronika_zdarzenie USING btree (miejsce_id);


--
-- Name: kronika_zdarzenie_powiazane_osoby_osoba_id_a5fa5089; Type: INDEX; Schema: public; Owner: projectuser
--

CREATE INDEX kronika_zdarzenie_powiazane_osoby_osoba_id_a5fa5089 ON public.kronika_zdarzenie_powiazane_osoby USING btree (osoba_id);


--
-- Name: kronika_zdarzenie_powiazane_osoby_zdarzenie_id_4d4246fa; Type: INDEX; Schema: public; Owner: projectuser
--

CREATE INDEX kronika_zdarzenie_powiazane_osoby_zdarzenie_id_4d4246fa ON public.kronika_zdarzenie_powiazane_osoby USING btree (zdarzenie_id);


--
-- Name: kronika_zdarzenie_wydarzenie_id_937a4544; Type: INDEX; Schema: public; Owner: projectuser
--

CREATE INDEX kronika_zdarzenie_wydarzenie_id_937a4544 ON public.kronika_zdarzenie USING btree (wydarzenie_id);


--
-- Name: miejsca_miejsce_typ_id_56d7ddf7; Type: INDEX; Schema: public; Owner: projectuser
--

CREATE INDEX miejsca_miejsce_typ_id_56d7ddf7 ON public.miejsca_miejsce USING btree (typ_id);


--
-- Name: miejsca_uczelnia_kraj_id_95e985c4; Type: INDEX; Schema: public; Owner: projectuser
--

CREATE INDEX miejsca_uczelnia_kraj_id_95e985c4 ON public.miejsca_uczelnia USING btree (kraj_id);


--
-- Name: miejsca_wydzial_uczelnia_id_128db1fa; Type: INDEX; Schema: public; Owner: projectuser
--

CREATE INDEX miejsca_wydzial_uczelnia_id_128db1fa ON public.miejsca_wydzial USING btree (uczelnia_id);


--
-- Name: auth_group_permissions auth_group_permissio_permission_id_84c5c92e_fk_auth_perm; Type: FK CONSTRAINT; Schema: public; Owner: projectuser
--

ALTER TABLE ONLY public.auth_group_permissions
    ADD CONSTRAINT auth_group_permissio_permission_id_84c5c92e_fk_auth_perm FOREIGN KEY (permission_id) REFERENCES public.auth_permission(id) DEFERRABLE INITIALLY DEFERRED;


--
-- Name: auth_group_permissions auth_group_permissions_group_id_b120cbf9_fk_auth_group_id; Type: FK CONSTRAINT; Schema: public; Owner: projectuser
--

ALTER TABLE ONLY public.auth_group_permissions
    ADD CONSTRAINT auth_group_permissions_group_id_b120cbf9_fk_auth_group_id FOREIGN KEY (group_id) REFERENCES public.auth_group(id) DEFERRABLE INITIALLY DEFERRED;


--
-- Name: auth_permission auth_permission_content_type_id_2f476e4b_fk_django_co; Type: FK CONSTRAINT; Schema: public; Owner: projectuser
--

ALTER TABLE ONLY public.auth_permission
    ADD CONSTRAINT auth_permission_content_type_id_2f476e4b_fk_django_co FOREIGN KEY (content_type_id) REFERENCES public.django_content_type(id) DEFERRABLE INITIALLY DEFERRED;


--
-- Name: auth_user_groups auth_user_groups_group_id_97559544_fk_auth_group_id; Type: FK CONSTRAINT; Schema: public; Owner: projectuser
--

ALTER TABLE ONLY public.auth_user_groups
    ADD CONSTRAINT auth_user_groups_group_id_97559544_fk_auth_group_id FOREIGN KEY (group_id) REFERENCES public.auth_group(id) DEFERRABLE INITIALLY DEFERRED;


--
-- Name: auth_user_groups auth_user_groups_user_id_6a12ed8b_fk_auth_user_id; Type: FK CONSTRAINT; Schema: public; Owner: projectuser
--

ALTER TABLE ONLY public.auth_user_groups
    ADD CONSTRAINT auth_user_groups_user_id_6a12ed8b_fk_auth_user_id FOREIGN KEY (user_id) REFERENCES public.auth_user(id) DEFERRABLE INITIALLY DEFERRED;


--
-- Name: auth_user_user_permissions auth_user_user_permi_permission_id_1fbb5f2c_fk_auth_perm; Type: FK CONSTRAINT; Schema: public; Owner: projectuser
--

ALTER TABLE ONLY public.auth_user_user_permissions
    ADD CONSTRAINT auth_user_user_permi_permission_id_1fbb5f2c_fk_auth_perm FOREIGN KEY (permission_id) REFERENCES public.auth_permission(id) DEFERRABLE INITIALLY DEFERRED;


--
-- Name: auth_user_user_permissions auth_user_user_permissions_user_id_a95ead1b_fk_auth_user_id; Type: FK CONSTRAINT; Schema: public; Owner: projectuser
--

ALTER TABLE ONLY public.auth_user_user_permissions
    ADD CONSTRAINT auth_user_user_permissions_user_id_a95ead1b_fk_auth_user_id FOREIGN KEY (user_id) REFERENCES public.auth_user(id) DEFERRABLE INITIALLY DEFERRED;


--
-- Name: czapki_czapka czapki_czapka_wydzial_id_1fecac96_fk_miejsca_wydzial_id; Type: FK CONSTRAINT; Schema: public; Owner: projectuser
--

ALTER TABLE ONLY public.czapki_czapka
    ADD CONSTRAINT czapki_czapka_wydzial_id_1fecac96_fk_miejsca_wydzial_id FOREIGN KEY (wydzial_id) REFERENCES public.miejsca_wydzial(id) DEFERRABLE INITIALLY DEFERRED;


--
-- Name: czapki_rodzajczapki_kraje czapki_rodzajczapki__rodzajczapki_id_ceb62ce8_fk_czapki_ro; Type: FK CONSTRAINT; Schema: public; Owner: projectuser
--

ALTER TABLE ONLY public.czapki_rodzajczapki_kraje
    ADD CONSTRAINT czapki_rodzajczapki__rodzajczapki_id_ceb62ce8_fk_czapki_ro FOREIGN KEY (rodzajczapki_id) REFERENCES public.czapki_rodzajczapki(id) DEFERRABLE INITIALLY DEFERRED;


--
-- Name: czapki_rodzajczapki_kraje czapki_rodzajczapki_kraje_kraj_id_2bfda636_fk_miejsca_kraj_id; Type: FK CONSTRAINT; Schema: public; Owner: projectuser
--

ALTER TABLE ONLY public.czapki_rodzajczapki_kraje
    ADD CONSTRAINT czapki_rodzajczapki_kraje_kraj_id_2bfda636_fk_miejsca_kraj_id FOREIGN KEY (kraj_id) REFERENCES public.miejsca_kraj(id) DEFERRABLE INITIALLY DEFERRED;


--
-- Name: django_admin_log django_admin_log_content_type_id_c4bce8eb_fk_django_co; Type: FK CONSTRAINT; Schema: public; Owner: projectuser
--

ALTER TABLE ONLY public.django_admin_log
    ADD CONSTRAINT django_admin_log_content_type_id_c4bce8eb_fk_django_co FOREIGN KEY (content_type_id) REFERENCES public.django_content_type(id) DEFERRABLE INITIALLY DEFERRED;


--
-- Name: django_admin_log django_admin_log_user_id_c564eba6_fk_auth_user_id; Type: FK CONSTRAINT; Schema: public; Owner: projectuser
--

ALTER TABLE ONLY public.django_admin_log
    ADD CONSTRAINT django_admin_log_user_id_c564eba6_fk_auth_user_id FOREIGN KEY (user_id) REFERENCES public.auth_user(id) DEFERRABLE INITIALLY DEFERRED;


--
-- Name: encyklopedia_bractwo_zalozyciele encyklopedia_bractwo_bractwo_id_fa3e8369_fk_encyklope; Type: FK CONSTRAINT; Schema: public; Owner: projectuser
--

ALTER TABLE ONLY public.encyklopedia_bractwo_zalozyciele
    ADD CONSTRAINT encyklopedia_bractwo_bractwo_id_fa3e8369_fk_encyklope FOREIGN KEY (bractwo_id) REFERENCES public.encyklopedia_bractwo(id) DEFERRABLE INITIALLY DEFERRED;


--
-- Name: encyklopedia_bractwo encyklopedia_bractwo_grupa_bractw_id_e2bd8c78_fk_encyklope; Type: FK CONSTRAINT; Schema: public; Owner: projectuser
--

ALTER TABLE ONLY public.encyklopedia_bractwo
    ADD CONSTRAINT encyklopedia_bractwo_grupa_bractw_id_e2bd8c78_fk_encyklope FOREIGN KEY (grupa_bractw_id) REFERENCES public.encyklopedia_grupabractw(id) DEFERRABLE INITIALLY DEFERRED;


--
-- Name: encyklopedia_bractwo encyklopedia_bractwo_panstwo_id_e11894fb_fk_miejsca_kraj_id; Type: FK CONSTRAINT; Schema: public; Owner: projectuser
--

ALTER TABLE ONLY public.encyklopedia_bractwo
    ADD CONSTRAINT encyklopedia_bractwo_panstwo_id_e11894fb_fk_miejsca_kraj_id FOREIGN KEY (panstwo_id) REFERENCES public.miejsca_kraj(id) DEFERRABLE INITIALLY DEFERRED;


--
-- Name: encyklopedia_grupabractw_kraje encyklopedia_grupabr_grupabractw_id_8be06b61_fk_encyklope; Type: FK CONSTRAINT; Schema: public; Owner: projectuser
--

ALTER TABLE ONLY public.encyklopedia_grupabractw_kraje
    ADD CONSTRAINT encyklopedia_grupabr_grupabractw_id_8be06b61_fk_encyklope FOREIGN KEY (grupabractw_id) REFERENCES public.encyklopedia_grupabractw(id) DEFERRABLE INITIALLY DEFERRED;


--
-- Name: encyklopedia_grupabractw_kraje encyklopedia_grupabr_kraj_id_d74f8e16_fk_miejsca_k; Type: FK CONSTRAINT; Schema: public; Owner: projectuser
--

ALTER TABLE ONLY public.encyklopedia_grupabractw_kraje
    ADD CONSTRAINT encyklopedia_grupabr_kraj_id_d74f8e16_fk_miejsca_k FOREIGN KEY (kraj_id) REFERENCES public.miejsca_kraj(id) DEFERRABLE INITIALLY DEFERRED;


--
-- Name: encyklopedia_grupabractw encyklopedia_grupabr_rodzaj_czapki_id_80dec4a3_fk_czapki_ro; Type: FK CONSTRAINT; Schema: public; Owner: projectuser
--

ALTER TABLE ONLY public.encyklopedia_grupabractw
    ADD CONSTRAINT encyklopedia_grupabr_rodzaj_czapki_id_80dec4a3_fk_czapki_ro FOREIGN KEY (rodzaj_czapki_id) REFERENCES public.czapki_rodzajczapki(id) DEFERRABLE INITIALLY DEFERRED;


--
-- Name: encyklopedia_pojecie encyklopedia_pojecie_autor_id_fk_osoby_osoba_id; Type: FK CONSTRAINT; Schema: public; Owner: projectuser
--

ALTER TABLE ONLY public.encyklopedia_pojecie
    ADD CONSTRAINT encyklopedia_pojecie_autor_id_fk_osoby_osoba_id FOREIGN KEY (autor_id) REFERENCES public.osoby_osoba(id) DEFERRABLE INITIALLY DEFERRED;


--
-- Name: encyklopedia_pojecie encyklopedia_pojecie_wydarzenie_id_373336c0_fk_kronika_w; Type: FK CONSTRAINT; Schema: public; Owner: projectuser
--

ALTER TABLE ONLY public.encyklopedia_pojecie
    ADD CONSTRAINT encyklopedia_pojecie_wydarzenie_id_373336c0_fk_kronika_w FOREIGN KEY (wydarzenie_id) REFERENCES public.kronika_wydarzenie(id) DEFERRABLE INITIALLY DEFERRED;


--
-- Name: encyklopedia_powiedzenie encyklopedia_powiedz_autor_id_fk_osoby; Type: FK CONSTRAINT; Schema: public; Owner: projectuser
--

ALTER TABLE ONLY public.encyklopedia_powiedzenie
    ADD CONSTRAINT encyklopedia_powiedz_autor_id_fk_osoby FOREIGN KEY (autor_id) REFERENCES public.osoby_osoba(id) DEFERRABLE INITIALLY DEFERRED;


--
-- Name: encyklopedia_powiedzenie_adresaci encyklopedia_powiedz_osoba_id_fk_osoby; Type: FK CONSTRAINT; Schema: public; Owner: projectuser
--

ALTER TABLE ONLY public.encyklopedia_powiedzenie_adresaci
    ADD CONSTRAINT encyklopedia_powiedz_osoba_id_fk_osoby FOREIGN KEY (osoba_id) REFERENCES public.osoby_osoba(id) DEFERRABLE INITIALLY DEFERRED;


--
-- Name: encyklopedia_powiedzenie_adresaci encyklopedia_powiedz_powiedzenie_id_1ea24e99_fk_encyklope; Type: FK CONSTRAINT; Schema: public; Owner: projectuser
--

ALTER TABLE ONLY public.encyklopedia_powiedzenie_adresaci
    ADD CONSTRAINT encyklopedia_powiedz_powiedzenie_id_1ea24e99_fk_encyklope FOREIGN KEY (powiedzenie_id) REFERENCES public.encyklopedia_powiedzenie(id) DEFERRABLE INITIALLY DEFERRED;


--
-- Name: encyklopedia_tradycjabcs encyklopedia_tradycj_autor_id_fk_osoby; Type: FK CONSTRAINT; Schema: public; Owner: projectuser
--

ALTER TABLE ONLY public.encyklopedia_tradycjabcs
    ADD CONSTRAINT encyklopedia_tradycj_autor_id_fk_osoby FOREIGN KEY (autor_id) REFERENCES public.osoby_osoba(id) DEFERRABLE INITIALLY DEFERRED;


--
-- Name: encyklopedia_tradycjainnegobractwa encyklopedia_tradycj_bractwo_id_382a6617_fk_encyklope; Type: FK CONSTRAINT; Schema: public; Owner: projectuser
--

ALTER TABLE ONLY public.encyklopedia_tradycjainnegobractwa
    ADD CONSTRAINT encyklopedia_tradycj_bractwo_id_382a6617_fk_encyklope FOREIGN KEY (bractwo_id) REFERENCES public.encyklopedia_bractwo(id) DEFERRABLE INITIALLY DEFERRED;


--
-- Name: encyklopedia_tradycjainnegobractwa encyklopedia_tradycj_od_kogo_id_36441a91_fk_encyklope; Type: FK CONSTRAINT; Schema: public; Owner: projectuser
--

ALTER TABLE ONLY public.encyklopedia_tradycjainnegobractwa
    ADD CONSTRAINT encyklopedia_tradycj_od_kogo_id_36441a91_fk_encyklope FOREIGN KEY (od_kogo_id) REFERENCES public.encyklopedia_grupabractw(id) DEFERRABLE INITIALLY DEFERRED;


--
-- Name: encyklopedia_tradycjabcs encyklopedia_tradycj_od_kogo_id_849d116e_fk_encyklope; Type: FK CONSTRAINT; Schema: public; Owner: projectuser
--

ALTER TABLE ONLY public.encyklopedia_tradycjabcs
    ADD CONSTRAINT encyklopedia_tradycj_od_kogo_id_849d116e_fk_encyklope FOREIGN KEY (od_kogo_id) REFERENCES public.encyklopedia_grupabractw(id) DEFERRABLE INITIALLY DEFERRED;


--
-- Name: encyklopedia_tradycjabcs encyklopedia_tradycj_wydarzenie_id_121d8343_fk_kronika_w; Type: FK CONSTRAINT; Schema: public; Owner: projectuser
--

ALTER TABLE ONLY public.encyklopedia_tradycjabcs
    ADD CONSTRAINT encyklopedia_tradycj_wydarzenie_id_121d8343_fk_kronika_w FOREIGN KEY (wydarzenie_id) REFERENCES public.kronika_wydarzenie(id) DEFERRABLE INITIALLY DEFERRED;


--
-- Name: encyklopedia_zrodlo_autorzy encyklopedia_zrodlo__osoba_id_fk_osoby; Type: FK CONSTRAINT; Schema: public; Owner: projectuser
--

ALTER TABLE ONLY public.encyklopedia_zrodlo_autorzy
    ADD CONSTRAINT encyklopedia_zrodlo__osoba_id_fk_osoby FOREIGN KEY (osoba_id) REFERENCES public.osoby_osoba(id) DEFERRABLE INITIALLY DEFERRED;


--
-- Name: encyklopedia_zrodlo_autorzy encyklopedia_zrodlo__zrodlo_id_e223b9bc_fk_encyklope; Type: FK CONSTRAINT; Schema: public; Owner: projectuser
--

ALTER TABLE ONLY public.encyklopedia_zrodlo_autorzy
    ADD CONSTRAINT encyklopedia_zrodlo__zrodlo_id_e223b9bc_fk_encyklope FOREIGN KEY (zrodlo_id) REFERENCES public.encyklopedia_zrodlo(id) DEFERRABLE INITIALLY DEFERRED;


--
-- Name: encyklopedia_zwyczaj encyklopedia_zwyczaj_autor_id_fk_osoby_osoba_id; Type: FK CONSTRAINT; Schema: public; Owner: projectuser
--

ALTER TABLE ONLY public.encyklopedia_zwyczaj
    ADD CONSTRAINT encyklopedia_zwyczaj_autor_id_fk_osoby_osoba_id FOREIGN KEY (autor_id) REFERENCES public.osoby_osoba(id) DEFERRABLE INITIALLY DEFERRED;


--
-- Name: kronika_charakterystykadzialanzarzadu kronika_charakteryst_autor_id_fk_osoby; Type: FK CONSTRAINT; Schema: public; Owner: projectuser
--

ALTER TABLE ONLY public.kronika_charakterystykadzialanzarzadu
    ADD CONSTRAINT kronika_charakteryst_autor_id_fk_osoby FOREIGN KEY (autor_id) REFERENCES public.osoby_czlonek(osoba_ptr_id) DEFERRABLE INITIALLY DEFERRED;


--
-- Name: kronika_charakterystykadzialanzarzadu kronika_charakteryst_dawny_zarzad_id_fk_osoby; Type: FK CONSTRAINT; Schema: public; Owner: projectuser
--

ALTER TABLE ONLY public.kronika_charakterystykadzialanzarzadu
    ADD CONSTRAINT kronika_charakteryst_dawny_zarzad_id_fk_osoby FOREIGN KEY (dawny_zarzad_id) REFERENCES public.osoby_dawnyzarzad(id) DEFERRABLE INITIALLY DEFERRED;


--
-- Name: kronika_charakterystykadzialanzarzadu kronika_charakteryst_zarzad_id_fk_osoby; Type: FK CONSTRAINT; Schema: public; Owner: projectuser
--

ALTER TABLE ONLY public.kronika_charakterystykadzialanzarzadu
    ADD CONSTRAINT kronika_charakteryst_zarzad_id_fk_osoby FOREIGN KEY (zarzad_id) REFERENCES public.osoby_zarzad(id) DEFERRABLE INITIALLY DEFERRED;


--
-- Name: kronika_obrazwydarzenie_widoczne_osoby kronika_obrazwydarze_obrazwydarzenie_id_f21627bd_fk_kronika_o; Type: FK CONSTRAINT; Schema: public; Owner: projectuser
--

ALTER TABLE ONLY public.kronika_obrazwydarzenie_widoczne_osoby
    ADD CONSTRAINT kronika_obrazwydarze_obrazwydarzenie_id_f21627bd_fk_kronika_o FOREIGN KEY (obrazwydarzenie_id) REFERENCES public.kronika_obrazwydarzenie(id) DEFERRABLE INITIALLY DEFERRED;


--
-- Name: kronika_obrazwydarzenie_widoczne_osoby kronika_obrazwydarze_osoba_id_fk_osoby; Type: FK CONSTRAINT; Schema: public; Owner: projectuser
--

ALTER TABLE ONLY public.kronika_obrazwydarzenie_widoczne_osoby
    ADD CONSTRAINT kronika_obrazwydarze_osoba_id_fk_osoby FOREIGN KEY (osoba_id) REFERENCES public.osoby_osoba(id) DEFERRABLE INITIALLY DEFERRED;


--
-- Name: kronika_obrazwydarzenie kronika_obrazwydarze_wydarzenie_id_6f339e22_fk_kronika_w; Type: FK CONSTRAINT; Schema: public; Owner: projectuser
--

ALTER TABLE ONLY public.kronika_obrazwydarzenie
    ADD CONSTRAINT kronika_obrazwydarze_wydarzenie_id_6f339e22_fk_kronika_w FOREIGN KEY (wydarzenie_id) REFERENCES public.kronika_wydarzenie(id) DEFERRABLE INITIALLY DEFERRED;


--
-- Name: kronika_obrazzdarzenie kronika_obrazzdarzen_miejsce_id_1318bf6f_fk_miejsca_m; Type: FK CONSTRAINT; Schema: public; Owner: projectuser
--

ALTER TABLE ONLY public.kronika_obrazzdarzenie
    ADD CONSTRAINT kronika_obrazzdarzen_miejsce_id_1318bf6f_fk_miejsca_m FOREIGN KEY (miejsce_id) REFERENCES public.miejsca_miejsce(id) DEFERRABLE INITIALLY DEFERRED;


--
-- Name: kronika_obrazzdarzenie_widoczne_osoby kronika_obrazzdarzen_obrazzdarzenie_id_c310fe10_fk_kronika_o; Type: FK CONSTRAINT; Schema: public; Owner: projectuser
--

ALTER TABLE ONLY public.kronika_obrazzdarzenie_widoczne_osoby
    ADD CONSTRAINT kronika_obrazzdarzen_obrazzdarzenie_id_c310fe10_fk_kronika_o FOREIGN KEY (obrazzdarzenie_id) REFERENCES public.kronika_obrazzdarzenie(id) DEFERRABLE INITIALLY DEFERRED;


--
-- Name: kronika_obrazzdarzenie_widoczne_osoby kronika_obrazzdarzen_osoba_id_fk_osoby; Type: FK CONSTRAINT; Schema: public; Owner: projectuser
--

ALTER TABLE ONLY public.kronika_obrazzdarzenie_widoczne_osoby
    ADD CONSTRAINT kronika_obrazzdarzen_osoba_id_fk_osoby FOREIGN KEY (osoba_id) REFERENCES public.osoby_osoba(id) DEFERRABLE INITIALLY DEFERRED;


--
-- Name: kronika_obrazzdarzenie kronika_obrazzdarzen_zdarzenie_id_55228435_fk_kronika_z; Type: FK CONSTRAINT; Schema: public; Owner: projectuser
--

ALTER TABLE ONLY public.kronika_obrazzdarzenie
    ADD CONSTRAINT kronika_obrazzdarzen_zdarzenie_id_55228435_fk_kronika_z FOREIGN KEY (zdarzenie_id) REFERENCES public.kronika_zdarzenie(id) DEFERRABLE INITIALLY DEFERRED;


--
-- Name: kronika_proces_zdarzenia kronika_proces_zdarz_proces_id_56d6a828_fk_kronika_p; Type: FK CONSTRAINT; Schema: public; Owner: projectuser
--

ALTER TABLE ONLY public.kronika_proces_zdarzenia
    ADD CONSTRAINT kronika_proces_zdarz_proces_id_56d6a828_fk_kronika_p FOREIGN KEY (proces_id) REFERENCES public.kronika_proces(id) DEFERRABLE INITIALLY DEFERRED;


--
-- Name: kronika_proces_zdarzenia kronika_proces_zdarz_zdarzenie_id_19a746bf_fk_kronika_z; Type: FK CONSTRAINT; Schema: public; Owner: projectuser
--

ALTER TABLE ONLY public.kronika_proces_zdarzenia
    ADD CONSTRAINT kronika_proces_zdarz_zdarzenie_id_19a746bf_fk_kronika_z FOREIGN KEY (zdarzenie_id) REFERENCES public.kronika_zdarzenie(id) DEFERRABLE INITIALLY DEFERRED;


--
-- Name: kronika_wydarzenie_miejsca kronika_wydarzenie_m_miejsce_id_52d8d4fa_fk_miejsca_m; Type: FK CONSTRAINT; Schema: public; Owner: projectuser
--

ALTER TABLE ONLY public.kronika_wydarzenie_miejsca
    ADD CONSTRAINT kronika_wydarzenie_m_miejsce_id_52d8d4fa_fk_miejsca_m FOREIGN KEY (miejsce_id) REFERENCES public.miejsca_miejsce(id) DEFERRABLE INITIALLY DEFERRED;


--
-- Name: kronika_wydarzenie_miejsca kronika_wydarzenie_m_wydarzenie_id_dcee8c3d_fk_kronika_w; Type: FK CONSTRAINT; Schema: public; Owner: projectuser
--

ALTER TABLE ONLY public.kronika_wydarzenie_miejsca
    ADD CONSTRAINT kronika_wydarzenie_m_wydarzenie_id_dcee8c3d_fk_kronika_w FOREIGN KEY (wydarzenie_id) REFERENCES public.kronika_wydarzenie(id) DEFERRABLE INITIALLY DEFERRED;


--
-- Name: kronika_wydarzenie kronika_wydarzenie_typ_wydarzenia_id_c47b1796_fk_kronika_t; Type: FK CONSTRAINT; Schema: public; Owner: projectuser
--

ALTER TABLE ONLY public.kronika_wydarzenie
    ADD CONSTRAINT kronika_wydarzenie_typ_wydarzenia_id_c47b1796_fk_kronika_t FOREIGN KEY (typ_wydarzenia_id) REFERENCES public.kronika_typwydarzenia(id) DEFERRABLE INITIALLY DEFERRED;


--
-- Name: kronika_wydarzenie kronika_wydarzenie_typ_wyjazdu_id_7df495bc_fk_kronika_t; Type: FK CONSTRAINT; Schema: public; Owner: projectuser
--

ALTER TABLE ONLY public.kronika_wydarzenie
    ADD CONSTRAINT kronika_wydarzenie_typ_wyjazdu_id_7df495bc_fk_kronika_t FOREIGN KEY (typ_wyjazdu_id) REFERENCES public.kronika_typwyjazdu(id) DEFERRABLE INITIALLY DEFERRED;


--
-- Name: kronika_wydarzenie_uczestnicy kronika_wydarzenie_u_osoba_id_fk_osoby; Type: FK CONSTRAINT; Schema: public; Owner: projectuser
--

ALTER TABLE ONLY public.kronika_wydarzenie_uczestnicy
    ADD CONSTRAINT kronika_wydarzenie_u_osoba_id_fk_osoby FOREIGN KEY (osoba_id) REFERENCES public.osoby_osoba(id) DEFERRABLE INITIALLY DEFERRED;


--
-- Name: kronika_wydarzenie_uczestnicy kronika_wydarzenie_u_wydarzenie_id_68a3afe5_fk_kronika_w; Type: FK CONSTRAINT; Schema: public; Owner: projectuser
--

ALTER TABLE ONLY public.kronika_wydarzenie_uczestnicy
    ADD CONSTRAINT kronika_wydarzenie_u_wydarzenie_id_68a3afe5_fk_kronika_w FOREIGN KEY (wydarzenie_id) REFERENCES public.kronika_wydarzenie(id) DEFERRABLE INITIALLY DEFERRED;


--
-- Name: kronika_zdarzenie kronika_zdarzenie_miejsce_id_e084df83_fk_miejsca_miejsce_id; Type: FK CONSTRAINT; Schema: public; Owner: projectuser
--

ALTER TABLE ONLY public.kronika_zdarzenie
    ADD CONSTRAINT kronika_zdarzenie_miejsce_id_e084df83_fk_miejsca_miejsce_id FOREIGN KEY (miejsce_id) REFERENCES public.miejsca_miejsce(id) DEFERRABLE INITIALLY DEFERRED;


--
-- Name: kronika_zdarzenie_powiazane_osoby kronika_zdarzenie_po_osoba_id_fk_osoby; Type: FK CONSTRAINT; Schema: public; Owner: projectuser
--

ALTER TABLE ONLY public.kronika_zdarzenie_powiazane_osoby
    ADD CONSTRAINT kronika_zdarzenie_po_osoba_id_fk_osoby FOREIGN KEY (osoba_id) REFERENCES public.osoby_osoba(id) DEFERRABLE INITIALLY DEFERRED;


--
-- Name: kronika_zdarzenie_powiazane_osoby kronika_zdarzenie_po_zdarzenie_id_4d4246fa_fk_kronika_z; Type: FK CONSTRAINT; Schema: public; Owner: projectuser
--

ALTER TABLE ONLY public.kronika_zdarzenie_powiazane_osoby
    ADD CONSTRAINT kronika_zdarzenie_po_zdarzenie_id_4d4246fa_fk_kronika_z FOREIGN KEY (zdarzenie_id) REFERENCES public.kronika_zdarzenie(id) DEFERRABLE INITIALLY DEFERRED;


--
-- Name: kronika_zdarzenie kronika_zdarzenie_wydarzenie_id_937a4544_fk_kronika_w; Type: FK CONSTRAINT; Schema: public; Owner: projectuser
--

ALTER TABLE ONLY public.kronika_zdarzenie
    ADD CONSTRAINT kronika_zdarzenie_wydarzenie_id_937a4544_fk_kronika_w FOREIGN KEY (wydarzenie_id) REFERENCES public.kronika_wydarzenie(id) DEFERRABLE INITIALLY DEFERRED;


--
-- Name: miejsca_miejsce miejsca_miejsce_typ_id_56d7ddf7_fk_miejsca_typmiejsca_id; Type: FK CONSTRAINT; Schema: public; Owner: projectuser
--

ALTER TABLE ONLY public.miejsca_miejsce
    ADD CONSTRAINT miejsca_miejsce_typ_id_56d7ddf7_fk_miejsca_typmiejsca_id FOREIGN KEY (typ_id) REFERENCES public.miejsca_typmiejsca(id) DEFERRABLE INITIALLY DEFERRED;


--
-- Name: miejsca_uczelnia miejsca_uczelnia_kraj_id_95e985c4_fk_miejsca_kraj_id; Type: FK CONSTRAINT; Schema: public; Owner: projectuser
--

ALTER TABLE ONLY public.miejsca_uczelnia
    ADD CONSTRAINT miejsca_uczelnia_kraj_id_95e985c4_fk_miejsca_kraj_id FOREIGN KEY (kraj_id) REFERENCES public.miejsca_kraj(id) DEFERRABLE INITIALLY DEFERRED;


--
-- Name: miejsca_wydzial miejsca_wydzial_uczelnia_id_128db1fa_fk_miejsca_uczelnia_id; Type: FK CONSTRAINT; Schema: public; Owner: projectuser
--

ALTER TABLE ONLY public.miejsca_wydzial
    ADD CONSTRAINT miejsca_wydzial_uczelnia_id_128db1fa_fk_miejsca_uczelnia_id FOREIGN KEY (uczelnia_id) REFERENCES public.miejsca_uczelnia(id) DEFERRABLE INITIALLY DEFERRED;


--
-- Name: osoby_bean osoby_bean_czapka_1_id_fk_czapki_czapka_id; Type: FK CONSTRAINT; Schema: public; Owner: projectuser
--

ALTER TABLE ONLY public.osoby_bean
    ADD CONSTRAINT osoby_bean_czapka_1_id_fk_czapki_czapka_id FOREIGN KEY (czapka_1_id) REFERENCES public.czapki_czapka(id) DEFERRABLE INITIALLY DEFERRED;


--
-- Name: osoby_bean osoby_bean_czapka_2_fk_czapki_czapka_id; Type: FK CONSTRAINT; Schema: public; Owner: projectuser
--

ALTER TABLE ONLY public.osoby_bean
    ADD CONSTRAINT osoby_bean_czapka_2_fk_czapki_czapka_id FOREIGN KEY (czapka_2_id) REFERENCES public.czapki_czapka(id) DEFERRABLE INITIALLY DEFERRED;


--
-- Name: osoby_bean osoby_bean_rodzic_1_id_fk_osoby; Type: FK CONSTRAINT; Schema: public; Owner: projectuser
--

ALTER TABLE ONLY public.osoby_bean
    ADD CONSTRAINT osoby_bean_rodzic_1_id_fk_osoby FOREIGN KEY (rodzic_1_id) REFERENCES public.osoby_czlonek(osoba_ptr_id) DEFERRABLE INITIALLY DEFERRED;


--
-- Name: osoby_bean osoby_bean_rodzic_2_id_fk_osoby; Type: FK CONSTRAINT; Schema: public; Owner: projectuser
--

ALTER TABLE ONLY public.osoby_bean
    ADD CONSTRAINT osoby_bean_rodzic_2_id_fk_osoby FOREIGN KEY (rodzic_2_id) REFERENCES public.osoby_czlonek(osoba_ptr_id) DEFERRABLE INITIALLY DEFERRED;


--
-- Name: osoby_czlonek osoby_czlonek_czapka_1_id_fk_czapki_czapka_id; Type: FK CONSTRAINT; Schema: public; Owner: projectuser
--

ALTER TABLE ONLY public.osoby_czlonek
    ADD CONSTRAINT osoby_czlonek_czapka_1_id_fk_czapki_czapka_id FOREIGN KEY (czapka_1_id) REFERENCES public.czapki_czapka(id) DEFERRABLE INITIALLY DEFERRED;


--
-- Name: osoby_czlonek osoby_czlonek_czapka_2_id_fk_czapki_czapka_id; Type: FK CONSTRAINT; Schema: public; Owner: projectuser
--

ALTER TABLE ONLY public.osoby_czlonek
    ADD CONSTRAINT osoby_czlonek_czapka_2_id_fk_czapki_czapka_id FOREIGN KEY (czapka_2_id) REFERENCES public.czapki_czapka(id) DEFERRABLE INITIALLY DEFERRED;


--
-- Name: osoby_czlonek osoby_czlonek_rodzic_1_id_fk_osoby; Type: FK CONSTRAINT; Schema: public; Owner: projectuser
--

ALTER TABLE ONLY public.osoby_czlonek
    ADD CONSTRAINT osoby_czlonek_rodzic_1_id_fk_osoby FOREIGN KEY (rodzic_1_id) REFERENCES public.osoby_czlonek(osoba_ptr_id) DEFERRABLE INITIALLY DEFERRED;


--
-- Name: osoby_czlonek osoby_czlonek_rodzic_2_id_fk_osoby; Type: FK CONSTRAINT; Schema: public; Owner: projectuser
--

ALTER TABLE ONLY public.osoby_czlonek
    ADD CONSTRAINT osoby_czlonek_rodzic_2_id_fk_osoby FOREIGN KEY (rodzic_2_id) REFERENCES public.osoby_czlonek(osoba_ptr_id) DEFERRABLE INITIALLY DEFERRED;


--
-- Name: osoby_dawnyzarzad osoby_dawnyzarz_bibendi_id_fk_osoby; Type: FK CONSTRAINT; Schema: public; Owner: projectuser
--

ALTER TABLE ONLY public.osoby_dawnyzarzad
    ADD CONSTRAINT osoby_dawnyzarz_bibendi_id_fk_osoby FOREIGN KEY (bibendi_id) REFERENCES public.osoby_czlonek(osoba_ptr_id) DEFERRABLE INITIALLY DEFERRED;


--
-- Name: osoby_dawnyzarzad osoby_dawnyzarz_cantandi_id_fk_osoby; Type: FK CONSTRAINT; Schema: public; Owner: projectuser
--

ALTER TABLE ONLY public.osoby_dawnyzarzad
    ADD CONSTRAINT osoby_dawnyzarz_cantandi_id_fk_osoby FOREIGN KEY (cantandi_id) REFERENCES public.osoby_czlonek(osoba_ptr_id) DEFERRABLE INITIALLY DEFERRED;


--
-- Name: osoby_dawnyzarzad osoby_dawnyzarz_kasztelan_id_fk_osoby; Type: FK CONSTRAINT; Schema: public; Owner: projectuser
--

ALTER TABLE ONLY public.osoby_dawnyzarzad
    ADD CONSTRAINT osoby_dawnyzarz_kasztelan_id_fk_osoby FOREIGN KEY (kasztelan_id) REFERENCES public.osoby_czlonek(osoba_ptr_id) DEFERRABLE INITIALLY DEFERRED;


--
-- Name: osoby_dawnyzarzad osoby_dawnyzarz_kontakt_z_SKNHI_id_fk_osoby; Type: FK CONSTRAINT; Schema: public; Owner: projectuser
--

ALTER TABLE ONLY public.osoby_dawnyzarzad
    ADD CONSTRAINT "osoby_dawnyzarz_kontakt_z_SKNHI_id_fk_osoby" FOREIGN KEY ("kontakt_z_SKNHI_id") REFERENCES public.osoby_czlonek(osoba_ptr_id) DEFERRABLE INITIALLY DEFERRED;


--
-- Name: osoby_dawnyzarzad osoby_dawnyzarz_kontakt_z_SSUJ_id_fk_osoby; Type: FK CONSTRAINT; Schema: public; Owner: projectuser
--

ALTER TABLE ONLY public.osoby_dawnyzarzad
    ADD CONSTRAINT "osoby_dawnyzarz_kontakt_z_SSUJ_id_fk_osoby" FOREIGN KEY ("kontakt_z_SSUJ_id") REFERENCES public.osoby_czlonek(osoba_ptr_id) DEFERRABLE INITIALLY DEFERRED;


--
-- Name: osoby_dawnyzarzad osoby_dawnyzarz_magister_disciplinae_fk_osoby; Type: FK CONSTRAINT; Schema: public; Owner: projectuser
--

ALTER TABLE ONLY public.osoby_dawnyzarzad
    ADD CONSTRAINT osoby_dawnyzarz_magister_disciplinae_fk_osoby FOREIGN KEY (magister_disciplinae_id) REFERENCES public.osoby_czlonek(osoba_ptr_id) DEFERRABLE INITIALLY DEFERRED;


--
-- Name: osoby_dawnyzarzad osoby_dawnyzarz_skarbnik_id_fk_osoby; Type: FK CONSTRAINT; Schema: public; Owner: projectuser
--

ALTER TABLE ONLY public.osoby_dawnyzarzad
    ADD CONSTRAINT osoby_dawnyzarz_skarbnik_id_fk_osoby FOREIGN KEY (skarbnik_id) REFERENCES public.osoby_czlonek(osoba_ptr_id) DEFERRABLE INITIALLY DEFERRED;


--
-- Name: osoby_dawnyzarzad osoby_dawnyzarz_wielki_mistrz_id_fk_osoby; Type: FK CONSTRAINT; Schema: public; Owner: projectuser
--

ALTER TABLE ONLY public.osoby_dawnyzarzad
    ADD CONSTRAINT osoby_dawnyzarz_wielki_mistrz_id_fk_osoby FOREIGN KEY (wielki_mistrz_id) REFERENCES public.osoby_wielkimistrz(id) DEFERRABLE INITIALLY DEFERRED;


--
-- Name: osoby_dawnyzarzad osoby_dawnyzarzad_kadencja_id_fk_core_kadencja_id; Type: FK CONSTRAINT; Schema: public; Owner: projectuser
--

ALTER TABLE ONLY public.osoby_dawnyzarzad
    ADD CONSTRAINT osoby_dawnyzarzad_kadencja_id_fk_core_kadencja_id FOREIGN KEY (kadencja_id) REFERENCES public.core_kadencja(id) DEFERRABLE INITIALLY DEFERRED;


--
-- Name: osoby_halloffame osoby_halloffam_bean_id_fk_osoby; Type: FK CONSTRAINT; Schema: public; Owner: projectuser
--

ALTER TABLE ONLY public.osoby_halloffame
    ADD CONSTRAINT osoby_halloffam_bean_id_fk_osoby FOREIGN KEY (bean_id) REFERENCES public.osoby_bean(osoba_ptr_id) DEFERRABLE INITIALLY DEFERRED;


--
-- Name: osoby_halloffame osoby_halloffam_czlonek_id_fk_osoby; Type: FK CONSTRAINT; Schema: public; Owner: projectuser
--

ALTER TABLE ONLY public.osoby_halloffame
    ADD CONSTRAINT osoby_halloffam_czlonek_id_fk_osoby FOREIGN KEY (czlonek_id) REFERENCES public.osoby_czlonek(osoba_ptr_id) DEFERRABLE INITIALLY DEFERRED;


--
-- Name: osoby_imieszlacheckie osoby_imieszlac_imie_id_fk_osoby; Type: FK CONSTRAINT; Schema: public; Owner: projectuser
--

ALTER TABLE ONLY public.osoby_imieszlacheckie
    ADD CONSTRAINT osoby_imieszlac_imie_id_fk_osoby FOREIGN KEY (imie_id) REFERENCES public.osoby_czlonek(osoba_ptr_id) DEFERRABLE INITIALLY DEFERRED;


--
-- Name: osoby_innaosoba osoby_innaosoba_bractwo_do_ktorego_n_fk_encyklope; Type: FK CONSTRAINT; Schema: public; Owner: projectuser
--

ALTER TABLE ONLY public.osoby_innaosoba
    ADD CONSTRAINT osoby_innaosoba_bractwo_do_ktorego_n_fk_encyklope FOREIGN KEY (bractwo_do_ktorego_nalezy_id) REFERENCES public.encyklopedia_bractwo(id) DEFERRABLE INITIALLY DEFERRED;


--
-- Name: osoby_osoba osoby_osoba_polymorphic_ctype_id_c198e0ba_fk_django_co; Type: FK CONSTRAINT; Schema: public; Owner: projectuser
--

ALTER TABLE ONLY public.osoby_osoba
    ADD CONSTRAINT osoby_osoba_polymorphic_ctype_id_c198e0ba_fk_django_co FOREIGN KEY (polymorphic_ctype_id) REFERENCES public.django_content_type(id) DEFERRABLE INITIALLY DEFERRED;


--
-- Name: osoby_wielkimistrz osoby_wielkimis_imie_id_fk_osoby; Type: FK CONSTRAINT; Schema: public; Owner: projectuser
--

ALTER TABLE ONLY public.osoby_wielkimistrz
    ADD CONSTRAINT osoby_wielkimis_imie_id_fk_osoby FOREIGN KEY (imie_id) REFERENCES public.osoby_czlonek(osoba_ptr_id) DEFERRABLE INITIALLY DEFERRED;


--
-- Name: osoby_zarzad osoby_zarzad_cantandi_id_fk_osoby; Type: FK CONSTRAINT; Schema: public; Owner: projectuser
--

ALTER TABLE ONLY public.osoby_zarzad
    ADD CONSTRAINT osoby_zarzad_cantandi_id_fk_osoby FOREIGN KEY (cantandi_id) REFERENCES public.osoby_czlonek(osoba_ptr_id) DEFERRABLE INITIALLY DEFERRED;


--
-- Name: osoby_zarzad osoby_zarzad_kadencja_id_fk_core_kadencja_id; Type: FK CONSTRAINT; Schema: public; Owner: projectuser
--

ALTER TABLE ONLY public.osoby_zarzad
    ADD CONSTRAINT osoby_zarzad_kadencja_id_fk_core_kadencja_id FOREIGN KEY (kadencja_id) REFERENCES public.core_kadencja(id) DEFERRABLE INITIALLY DEFERRED;


--
-- Name: osoby_zarzad osoby_zarzad_kasztelan_id_fk_osoby; Type: FK CONSTRAINT; Schema: public; Owner: projectuser
--

ALTER TABLE ONLY public.osoby_zarzad
    ADD CONSTRAINT osoby_zarzad_kasztelan_id_fk_osoby FOREIGN KEY (kasztelan_id) REFERENCES public.osoby_czlonek(osoba_ptr_id) DEFERRABLE INITIALLY DEFERRED;


--
-- Name: osoby_zarzad osoby_zarzad_sekretarz_id_fk_osoby; Type: FK CONSTRAINT; Schema: public; Owner: projectuser
--

ALTER TABLE ONLY public.osoby_zarzad
    ADD CONSTRAINT osoby_zarzad_sekretarz_id_fk_osoby FOREIGN KEY (sekretarz_id) REFERENCES public.osoby_czlonek(osoba_ptr_id) DEFERRABLE INITIALLY DEFERRED;


--
-- Name: osoby_zarzad osoby_zarzad_skarbnik_id_fk_osoby; Type: FK CONSTRAINT; Schema: public; Owner: projectuser
--

ALTER TABLE ONLY public.osoby_zarzad
    ADD CONSTRAINT osoby_zarzad_skarbnik_id_fk_osoby FOREIGN KEY (skarbnik_id) REFERENCES public.osoby_czlonek(osoba_ptr_id) DEFERRABLE INITIALLY DEFERRED;


--
-- Name: osoby_zarzad osoby_zarzad_wielki_mistrz_id_fk_osoby; Type: FK CONSTRAINT; Schema: public; Owner: projectuser
--

ALTER TABLE ONLY public.osoby_zarzad
    ADD CONSTRAINT osoby_zarzad_wielki_mistrz_id_fk_osoby FOREIGN KEY (wielki_mistrz_id) REFERENCES public.osoby_wielkimistrz(id) DEFERRABLE INITIALLY DEFERRED;


--
-- Name: DEFAULT PRIVILEGES FOR TYPES; Type: DEFAULT ACL; Schema: -; Owner: postgres
--

ALTER DEFAULT PRIVILEGES FOR ROLE postgres GRANT ALL ON TYPES  TO projectuser;


--
-- Name: DEFAULT PRIVILEGES FOR TABLES; Type: DEFAULT ACL; Schema: -; Owner: postgres
--

ALTER DEFAULT PRIVILEGES FOR ROLE postgres GRANT SELECT,INSERT,DELETE,UPDATE ON TABLES  TO projectuser;


--
-- PostgreSQL database dump complete
--

