--
-- PostgreSQL database dump
--

-- Dumped from database version 14.18 (Ubuntu 14.18-0ubuntu0.22.04.1)
-- Dumped by pg_dump version 14.18 (Ubuntu 14.18-0ubuntu0.22.04.1)

SET statement_timeout = 0;
SET lock_timeout = 0;
SET idle_in_transaction_session_timeout = 0;
SET client_encoding = 'UTF8';
SET standard_conforming_strings = on;
SELECT pg_catalog.set_config('search_path', '', false);
SET check_function_bodies = false;
SET xmloption = content;
SET client_min_messages = warning;
SET row_security = off;

SET default_tablespace = '';

SET default_table_access_method = heap;

--
-- Name: admin_interface_theme; Type: TABLE; Schema: public; Owner: projectuser
--

CREATE TABLE public.admin_interface_theme (
    id integer NOT NULL,
    name character varying(50) NOT NULL,
    active boolean NOT NULL,
    title character varying(50) NOT NULL,
    title_visible boolean NOT NULL,
    logo character varying(100) NOT NULL,
    logo_visible boolean NOT NULL,
    css_header_background_color character varying(10) NOT NULL,
    title_color character varying(10) NOT NULL,
    css_header_text_color character varying(10) NOT NULL,
    css_header_link_color character varying(10) NOT NULL,
    css_header_link_hover_color character varying(10) NOT NULL,
    css_module_background_color character varying(10) NOT NULL,
    css_module_text_color character varying(10) NOT NULL,
    css_module_link_color character varying(10) NOT NULL,
    css_module_link_hover_color character varying(10) NOT NULL,
    css_module_rounded_corners boolean NOT NULL,
    css_generic_link_color character varying(10) NOT NULL,
    css_generic_link_hover_color character varying(10) NOT NULL,
    css_save_button_background_color character varying(10) NOT NULL,
    css_save_button_background_hover_color character varying(10) NOT NULL,
    css_save_button_text_color character varying(10) NOT NULL,
    css_delete_button_background_color character varying(10) NOT NULL,
    css_delete_button_background_hover_color character varying(10) NOT NULL,
    css_delete_button_text_color character varying(10) NOT NULL,
    list_filter_dropdown boolean NOT NULL,
    related_modal_active boolean NOT NULL,
    related_modal_background_color character varying(10) NOT NULL,
    related_modal_rounded_corners boolean NOT NULL,
    logo_color character varying(10) NOT NULL,
    recent_actions_visible boolean NOT NULL,
    favicon character varying(100) NOT NULL,
    related_modal_background_opacity character varying(5) NOT NULL,
    env_name character varying(50) NOT NULL,
    env_visible_in_header boolean NOT NULL,
    env_color character varying(10) NOT NULL,
    env_visible_in_favicon boolean NOT NULL,
    related_modal_close_button_visible boolean NOT NULL,
    language_chooser_active boolean NOT NULL,
    language_chooser_display character varying(10) NOT NULL,
    list_filter_sticky boolean NOT NULL,
    form_pagination_sticky boolean NOT NULL,
    form_submit_sticky boolean NOT NULL,
    css_module_background_selected_color character varying(10) NOT NULL,
    css_module_link_selected_color character varying(10) NOT NULL,
    logo_max_height smallint NOT NULL,
    logo_max_width smallint NOT NULL,
    foldable_apps boolean NOT NULL,
    language_chooser_control character varying(20) NOT NULL,
    list_filter_highlight boolean NOT NULL,
    list_filter_removal_links boolean NOT NULL,
    show_fieldsets_as_tabs boolean NOT NULL,
    show_inlines_as_tabs boolean NOT NULL,
    css_generic_link_active_color character varying(10) NOT NULL,
    collapsible_stacked_inlines boolean NOT NULL,
    collapsible_stacked_inlines_collapsed boolean NOT NULL,
    collapsible_tabular_inlines boolean NOT NULL,
    collapsible_tabular_inlines_collapsed boolean NOT NULL,
    CONSTRAINT admin_interface_theme_logo_max_height_check CHECK ((logo_max_height >= 0)),
    CONSTRAINT admin_interface_theme_logo_max_width_check CHECK ((logo_max_width >= 0))
);


ALTER TABLE public.admin_interface_theme OWNER TO projectuser;

--
-- Name: admin_interface_theme_id_seq; Type: SEQUENCE; Schema: public; Owner: projectuser
--

ALTER TABLE public.admin_interface_theme ALTER COLUMN id ADD GENERATED BY DEFAULT AS IDENTITY (
    SEQUENCE NAME public.admin_interface_theme_id_seq
    START WITH 1
    INCREMENT BY 1
    NO MINVALUE
    NO MAXVALUE
    CACHE 1
);


--
-- Name: auth_group; Type: TABLE; Schema: public; Owner: projectuser
--

CREATE TABLE public.auth_group (
    id integer NOT NULL,
    name character varying(150) NOT NULL
);


ALTER TABLE public.auth_group OWNER TO projectuser;

--
-- Name: auth_group_id_seq; Type: SEQUENCE; Schema: public; Owner: projectuser
--

ALTER TABLE public.auth_group ALTER COLUMN id ADD GENERATED BY DEFAULT AS IDENTITY (
    SEQUENCE NAME public.auth_group_id_seq
    START WITH 1
    INCREMENT BY 1
    NO MINVALUE
    NO MAXVALUE
    CACHE 1
);


--
-- Name: auth_group_permissions; Type: TABLE; Schema: public; Owner: projectuser
--

CREATE TABLE public.auth_group_permissions (
    id bigint NOT NULL,
    group_id integer NOT NULL,
    permission_id integer NOT NULL
);


ALTER TABLE public.auth_group_permissions OWNER TO projectuser;

--
-- Name: auth_group_permissions_id_seq; Type: SEQUENCE; Schema: public; Owner: projectuser
--

ALTER TABLE public.auth_group_permissions ALTER COLUMN id ADD GENERATED BY DEFAULT AS IDENTITY (
    SEQUENCE NAME public.auth_group_permissions_id_seq
    START WITH 1
    INCREMENT BY 1
    NO MINVALUE
    NO MAXVALUE
    CACHE 1
);


--
-- Name: auth_permission; Type: TABLE; Schema: public; Owner: projectuser
--

CREATE TABLE public.auth_permission (
    id integer NOT NULL,
    name character varying(255) NOT NULL,
    content_type_id integer NOT NULL,
    codename character varying(100) NOT NULL
);


ALTER TABLE public.auth_permission OWNER TO projectuser;

--
-- Name: auth_permission_id_seq; Type: SEQUENCE; Schema: public; Owner: projectuser
--

ALTER TABLE public.auth_permission ALTER COLUMN id ADD GENERATED BY DEFAULT AS IDENTITY (
    SEQUENCE NAME public.auth_permission_id_seq
    START WITH 1
    INCREMENT BY 1
    NO MINVALUE
    NO MAXVALUE
    CACHE 1
);


--
-- Name: auth_user; Type: TABLE; Schema: public; Owner: projectuser
--

CREATE TABLE public.auth_user (
    id integer NOT NULL,
    password character varying(128) NOT NULL,
    last_login timestamp with time zone,
    is_superuser boolean NOT NULL,
    username character varying(150) NOT NULL,
    first_name character varying(150) NOT NULL,
    last_name character varying(150) NOT NULL,
    email character varying(254) NOT NULL,
    is_staff boolean NOT NULL,
    is_active boolean NOT NULL,
    date_joined timestamp with time zone NOT NULL
);


ALTER TABLE public.auth_user OWNER TO projectuser;

--
-- Name: auth_user_groups; Type: TABLE; Schema: public; Owner: projectuser
--

CREATE TABLE public.auth_user_groups (
    id bigint NOT NULL,
    user_id integer NOT NULL,
    group_id integer NOT NULL
);


ALTER TABLE public.auth_user_groups OWNER TO projectuser;

--
-- Name: auth_user_groups_id_seq; Type: SEQUENCE; Schema: public; Owner: projectuser
--

ALTER TABLE public.auth_user_groups ALTER COLUMN id ADD GENERATED BY DEFAULT AS IDENTITY (
    SEQUENCE NAME public.auth_user_groups_id_seq
    START WITH 1
    INCREMENT BY 1
    NO MINVALUE
    NO MAXVALUE
    CACHE 1
);


--
-- Name: auth_user_id_seq; Type: SEQUENCE; Schema: public; Owner: projectuser
--

ALTER TABLE public.auth_user ALTER COLUMN id ADD GENERATED BY DEFAULT AS IDENTITY (
    SEQUENCE NAME public.auth_user_id_seq
    START WITH 1
    INCREMENT BY 1
    NO MINVALUE
    NO MAXVALUE
    CACHE 1
);


--
-- Name: auth_user_user_permissions; Type: TABLE; Schema: public; Owner: projectuser
--

CREATE TABLE public.auth_user_user_permissions (
    id bigint NOT NULL,
    user_id integer NOT NULL,
    permission_id integer NOT NULL
);


ALTER TABLE public.auth_user_user_permissions OWNER TO projectuser;

--
-- Name: auth_user_user_permissions_id_seq; Type: SEQUENCE; Schema: public; Owner: projectuser
--

ALTER TABLE public.auth_user_user_permissions ALTER COLUMN id ADD GENERATED BY DEFAULT AS IDENTITY (
    SEQUENCE NAME public.auth_user_user_permissions_id_seq
    START WITH 1
    INCREMENT BY 1
    NO MINVALUE
    NO MAXVALUE
    CACHE 1
);


--
-- Name: czapki_czapka; Type: TABLE; Schema: public; Owner: projectuser
--

CREATE TABLE public.czapki_czapka (
    id bigint NOT NULL,
    kolor character varying(255) NOT NULL,
    wydzial_id bigint,
    inny_powod character varying(100) NOT NULL
);


ALTER TABLE public.czapki_czapka OWNER TO projectuser;

--
-- Name: czapki_czapka_id_seq; Type: SEQUENCE; Schema: public; Owner: projectuser
--

ALTER TABLE public.czapki_czapka ALTER COLUMN id ADD GENERATED BY DEFAULT AS IDENTITY (
    SEQUENCE NAME public.czapki_czapka_id_seq
    START WITH 1
    INCREMENT BY 1
    NO MINVALUE
    NO MAXVALUE
    CACHE 1
);


--
-- Name: czapki_rodzajczapki; Type: TABLE; Schema: public; Owner: projectuser
--

CREATE TABLE public.czapki_rodzajczapki (
    id bigint NOT NULL,
    nazwa character varying(40) NOT NULL,
    powod_koloru character varying(100) NOT NULL
);


ALTER TABLE public.czapki_rodzajczapki OWNER TO projectuser;

--
-- Name: czapki_rodzajczapki_id_seq; Type: SEQUENCE; Schema: public; Owner: projectuser
--

ALTER TABLE public.czapki_rodzajczapki ALTER COLUMN id ADD GENERATED BY DEFAULT AS IDENTITY (
    SEQUENCE NAME public.czapki_rodzajczapki_id_seq
    START WITH 1
    INCREMENT BY 1
    NO MINVALUE
    NO MAXVALUE
    CACHE 1
);


--
-- Name: czapki_rodzajczapki_kraje; Type: TABLE; Schema: public; Owner: projectuser
--

CREATE TABLE public.czapki_rodzajczapki_kraje (
    id bigint NOT NULL,
    rodzajczapki_id bigint NOT NULL,
    kraj_id bigint NOT NULL
);


ALTER TABLE public.czapki_rodzajczapki_kraje OWNER TO projectuser;

--
-- Name: czapki_rodzajczapki_kraje_id_seq; Type: SEQUENCE; Schema: public; Owner: projectuser
--

ALTER TABLE public.czapki_rodzajczapki_kraje ALTER COLUMN id ADD GENERATED BY DEFAULT AS IDENTITY (
    SEQUENCE NAME public.czapki_rodzajczapki_kraje_id_seq
    START WITH 1
    INCREMENT BY 1
    NO MINVALUE
    NO MAXVALUE
    CACHE 1
);


--
-- Name: osoby_halloffame; Type: TABLE; Schema: public; Owner: projectuser
--

CREATE TABLE public.osoby_halloffame (
    id bigint NOT NULL,
    nazwa_alternatywna character varying(100) NOT NULL,
    zaslugi character varying(255) NOT NULL,
    order_field character varying(255) NOT NULL,
    osoba_id bigint
);


ALTER TABLE public.osoby_halloffame OWNER TO projectuser;

--
-- Name: czlonkowie_halloffame_id_seq; Type: SEQUENCE; Schema: public; Owner: projectuser
--

ALTER TABLE public.osoby_halloffame ALTER COLUMN id ADD GENERATED BY DEFAULT AS IDENTITY (
    SEQUENCE NAME public.czlonkowie_halloffame_id_seq
    START WITH 1
    INCREMENT BY 1
    NO MINVALUE
    NO MAXVALUE
    CACHE 1
);


--
-- Name: osoby_imieszlacheckie; Type: TABLE; Schema: public; Owner: projectuser
--

CREATE TABLE public.osoby_imieszlacheckie (
    id bigint NOT NULL,
    imie_id bigint
);


ALTER TABLE public.osoby_imieszlacheckie OWNER TO projectuser;

--
-- Name: czlonkowie_imieszlacheckie_id_seq; Type: SEQUENCE; Schema: public; Owner: projectuser
--

ALTER TABLE public.osoby_imieszlacheckie ALTER COLUMN id ADD GENERATED BY DEFAULT AS IDENTITY (
    SEQUENCE NAME public.czlonkowie_imieszlacheckie_id_seq
    START WITH 1
    INCREMENT BY 1
    NO MINVALUE
    NO MAXVALUE
    CACHE 1
);


--
-- Name: osoby_wielkimistrz; Type: TABLE; Schema: public; Owner: projectuser
--

CREATE TABLE public.osoby_wielkimistrz (
    id bigint NOT NULL,
    tadeusz character varying(10) NOT NULL,
    tytuly text NOT NULL,
    tadeusz_numeric integer NOT NULL,
    imie_id bigint
);


ALTER TABLE public.osoby_wielkimistrz OWNER TO projectuser;

--
-- Name: czlonkowie_wielkimistrz_id_seq; Type: SEQUENCE; Schema: public; Owner: projectuser
--

ALTER TABLE public.osoby_wielkimistrz ALTER COLUMN id ADD GENERATED BY DEFAULT AS IDENTITY (
    SEQUENCE NAME public.czlonkowie_wielkimistrz_id_seq
    START WITH 1
    INCREMENT BY 1
    NO MINVALUE
    NO MAXVALUE
    CACHE 1
);


--
-- Name: osoby_zwierzeczapkowe; Type: TABLE; Schema: public; Owner: projectuser
--

CREATE TABLE public.osoby_zwierzeczapkowe (
    id bigint NOT NULL,
    zwierze character varying(100) NOT NULL,
    wyjasnienie character varying(100) NOT NULL
);


ALTER TABLE public.osoby_zwierzeczapkowe OWNER TO projectuser;

--
-- Name: czlonkowie_zwierzeczapkowe_id_seq; Type: SEQUENCE; Schema: public; Owner: projectuser
--

ALTER TABLE public.osoby_zwierzeczapkowe ALTER COLUMN id ADD GENERATED BY DEFAULT AS IDENTITY (
    SEQUENCE NAME public.czlonkowie_zwierzeczapkowe_id_seq
    START WITH 1
    INCREMENT BY 1
    NO MINVALUE
    NO MAXVALUE
    CACHE 1
);


--
-- Name: django_admin_log; Type: TABLE; Schema: public; Owner: projectuser
--

CREATE TABLE public.django_admin_log (
    id integer NOT NULL,
    action_time timestamp with time zone NOT NULL,
    object_id text,
    object_repr character varying(200) NOT NULL,
    action_flag smallint NOT NULL,
    change_message text NOT NULL,
    content_type_id integer,
    user_id integer NOT NULL,
    CONSTRAINT django_admin_log_action_flag_check CHECK ((action_flag >= 0))
);


ALTER TABLE public.django_admin_log OWNER TO projectuser;

--
-- Name: django_admin_log_id_seq; Type: SEQUENCE; Schema: public; Owner: projectuser
--

ALTER TABLE public.django_admin_log ALTER COLUMN id ADD GENERATED BY DEFAULT AS IDENTITY (
    SEQUENCE NAME public.django_admin_log_id_seq
    START WITH 1
    INCREMENT BY 1
    NO MINVALUE
    NO MAXVALUE
    CACHE 1
);


--
-- Name: django_content_type; Type: TABLE; Schema: public; Owner: projectuser
--

CREATE TABLE public.django_content_type (
    id integer NOT NULL,
    app_label character varying(100) NOT NULL,
    model character varying(100) NOT NULL
);


ALTER TABLE public.django_content_type OWNER TO projectuser;

--
-- Name: django_content_type_id_seq; Type: SEQUENCE; Schema: public; Owner: projectuser
--

ALTER TABLE public.django_content_type ALTER COLUMN id ADD GENERATED BY DEFAULT AS IDENTITY (
    SEQUENCE NAME public.django_content_type_id_seq
    START WITH 1
    INCREMENT BY 1
    NO MINVALUE
    NO MAXVALUE
    CACHE 1
);


--
-- Name: django_migrations; Type: TABLE; Schema: public; Owner: projectuser
--

CREATE TABLE public.django_migrations (
    id bigint NOT NULL,
    app character varying(255) NOT NULL,
    name character varying(255) NOT NULL,
    applied timestamp with time zone NOT NULL
);


ALTER TABLE public.django_migrations OWNER TO projectuser;

--
-- Name: django_migrations_id_seq; Type: SEQUENCE; Schema: public; Owner: projectuser
--

ALTER TABLE public.django_migrations ALTER COLUMN id ADD GENERATED BY DEFAULT AS IDENTITY (
    SEQUENCE NAME public.django_migrations_id_seq
    START WITH 1
    INCREMENT BY 1
    NO MINVALUE
    NO MAXVALUE
    CACHE 1
);


--
-- Name: django_session; Type: TABLE; Schema: public; Owner: projectuser
--

CREATE TABLE public.django_session (
    session_key character varying(40) NOT NULL,
    session_data text NOT NULL,
    expire_date timestamp with time zone NOT NULL
);


ALTER TABLE public.django_session OWNER TO projectuser;

--
-- Name: encyklopedia_aforyzm; Type: TABLE; Schema: public; Owner: projectuser
--

CREATE TABLE public.encyklopedia_aforyzm (
    cytat_ptr_id bigint NOT NULL
);


ALTER TABLE public.encyklopedia_aforyzm OWNER TO projectuser;

--
-- Name: encyklopedia_bractwo; Type: TABLE; Schema: public; Owner: projectuser
--

CREATE TABLE public.encyklopedia_bractwo (
    id bigint NOT NULL,
    nazwa character varying(255) NOT NULL,
    panstwo_id bigint,
    rok_zalozenia integer NOT NULL,
    wiek_tradycje integer NOT NULL,
    grupa_bractw_id bigint
);


ALTER TABLE public.encyklopedia_bractwo OWNER TO projectuser;

--
-- Name: encyklopedia_bractwo_id_seq; Type: SEQUENCE; Schema: public; Owner: projectuser
--

ALTER TABLE public.encyklopedia_bractwo ALTER COLUMN id ADD GENERATED BY DEFAULT AS IDENTITY (
    SEQUENCE NAME public.encyklopedia_bractwo_id_seq
    START WITH 1
    INCREMENT BY 1
    NO MINVALUE
    NO MAXVALUE
    CACHE 1
);


--
-- Name: encyklopedia_bractwo_zalozyciele; Type: TABLE; Schema: public; Owner: projectuser
--

CREATE TABLE public.encyklopedia_bractwo_zalozyciele (
    id bigint NOT NULL,
    bractwo_id bigint NOT NULL,
    osoba_id bigint NOT NULL
);


ALTER TABLE public.encyklopedia_bractwo_zalozyciele OWNER TO projectuser;

--
-- Name: encyklopedia_bractwo_zalozyciele_id_seq; Type: SEQUENCE; Schema: public; Owner: projectuser
--

ALTER TABLE public.encyklopedia_bractwo_zalozyciele ALTER COLUMN id ADD GENERATED BY DEFAULT AS IDENTITY (
    SEQUENCE NAME public.encyklopedia_bractwo_zalozyciele_id_seq
    START WITH 1
    INCREMENT BY 1
    NO MINVALUE
    NO MAXVALUE
    CACHE 1
);


--
-- Name: encyklopedia_cytat; Type: TABLE; Schema: public; Owner: projectuser
--

CREATE TABLE public.encyklopedia_cytat (
    id bigint NOT NULL,
    tekst text NOT NULL,
    kontekst text NOT NULL,
    autor_id bigint,
    polymorphic_ctype_id integer,
    zrodlo_id bigint
);


ALTER TABLE public.encyklopedia_cytat OWNER TO projectuser;

--
-- Name: encyklopedia_cytat_adresaci; Type: TABLE; Schema: public; Owner: projectuser
--

CREATE TABLE public.encyklopedia_cytat_adresaci (
    id bigint NOT NULL,
    cytat_id bigint NOT NULL,
    osoba_id bigint NOT NULL
);


ALTER TABLE public.encyklopedia_cytat_adresaci OWNER TO projectuser;

--
-- Name: encyklopedia_cytat_adresaci_id_seq; Type: SEQUENCE; Schema: public; Owner: projectuser
--

ALTER TABLE public.encyklopedia_cytat_adresaci ALTER COLUMN id ADD GENERATED BY DEFAULT AS IDENTITY (
    SEQUENCE NAME public.encyklopedia_cytat_adresaci_id_seq
    START WITH 1
    INCREMENT BY 1
    NO MINVALUE
    NO MAXVALUE
    CACHE 1
);


--
-- Name: encyklopedia_cytat_id_seq; Type: SEQUENCE; Schema: public; Owner: projectuser
--

ALTER TABLE public.encyklopedia_cytat ALTER COLUMN id ADD GENERATED BY DEFAULT AS IDENTITY (
    SEQUENCE NAME public.encyklopedia_cytat_id_seq
    START WITH 1
    INCREMENT BY 1
    NO MINVALUE
    NO MAXVALUE
    CACHE 1
);


--
-- Name: encyklopedia_grupabractw; Type: TABLE; Schema: public; Owner: projectuser
--

CREATE TABLE public.encyklopedia_grupabractw (
    id bigint NOT NULL,
    nazwa character varying(40) NOT NULL,
    opis text NOT NULL,
    rodzaj_czapki_id bigint
);


ALTER TABLE public.encyklopedia_grupabractw OWNER TO projectuser;

--
-- Name: encyklopedia_grupabractw_id_seq; Type: SEQUENCE; Schema: public; Owner: projectuser
--

ALTER TABLE public.encyklopedia_grupabractw ALTER COLUMN id ADD GENERATED BY DEFAULT AS IDENTITY (
    SEQUENCE NAME public.encyklopedia_grupabractw_id_seq
    START WITH 1
    INCREMENT BY 1
    NO MINVALUE
    NO MAXVALUE
    CACHE 1
);


--
-- Name: encyklopedia_grupabractw_kraje; Type: TABLE; Schema: public; Owner: projectuser
--

CREATE TABLE public.encyklopedia_grupabractw_kraje (
    id bigint NOT NULL,
    grupabractw_id bigint NOT NULL,
    kraj_id bigint NOT NULL
);


ALTER TABLE public.encyklopedia_grupabractw_kraje OWNER TO projectuser;

--
-- Name: encyklopedia_grupabractw_kraje_id_seq; Type: SEQUENCE; Schema: public; Owner: projectuser
--

ALTER TABLE public.encyklopedia_grupabractw_kraje ALTER COLUMN id ADD GENERATED BY DEFAULT AS IDENTITY (
    SEQUENCE NAME public.encyklopedia_grupabractw_kraje_id_seq
    START WITH 1
    INCREMENT BY 1
    NO MINVALUE
    NO MAXVALUE
    CACHE 1
);


--
-- Name: encyklopedia_pojecie; Type: TABLE; Schema: public; Owner: projectuser
--

CREATE TABLE public.encyklopedia_pojecie (
    id bigint NOT NULL,
    nazwa character varying(100) NOT NULL,
    opis text NOT NULL,
    origins character varying NOT NULL,
    wydarzenie_id bigint,
    autor_id bigint
);


ALTER TABLE public.encyklopedia_pojecie OWNER TO projectuser;

--
-- Name: encyklopedia_pojecie_id_seq; Type: SEQUENCE; Schema: public; Owner: projectuser
--

ALTER TABLE public.encyklopedia_pojecie ALTER COLUMN id ADD GENERATED BY DEFAULT AS IDENTITY (
    SEQUENCE NAME public.encyklopedia_pojecie_id_seq
    START WITH 1
    INCREMENT BY 1
    NO MINVALUE
    NO MAXVALUE
    CACHE 1
);


--
-- Name: encyklopedia_powiedzenie; Type: TABLE; Schema: public; Owner: projectuser
--

CREATE TABLE public.encyklopedia_powiedzenie (
    cytat_ptr_id bigint NOT NULL
);


ALTER TABLE public.encyklopedia_powiedzenie OWNER TO projectuser;

--
-- Name: encyklopedia_tradycjabcs; Type: TABLE; Schema: public; Owner: projectuser
--

CREATE TABLE public.encyklopedia_tradycjabcs (
    id bigint NOT NULL,
    nazwa character varying(100) NOT NULL,
    okolicznosci_powstania character varying(3) NOT NULL,
    inne character varying(255) NOT NULL,
    opis text NOT NULL,
    autor_czlonek_id bigint,
    wydarzenie_id bigint,
    od_kogo_id bigint,
    autor_id bigint,
    zapozyczona_czy_autorska character varying NOT NULL
);


ALTER TABLE public.encyklopedia_tradycjabcs OWNER TO projectuser;

--
-- Name: encyklopedia_tradycjabcs_id_seq; Type: SEQUENCE; Schema: public; Owner: projectuser
--

ALTER TABLE public.encyklopedia_tradycjabcs ALTER COLUMN id ADD GENERATED BY DEFAULT AS IDENTITY (
    SEQUENCE NAME public.encyklopedia_tradycjabcs_id_seq
    START WITH 1
    INCREMENT BY 1
    NO MINVALUE
    NO MAXVALUE
    CACHE 1
);


--
-- Name: encyklopedia_tradycjainnegobractwa; Type: TABLE; Schema: public; Owner: projectuser
--

CREATE TABLE public.encyklopedia_tradycjainnegobractwa (
    id bigint NOT NULL,
    nazwa character varying(100) NOT NULL,
    opis text NOT NULL,
    bractwo_id bigint,
    od_kogo_id bigint,
    zapozyczona boolean NOT NULL
);


ALTER TABLE public.encyklopedia_tradycjainnegobractwa OWNER TO projectuser;

--
-- Name: encyklopedia_tradycjainnegobractwa_id_seq; Type: SEQUENCE; Schema: public; Owner: projectuser
--

ALTER TABLE public.encyklopedia_tradycjainnegobractwa ALTER COLUMN id ADD GENERATED BY DEFAULT AS IDENTITY (
    SEQUENCE NAME public.encyklopedia_tradycjainnegobractwa_id_seq
    START WITH 1
    INCREMENT BY 1
    NO MINVALUE
    NO MAXVALUE
    CACHE 1
);


--
-- Name: encyklopedia_zwyczaj; Type: TABLE; Schema: public; Owner: projectuser
--

CREATE TABLE public.encyklopedia_zwyczaj (
    id bigint NOT NULL,
    nazwa character varying(100) NOT NULL,
    data_powstania date NOT NULL,
    opis text NOT NULL,
    autor_id bigint
);


ALTER TABLE public.encyklopedia_zwyczaj OWNER TO projectuser;

--
-- Name: encyklopedia_zwyczaj_id_seq; Type: SEQUENCE; Schema: public; Owner: projectuser
--

ALTER TABLE public.encyklopedia_zwyczaj ALTER COLUMN id ADD GENERATED BY DEFAULT AS IDENTITY (
    SEQUENCE NAME public.encyklopedia_zwyczaj_id_seq
    START WITH 1
    INCREMENT BY 1
    NO MINVALUE
    NO MAXVALUE
    CACHE 1
);


--
-- Name: kalendarz_obrazwydarzenie; Type: TABLE; Schema: public; Owner: projectuser
--

CREATE TABLE public.kalendarz_obrazwydarzenie (
    id bigint NOT NULL,
    tytul character varying(100) NOT NULL,
    obraz character varying(100) NOT NULL,
    opis text NOT NULL,
    wydarzenie_id bigint
);


ALTER TABLE public.kalendarz_obrazwydarzenie OWNER TO projectuser;

--
-- Name: kalendarz_obrazwydarzenie_widoczne_osoby; Type: TABLE; Schema: public; Owner: projectuser
--

CREATE TABLE public.kalendarz_obrazwydarzenie_widoczne_osoby (
    id bigint NOT NULL,
    obrazwydarzenie_id bigint NOT NULL,
    osoba_id bigint NOT NULL
);


ALTER TABLE public.kalendarz_obrazwydarzenie_widoczne_osoby OWNER TO projectuser;

--
-- Name: kalendarz_obrazzdarzenie; Type: TABLE; Schema: public; Owner: projectuser
--

CREATE TABLE public.kalendarz_obrazzdarzenie (
    id bigint NOT NULL,
    tytul character varying(100) NOT NULL,
    data date NOT NULL,
    obraz character varying(100) NOT NULL,
    opis text NOT NULL,
    miejsce_id bigint,
    zdarzenie_id bigint
);


ALTER TABLE public.kalendarz_obrazzdarzenie OWNER TO projectuser;

--
-- Name: kalendarz_obrazzdarzenie_widoczne_osoby; Type: TABLE; Schema: public; Owner: projectuser
--

CREATE TABLE public.kalendarz_obrazzdarzenie_widoczne_osoby (
    id bigint NOT NULL,
    obrazzdarzenie_id bigint NOT NULL,
    osoba_id bigint NOT NULL
);


ALTER TABLE public.kalendarz_obrazzdarzenie_widoczne_osoby OWNER TO projectuser;

--
-- Name: kalendarz_typwydarzenia; Type: TABLE; Schema: public; Owner: projectuser
--

CREATE TABLE public.kalendarz_typwydarzenia (
    id bigint NOT NULL,
    typ character varying(100) NOT NULL
);


ALTER TABLE public.kalendarz_typwydarzenia OWNER TO projectuser;

--
-- Name: kalendarz_typwyjazdu; Type: TABLE; Schema: public; Owner: projectuser
--

CREATE TABLE public.kalendarz_typwyjazdu (
    id bigint NOT NULL,
    typ character varying(100) NOT NULL
);


ALTER TABLE public.kalendarz_typwyjazdu OWNER TO projectuser;

--
-- Name: kalendarz_wydarzenie; Type: TABLE; Schema: public; Owner: projectuser
--

CREATE TABLE public.kalendarz_wydarzenie (
    id bigint NOT NULL,
    nazwa character varying(255) NOT NULL,
    opis text NOT NULL,
    data_rozpoczecia date NOT NULL,
    data_zakonczenia date NOT NULL,
    link character varying(200) NOT NULL,
    typ_wydarzenia_id bigint,
    typ_wyjazdu_id bigint,
    czy_to_wyjazd boolean NOT NULL,
    czy_jednodniowe boolean NOT NULL
);


ALTER TABLE public.kalendarz_wydarzenie OWNER TO projectuser;

--
-- Name: kalendarz_wydarzenie_miejsca; Type: TABLE; Schema: public; Owner: projectuser
--

CREATE TABLE public.kalendarz_wydarzenie_miejsca (
    id bigint NOT NULL,
    wydarzenie_id bigint NOT NULL,
    miejsce_id bigint NOT NULL
);


ALTER TABLE public.kalendarz_wydarzenie_miejsca OWNER TO projectuser;

--
-- Name: kalendarz_wydarzenie_uczestnicy; Type: TABLE; Schema: public; Owner: projectuser
--

CREATE TABLE public.kalendarz_wydarzenie_uczestnicy (
    id bigint NOT NULL,
    wydarzenie_id bigint NOT NULL,
    osoba_id bigint NOT NULL
);


ALTER TABLE public.kalendarz_wydarzenie_uczestnicy OWNER TO projectuser;

--
-- Name: kalendarz_wyjazd_obrazy; Type: TABLE; Schema: public; Owner: projectuser
--

CREATE TABLE public.kalendarz_wyjazd_obrazy (
    id bigint NOT NULL,
    wyjazd_id bigint NOT NULL,
    obrazwyjazd_id bigint NOT NULL
);


ALTER TABLE public.kalendarz_wyjazd_obrazy OWNER TO projectuser;

--
-- Name: kalendarz_zdarzenie; Type: TABLE; Schema: public; Owner: projectuser
--

CREATE TABLE public.kalendarz_zdarzenie (
    id bigint NOT NULL,
    nazwa character varying(255) NOT NULL,
    data date NOT NULL,
    opis text NOT NULL,
    miejsce_id bigint,
    wydarzenie_id bigint,
    godzina time without time zone
);


ALTER TABLE public.kalendarz_zdarzenie OWNER TO projectuser;

--
-- Name: kalendarz_zdarzenie_powiazane_osoby; Type: TABLE; Schema: public; Owner: projectuser
--

CREATE TABLE public.kalendarz_zdarzenie_powiazane_osoby (
    id bigint NOT NULL,
    zdarzenie_id bigint NOT NULL,
    osoba_id bigint NOT NULL
);


ALTER TABLE public.kalendarz_zdarzenie_powiazane_osoby OWNER TO projectuser;

--
-- Name: kronika_podsumowaniekadencji; Type: TABLE; Schema: public; Owner: projectuser
--

CREATE TABLE public.kronika_podsumowaniekadencji (
    id bigint NOT NULL,
    autor_id bigint,
    zarzad_id bigint,
    podsumowanie text NOT NULL
);


ALTER TABLE public.kronika_podsumowaniekadencji OWNER TO projectuser;

--
-- Name: kronika_charakterystykadzialanzarzadu_id_seq; Type: SEQUENCE; Schema: public; Owner: projectuser
--

ALTER TABLE public.kronika_podsumowaniekadencji ALTER COLUMN id ADD GENERATED BY DEFAULT AS IDENTITY (
    SEQUENCE NAME public.kronika_charakterystykadzialanzarzadu_id_seq
    START WITH 1
    INCREMENT BY 1
    NO MINVALUE
    NO MAXVALUE
    CACHE 1
);


--
-- Name: kronika_kadencja; Type: TABLE; Schema: public; Owner: projectuser
--

CREATE TABLE public.kronika_kadencja (
    id bigint NOT NULL,
    lata integer NOT NULL,
    rozpoczecie_id bigint,
    zakonczenie_id bigint
);


ALTER TABLE public.kronika_kadencja OWNER TO projectuser;

--
-- Name: kronika_kadencja_id_seq; Type: SEQUENCE; Schema: public; Owner: projectuser
--

ALTER TABLE public.kronika_kadencja ALTER COLUMN id ADD GENERATED BY DEFAULT AS IDENTITY (
    SEQUENCE NAME public.kronika_kadencja_id_seq
    START WITH 1
    INCREMENT BY 1
    NO MINVALUE
    NO MAXVALUE
    CACHE 1
);


--
-- Name: kronika_obrazwydarzenie_id_seq; Type: SEQUENCE; Schema: public; Owner: projectuser
--

ALTER TABLE public.kalendarz_obrazwydarzenie ALTER COLUMN id ADD GENERATED BY DEFAULT AS IDENTITY (
    SEQUENCE NAME public.kronika_obrazwydarzenie_id_seq
    START WITH 1
    INCREMENT BY 1
    NO MINVALUE
    NO MAXVALUE
    CACHE 1
);


--
-- Name: kronika_obrazwydarzenie_widoczne_osoby_id_seq; Type: SEQUENCE; Schema: public; Owner: projectuser
--

ALTER TABLE public.kalendarz_obrazwydarzenie_widoczne_osoby ALTER COLUMN id ADD GENERATED BY DEFAULT AS IDENTITY (
    SEQUENCE NAME public.kronika_obrazwydarzenie_widoczne_osoby_id_seq
    START WITH 1
    INCREMENT BY 1
    NO MINVALUE
    NO MAXVALUE
    CACHE 1
);


--
-- Name: kronika_obrazzdarzenie_id_seq; Type: SEQUENCE; Schema: public; Owner: projectuser
--

ALTER TABLE public.kalendarz_obrazzdarzenie ALTER COLUMN id ADD GENERATED BY DEFAULT AS IDENTITY (
    SEQUENCE NAME public.kronika_obrazzdarzenie_id_seq
    START WITH 1
    INCREMENT BY 1
    NO MINVALUE
    NO MAXVALUE
    CACHE 1
);


--
-- Name: kronika_obrazzdarzenie_widoczne_osoby_id_seq; Type: SEQUENCE; Schema: public; Owner: projectuser
--

ALTER TABLE public.kalendarz_obrazzdarzenie_widoczne_osoby ALTER COLUMN id ADD GENERATED BY DEFAULT AS IDENTITY (
    SEQUENCE NAME public.kronika_obrazzdarzenie_widoczne_osoby_id_seq
    START WITH 1
    INCREMENT BY 1
    NO MINVALUE
    NO MAXVALUE
    CACHE 1
);


--
-- Name: kronika_typwydarzenia_id_seq; Type: SEQUENCE; Schema: public; Owner: projectuser
--

ALTER TABLE public.kalendarz_typwydarzenia ALTER COLUMN id ADD GENERATED BY DEFAULT AS IDENTITY (
    SEQUENCE NAME public.kronika_typwydarzenia_id_seq
    START WITH 1
    INCREMENT BY 1
    NO MINVALUE
    NO MAXVALUE
    CACHE 1
);


--
-- Name: kronika_typwydarzeniahistorycznego; Type: TABLE; Schema: public; Owner: projectuser
--

CREATE TABLE public.kronika_typwydarzeniahistorycznego (
    id bigint NOT NULL,
    typ character varying(40) NOT NULL
);


ALTER TABLE public.kronika_typwydarzeniahistorycznego OWNER TO projectuser;

--
-- Name: kronika_typwydarzeniahistorycznego_id_seq; Type: SEQUENCE; Schema: public; Owner: projectuser
--

ALTER TABLE public.kronika_typwydarzeniahistorycznego ALTER COLUMN id ADD GENERATED BY DEFAULT AS IDENTITY (
    SEQUENCE NAME public.kronika_typwydarzeniahistorycznego_id_seq
    START WITH 1
    INCREMENT BY 1
    NO MINVALUE
    NO MAXVALUE
    CACHE 1
);


--
-- Name: kronika_typwyjazdu_id_seq; Type: SEQUENCE; Schema: public; Owner: projectuser
--

ALTER TABLE public.kalendarz_typwyjazdu ALTER COLUMN id ADD GENERATED BY DEFAULT AS IDENTITY (
    SEQUENCE NAME public.kronika_typwyjazdu_id_seq
    START WITH 1
    INCREMENT BY 1
    NO MINVALUE
    NO MAXVALUE
    CACHE 1
);


--
-- Name: kronika_wydarzenie_id_seq; Type: SEQUENCE; Schema: public; Owner: projectuser
--

ALTER TABLE public.kalendarz_wydarzenie ALTER COLUMN id ADD GENERATED BY DEFAULT AS IDENTITY (
    SEQUENCE NAME public.kronika_wydarzenie_id_seq
    START WITH 1
    INCREMENT BY 1
    NO MINVALUE
    NO MAXVALUE
    CACHE 1
);


--
-- Name: kronika_wydarzenie_miejsca_id_seq; Type: SEQUENCE; Schema: public; Owner: projectuser
--

ALTER TABLE public.kalendarz_wydarzenie_miejsca ALTER COLUMN id ADD GENERATED BY DEFAULT AS IDENTITY (
    SEQUENCE NAME public.kronika_wydarzenie_miejsca_id_seq
    START WITH 1
    INCREMENT BY 1
    NO MINVALUE
    NO MAXVALUE
    CACHE 1
);


--
-- Name: kronika_wydarzenie_uczestnicy_id_seq; Type: SEQUENCE; Schema: public; Owner: projectuser
--

ALTER TABLE public.kalendarz_wydarzenie_uczestnicy ALTER COLUMN id ADD GENERATED BY DEFAULT AS IDENTITY (
    SEQUENCE NAME public.kronika_wydarzenie_uczestnicy_id_seq
    START WITH 1
    INCREMENT BY 1
    NO MINVALUE
    NO MAXVALUE
    CACHE 1
);


--
-- Name: kronika_wydarzeniehistoryczne; Type: TABLE; Schema: public; Owner: projectuser
--

CREATE TABLE public.kronika_wydarzeniehistoryczne (
    id bigint NOT NULL,
    nazwa character varying(100) NOT NULL,
    data date,
    opis text,
    typ_id bigint,
    wydarzenie_id bigint
);


ALTER TABLE public.kronika_wydarzeniehistoryczne OWNER TO projectuser;

--
-- Name: kronika_wydarzeniehistoryczne_id_seq; Type: SEQUENCE; Schema: public; Owner: projectuser
--

ALTER TABLE public.kronika_wydarzeniehistoryczne ALTER COLUMN id ADD GENERATED BY DEFAULT AS IDENTITY (
    SEQUENCE NAME public.kronika_wydarzeniehistoryczne_id_seq
    START WITH 1
    INCREMENT BY 1
    NO MINVALUE
    NO MAXVALUE
    CACHE 1
);


--
-- Name: kronika_wyjazd_obrazy_id_seq; Type: SEQUENCE; Schema: public; Owner: projectuser
--

ALTER TABLE public.kalendarz_wyjazd_obrazy ALTER COLUMN id ADD GENERATED BY DEFAULT AS IDENTITY (
    SEQUENCE NAME public.kronika_wyjazd_obrazy_id_seq
    START WITH 1
    INCREMENT BY 1
    NO MINVALUE
    NO MAXVALUE
    CACHE 1
);


--
-- Name: kronika_zdarzenie_id_seq; Type: SEQUENCE; Schema: public; Owner: projectuser
--

ALTER TABLE public.kalendarz_zdarzenie ALTER COLUMN id ADD GENERATED BY DEFAULT AS IDENTITY (
    SEQUENCE NAME public.kronika_zdarzenie_id_seq
    START WITH 1
    INCREMENT BY 1
    NO MINVALUE
    NO MAXVALUE
    CACHE 1
);


--
-- Name: kronika_zdarzenie_powiazane_osoby_id_seq; Type: SEQUENCE; Schema: public; Owner: projectuser
--

ALTER TABLE public.kalendarz_zdarzenie_powiazane_osoby ALTER COLUMN id ADD GENERATED BY DEFAULT AS IDENTITY (
    SEQUENCE NAME public.kronika_zdarzenie_powiazane_osoby_id_seq
    START WITH 1
    INCREMENT BY 1
    NO MINVALUE
    NO MAXVALUE
    CACHE 1
);


--
-- Name: miejsca_kraj; Type: TABLE; Schema: public; Owner: projectuser
--

CREATE TABLE public.miejsca_kraj (
    id bigint NOT NULL,
    kraj character varying(100) NOT NULL
);


ALTER TABLE public.miejsca_kraj OWNER TO projectuser;

--
-- Name: miejsca_kraj_id_seq; Type: SEQUENCE; Schema: public; Owner: projectuser
--

ALTER TABLE public.miejsca_kraj ALTER COLUMN id ADD GENERATED BY DEFAULT AS IDENTITY (
    SEQUENCE NAME public.miejsca_kraj_id_seq
    START WITH 1
    INCREMENT BY 1
    NO MINVALUE
    NO MAXVALUE
    CACHE 1
);


--
-- Name: miejsca_miejsce; Type: TABLE; Schema: public; Owner: projectuser
--

CREATE TABLE public.miejsca_miejsce (
    id bigint NOT NULL,
    nazwa character varying(255) NOT NULL,
    adres character varying(255) NOT NULL,
    typ_id bigint,
    zamkniete_na_stale boolean NOT NULL
);


ALTER TABLE public.miejsca_miejsce OWNER TO projectuser;

--
-- Name: miejsca_miejsce_id_seq; Type: SEQUENCE; Schema: public; Owner: projectuser
--

ALTER TABLE public.miejsca_miejsce ALTER COLUMN id ADD GENERATED BY DEFAULT AS IDENTITY (
    SEQUENCE NAME public.miejsca_miejsce_id_seq
    START WITH 1
    INCREMENT BY 1
    NO MINVALUE
    NO MAXVALUE
    CACHE 1
);


--
-- Name: miejsca_typmiejsca; Type: TABLE; Schema: public; Owner: projectuser
--

CREATE TABLE public.miejsca_typmiejsca (
    id bigint NOT NULL,
    nazwa character varying(100) NOT NULL
);


ALTER TABLE public.miejsca_typmiejsca OWNER TO projectuser;

--
-- Name: miejsca_typmiejsca_id_seq; Type: SEQUENCE; Schema: public; Owner: projectuser
--

ALTER TABLE public.miejsca_typmiejsca ALTER COLUMN id ADD GENERATED BY DEFAULT AS IDENTITY (
    SEQUENCE NAME public.miejsca_typmiejsca_id_seq
    START WITH 1
    INCREMENT BY 1
    NO MINVALUE
    NO MAXVALUE
    CACHE 1
);


--
-- Name: miejsca_uczelnia; Type: TABLE; Schema: public; Owner: projectuser
--

CREATE TABLE public.miejsca_uczelnia (
    id bigint NOT NULL,
    nazwa character varying(255) NOT NULL,
    akronim character varying(10) NOT NULL,
    kraj_id bigint
);


ALTER TABLE public.miejsca_uczelnia OWNER TO projectuser;

--
-- Name: miejsca_uczelnia_id_seq; Type: SEQUENCE; Schema: public; Owner: projectuser
--

ALTER TABLE public.miejsca_uczelnia ALTER COLUMN id ADD GENERATED BY DEFAULT AS IDENTITY (
    SEQUENCE NAME public.miejsca_uczelnia_id_seq
    START WITH 1
    INCREMENT BY 1
    NO MINVALUE
    NO MAXVALUE
    CACHE 1
);


--
-- Name: miejsca_wydzial; Type: TABLE; Schema: public; Owner: projectuser
--

CREATE TABLE public.miejsca_wydzial (
    id bigint NOT NULL,
    nazwa character varying(255) NOT NULL,
    skrot character varying(10) NOT NULL,
    uczelnia_id bigint
);


ALTER TABLE public.miejsca_wydzial OWNER TO projectuser;

--
-- Name: miejsca_wydzial_id_seq; Type: SEQUENCE; Schema: public; Owner: projectuser
--

ALTER TABLE public.miejsca_wydzial ALTER COLUMN id ADD GENERATED BY DEFAULT AS IDENTITY (
    SEQUENCE NAME public.miejsca_wydzial_id_seq
    START WITH 1
    INCREMENT BY 1
    NO MINVALUE
    NO MAXVALUE
    CACHE 1
);


--
-- Name: osoby_bean; Type: TABLE; Schema: public; Owner: projectuser
--

CREATE TABLE public.osoby_bean (
    osoba_ptr_id bigint NOT NULL,
    staz integer NOT NULL,
    pewnosc_stazu character varying NOT NULL,
    czapka_1_id bigint,
    czapka_2_id bigint,
    rodzic_1_id bigint,
    rodzic_2_id bigint
);


ALTER TABLE public.osoby_bean OWNER TO projectuser;

--
-- Name: osoby_czlonek; Type: TABLE; Schema: public; Owner: projectuser
--

CREATE TABLE public.osoby_czlonek (
    osoba_ptr_id bigint NOT NULL,
    staz integer NOT NULL,
    pewnosc_stazu character varying NOT NULL,
    aktywnosc character varying(1) NOT NULL,
    ochrzczony character varying(5) NOT NULL,
    rok_chrztu integer NOT NULL,
    miesiac_chrztu integer NOT NULL,
    dzien_chrztu integer NOT NULL,
    status character varying(5) NOT NULL,
    imie_piwne_1_wybor character varying(5) NOT NULL,
    imie_piwne_1 character varying(100) NOT NULL,
    imie_piwne_2_wybor character varying(5) NOT NULL,
    imie_piwne_2 character varying(100) NOT NULL,
    czapka_1_id bigint,
    czapka_2_id bigint,
    rodzic_1_id bigint,
    rodzic_2_id bigint,
    depositio_beanorum_id bigint
);


ALTER TABLE public.osoby_czlonek OWNER TO projectuser;

--
-- Name: osoby_dawnyzarzad; Type: TABLE; Schema: public; Owner: projectuser
--

CREATE TABLE public.osoby_dawnyzarzad (
    zarzad_ptr_id bigint NOT NULL,
    bibendi_id bigint,
    "kontakt_z_SKNHI_id" bigint,
    "kontakt_z_SSUJ_id" bigint,
    magister_disciplinae_id bigint
);


ALTER TABLE public.osoby_dawnyzarzad OWNER TO projectuser;

--
-- Name: osoby_innaosoba; Type: TABLE; Schema: public; Owner: projectuser
--

CREATE TABLE public.osoby_innaosoba (
    osoba_ptr_id bigint NOT NULL,
    opis text NOT NULL,
    kategoria character varying(10) NOT NULL,
    bractwo_do_ktorego_nalezy_id bigint
);


ALTER TABLE public.osoby_innaosoba OWNER TO projectuser;

--
-- Name: osoby_nowyzarzad; Type: TABLE; Schema: public; Owner: projectuser
--

CREATE TABLE public.osoby_nowyzarzad (
    zarzad_ptr_id bigint NOT NULL,
    sekretarz_id bigint
);


ALTER TABLE public.osoby_nowyzarzad OWNER TO projectuser;

--
-- Name: osoby_osoba; Type: TABLE; Schema: public; Owner: projectuser
--

CREATE TABLE public.osoby_osoba (
    id bigint NOT NULL,
    imie character varying(40) NOT NULL,
    nazwisko character varying(40) NOT NULL,
    przezwiska character varying(255)[] NOT NULL,
    polymorphic_ctype_id integer
);


ALTER TABLE public.osoby_osoba OWNER TO projectuser;

--
-- Name: osoby_osoba_id_seq; Type: SEQUENCE; Schema: public; Owner: projectuser
--

ALTER TABLE public.osoby_osoba ALTER COLUMN id ADD GENERATED BY DEFAULT AS IDENTITY (
    SEQUENCE NAME public.osoby_osoba_id_seq
    START WITH 188
    INCREMENT BY 1
    NO MINVALUE
    NO MAXVALUE
    CACHE 1
);


--
-- Name: osoby_zarzad; Type: TABLE; Schema: public; Owner: projectuser
--

CREATE TABLE public.osoby_zarzad (
    id bigint NOT NULL,
    cantandi_id bigint,
    kadencja_id bigint,
    kasztelan_id bigint,
    polymorphic_ctype_id integer,
    skarbnik_id bigint,
    wielki_mistrz_id bigint
);


ALTER TABLE public.osoby_zarzad OWNER TO projectuser;

--
-- Name: osoby_zarzad_id_seq; Type: SEQUENCE; Schema: public; Owner: projectuser
--

ALTER TABLE public.osoby_zarzad ALTER COLUMN id ADD GENERATED BY DEFAULT AS IDENTITY (
    SEQUENCE NAME public.osoby_zarzad_id_seq
    START WITH 1
    INCREMENT BY 1
    NO MINVALUE
    NO MAXVALUE
    CACHE 1
);


--
-- Name: prawo_podmiot; Type: TABLE; Schema: public; Owner: projectuser
--

CREATE TABLE public.prawo_podmiot (
    id bigint NOT NULL,
    nazwa character varying(40) NOT NULL,
    polymorphic_ctype_id integer,
    aktualne boolean NOT NULL
);


ALTER TABLE public.prawo_podmiot OWNER TO projectuser;

--
-- Name: prawo_podmiot_id_seq; Type: SEQUENCE; Schema: public; Owner: projectuser
--

ALTER TABLE public.prawo_podmiot ALTER COLUMN id ADD GENERATED BY DEFAULT AS IDENTITY (
    SEQUENCE NAME public.prawo_podmiot_id_seq
    START WITH 1
    INCREMENT BY 1
    NO MINVALUE
    NO MAXVALUE
    CACHE 1
);


--
-- Name: prawo_relacjaprawna; Type: TABLE; Schema: public; Owner: projectuser
--

CREATE TABLE public.prawo_relacjaprawna (
    id bigint NOT NULL,
    prawo_czy_obowiazek character varying(1) NOT NULL,
    dokument_id bigint,
    tresc text NOT NULL,
    przedawnione boolean NOT NULL
);


ALTER TABLE public.prawo_relacjaprawna OWNER TO projectuser;

--
-- Name: prawo_relacjaprawna_id_seq; Type: SEQUENCE; Schema: public; Owner: projectuser
--

ALTER TABLE public.prawo_relacjaprawna ALTER COLUMN id ADD GENERATED BY DEFAULT AS IDENTITY (
    SEQUENCE NAME public.prawo_relacjaprawna_id_seq
    START WITH 1
    INCREMENT BY 1
    NO MINVALUE
    NO MAXVALUE
    CACHE 1
);


--
-- Name: prawo_relacjaprawna_podmiot; Type: TABLE; Schema: public; Owner: projectuser
--

CREATE TABLE public.prawo_relacjaprawna_podmiot (
    id bigint NOT NULL,
    relacjaprawna_id bigint NOT NULL,
    podmiot_id bigint NOT NULL
);


ALTER TABLE public.prawo_relacjaprawna_podmiot OWNER TO projectuser;

--
-- Name: prawo_relacjaprawna_podmiot_id_seq; Type: SEQUENCE; Schema: public; Owner: projectuser
--

ALTER TABLE public.prawo_relacjaprawna_podmiot ALTER COLUMN id ADD GENERATED BY DEFAULT AS IDENTITY (
    SEQUENCE NAME public.prawo_relacjaprawna_podmiot_id_seq
    START WITH 1
    INCREMENT BY 1
    NO MINVALUE
    NO MAXVALUE
    CACHE 1
);


--
-- Name: prawo_rola; Type: TABLE; Schema: public; Owner: projectuser
--

CREATE TABLE public.prawo_rola (
    podmiot_ptr_id bigint NOT NULL
);


ALTER TABLE public.prawo_rola OWNER TO projectuser;

--
-- Name: prawo_struktura; Type: TABLE; Schema: public; Owner: projectuser
--

CREATE TABLE public.prawo_struktura (
    podmiot_ptr_id bigint NOT NULL
);


ALTER TABLE public.prawo_struktura OWNER TO projectuser;

--
-- Name: slowniczek_lacinski_zwrot; Type: TABLE; Schema: public; Owner: projectuser
--

CREATE TABLE public.slowniczek_lacinski_zwrot (
    id bigint NOT NULL,
    zwrot character varying(255) NOT NULL,
    tlumaczenie character varying(255) NOT NULL,
    uzywany_na_karczmie boolean NOT NULL
);


ALTER TABLE public.slowniczek_lacinski_zwrot OWNER TO projectuser;

--
-- Name: slowniczek_lacinski_zwrot_id_seq; Type: SEQUENCE; Schema: public; Owner: projectuser
--

ALTER TABLE public.slowniczek_lacinski_zwrot ALTER COLUMN id ADD GENERATED BY DEFAULT AS IDENTITY (
    SEQUENCE NAME public.slowniczek_lacinski_zwrot_id_seq
    START WITH 1
    INCREMENT BY 1
    NO MINVALUE
    NO MAXVALUE
    CACHE 1
);


--
-- Name: zrodla_dokument; Type: TABLE; Schema: public; Owner: projectuser
--

CREATE TABLE public.zrodla_dokument (
    data date,
    streszczenie text NOT NULL,
    zrodlo_ptr_id bigint NOT NULL
);


ALTER TABLE public.zrodla_dokument OWNER TO projectuser;

--
-- Name: zrodla_edykt; Type: TABLE; Schema: public; Owner: projectuser
--

CREATE TABLE public.zrodla_edykt (
    dokument_ptr_id bigint NOT NULL,
    numer integer
);


ALTER TABLE public.zrodla_edykt OWNER TO projectuser;

--
-- Name: zrodla_ukaz; Type: TABLE; Schema: public; Owner: projectuser
--

CREATE TABLE public.zrodla_ukaz (
    dokument_ptr_id bigint NOT NULL,
    numer integer
);


ALTER TABLE public.zrodla_ukaz OWNER TO projectuser;

--
-- Name: zrodla_zrodlo; Type: TABLE; Schema: public; Owner: projectuser
--

CREATE TABLE public.zrodla_zrodlo (
    id bigint NOT NULL,
    tytul character varying(255) NOT NULL,
    polymorphic_ctype_id integer,
    plik character varying(100) NOT NULL
);


ALTER TABLE public.zrodla_zrodlo OWNER TO projectuser;

--
-- Name: zrodla_zrodlo_autorzy; Type: TABLE; Schema: public; Owner: projectuser
--

CREATE TABLE public.zrodla_zrodlo_autorzy (
    id bigint NOT NULL,
    zrodlo_id bigint NOT NULL,
    osoba_id bigint NOT NULL
);


ALTER TABLE public.zrodla_zrodlo_autorzy OWNER TO projectuser;

--
-- Name: zrodla_zrodlo_autorzy_id_seq; Type: SEQUENCE; Schema: public; Owner: projectuser
--

ALTER TABLE public.zrodla_zrodlo_autorzy ALTER COLUMN id ADD GENERATED BY DEFAULT AS IDENTITY (
    SEQUENCE NAME public.zrodla_zrodlo_autorzy_id_seq
    START WITH 1
    INCREMENT BY 1
    NO MINVALUE
    NO MAXVALUE
    CACHE 1
);


--
-- Name: zrodla_zrodlo_id_seq; Type: SEQUENCE; Schema: public; Owner: projectuser
--

ALTER TABLE public.zrodla_zrodlo ALTER COLUMN id ADD GENERATED BY DEFAULT AS IDENTITY (
    SEQUENCE NAME public.zrodla_zrodlo_id_seq
    START WITH 1
    INCREMENT BY 1
    NO MINVALUE
    NO MAXVALUE
    CACHE 1
);


--
-- Name: zrodla_zrodloogolne; Type: TABLE; Schema: public; Owner: projectuser
--

CREATE TABLE public.zrodla_zrodloogolne (
    gdzie_znalezc text NOT NULL,
    zrodlo_ptr_id bigint NOT NULL,
    zawartosc text NOT NULL
);


ALTER TABLE public.zrodla_zrodloogolne OWNER TO projectuser;

--
-- Data for Name: admin_interface_theme; Type: TABLE DATA; Schema: public; Owner: projectuser
--

COPY public.admin_interface_theme (id, name, active, title, title_visible, logo, logo_visible, css_header_background_color, title_color, css_header_text_color, css_header_link_color, css_header_link_hover_color, css_module_background_color, css_module_text_color, css_module_link_color, css_module_link_hover_color, css_module_rounded_corners, css_generic_link_color, css_generic_link_hover_color, css_save_button_background_color, css_save_button_background_hover_color, css_save_button_text_color, css_delete_button_background_color, css_delete_button_background_hover_color, css_delete_button_text_color, list_filter_dropdown, related_modal_active, related_modal_background_color, related_modal_rounded_corners, logo_color, recent_actions_visible, favicon, related_modal_background_opacity, env_name, env_visible_in_header, env_color, env_visible_in_favicon, related_modal_close_button_visible, language_chooser_active, language_chooser_display, list_filter_sticky, form_pagination_sticky, form_submit_sticky, css_module_background_selected_color, css_module_link_selected_color, logo_max_height, logo_max_width, foldable_apps, language_chooser_control, list_filter_highlight, list_filter_removal_links, show_fieldsets_as_tabs, show_inlines_as_tabs, css_generic_link_active_color, collapsible_stacked_inlines, collapsible_stacked_inlines_collapsed, collapsible_tabular_inlines, collapsible_tabular_inlines_collapsed) FROM stdin;
2	Django	t	Django administration	t		t	#417690	#F5DD5D	#6baecd	#FFFFFF	#C9F0DD	#44B78B	#FFFFFF	#FFFFFF	#C9F0DD	t	#0C3C26	#156641	#0C4B33	#0C3C26	#FFFFFF	#BA2121	#A41515	#FFFFFF	t	t	#000000	t	#FFFFFF	t		0.3		t	#E74C3C	t	t	t	code	t	f	f	#FFFFCC	#FFFFFF	100	400	t	default-select	t	f	f	f	#29B864	f	t	f	t
\.


--
-- Data for Name: auth_group; Type: TABLE DATA; Schema: public; Owner: projectuser
--

COPY public.auth_group (id, name) FROM stdin;
\.


--
-- Data for Name: auth_group_permissions; Type: TABLE DATA; Schema: public; Owner: projectuser
--

COPY public.auth_group_permissions (id, group_id, permission_id) FROM stdin;
\.


--
-- Data for Name: auth_permission; Type: TABLE DATA; Schema: public; Owner: projectuser
--

COPY public.auth_permission (id, name, content_type_id, codename) FROM stdin;
1	Can add log entry	1	add_logentry
2	Can change log entry	1	change_logentry
3	Can delete log entry	1	delete_logentry
4	Can view log entry	1	view_logentry
5	Can add permission	2	add_permission
6	Can change permission	2	change_permission
7	Can delete permission	2	delete_permission
8	Can view permission	2	view_permission
9	Can add group	3	add_group
10	Can change group	3	change_group
11	Can delete group	3	delete_group
12	Can view group	3	view_group
13	Can add user	4	add_user
14	Can change user	4	change_user
15	Can delete user	4	delete_user
16	Can view user	4	view_user
17	Can add content type	5	add_contenttype
18	Can change content type	5	change_contenttype
19	Can delete content type	5	delete_contenttype
20	Can view content type	5	view_contenttype
21	Can add session	6	add_session
22	Can change session	6	change_session
23	Can delete session	6	delete_session
24	Can view session	6	view_session
57	Can add Kadencja	14	add_kadencja
58	Can change Kadencja	14	change_kadencja
59	Can delete Kadencja	14	delete_kadencja
60	Can view Kadencja	14	view_kadencja
61	Can add Proces	15	add_proces
62	Can change Proces	15	change_proces
63	Can delete Proces	15	delete_proces
64	Can view Proces	15	view_proces
65	Can add Miejsce	16	add_miejsce
66	Can change Miejsce	16	change_miejsce
67	Can delete Miejsce	16	delete_miejsce
68	Can view Miejsce	16	view_miejsce
69	Can add Spotkanie czapkowe	17	add_spotkanieczapkowe
70	Can change Spotkanie czapkowe	17	change_spotkanieczapkowe
71	Can delete Spotkanie czapkowe	17	delete_spotkanieczapkowe
72	Can view Spotkanie czapkowe	17	view_spotkanieczapkowe
73	Can add wyjazd	18	add_wyjazd
74	Can change wyjazd	18	change_wyjazd
75	Can delete wyjazd	18	delete_wyjazd
76	Can view wyjazd	18	view_wyjazd
77	Can add Wydarzenie	19	add_wydarzenie
78	Can change Wydarzenie	19	change_wydarzenie
79	Can delete Wydarzenie	19	delete_wydarzenie
80	Can view Wydarzenie	19	view_wydarzenie
81	Can add Zdarzenie	20	add_zdarzenie
82	Can change Zdarzenie	20	change_zdarzenie
83	Can delete Zdarzenie	20	delete_zdarzenie
84	Can view Zdarzenie	20	view_zdarzenie
97	Can add Uczestnictwo	24	add_uczestnictwo
98	Can change Uczestnictwo	24	change_uczestnictwo
99	Can delete Uczestnictwo	24	delete_uczestnictwo
100	Can view Uczestnictwo	24	view_uczestnictwo
101	Can add Zdjcie z wydarzenia	25	add_obrazwydarzenie
102	Can change Zdjcie z wydarzenia	25	change_obrazwydarzenie
103	Can delete Zdjcie z wydarzenia	25	delete_obrazwydarzenie
104	Can view Zdjcie z wydarzenia	25	view_obrazwydarzenie
105	Can add Tradycja	26	add_tradycja
106	Can change Tradycja	26	change_tradycja
107	Can delete Tradycja	26	delete_tradycja
108	Can view Tradycja	26	view_tradycja
113	Can add Tradycja innego bractwa	28	add_tradycjainnegobractwa
114	Can change Tradycja innego bractwa	28	change_tradycjainnegobractwa
115	Can delete Tradycja innego bractwa	28	delete_tradycjainnegobractwa
116	Can view Tradycja innego bractwa	28	view_tradycjainnegobractwa
117	Can add Tradycja	29	add_tradycjabcs
118	Can change Tradycja	29	change_tradycjabcs
119	Can delete Tradycja	29	delete_tradycjabcs
120	Can view Tradycja	29	view_tradycjabcs
125	Can add Osoba	24	add_osoby
126	Can change Osoba	24	change_osoby
127	Can delete Osoba	24	delete_osoby
128	Can view Osoba	24	view_osoby
129	Can add bractwo	31	add_bractwo
130	Can change bractwo	31	change_bractwo
131	Can delete bractwo	31	delete_bractwo
132	Can view bractwo	31	view_bractwo
133	Can add lengths	32	add_lengths
134	Can change lengths	32	change_lengths
135	Can delete lengths	32	delete_lengths
136	Can view lengths	32	view_lengths
137	Can add Okazja	33	add_okazja
138	Can change Okazja	33	change_okazja
139	Can delete Okazja	33	delete_okazja
140	Can view Okazja	33	view_okazja
141	Can add Zdjcie ze zdarzenia	34	add_obrazzdarzenie
142	Can change Zdjcie ze zdarzenia	34	change_obrazzdarzenie
143	Can delete Zdjcie ze zdarzenia	34	delete_obrazzdarzenie
144	Can view Zdjcie ze zdarzenia	34	view_obrazzdarzenie
145	Can add Zdjcie z wyjazdu	35	add_obrazwyjazd
146	Can change Zdjcie z wyjazdu	35	change_obrazwyjazd
147	Can delete Zdjcie z wyjazdu	35	delete_obrazwyjazd
148	Can view Zdjcie z wyjazdu	35	view_obrazwyjazd
153	Can add Theme	37	add_theme
154	Can change Theme	37	change_theme
155	Can delete Theme	37	delete_theme
156	Can view Theme	37	view_theme
157	Can add Charakterystyka dziaa Zarzdu	38	add_charakterystykadzialanzarzadu
158	Can change Charakterystyka dziaa Zarzdu	38	change_charakterystykadzialanzarzadu
159	Can delete Charakterystyka dziaa Zarzdu	38	delete_charakterystykadzialanzarzadu
160	Can view Charakterystyka dziaa Zarzdu	38	view_charakterystykadzialanzarzadu
161	Can add Zwyczaj	39	add_zwyczaj
162	Can change Zwyczaj	39	change_zwyczaj
163	Can delete Zwyczaj	39	delete_zwyczaj
164	Can view Zwyczaj	39	view_zwyczaj
165	Can add Powiedzenie	40	add_powiedzenie
166	Can change Powiedzenie	40	change_powiedzenie
167	Can delete Powiedzenie	40	delete_powiedzenie
168	Can view Powiedzenie	40	view_powiedzenie
169	Can add Pojcie	41	add_pojecie
170	Can change Pojcie	41	change_pojecie
171	Can delete Pojcie	41	delete_pojecie
172	Can view Pojcie	41	view_pojecie
173	Can add rdo	42	add_zrodlo
174	Can change rdo	42	change_zrodlo
175	Can delete rdo	42	delete_zrodlo
176	Can view rdo	42	view_zrodlo
177	Can add Uczelnia	44	add_uczelnia
178	Can change Uczelnia	44	change_uczelnia
179	Can delete Uczelnia	44	delete_uczelnia
180	Can view Uczelnia	44	view_uczelnia
181	Can add Wydzia	45	add_wydzial
182	Can change Wydzia	45	change_wydzial
183	Can delete Wydzia	45	delete_wydzial
184	Can view Wydzia	45	view_wydzial
185	Can add Kraj	46	add_kraj
186	Can change Kraj	46	change_kraj
187	Can delete Kraj	46	delete_kraj
188	Can view Kraj	46	view_kraj
189	Can add Czapka	47	add_czapka
190	Can change Czapka	47	change_czapka
191	Can delete Czapka	47	delete_czapka
192	Can view Czapka	47	view_czapka
193	Can add Typ miejsca	49	add_typmiejsca
194	Can change Typ miejsca	49	change_typmiejsca
195	Can delete Typ miejsca	49	delete_typmiejsca
196	Can view Typ miejsca	49	view_typmiejsca
197	Can add Miejsce	48	add_miejsce
198	Can change Miejsce	48	change_miejsce
199	Can delete Miejsce	48	delete_miejsce
200	Can view Miejsce	48	view_miejsce
201	Can add Rodzaj czapki studenckiej	50	add_rodzajczapki
202	Can change Rodzaj czapki studenckiej	50	change_rodzajczapki
203	Can delete Rodzaj czapki studenckiej	50	delete_rodzajczapki
204	Can view Rodzaj czapki studenckiej	50	view_rodzajczapki
205	Can add Grupa bractw	51	add_grupabractw
206	Can change Grupa bractw	51	change_grupabractw
207	Can delete Grupa bractw	51	delete_grupabractw
208	Can view Grupa bractw	51	view_grupabractw
237	Can add Czapka	55	add_czapka
238	Can change Czapka	55	change_czapka
239	Can delete Czapka	55	delete_czapka
240	Can view Czapka	55	view_czapka
241	Can add Inna osoba	56	add_innaosoba
242	Can change Inna osoba	56	change_innaosoba
243	Can delete Inna osoba	56	delete_innaosoba
244	Can view Inna osoba	56	view_innaosoba
245	Can add Osoba	57	add_osoby
246	Can change Osoba	57	change_osoby
247	Can delete Osoba	57	delete_osoby
248	Can view Osoba	57	view_osoby
249	Can add Wielki Mistrz	58	add_wielkimistrz
250	Can change Wielki Mistrz	58	change_wielkimistrz
251	Can delete Wielki Mistrz	58	delete_wielkimistrz
252	Can view Wielki Mistrz	58	view_wielkimistrz
253	Can add Zarzd	59	add_zarzad
254	Can change Zarzd	59	change_zarzad
255	Can delete Zarzd	59	delete_zarzad
256	Can view Zarzd	59	view_zarzad
257	Can add Czonek	60	add_czlonek
258	Can change Czonek	60	change_czlonek
259	Can delete Czonek	60	delete_czlonek
260	Can view Czonek	60	view_czlonek
261	Can add Bean	61	add_bean
262	Can change Bean	61	change_bean
263	Can delete Bean	61	delete_bean
264	Can view Bean	61	view_bean
265	Can add Dawny Zarzd	62	add_dawnyzarzad
266	Can change Dawny Zarzd	62	change_dawnyzarzad
267	Can delete Dawny Zarzd	62	delete_dawnyzarzad
268	Can view Dawny Zarzd	62	view_dawnyzarzad
269	Can add Hall of Fame	63	add_halloffame
270	Can change Hall of Fame	63	change_halloffame
271	Can delete Hall of Fame	63	delete_halloffame
272	Can view Hall of Fame	63	view_halloffame
273	Can add Imi szlacheckie	64	add_imieszlacheckie
274	Can change Imi szlacheckie	64	change_imieszlacheckie
275	Can delete Imi szlacheckie	64	delete_imieszlacheckie
276	Can view Imi szlacheckie	64	view_imieszlacheckie
277	Can add Zwierz czapkowe	65	add_zwierzeczapkowe
278	Can change Zwierz czapkowe	65	change_zwierzeczapkowe
279	Can delete Zwierz czapkowe	65	delete_zwierzeczapkowe
280	Can view Zwierz czapkowe	65	view_zwierzeczapkowe
281	Can add Czonek	66	add_oldczlonek
282	Can change Czonek	66	change_oldczlonek
283	Can delete Czonek	66	delete_oldczlonek
284	Can view Czonek	66	view_oldczlonek
285	Can add Bean	67	add_oldbean
286	Can change Bean	67	change_oldbean
287	Can delete Bean	67	delete_oldbean
288	Can view Bean	67	view_oldbean
289	Can add Inna osoba	68	add_innaoldosoba
290	Can change Inna osoba	68	change_innaoldosoba
291	Can delete Inna osoba	68	delete_innaoldosoba
292	Can view Inna osoba	68	view_innaoldosoba
293	Can add osoba	69	add_osoba
294	Can change osoba	69	change_osoba
295	Can delete osoba	69	delete_osoba
296	Can view osoba	69	view_osoba
297	Can add Typ wydarzenia	70	add_typwydarzenia
298	Can change Typ wydarzenia	70	change_typwydarzenia
299	Can delete Typ wydarzenia	70	delete_typwydarzenia
300	Can view Typ wydarzenia	70	view_typwydarzenia
301	Can add Typ wyjazdu	71	add_typwyjazdu
302	Can change Typ wyjazdu	71	change_typwyjazdu
303	Can delete Typ wyjazdu	71	delete_typwyjazdu
304	Can view Typ wyjazdu	71	view_typwyjazdu
305	Can add Zdjcie ze zdarzenia	72	add_obrazzdarzenie
306	Can change Zdjcie ze zdarzenia	72	change_obrazzdarzenie
307	Can delete Zdjcie ze zdarzenia	72	delete_obrazzdarzenie
308	Can view Zdjcie ze zdarzenia	72	view_obrazzdarzenie
309	Can add Zdarzenie	73	add_zdarzenie
310	Can change Zdarzenie	73	change_zdarzenie
311	Can delete Zdarzenie	73	delete_zdarzenie
312	Can view Zdarzenie	73	view_zdarzenie
313	Can add Typ wydarzenia	74	add_typwydarzenia
314	Can change Typ wydarzenia	74	change_typwydarzenia
315	Can delete Typ wydarzenia	74	delete_typwydarzenia
316	Can view Typ wydarzenia	74	view_typwydarzenia
317	Can add Wydarzenie	75	add_wydarzenie
318	Can change Wydarzenie	75	change_wydarzenie
319	Can delete Wydarzenie	75	delete_wydarzenie
320	Can view Wydarzenie	75	view_wydarzenie
321	Can add Typ wyjazdu	76	add_typwyjazdu
322	Can change Typ wyjazdu	76	change_typwyjazdu
323	Can delete Typ wyjazdu	76	delete_typwyjazdu
324	Can view Typ wyjazdu	76	view_typwyjazdu
325	Can add Zdjcie z wydarzenia	77	add_obrazwydarzenie
326	Can change Zdjcie z wydarzenia	77	change_obrazwydarzenie
327	Can delete Zdjcie z wydarzenia	77	delete_obrazwydarzenie
328	Can view Zdjcie z wydarzenia	77	view_obrazwydarzenie
329	Can add Podmiot	78	add_podmiot
330	Can change Podmiot	78	change_podmiot
331	Can delete Podmiot	78	delete_podmiot
332	Can view Podmiot	78	view_podmiot
333	Can add Dokument	79	add_dokument
334	Can change Dokument	79	change_dokument
335	Can delete Dokument	79	delete_dokument
336	Can view Dokument	79	view_dokument
337	Can add Rola jednostki w Bractwie	80	add_rola
338	Can change Rola jednostki w Bractwie	80	change_rola
339	Can delete Rola jednostki w Bractwie	80	delete_rola
340	Can view Rola jednostki w Bractwie	80	view_rola
341	Can add Struktura w Bractwie	81	add_struktura
342	Can change Struktura w Bractwie	81	change_struktura
343	Can delete Struktura w Bractwie	81	delete_struktura
344	Can view Struktura w Bractwie	81	view_struktura
345	Can add Ukaz	82	add_ukaz
346	Can change Ukaz	82	change_ukaz
347	Can delete Ukaz	82	delete_ukaz
348	Can view Ukaz	82	view_ukaz
349	Can add Relacja prawna	83	add_relacjaprawna
350	Can change Relacja prawna	83	change_relacjaprawna
351	Can delete Relacja prawna	83	delete_relacjaprawna
352	Can view Relacja prawna	83	view_relacjaprawna
353	Can add Edykt	84	add_edykt
354	Can change Edykt	84	change_edykt
355	Can delete Edykt	84	delete_edykt
356	Can view Edykt	84	view_edykt
357	Can add Dokument	85	add_dokument
358	Can change Dokument	85	change_dokument
359	Can delete Dokument	85	delete_dokument
360	Can view Dokument	85	view_dokument
361	Can add Edykt	86	add_edykt
362	Can change Edykt	86	change_edykt
363	Can delete Edykt	86	delete_edykt
364	Can view Edykt	86	view_edykt
365	Can add Ukaz	87	add_ukaz
366	Can change Ukaz	87	change_ukaz
367	Can delete Ukaz	87	delete_ukaz
368	Can view Ukaz	87	view_ukaz
369	Can add Typ wydarzenia historycznego	88	add_typwydarzeniahistorycznego
370	Can change Typ wydarzenia historycznego	88	change_typwydarzeniahistorycznego
371	Can delete Typ wydarzenia historycznego	88	delete_typwydarzeniahistorycznego
372	Can view Typ wydarzenia historycznego	88	view_typwydarzeniahistorycznego
373	Can add Wydarzenie historyczne	89	add_wydarzeniehistoryczne
374	Can change Wydarzenie historyczne	89	change_wydarzeniehistoryczne
375	Can delete Wydarzenie historyczne	89	delete_wydarzeniehistoryczne
376	Can view Wydarzenie historyczne	89	view_wydarzeniehistoryczne
377	Can add Kadencja	90	add_kadencja
378	Can change Kadencja	90	change_kadencja
379	Can delete Kadencja	90	delete_kadencja
380	Can view Kadencja	90	view_kadencja
381	Can add Zwrot	91	add_zwrot
382	Can change Zwrot	91	change_zwrot
383	Can delete Zwrot	91	delete_zwrot
384	Can view Zwrot	91	view_zwrot
385	Can add Dokument	92	add_dokument
386	Can change Dokument	92	change_dokument
387	Can delete Dokument	92	delete_dokument
388	Can view Dokument	92	view_dokument
389	Can add Ukaz	93	add_ukaz
390	Can change Ukaz	93	change_ukaz
391	Can delete Ukaz	93	delete_ukaz
392	Can view Ukaz	93	view_ukaz
393	Can add Edykt	94	add_edykt
394	Can change Edykt	94	change_edykt
395	Can delete Edykt	94	delete_edykt
396	Can view Edykt	94	view_edykt
397	Can add rdo	95	add_zrodlo
398	Can change rdo	95	change_zrodlo
399	Can delete rdo	95	delete_zrodlo
400	Can view rdo	95	view_zrodlo
401	Can add rdo	95	add_zrodloogolne
402	Can change rdo	95	change_zrodloogolne
403	Can delete rdo	95	delete_zrodloogolne
404	Can view rdo	95	view_zrodloogolne
405	Can add rdo	96	add_zrodlo
406	Can change rdo	96	change_zrodlo
407	Can delete rdo	96	delete_zrodlo
408	Can view rdo	96	view_zrodlo
409	Can add Powiedzenie	97	add_cytat
410	Can change Powiedzenie	97	change_cytat
411	Can delete Powiedzenie	97	delete_cytat
412	Can view Powiedzenie	97	view_cytat
413	Can add Aforyzm	98	add_aforyzm
414	Can change Aforyzm	98	change_aforyzm
415	Can delete Aforyzm	98	delete_aforyzm
416	Can view Aforyzm	98	view_aforyzm
417	Can add Zarzd	59	add_nowyzarzad
418	Can change Zarzd	59	change_nowyzarzad
419	Can delete Zarzd	59	delete_nowyzarzad
420	Can view Zarzd	59	view_nowyzarzad
421	Can add Zarzd	99	add_zarzad
422	Can change Zarzd	99	change_zarzad
423	Can delete Zarzd	99	delete_zarzad
424	Can view Zarzd	99	view_zarzad
425	Can add Charakterystyka dziaa Zarzdu	38	add_podsumowaniekadencji
426	Can change Charakterystyka dziaa Zarzdu	38	change_podsumowaniekadencji
427	Can delete Charakterystyka dziaa Zarzdu	38	delete_podsumowaniekadencji
428	Can view Charakterystyka dziaa Zarzdu	38	view_podsumowaniekadencji
\.


--
-- Data for Name: auth_user; Type: TABLE DATA; Schema: public; Owner: projectuser
--

COPY public.auth_user (id, password, last_login, is_superuser, username, first_name, last_name, email, is_staff, is_active, date_joined) FROM stdin;
1	pbkdf2_sha256$1000000$bdAQ18OKZo45dFlh7hAEwE$005aAXs804ZC9vS8SKlivntIyi/ohNzgoCxhiPb1cdI=	2025-07-16 16:32:10.778583+02	t	szymon				t	t	2025-04-24 10:18:46.707558+02
\.


--
-- Data for Name: auth_user_groups; Type: TABLE DATA; Schema: public; Owner: projectuser
--

COPY public.auth_user_groups (id, user_id, group_id) FROM stdin;
\.


--
-- Data for Name: auth_user_user_permissions; Type: TABLE DATA; Schema: public; Owner: projectuser
--

COPY public.auth_user_user_permissions (id, user_id, permission_id) FROM stdin;
\.


--
-- Data for Name: czapki_czapka; Type: TABLE DATA; Schema: public; Owner: projectuser
--

COPY public.czapki_czapka (id, kolor, wydzial_id, inny_powod) FROM stdin;
1	bordowa	3	
2	czarna	1	
3	brzowa	15	
4	ecr	18	
5	fioletowa	10	
6	granatowa	8	
7	karminowa	17	
8	fioletowa z niebieskim otokiem	14	
9	granatowa z niebieskim otokiem	9	
10	granatowa z niebieskim otokiem	9	
11	pomaraczowy	\N	Honorowa
12	srebrna	13	
13	szmaragdowa	19	
14	szmaragdowa	19	
15	niebieska	7	
16	bordowa z zielonym otokiem	5	
17	fioletowa z zielonym otokiem	20	
18	ta	11	
19	ta	11	
20	czarna z zielonym otokiem	26	
21	czarna z niebieskim otokiem	27	
22	czarna z niebieskim otokiem	27	
23	granatowa	28	
24	granatowa z czerwonym otokiem	29	
25	granatowa z czarnym otokiem	30	
26	biaa z amarantowym otokiem	32	
27	granatowa z napisem "UNIWERSYTET LSKI"	34	
28	szmaragdowa	36	
29	Nie wiem	23	
30	Nie dotyczy	24	
31	niebieska	22	
32	niebieska	22	
33	bordowa z granatowym otokiem	4	
34	zielona	16	
35	srebrna z granatowym otokiem	21	
36	zielona z bordowym otokiem	37	
\.


--
-- Data for Name: czapki_rodzajczapki; Type: TABLE DATA; Schema: public; Owner: projectuser
--

COPY public.czapki_rodzajczapki (id, nazwa, powod_koloru) FROM stdin;
1	Calotte	
2	Czapka	Od wydziau lub uczelni
3	Faluch	
4	Feluca	Od kierunku studiw
\.


--
-- Data for Name: czapki_rodzajczapki_kraje; Type: TABLE DATA; Schema: public; Owner: projectuser
--

COPY public.czapki_rodzajczapki_kraje (id, rodzajczapki_id, kraj_id) FROM stdin;
1	1	5
2	2	1
3	3	8
4	4	11
\.


--
-- Data for Name: django_admin_log; Type: TABLE DATA; Schema: public; Owner: projectuser
--

COPY public.django_admin_log (id, action_time, object_id, object_repr, action_flag, change_message, content_type_id, user_id) FROM stdin;
1588	2025-07-21 15:13:24.35699+02	4	Kacper "Szogun/Czwarty Wilk Noboda" Wilk	2	[{"changed": {"fields": ["przezwiska"]}}]	61	1
1610	2025-07-21 15:58:54.599599+02	19	Uaskie Zdrowie	1	[{"added": {}}]	70	1
1631	2025-07-21 16:57:15.460648+02	8	2025-05-14: Uroczysto "Uniwersytecki Dzie Pamici"	2	[{"changed": {"fields": ["Typ wydarzenia"]}}]	19	1
1652	2025-07-21 17:07:04.634107+02	3	2010-01-28: Karczma "Pierwsza karczma"	2	[{"changed": {"fields": ["Typ wydarzenia"]}}]	19	1
1672	2025-07-21 21:17:13.185296+02	33	Piwnica przy Grodzkiej - Piwnica, Grodzka 53, 33-332 Krakw, Polska	1	[{"added": {}}]	48	1
1691	2025-07-21 22:19:48.194381+02	13	Kopiec Kociuszki - Obiekt kultury, al. Waszyngtona 1, 30-204 Krakw, Polska	2	[{"changed": {"fields": ["Adres"]}}]	48	1
1711	2025-07-21 23:06:52.333235+02	37	2011-07-04: Koncert "Koncert Jurka Boyka"	1	[{"added": {}}]	19	1
1730	2025-07-21 23:37:12.261921+02	42	2011-10-01: Reaktywacja "Czapka Reactivation Party 2"	2	[]	19	1
1749	2025-07-22 02:14:12.327275+02	30	Wywiad	1	[{"added": {}}]	70	1
1768	2025-07-22 02:56:19.423523+02	56	2011-11-12: Inne "43 lekcja piewania w wito Niepodlegoci z Loch Camelot"	2	[{"changed": {"fields": ["Data rozpocz\\u0119cia", "Data zako\\u0144czenia"]}}]	19	1
1786	2025-07-22 03:13:41.606079+02	67	2012-02-08 - 2012-02-12: Wyjazd zagraniczny "Wyjazd do Belgii"	1	[{"added": {}}]	19	1
1804	2025-07-22 03:37:46.715015+02	51	Stowarzyszenie Na Rzecz Promocji Kultury Szum - Inny, Topolowa 40, 31-506 Krakw, Polska	1	[{"added": {}}]	48	1
1822	2025-07-22 03:54:41.221907+02	79	2012-05-16 - 2012-05-18: Juwenalia "Juwenalia 2012"	2	[{"changed": {"fields": ["Nazwa"]}}]	19	1
1843	2025-07-22 04:11:34.510769+02	88	2012-10-01: Uroczysto "Inauguracja roku akademickiego 2012/2013"	1	[{"added": {}}]	19	1
1861	2025-07-22 04:24:18.18784+02	86	2012-07-27 - 2012-07-31:  "Ordre de la Bretelle - wakacyjne odwiedziny"	2	[{"changed": {"fields": ["Jednodniowe"]}}]	19	1
1879	2025-07-22 04:51:19.542348+02	59	Paac Larischa - Budynek, Bracka 12, 31-005 Krakw, Polska	1	[{"added": {}}]	48	1
1895	2025-07-22 05:05:56.309975+02	110	2013-10-23: Konkurs "Ostr dyur czas zacz!"	1	[{"added": {}}]	19	1
1911	2025-07-22 05:14:42.046903+02	117	2014-02-27: piewanie "Lekcja piewania z BCS UJ 2014"	1	[{"added": {}}]	19	1
1927	2025-07-22 05:25:10.171383+02	126	2014-05-16:  "Karczma Juwenaliowa 2014"	1	[{"added": {}}]	19	1
1943	2025-07-22 05:39:57.820476+02	136	2014-12-07: Odchamianie si "Czapkowe mikoajkowe wyjcie do Muzeum Armii Krajowej"	1	[{"added": {}}]	19	1
1959	2025-07-22 05:55:40.361323+02	144	2015-05-07 - 2015-05-10:  "Juwenalia 2015"	1	[{"added": {}}, {"added": {"name": "Zdarzenie", "object": "2015-05-07 - Wyk\\u0142ad Juwenaliowy BCS UJ (Juwenalia \\"Juwenalia 2015\\")"}}, {"added": {"name": "Zdarzenie", "object": "2015-05-07 - Le Mon\\u00f4me (Juwenalia \\"Juwenalia 2015\\")"}}, {"added": {"name": "Zdarzenie", "object": "2015-05-09 - CIBA Open Party - ZOO & Animals (Juwenalia \\"Juwenalia 2015\\")"}}, {"added": {"name": "Zdarzenie", "object": "2015-05-10 - Goodbye Party (Juwenalia \\"Juwenalia 2015\\")"}}]	19	1
1976	2025-07-22 06:06:54.465899+02	153	2015-11-14:  "Karczma Jesienna BCS UJ"	1	[{"added": {}}]	19	1
1992	2025-07-22 06:15:07.377643+02	163	2016-03-16:  "Idy Marcowe"	1	[{"added": {}}]	19	1
2007	2025-07-22 06:25:08.358753+02	172	2016-06-11:  "Ognisko przedsesyjne BCS UJ"	1	[{"added": {}}]	19	1
2020	2025-07-22 06:43:53.90284+02	178	2016-10-26:  "Wybory zarzdu VIII kadencji BCS UJ + Walne Zgromadzenie"	1	[{"added": {}}]	19	1
2035	2025-07-22 06:52:13.186857+02	183	2016-12-01: Wyjcie do kina "Fantastyczne Czapki i jak je znale"	1	[{"added": {}}]	19	1
2065	2025-07-22 09:01:42.543529+02	194	2017-04-05: Inne "Cercle Marie Haps vs Czapka Studencka : Calotte vs Czapka"	1	[{"added": {}}]	19	1
2078	2025-07-22 09:09:42.651843+02	201	2017-06-03: Zawody sportowe "Zakoczenie sezonu na izoarenie"	1	[{"added": {}}]	19	1
2091	2025-07-22 09:19:19.278291+02	209	2017-11-10:  "Jesienna Karczma BCS UJ"	1	[{"added": {}}]	19	1
2103	2025-07-22 09:26:02.034407+02	220	2018-03-21 - 2018-03-18:  "Wiosenny Ostry Dyur"	1	[{"added": {}}]	19	1
2115	2025-07-22 09:33:02.460233+02	227	2018-05-17: Wykad/Prelekcja "Wykady o europejskich tradycjach studenckich"	1	[{"added": {}}]	19	1
2127	2025-07-22 09:48:09.929231+02	232	2018-09-08: Ognisko "Walne Zgromadzenie"	1	[{"added": {}}]	19	1
2138	2025-07-22 09:58:12.533015+02	236	2018-09-28: Historyczne "Pakt Bractw w Bractwem tego Szalika"	1	[{"added": {}}]	19	1
2149	2025-07-22 10:05:20.76448+02	246	2019-01-17:  "Przedsesyjny Ostry Dyur"	1	[{"added": {}}]	19	1
2160	2025-07-22 10:13:38.918334+02	253	2019-04-25:  "Walne Zebranie"	1	[{"added": {}}]	19	1
2199	2025-07-22 11:04:25.535013+02	253	2019-05-23 - 2019-05-26:  "Juwenalia 2019"	2	[{"changed": {"fields": ["Jednodniowe", "Data zako\\u0144czenia", "Typ wydarzenia"]}}, {"added": {"name": "Zdarzenie", "object": "2019-05-23 - Wyk\\u0142ad o polskim i europejskim folklorze studenckim (Juwenalia \\"Juwenalia 2019\\")"}}, {"added": {"name": "Zdarzenie", "object": "2019-05-23 - mpreza powitalna VII Mi\\u0119dzynarodowych Dni Folkloru Studenckiego BCS UJ (Juwenalia \\"Juwenalia 2019\\")"}}, {"added": {"name": "Zdarzenie", "object": "2019-05-24 - Korow\\u00f3d juwenaliowy (Juwenalia \\"Juwenalia 2019\\")"}}, {"added": {"name": "Zdarzenie", "object": "2019-05-25 - Ognisko na Ska\\u0142kach Twardowskiego (Juwenalia \\"Juwenalia 2019\\")"}}, {"added": {"name": "Zdarzenie", "object": "2019-05-25 - CIBA Open Party (Juwenalia \\"Juwenalia 2019\\")"}}, {"added": {"name": "Zdarzenie", "object": "2019-05-26 - Impreza Po\\u017cegnalna (Juwenalia \\"Juwenalia 2019\\")"}}, {"changed": {"name": "Zdarzenie", "object": "2019-05-23 - The last \\u201cDo widzenia party\\u201d (Juwenalia \\"Juwenalia 2019\\")", "fields": ["Powi\\u0105zane osoby"]}}]	19	1
2210	2025-07-22 11:12:07.004985+02	260	2019-09-24: Inne "Martinus si broni"	2	[{"changed": {"fields": ["Jednodniowe"]}}]	19	1
2221	2025-07-22 11:24:59.250833+02	101	Restauracja Eden - Restauracja, Bydgoska 19 A, 30, 30-001 Krakw, Polska	1	[{"added": {}}]	48	1
2232	2025-07-22 11:31:14.407234+02	275	2020-09-29: Akcja "Studencie za czapk (on-line)"	1	[{"added": {}}]	19	1
2244	2025-07-22 11:37:55.180234+02	281	2021-02-12: Wieczr filmowy "Posesyjny Ostry Dyur: film (on-line)"	1	[{"added": {}}]	19	1
2258	2025-07-22 11:47:25.450383+02	285	2021-05-21: Wykad/Prelekcja "Historia i tradycja czapki studenckiej (on-line)"	1	[{"added": {}}]	19	1
2267	2025-07-22 11:52:53.495829+02	289	2021-09-25:  "I Karczma Weteraska BCS UJ"	1	[{"added": {}}]	19	1
2276	2025-07-22 11:59:47.097169+02	293	2021-11-06: Sprztanie grobw "Grobbing z prof. Gajd"	1	[{"added": {}}]	19	1
2285	2025-07-22 12:05:06.534851+02	107	Pod Srebrnym Kurem - Restauracja, Topolowa 3, 31-512 Krakw, Polska	1	[{"added": {}}]	48	1
2292	2025-07-22 12:08:15.096946+02	302	2021-11-26:  "Impreza Andrzejkowa (+wrby)"	1	[{"added": {}}]	19	1
2298	2025-07-22 12:12:43.500258+02	308	2022-02-03: Historyczny "edycja promocji noszenia czapki: Zapytaj, Zamw, Zakadaj. Czapki dofinansowane przez Samorzd Studentw UJ"	1	[{"added": {}}]	19	1
2303	2025-07-22 12:16:21.959339+02	192	Olga Zatoska	1	[{"added": {}}]	69	1
2308	2025-07-22 12:21:58.558391+02	315	2022-03-26:  "Zielony Ostry Dyur (w. Patryka zamiast Id Marcowych)"	1	[{"added": {}}]	19	1
1589	2025-07-21 15:54:46.126031+02	1	Akcja	1	[{"added": {}}]	70	1
1611	2025-07-21 15:59:03.846274+02	20	Uroczysto	1	[{"added": {}}]	70	1
1632	2025-07-21 16:59:52.395651+02	8	2025-05-14: Uroczysto "Uniwersytecki Dzie Pamici"	2	[]	19	1
1653	2025-07-21 17:07:17.777892+02	2	2009-09-01:  "2009/2010"	3		19	1
1673	2025-07-21 21:17:23.884673+02	14	2011-03-18: Wykad/Prelekcja "Wykad dla Stowarzyszenia Absolwentw UJ"	2	[{"changed": {"fields": ["Miejsca"]}}]	19	1
1692	2025-07-21 22:20:01.523501+02	9	Shot Pub - Pub/Klub, Szpitalna, 30-962 Krakw, Polska	2	[{"changed": {"fields": ["Adres"]}}]	48	1
1712	2025-07-21 23:07:31.002124+02	37	Klub AWARIA - Pub/Klub, Mikoajska 9, 31-027 Krakw, Polska	2	[{"changed": {"fields": ["Nazwa", "Adres"]}}]	48	1
1731	2025-07-21 23:43:00.811541+02	43	Klub Studio - Pub/Klub, Witolda Budryka 4, 30-072 Krakw, Polska	1	[{"added": {}}]	48	1
1750	2025-07-22 02:14:26.1294+02	49	2011-10-22: Wywiad "Wywiad czapek dla MMKrakow.pl"	1	[{"added": {}}]	19	1
1769	2025-07-22 02:56:34.521602+02	56	2011-11-12: piewanie "43 lekcja piewania w wito Niepodlegoci z Loch Camelot"	2	[{"changed": {"fields": ["Typ wydarzenia"]}}]	19	1
1787	2025-07-22 03:14:42.086598+02	33	Obiad	1	[{"added": {}}]	70	1
1805	2025-07-22 03:38:25.788878+02	51	Siedziba Szumu - Inny, Topolowa 40, 31-506 Krakw, Polska	2	[{"changed": {"fields": ["Nazwa"]}}]	48	1
1823	2025-07-22 03:54:51.975203+02	78	2012-05-17: Impreza "Impreza CIBA"	3		19	1
1844	2025-07-22 04:12:07.3622+02	89	2012-10-03: Wybory "Czapkowe wybory"	1	[{"added": {}}]	19	1
1862	2025-07-22 04:24:40.609506+02	23	2011-05-17 - 2011-05-21: Akcja "Przygarnij Belga w Juwenalia!"	2	[{"changed": {"fields": ["Jednodniowe"]}}]	19	1
1880	2025-07-22 04:52:02.636412+02	102	2013-04-13:  "Karczma wiosenna 2013 BCS UJ"	1	[{"added": {}}]	19	1
1896	2025-07-22 05:06:22.408699+02	110	2013-11-06: Ostry Dyur "Ostry dyur - vol. 2"	2	[{"changed": {"fields": ["Nazwa", "Data rozpocz\\u0119cia", "Typ wydarzenia"]}}]	19	1
1912	2025-07-22 05:15:29.253664+02	118	2014-03-07:  "Tradycyjna Karczma BCS UJ"	1	[{"added": {}}]	19	1
1928	2025-07-22 05:25:17.119096+02	127	2014-05-16:  "Karczma Juwenaliowa 2014"	1	[{"added": {}}]	19	1
1944	2025-07-22 05:40:49.026104+02	137	2014-12-17: piewanie "Wsplne koldowanie w Collegium Maius (BCS UJ i NZS UJ)"	1	[{"added": {}}]	19	1
1960	2025-07-22 05:56:35.650556+02	145	2015-06-10: Ostry Dyur "Ostry dyur przedsesyjny"	1	[{"added": {}}]	19	1
1977	2025-07-22 06:07:20.129629+02	154	2015-11-21:  "Uaskie Zdrowie"	1	[{"added": {}}]	19	1
1993	2025-07-22 06:15:33.770123+02	164	2016-03-31:  "Powiteczny Ostry Dyur"	1	[{"added": {}}]	19	1
2008	2025-07-22 06:26:09.031894+02	72	Chaupa Chemikw - Schronisko, Danielki 122, 34-371 Ujsoy, Polska	1	[{"added": {}}]	48	1
2021	2025-07-22 06:44:54.059653+02	179	2016-11-13:  "Listopadowy Ostry Dyur"	1	[{"added": {}}]	19	1
2036	2025-07-22 06:52:45.439206+02	184	2016-12-07:  "Walne Zgromadzenie"	1	[{"added": {}}]	19	1
2066	2025-07-22 09:02:28.402523+02	76	Zielona Gra - Miasto, Zielona Gra, Polska	1	[{"added": {}}]	48	1
2079	2025-07-22 09:10:14.740411+02	198	2017-05-12:  "Karczma juwenaliowa"	3		19	1
2092	2025-07-22 09:19:49.045995+02	210	2017-11-25:  "Uaskie Zdrowie"	1	[{"added": {}}]	19	1
2104	2025-07-22 09:26:51.161729+02	41	Depositio Beanorum	1	[{"added": {}}]	70	1
2116	2025-07-22 09:37:50.740667+02	84	Entropia - Bar, Warszauera 1, 31-057 Krakw, Polska	1	[{"added": {}}]	48	1
2128	2025-07-22 09:49:50.156561+02	5	Miejscowo	2	[{"changed": {"fields": ["Typ miejsca"]}}]	49	1
2139	2025-07-22 09:58:46.212585+02	237	2018-10-17:  "Depositio Beanorum"	1	[{"added": {}}]	19	1
2150	2025-07-22 10:05:49.552991+02	247	2019-02-16: Inne "Starej czapkowej gwardii spotkanie na szczycie #2"	1	[{"added": {}}]	19	1
2161	2025-07-22 10:17:35.156114+02	191	Loc Smars	1	[{"added": {}}]	56	1
2200	2025-07-22 11:04:42.30488+02	254	2019-04-06: Historyczny "Bankiet 10-lecia BCS UJ"	1	[{"added": {}}]	19	1
2211	2025-07-22 11:12:44.031609+02	261	2019-09-24: Inne "Martinus si broni"	1	[{"added": {}}]	19	1
2222	2025-07-22 11:25:16.264371+02	266	2019-11-22:  "Karczma"	1	[{"added": {}}]	19	1
2233	2025-07-22 11:32:39.466298+02	275	2020-10-08: Wybory "Nadzwyczajne Walne Zgromadzenie BCS UJ (MS TEAMS)"	2	[{"changed": {"fields": ["Nazwa", "Data rozpocz\\u0119cia", "Typ wydarzenia", "Uczestnicy wydarzenia"]}}]	19	1
2245	2025-07-22 11:38:30.726815+02	282	2021-02-27: Konkurs "Wielki konkurs czapkowy na zdjcia, filmy, prace plastyczne/literackie"	1	[{"added": {}}]	19	1
2259	2025-07-22 11:48:12.643849+02	285	2021-06-02:  "Top secret Ostry dyur"	2	[{"changed": {"fields": ["Nazwa", "Data rozpocz\\u0119cia", "Miejsca", "Typ wydarzenia"]}}]	19	1
2268	2025-07-22 11:54:51.315741+02	289	2021-09-30 - 2021-10-02:  "Reaktywacja XIII"	2	[{"changed": {"fields": ["Nazwa", "Jednodniowe", "Data rozpocz\\u0119cia", "Data zako\\u0144czenia", "Miejsca", "Typ wydarzenia"]}}, {"added": {"name": "Zdarzenie", "object": "2021-10-01 - Inauguracja Roku Akademickiego (Reaktywacja \\"Reaktywacja XIII\\")"}}, {"added": {"name": "Zdarzenie", "object": "2021-10-02 - Open Party w tematyce \\u015bredniowiecznej (Reaktywacja \\"Reaktywacja XIII\\")"}}]	19	1
2277	2025-07-22 12:00:26.474492+02	293	2021-11-10:  "Karczma Jesienna BCS UJ"	2	[{"changed": {"fields": ["Nazwa", "Data rozpocz\\u0119cia", "Miejsca", "Typ wydarzenia"]}}]	19	1
2286	2025-07-22 12:05:25.433628+02	298	2021-11-13: Odwiedziny Profesora "Spotkanie z prof. Gajd"	1	[{"added": {}}]	19	1
2293	2025-07-22 12:08:55.77522+02	303	2021-12-09:  "Ostry Dyur Mikoajkowy"	1	[{"added": {}}]	19	1
2299	2025-07-22 12:13:19.520713+02	308	2022-02-03: Historyczny "Zapytaj, Zamw, Zakadaj dofinansowane przez Samorzd Studentw UJ"	2	[{"changed": {"fields": ["Nazwa"]}}]	19	1
2304	2025-07-22 12:17:12.443807+02	311	2022-02-12:  "Ogoszenie wynikw 1. edycji konkursu na nowe zwrotki Czapkowych Opowieci"	1	[{"added": {}}]	19	1
2309	2025-07-22 12:23:10.505017+02	316	2022-03-26: Rekrutacja "Wirtualny Dzie Otwarty UJ"	1	[{"added": {}}]	19	1
2314	2025-07-22 12:27:50.947427+02	321	2022-06-06: Konferencja naukowa "Konferencja Gaudeamus Igitur! Kultura studencka na przestrzeni wiekw"	1	[{"added": {}}]	19	1
2318	2025-07-22 12:32:30.549918+02	109	BAR PO SCHODKACH - Bar, Marii Konopnickiej 92b, 30-333 Krakw, Polska	1	[{"added": {}}]	48	1
2322	2025-07-22 12:34:24.781732+02	157	2022-09-29 - Reaktywacyjna impreza powitalna (Karczma "Karczma Reaktywacyjna")	3		20	1
2325	2025-07-22 12:35:36.346106+02	325	2022-09-30:  "Karczma Reaktywacyjna"	1	[{"added": {}}]	19	1
2326	2025-07-22 12:37:33.503763+02	325	2022-09-29 - 2022-10-02:  "Reaktywacja 2022"	2	[{"changed": {"fields": ["Nazwa", "Jednodniowe", "Data rozpocz\\u0119cia", "Data zako\\u0144czenia", "Miejsca", "Typ wydarzenia"]}}, {"added": {"name": "Zdarzenie", "object": "2022-09-29 - Reaktywacyjna impreza powitalna (Reaktywacja \\"Reaktywacja 2022\\")"}}, {"added": {"name": "Zdarzenie", "object": "2022-10-01 - Impreza przebierana o tematyce prehistorycznej (Reaktywacja \\"Reaktywacja 2022\\")"}}, {"added": {"name": "Zdarzenie", "object": "2022-10-02 - Po\\u017cegnanie wakacji (Reaktywacja \\"Reaktywacja 2022\\")"}}]	19	1
2345	2025-07-22 12:47:05.07167+02	332	2022-12-17:  "Wigilia BCS UJ"	3		19	1
1590	2025-07-21 15:54:51.618971+02	2	Inny	1	[{"added": {}}]	70	1
1612	2025-07-21 15:59:16.399498+02	21	Zawody sportowe	1	[{"added": {}}]	70	1
1633	2025-07-21 17:00:03.50809+02	8	2025-05-14: Uroczysto "Uniwersytecki Dzie Pamici"	2	[]	19	1
1654	2025-07-21 20:35:15.616479+02	8	2011-11-06: Uroczysto "Uniwersytecki Dzie Pamici"	2	[{"changed": {"fields": ["Data rozpocz\\u0119cia", "Data zako\\u0144czenia"]}}]	19	1
1674	2025-07-21 21:21:20.903146+02	16	2011-04-03: Wycieczka "Wycieczka na Kopiec Kociuszki"	2	[{"changed": {"fields": ["Data rozpocz\\u0119cia", "Data zako\\u0144czenia", "Miejsca"]}}]	19	1
1693	2025-07-21 22:20:11.886982+02	2	Wydzia Historyczny UJ - Uczelnia, ul. Gobia 24, 31-007 Krakw, Polska	2	[{"changed": {"fields": ["Adres"]}}]	48	1
1713	2025-07-21 23:07:47.086408+02	37	AWARIA - Pub/Klub, Mikoajska 9, 31-027 Krakw, Polska	2	[{"changed": {"fields": ["Nazwa"]}}]	48	1
1732	2025-07-21 23:46:46.12633+02	43	2011-10-02: Karczma "Karczma Reaktywacyjna"	1	[{"added": {}}, {"added": {"name": "Zdarzenie", "object": "2011-10-02 - International Cantus (Karczma \\"Karczma Reaktywacyjna\\")"}}]	19	1
1751	2025-07-22 02:16:02.861991+02	50	2011-10-23: Wycieczka "Oprowadzanie pierwszakw szlakiem historycznouniwersytecko-baromlecznym"	1	[{"added": {}}]	19	1
1770	2025-07-22 02:57:22.9686+02	58	2011-11-27: Karczma "Karczma Andrzejkowa"	1	[{"added": {}}]	19	1
1788	2025-07-22 03:14:52.24542+02	67	2012-02-09: Wyjazd zagraniczny "Obiad posesyjny"	2	[{"changed": {"fields": ["Nazwa", "Data rozpocz\\u0119cia", "Data zako\\u0144czenia", "Miejsca", "Czy to wyjazd?", "Typ wydarzenia"]}}]	19	1
1806	2025-07-22 03:38:46.550667+02	74	2012-03-16: Karczma "Karczma Wiosenna pt. "Powitanie semestru""	1	[{"added": {}}]	19	1
1824	2025-07-22 03:55:01.45359+02	80	2012-05-16 - 2012-05-18: Juwenalia "Juwenalia 2012"	1	[{"added": {}}, {"added": {"name": "Zdarzenie", "object": "2012-05-16 - Grill na AGHu z Belgami (Juwenalia \\"Juwenalia 2012\\")"}}, {"added": {"name": "Zdarzenie", "object": "2012-05-17 - Impreza CIBA (Juwenalia \\"Juwenalia 2012\\")"}}, {"added": {"name": "Zdarzenie", "object": "2012-05-18 - Korow\\u00f3d juwenaliowy (Juwenalia \\"Juwenalia 2012\\")"}}]	19	1
1845	2025-07-22 04:14:21.974332+02	56	Still Bar - Bar, Gobia 8, 33-332 Krakw, Polska	1	[{"added": {}}]	48	1
1863	2025-07-22 04:24:57.813423+02	61	2011-12-03 - 2011-12-05: Wyjazd zagraniczny "Bankiet Tradycji Studenckich"	2	[{"changed": {"fields": ["Jednodniowe"]}}]	19	1
1881	2025-07-22 04:52:35.490101+02	103	2013-04-24:  "Ostry Dyur"	1	[{"added": {}}]	19	1
1897	2025-07-22 05:07:08.206992+02	108	2013-10-23: Ostry Dyur "Ostry dyur czas zacz!"	2	[{"changed": {"fields": ["Nazwa", "Data rozpocz\\u0119cia", "Miejsca", "Typ wydarzenia"]}}]	19	1
1913	2025-07-22 05:15:39.441161+02	118	2014-03-07:  "Tradycyjna Karczma BCS UJ"	2	[{"changed": {"fields": ["Miejsca"]}}]	19	1
1929	2025-07-22 05:26:14.01835+02	128	2014-06-27:  "Karczma Posesyjna BCS UJ"	1	[{"added": {}}]	19	1
1945	2025-07-22 05:41:59.414952+02	65	Pod Prd - Pub/Klub, witego Filipa 6, 31-150 Krakw	1	[{"added": {}}]	48	1
1961	2025-07-22 05:57:12.486886+02	145	2015-05-08:  "Karczma Juwenaliowa 2015"	2	[{"changed": {"fields": ["Nazwa", "Data rozpocz\\u0119cia", "Miejsca", "Typ wydarzenia"]}}]	19	1
1978	2025-07-22 06:07:54.268385+02	155	2015-11-25: Impreza "Western Party BCS UJ"	1	[{"added": {}}]	19	1
1994	2025-07-22 06:15:53.726016+02	165	2016-04-13:  "Kwietniowy Ostry Dyur"	1	[{"added": {}}]	19	1
2009	2025-07-22 06:26:40.390589+02	173	2016-09-22 - 2016-09-25:  "Czapkowy Adapciak 2016"	1	[{"added": {}}]	19	1
2022	2025-07-22 06:45:17.511946+02	179	2016-11-17:  "Drugi Listopadowy Ostry Dyur"	2	[{"changed": {"fields": ["Nazwa", "Data rozpocz\\u0119cia", "Miejsca"]}}]	19	1
2037	2025-07-22 06:53:12.737858+02	185	2016-12-10:  "Mikoajkowy Ostry Dyur"	1	[{"added": {}}]	19	1
2067	2025-07-22 09:02:56.842244+02	195	2017-04-20: Wycieczka "Rewizyta tego Szalika"	1	[{"added": {}}]	19	1
2080	2025-07-22 09:10:28.606396+02	202	2017-06-03: Zawody sportowe "Zakoczenie sezonu na IzoArenie"	1	[{"added": {}}]	19	1
2093	2025-07-22 09:20:15.540907+02	211	2017-11-29:  "Wielka Rekrutacja 2017"	1	[{"added": {}}]	19	1
2105	2025-07-22 09:27:00.689644+02	221	2018-04-04:  "Depositio Beanorum"	1	[{"added": {}}]	19	1
2117	2025-07-22 09:38:52.598896+02	227	2018-05-16 - 2018-05-20: Wykad/Prelekcja "Juwenalia 2018"	2	[{"changed": {"fields": ["Nazwa", "Jednodniowe", "Data rozpocz\\u0119cia", "Data zako\\u0144czenia", "Miejsca"]}}, {"added": {"name": "Zdarzenie", "object": "2018-05-16 - Czapki dla Chemik\\u00f3w (Wyk\\u0142ad/Prelekcja \\"Juwenalia 2018\\")"}}, {"added": {"name": "Zdarzenie", "object": "2018-05-17 - Wyk\\u0142ady o europejskich tradycjach studenckich (Wyk\\u0142ad/Prelekcja \\"Juwenalia 2018\\")"}}, {"added": {"name": "Zdarzenie", "object": "2018-05-17 - Poch\\u00f3d Le Mon\\u00f4me (Wyk\\u0142ad/Prelekcja \\"Juwenalia 2018\\")"}}, {"added": {"name": "Zdarzenie", "object": "2018-05-17 - Impreza powitalna VI mi\\u0119dzynarodowych Dni Folkloru Studenckiego (Wyk\\u0142ad/Prelekcja \\"Juwenalia 2018\\")"}}, {"added": {"name": "Zdarzenie", "object": "2018-05-18 - Korow\\u00f3d juwenaliowy (Wyk\\u0142ad/Prelekcja \\"Juwenalia 2018\\")"}}, {"added": {"name": "Zdarzenie", "object": "2018-05-19 - Turniej we Flanki (Wyk\\u0142ad/Prelekcja \\"Juwenalia 2018\\")"}}, {"added": {"name": "Zdarzenie", "object": "2018-05-19 - CIBA Open Party, temat: Bogowie i Boginie (Wyk\\u0142ad/Prelekcja \\"Juwenalia 2018\\")"}}, {"added": {"name": "Zdarzenie", "object": "2018-05-20 - Impreza Po\\u017cegnalna (Wyk\\u0142ad/Prelekcja \\"Juwenalia 2018\\")"}}]	19	1
2129	2025-07-22 09:49:52.278043+02	86	Kasinka Maa - Miejscowo, Kasinka Maa, Polska	1	[{"added": {}}]	48	1
2140	2025-07-22 09:59:40.701147+02	238	2018-10-24:  "Wybory"	1	[{"added": {}}]	19	1
2151	2025-07-22 10:06:26.628351+02	248	2019-02-27:  "Posesyjny Ostry Dyur - piewogranie"	1	[{"added": {}}]	19	1
2162	2025-07-22 10:17:45.31963+02	253	2019-05-23: Impreza "The last Do widzenia party"	2	[{"changed": {"fields": ["Nazwa", "Data rozpocz\\u0119cia", "Miejsca", "Typ wydarzenia", "Opis", "Uczestnicy wydarzenia"]}}]	19	1
2201	2025-07-22 11:06:18.069039+02	96	Restauracja ZBROJOWNIA - Restauracja, Rakowicka 22, 31-510 Krakw, Polska	1	[{"added": {}}]	48	1
2212	2025-07-22 11:14:11.826362+02	87	Restauracja ZBROJOWNIA - Restauracja, Rakowicka 22, 31-510 Krakw, Polska	3		48	1
2223	2025-07-22 11:26:17.282272+02	102	PUB Pod Ziemi - Pub/Klub, Miodowa 43, 31-052 Krakw	1	[{"added": {}}]	48	1
2234	2025-07-22 11:32:53.790777+02	272	2020-05-15:  "Wirtualny Ostry Dyur (Discord)"	2	[{"changed": {"fields": ["Nazwa"]}}]	19	1
2246	2025-07-22 11:40:19.012569+02	2	Inny	2	[{"changed": {"fields": ["Typ wydarzenia"]}}]	70	1
2260	2025-07-22 11:48:25.531067+02	283	2021-02-12:  "Posesyjny Ostry Dyur: film (on-line)"	2	[{"changed": {"fields": ["Typ wydarzenia"]}}]	19	1
2269	2025-07-22 11:54:56.558966+02	290	2021-06-30:  "Top secret ognisko"	1	[{"added": {}}]	19	1
2278	2025-07-22 12:00:45.657154+02	290	2021-06-30:  "Top secret ognisko"	3		19	1
2279	2025-07-22 12:00:45.657202+02	286	2021-06-02:  "Top secret Ostry dyur"	3		19	1
2287	2025-07-22 12:06:19.467136+02	29	Spotkanie z prof. Gajd	2	[{"changed": {"fields": ["Typ wydarzenia"]}}]	70	1
2310	2025-07-22 12:24:05.697613+02	317	2022-04-01:  "Kudacze 2022"	1	[{"added": {}}]	19	1
1591	2025-07-21 15:55:01.572875+02	2	Inne	2	[{"changed": {"fields": ["Typ wydarzenia"]}}]	70	1
1613	2025-07-21 15:59:21.768282+02	22	Nieoficjalne	1	[{"added": {}}]	70	1
1634	2025-07-21 17:02:42.669227+02	26	2025-05-08 - 2025-05-11: Zagraniczny "Faerie Matricularum"	2	[{"changed": {"fields": ["Typ wyjazdu"]}}]	19	1
1655	2025-07-21 20:35:53.303282+02	8	2010-11-06: Uroczysto "Uniwersytecki Dzie Pamici"	2	[{"changed": {"fields": ["Data rozpocz\\u0119cia", "Data zako\\u0144czenia"]}}]	19	1
1675	2025-07-21 21:22:04.599365+02	18	2011-04-16: Karczma "Czapkowa Karczma w klimatach midzywojennych"	2	[{"changed": {"fields": ["Data rozpocz\\u0119cia", "Data zako\\u0144czenia"]}}]	19	1
1694	2025-07-21 22:22:16.141971+02	29	2011-05-20: Juwenalia "Korowd Juwenaliowy"	1	[{"added": {}}]	19	1
1714	2025-07-21 23:10:02.094723+02	23	Dom studencki/Akademik	1	[{"added": {}}]	49	1
1733	2025-07-21 23:48:07.126733+02	44	2011-10-06: Ostry Dyur "Ostry Dyur czapkowy - spotkanie informacyjne BCS"	1	[{"added": {}}]	19	1
1752	2025-07-22 02:16:59.305795+02	51	2011-10-27: Inne "Oktoberfest"	1	[{"added": {}}]	19	1
1771	2025-07-22 02:57:56.229907+02	59	2011-11-27: Karczma "Karczma Andrzejkowa"	1	[{"added": {}}]	19	1
1789	2025-07-22 03:14:56.863032+02	68	2012-02-09: Wyjazd zagraniczny "Obiad posesyjny"	1	[{"added": {}}]	19	1
1807	2025-07-22 03:39:37.072458+02	74	2012-03-29: Ostry Dyur "Czapkowy ostry dyur 6 - Poegnanie z Ann-Mari!"	2	[{"changed": {"fields": ["Nazwa", "Data rozpocz\\u0119cia", "Data zako\\u0144czenia", "Miejsca", "Typ wydarzenia"]}}]	19	1
1825	2025-07-22 03:55:40.526333+02	81	2012-05-18: Karczma "Juwenaliowa Karczma Piwna z Belgami!"	1	[{"added": {}}]	19	1
1846	2025-07-22 04:14:33.61505+02	90	2012-10-05:  "Karczma Reaktywacyjna"	1	[{"added": {}}]	19	1
1864	2025-07-22 04:25:08.053682+02	83	2012-06-18 - 2012-09-30: Akcja "Promuj Bractwo - umieszczam informacj o jego stronie"	2	[{"changed": {"fields": ["Jednodniowe"]}}]	19	1
1882	2025-07-22 04:54:38.120199+02	60	"Wieliczka" - Muzeum, Daniowicza 10, 32-020 Wieliczka, Polska	1	[{"added": {}}]	48	1
1898	2025-07-22 05:07:20.566567+02	108	2013-10-23: Ostry Dyur "Ostry dyur czas zacz! - vol. 1"	2	[{"changed": {"fields": ["Nazwa"]}}]	19	1
1914	2025-07-22 05:15:44.242376+02	119	2014-03-07:  "Tradycyjna Karczma BCS UJ"	1	[{"added": {}}]	19	1
1930	2025-07-22 05:26:52.137885+02	129	2014-06-28:  "Grill u profesora Gajdy"	1	[{"added": {}}]	19	1
1946	2025-07-22 05:42:27.206127+02	137	2014-12-17:  "Karczma Wigilijna 2014"	2	[{"changed": {"fields": ["Nazwa", "Miejsca", "Typ wydarzenia", "Uczestnicy wydarzenia"]}}]	19	1
1962	2025-07-22 05:59:31.608373+02	144	2015-06-10 - 2015-05-10:  "Ostry Dyur Przedsesyjny"	2	[{"changed": {"fields": ["Nazwa", "Data rozpocz\\u0119cia", "Miejsca", "Typ wydarzenia"]}}, {"deleted": {"name": "Zdarzenie", "object": "2015-05-07 - Wyk\\u0142ad Juwenaliowy BCS UJ (Ostry Dy\\u017cur \\"Ostry Dy\\u017cur Przedsesyjny\\")"}}, {"deleted": {"name": "Zdarzenie", "object": "2015-05-07 - Le Mon\\u00f4me (Ostry Dy\\u017cur \\"Ostry Dy\\u017cur Przedsesyjny\\")"}}, {"deleted": {"name": "Zdarzenie", "object": "2015-05-09 - CIBA Open Party - ZOO & Animals (Ostry Dy\\u017cur \\"Ostry Dy\\u017cur Przedsesyjny\\")"}}, {"deleted": {"name": "Zdarzenie", "object": "2015-05-10 - Goodbye Party (Ostry Dy\\u017cur \\"Ostry Dy\\u017cur Przedsesyjny\\")"}}]	19	1
1979	2025-07-22 06:08:45.136647+02	156	2015-12-09:  "Tradycyjny Ostry Dyur"	1	[{"added": {}}]	19	1
1995	2025-07-22 06:16:36.962986+02	166	2016-04-22:  "Rajd BCS UJ na Kudacze 2016"	1	[{"added": {}}]	19	1
2010	2025-07-22 06:27:13.283317+02	174	2016-09-30:  "Konkurs Wakacyjny"	1	[{"added": {}}]	19	1
2023	2025-07-22 06:45:26.800463+02	180	2016-11-17:  "Drugi Listopadowy Ostry Dyur"	1	[{"added": {}}]	19	1
2038	2025-07-22 06:54:00.887647+02	75	Dom Maeckiego - Dom/Mieszkanie, Krakw, Polska	1	[{"added": {}}]	48	1
2068	2025-07-22 09:03:24.229151+02	196	2017-04-26:  "Kwietniowy Ostry Dyur II"	1	[{"added": {}}]	19	1
2081	2025-07-22 09:10:52.734527+02	203	2017-06-10:  "Ognisko Przedsesyjne 2017"	1	[{"added": {}}]	19	1
2094	2025-07-22 09:20:50.601457+02	212	2017-12-06:  "Mikoajkowy Ostry Dyur"	1	[{"added": {}}]	19	1
2106	2025-07-22 09:27:47.085305+02	222	2018-04-07: Wykad/Prelekcja "Czapka studencka oznak prawdziwego aka II"	1	[{"added": {}}]	19	1
2118	2025-07-22 09:39:07.343337+02	227	2018-05-16 - 2018-05-20:  "Juwenalia 2018"	2	[{"changed": {"fields": ["Typ wydarzenia"]}}]	19	1
2130	2025-07-22 09:50:20.092067+02	233	2018-09-21 - 2018-09-24:  "Adapciak BCS UJ"	1	[{"added": {}}]	19	1
2141	2025-07-22 10:00:16.178538+02	239	2018-11-13:  "Wielka Rekrutacja BCS UJ"	1	[{"added": {}}]	19	1
2152	2025-07-22 10:07:00.161666+02	249	2019-03-15:  "Karczma Wiosenna BCS UJ"	1	[{"added": {}}]	19	1
2163	2025-07-22 10:21:03.324414+02	253	2019-05-23: Impreza "Juwenalia 2019"	2	[{"changed": {"fields": ["Nazwa", "Uczestnicy wydarzenia"]}}, {"added": {"name": "Zdarzenie", "object": "2019-05-23 - The last \\u201cDo widzenia party\\u201d (Impreza \\"Juwenalia 2019\\")"}}]	19	1
2202	2025-07-22 11:06:29.73489+02	255	2019-05-24:  "Karczma Juwenaliowa 2019"	1	[{"added": {}}]	19	1
2213	2025-07-22 11:14:21.129508+02	261	2019-09-27: Inne "Reaktywacja XI"	2	[{"changed": {"fields": ["Nazwa", "Data rozpocz\\u0119cia", "Data zako\\u0144czenia"]}}]	19	1
2224	2025-07-22 11:26:28.939768+02	267	2019-12-04:  "Ostry Dyur Mikoajkowy"	1	[{"added": {}}]	19	1
2235	2025-07-22 11:33:50.78206+02	42	Granie on-line	1	[{"added": {}}]	70	1
2247	2025-07-22 11:40:22.717288+02	273	2020-06-06: Inny "Hommage a Maurice"	2	[]	19	1
2261	2025-07-22 11:48:37.938857+02	286	2021-06-02:  "Top secret Ostry dyur"	1	[{"added": {}}]	19	1
2270	2025-07-22 11:56:08.188178+02	104	Piwnica Pod Baranami - Bar, Paac Pod Baranami, Rynek Gwny 27, 31-010 Krakw, Polska	1	[{"added": {}}]	48	1
2280	2025-07-22 12:00:53.45444+02	294	2021-11-10:  "Karczma Jesienna BCS UJ"	1	[{"added": {}}]	19	1
2288	2025-07-22 12:06:25.250676+02	298	2021-11-13:  "Spotkanie z prof. Gajd po Uaskim Zdrowiu"	2	[{"changed": {"fields": ["Nazwa"]}}]	19	1
2294	2025-07-22 12:10:13.597256+02	304	2021-12-16:  "Wyjcie do kina na "Nasze Magiczne Encanto""	1	[{"added": {}}]	19	1
2300	2025-07-22 12:13:35.562888+02	308	2022-02-03: Historyczny "Zapytaj, Zamw, Zakadaj" dofinansowane przez Samorzd Studentw UJ"	2	[{"changed": {"fields": ["Nazwa"]}}]	19	1
2305	2025-07-22 12:19:24.463551+02	312	2022-03-03: Odchamianie si "Wyjcie do teatru na spektakl Dwaj mistrzowie komedii wg Fredro i Moliera, w ktrym gra "Kozioek""	1	[{"added": {}}]	19	1
2311	2025-07-22 12:24:44.003211+02	318	2022-04-22:  "Karczma Wiosenna BCS UJ w klimacie wielkanocnego niadania"	1	[{"added": {}}]	19	1
2315	2025-07-22 12:28:17.983581+02	322	2022-06-11:  "Depositio beanorum"	1	[{"added": {}}]	19	1
2319	2025-07-22 12:33:06.562659+02	324	2022-09-29 - 2022-10-02:  "Reaktywacja 2022"	1	[{"added": {}}, {"added": {"name": "Zdarzenie", "object": "2022-09-29 - Reaktywacyjna impreza powitalna (Reaktywacja \\"Reaktywacja 2022\\")"}}, {"added": {"name": "Zdarzenie", "object": "2022-10-01 - Impreza przebierana o tematyce prehistorycznej (Reaktywacja \\"Reaktywacja 2022\\")"}}, {"added": {"name": "Zdarzenie", "object": "2022-10-02 - Po\\u017cegnanie wakacji (Reaktywacja \\"Reaktywacja 2022\\")"}}]	19	1
1592	2025-07-21 15:55:15.46481+02	3	Karczma	1	[{"added": {}}]	70	1
1614	2025-07-21 15:59:59.994348+02	1	Adapciak	1	[{"added": {}}]	71	1
1635	2025-07-21 17:03:06.832616+02	4	Wyjazd Zagraniczny	2	[{"changed": {"fields": ["Typ wyjazdu"]}}]	71	1
1656	2025-07-21 20:36:32.847602+02	9	2011-01-16: Karczma "Czapkowa Karczma Karnawaowa"	2	[{"changed": {"fields": ["Data rozpocz\\u0119cia", "Data zako\\u0144czenia"]}}]	19	1
1676	2025-07-21 21:22:20.352671+02	19	2011-04-19: Walne "Spotkanie statutowe BCS"	2	[]	19	1
1695	2025-07-21 22:27:31.432552+02	30	2011-05-19 - 2011-05-21: Juwenalia "Juwenalia 2011"	1	[{"added": {}}, {"added": {"name": "Zdarzenie", "object": "2011-05-19 - Ognisko na Kopcu Pi\\u0142sudskiego (Juwenalia \\"Juwenalia 2011\\")"}}, {"added": {"name": "Zdarzenie", "object": "2011-05-20 - Korow\\u00f3d juwenaliowy (Juwenalia \\"Juwenalia 2011\\")"}}, {"added": {"name": "Zdarzenie", "object": "2011-05-20 - Polska wy\\u017cerka dla Belg\\u00f3w (Juwenalia \\"Juwenalia 2011\\")"}}]	19	1
1715	2025-07-21 23:10:06.510956+02	38	I Dom Akademicki Bratniak - Dom studencki/Akademik, Jabonowskich 10/12, 31-114 Krakw, Polska	1	[{"added": {}}]	48	1
1734	2025-07-21 23:51:48.67288+02	44	2011-10-06: Ostry Dyur "Ostry Dyur czapkowy - spotkanie informacyjne BCS"	2	[]	19	1
1753	2025-07-22 02:18:39.163588+02	52	2011-11-04: Ostry Dyur "Czapkowy Ostry Dyur 3 - "Morska fala""	1	[{"added": {}}]	19	1
1772	2025-07-22 02:58:47.884419+02	60	2011-12-01: Ostry Dyur "Czapkowy Ostry Dyur 4"	1	[{"added": {}}]	19	1
1790	2025-07-22 03:15:12.863208+02	68	2012-02-09: Wyjazd zagraniczny "Obiad posesyjny"	2	[{"changed": {"fields": ["Typ wydarzenia"]}}]	19	1
1808	2025-07-22 03:40:36.821261+02	73	2012-03-24: Karczma "Karczma wiosenna pt. Powitanie semestru"	2	[{"changed": {"fields": ["Nazwa", "Data rozpocz\\u0119cia", "Data zako\\u0144czenia", "Miejsca", "Typ wydarzenia"]}}]	19	1
1826	2025-07-22 03:56:24.359534+02	6	Stiftungfest	1	[{"added": {}}]	71	1
1847	2025-07-22 04:14:45.028298+02	90	2012-10-05:  "Karczma Reaktywacyjna 3"	2	[{"changed": {"fields": ["Nazwa"]}}]	19	1
1865	2025-07-22 04:25:28.963529+02	55	2011-11-11 - 2011-11-16: Wyjazd zagraniczny "Czapka na CIBA"	2	[{"changed": {"fields": ["Jednodniowe"]}}]	19	1
1883	2025-07-22 04:54:47.109657+02	103	2013-05-07 - 2013-05-14:  "Juwenalia 2013"	2	[{"changed": {"fields": ["Nazwa", "Jednodniowe", "Data rozpocz\\u0119cia", "Data zako\\u0144czenia", "Typ wydarzenia"]}}, {"added": {"name": "Zdarzenie", "object": "2013-05-08 - Wycieczka do Wieliczki (Juwenalia \\"Juwenalia 2013\\")"}}]	19	1
1899	2025-07-22 05:07:29.778384+02	111	2013-11-06: Ostry Dyur "Ostry dyur - vol. 2"	1	[{"added": {}}]	19	1
1915	2025-07-22 05:16:26.672833+02	120	2014-03-20:  "Wiosenny Ostry Dyur BCS UJ"	1	[{"added": {}}]	19	1
1931	2025-07-22 05:28:47.582057+02	130	2014-07-02: Konkurs "Z Czapk dookoa wiata"	1	[{"added": {}}]	19	1
1947	2025-07-22 05:43:02.672708+02	138	2014-12-17:  "Karczma Wigilijna 2014"	1	[{"added": {}}]	19	1
1963	2025-07-22 05:59:45.322044+02	144	2015-06-10:  "Ostry Dyur Przedsesyjny"	2	[{"changed": {"fields": ["Jednodniowe"]}}]	19	1
1980	2025-07-22 06:09:38.970842+02	38	Koldowanie	1	[{"added": {}}]	70	1
1996	2025-07-22 06:16:49.558031+02	166	2016-04-22 - 2016-04-24:  "Rajd BCS UJ na Kudacze 2016"	2	[{"changed": {"fields": ["Jednodniowe", "Data zako\\u0144czenia"]}}]	19	1
2011	2025-07-22 06:27:45.507529+02	175	2016-09-30: piewanie "International Cantus"	1	[{"added": {}}]	19	1
2024	2025-07-22 06:45:41.640573+02	180	2016-11-13:  "Listopadowy Ostry Dyur"	2	[{"changed": {"fields": ["Nazwa", "Data rozpocz\\u0119cia", "Miejsca"]}}]	19	1
2039	2025-07-22 06:54:50.072313+02	185	2016-12-17: Ostry Dyur "Wigilia Czapkowa"	2	[{"changed": {"fields": ["Nazwa", "Data rozpocz\\u0119cia", "Miejsca", "Uczestnicy wydarzenia"]}}]	19	1
2069	2025-07-22 09:04:28.737333+02	196	2017-05-11 - 2017-05-14:  "Juwenalia 2017"	2	[{"changed": {"fields": ["Nazwa", "Jednodniowe", "Data rozpocz\\u0119cia", "Data zako\\u0144czenia", "Miejsca", "Typ wydarzenia"]}}, {"added": {"name": "Zdarzenie", "object": "2017-05-11 - Wyk\\u0142ady Juwenaliowe o tradycjach studenckich (Juwenalia \\"Juwenalia 2017\\")"}}]	19	1
2082	2025-07-22 09:11:19.805031+02	204	2017-06-29:  "Grill u Profesora"	1	[{"added": {}}]	19	1
2095	2025-07-22 09:21:36.183827+02	213	2017-12-16:  "Wigilia Czapkowa"	1	[{"added": {}}]	19	1
2107	2025-07-22 09:28:44.245598+02	80	Kawiarnia Piast - Kawiarnia, Piastowska 47, 30-067 Krakw, Polska	1	[{"added": {}}]	48	1
2119	2025-07-22 09:39:21.00544+02	226	2018-05-16: Rekrutacja "Czapki dla Chemikw"	3		19	1
2131	2025-07-22 09:51:23.044297+02	233	2018-09-21 - 2018-09-24:  "Adapciak BCS UJ"	2	[]	19	1
2142	2025-07-22 10:01:18.32443+02	240	2018-11-23:  "Karczma Jesienna 2018"	1	[{"added": {}}]	19	1
2153	2025-07-22 10:08:07.375542+02	90	Teatr Groteska - Teatr, Skarbowa 2, 31-121 Krakw, Polska	1	[{"added": {}}]	48	1
2203	2025-07-22 11:07:42.000697+02	97	Katowice - Miejscowo, Katowice, Polska	1	[{"added": {}}]	48	1
2214	2025-07-22 11:17:41.737768+02	99	Klub Dziekanat - Pub/Klub, 	1	[{"added": {}}]	48	1
2225	2025-07-22 11:27:00.900187+02	268	2019-12-14:  "Wigilia Czapkowa 2019"	1	[{"added": {}}]	19	1
2236	2025-07-22 11:34:04.711754+02	276	2020-10-24: Granie on-line "Czapkowe Among Us"	1	[{"added": {}}]	19	1
2248	2025-07-22 11:40:57.718271+02	235	2018-09-08:  "Walne Zgromadzenie"	2	[{"changed": {"fields": ["Typ wydarzenia"]}}]	19	1
2262	2025-07-22 11:51:07.391617+02	44	Delegacja	1	[{"added": {}}]	70	1
2271	2025-07-22 11:56:17.002338+02	291	2021-09-30:  "Karczma Reaktywacyjna"	1	[{"added": {}}]	19	1
2281	2025-07-22 12:01:40.032361+02	294	2021-11-06:  "Sprztanie grobw z prof. Gajd"	2	[{"changed": {"fields": ["Nazwa", "Data rozpocz\\u0119cia", "Miejsca", "Typ wydarzenia", "Uczestnicy wydarzenia"]}}]	19	1
2289	2025-07-22 12:06:36.011527+02	299	2021-11-13:  "Spotkanie z prof. Gajd po Uaskim Zdrowiu"	1	[{"added": {}}]	19	1
2295	2025-07-22 12:10:43.962989+02	305	2021-12-16:  "Karczma Wigilijna"	1	[{"added": {}}]	19	1
2301	2025-07-22 12:13:43.676382+02	309	2022-02-03: Historyczny "Zapytaj, Zamw, Zakadaj" dofinansowane przez Samorzd Studentw UJ"	1	[{"added": {}}]	19	1
2306	2025-07-22 12:20:07.304329+02	313	2022-03-09:  "Mateusz urek (Magister Cantandi) przedua konkurs na czapkowe zwrotki Czapkowych Opowieci i Czapkowej Siekiery Motyki"	1	[{"added": {}}]	19	1
2312	2025-07-22 12:25:47.603525+02	319	2022-04-23: Wycieczka "Trzyosobowa delegacja na imprez do Zielonej Gry"	1	[{"added": {}}]	19	1
2316	2025-07-22 12:29:53.920655+02	108	Schronisko PTTK Stare Wierchy - Schronisko, 34-404 Klikuszowa, Polska	1	[{"added": {}}]	48	1
2320	2025-07-22 12:33:51.257078+02	324	2022-09-30:  "Karczma Reaktywacyjna"	2	[{"changed": {"fields": ["Nazwa", "Jednodniowe", "Data rozpocz\\u0119cia", "Miejsca", "Typ wydarzenia"]}}, {"deleted": {"name": "Zdarzenie", "object": "2022-09-29 - Reaktywacyjna impreza powitalna (Karczma \\"Karczma Reaktywacyjna\\")"}}, {"deleted": {"name": "Zdarzenie", "object": "2022-10-01 - Impreza przebierana o tematyce prehistorycznej (Karczma \\"Karczma Reaktywacyjna\\")"}}, {"deleted": {"name": "Zdarzenie", "object": "2022-10-02 - Po\\u017cegnanie wakacji (Karczma \\"Karczma Reaktywacyjna\\")"}}]	19	1
2323	2025-07-22 12:34:47.956672+02	158	2022-10-01 - Impreza przebierana o tematyce prehistorycznej (Karczma "Karczma Reaktywacyjna")	3		20	1
1593	2025-07-21 15:55:27.625152+02	4	Wyjcie do kina	1	[{"added": {}}]	70	1
1615	2025-07-21 16:00:04.102257+02	2	Inny	1	[{"added": {}}]	71	1
1636	2025-07-21 17:03:11.286514+02	26	2025-05-08 - 2025-05-11: Wyjazd Zagraniczny "Faerie Matricularum"	2	[]	19	1
1657	2025-07-21 20:36:57.496272+02	9	2011-01-16: Karczma "Czapkowa Karczma Karnawaowa"	2	[{"changed": {"fields": ["Miejsca"]}}]	19	1
1677	2025-07-21 22:16:36.980747+02	34	Kopiec Pisudskiego - Szczyt, Krakw	1	[{"added": {}}]	48	1
1696	2025-07-21 22:27:56.949425+02	29	2011-05-20: Juwenalia "Korowd Juwenaliowy"	3		19	1
1697	2025-07-21 22:27:56.949461+02	28	2011-05-19: Ognisko "Ognisko na Kopcu Pisudskiego"	3		19	1
1716	2025-07-21 23:11:36.974146+02	38	2011-07-21: Inne "Petycja w sprawie niezamykania Klubu "Buda""	1	[{"added": {}}]	19	1
1735	2025-07-22 00:01:15.27519+02	44	2011-10-06: Ostry Dyur "Ostry Dyur czapkowy - spotkanie informacyjne BCS"	2	[]	19	1
1754	2025-07-22 02:21:23.468209+02	45	Most na Rudawie - Inny, Piastowska, 30-213 Krakw, Polska	1	[{"added": {}}]	48	1
1773	2025-07-22 03:00:45.113911+02	47	Strasburg - Miasto, Niemcy/Francja	1	[{"added": {}}]	48	1
1791	2025-07-22 03:21:32.152457+02	68	2012-02-09: Wyjazd zagraniczny "Obiad posesyjny"	2	[{"changed": {"fields": ["Czy to wyjazd?", "Typ wydarzenia"]}}]	19	1
1809	2025-07-22 03:41:01.660257+02	75	2012-03-29: Ostry Dyur "Czapkowy ostry dyur 6 - Poegnanie z Ann-Mari!"	1	[{"added": {}}]	19	1
1827	2025-07-22 03:59:03.187946+02	81	2012-05-19:  "Stiftungfest"	2	[{"changed": {"fields": ["Nazwa", "Data rozpocz\\u0119cia", "Data zako\\u0144czenia", "Miejsca", "Czy to wyjazd?", "Typ wyjazdu"]}}]	19	1
1848	2025-07-22 04:14:53.809225+02	91	2012-10-05:  "Karczma Reaktywacyjna 3"	1	[{"added": {}}]	19	1
1866	2025-07-22 04:33:50.398815+02	96	2012-12-06: Wykad/Prelekcja "'O obyczajowoci akw krakowskich w XVI wieku', Mariusz Wolny"	1	[{"added": {}}]	19	1
1884	2025-07-22 04:55:51.417795+02	103	2013-05-07 - 2013-05-14:  "Juwenalia 2013"	2	[{"changed": {"fields": ["Miejsca"]}}, {"added": {"name": "Zdarzenie", "object": "2013-05-09 - Konferencja o zwyczajach studenckich (Juwenalia \\"Juwenalia 2013\\")"}}]	19	1
1900	2025-07-22 05:08:23.930379+02	112	2013-11-14:  "Walne Zgromadzenie BCS UJ"	1	[{"added": {}}]	19	1
1916	2025-07-22 05:17:53.302884+02	120	2014-04-04:  "Kudacze"	2	[{"changed": {"fields": ["Nazwa", "Data rozpocz\\u0119cia", "Miejsca", "Czy to wyjazd?", "Typ wyjazdu"]}}, {"added": {"name": "Zdarzenie", "object": "2014-04-04 - 5-lecie BCS UJ (Kud\\u0142acze \\"Kud\\u0142acze\\")"}}]	19	1
1932	2025-07-22 05:30:53.146702+02	130	2014-10-03 - 2014-10-04: Reaktywacja "Czapka Reactivation Party VI"	2	[{"changed": {"fields": ["Nazwa", "Jednodniowe", "Data rozpocz\\u0119cia", "Data zako\\u0144czenia", "Miejsca", "Typ wydarzenia"]}}, {"added": {"name": "Zdarzenie", "object": "2014-10-03 - Traditional Cantus (Reaktywacja \\"Czapka Reactivation Party VI\\")"}}]	19	1
1948	2025-07-22 05:43:45.597135+02	139	2015-03-05:  "Ostry Dyur Przedwiosenny"	1	[{"added": {}}]	19	1
1964	2025-07-22 05:59:52.557306+02	146	2015-06-10:  "Ostry Dyur Przedsesyjny"	1	[{"added": {}}]	19	1
1981	2025-07-22 06:09:46.168705+02	156	2015-12-19:  "Koldowanie pod Collegium Novum"	2	[{"changed": {"fields": ["Nazwa", "Data rozpocz\\u0119cia", "Miejsca", "Typ wydarzenia"]}}]	19	1
1997	2025-07-22 06:16:58.267073+02	167	2016-04-13:  "Kwietniowy Ostry Dyur"	1	[{"added": {}}]	19	1
2012	2025-07-22 06:35:27.203093+02	73	Winnica UJ - Uczelnia, 32-700 azy, Polska	1	[{"added": {}}]	48	1
2025	2025-07-22 06:45:50.468383+02	180	2016-11-13:  "Listopadowy Ostry Dyur"	2	[{"changed": {"fields": ["Miejsca"]}}]	19	1
2040	2025-07-22 07:00:19.651913+02	183	2016-12-01: Wyjcie do kina "Fantastyczne Czapki i jak je znale"	3		19	1
2041	2025-07-22 07:00:19.651956+02	181	2016-11-17:  "Drugi Listopadowy Ostry Dyur"	3		19	1
2042	2025-07-22 07:00:19.651977+02	177	2016-09-30:  "Konkurs Wakacyjny"	3		19	1
2043	2025-07-22 07:00:19.651995+02	170	2016-05-05:  "Majowy Ostry Dyur"	3		19	1
2044	2025-07-22 07:00:19.652012+02	161	2016-01-20:  "Styczniowy Ostry Dyur"	3		19	1
2045	2025-07-22 07:00:19.65203+02	157	2015-12-19:  "Koldowanie pod Collegium Novum"	3		19	1
2046	2025-07-22 07:00:19.652047+02	149	2015-06-30: Odwiedziny Profesora "Tres faciunt collegium: grill u Profesora"	3		19	1
406	2025-05-01 13:36:20.778128+02	2	2009/None	1	[{"added": {}}]	14	1
407	2025-05-01 13:39:53.703156+02	2	2009/2010	2	[]	14	1
408	2025-05-01 13:39:57.507703+02	3	2009/2010	1	[{"added": {}}]	14	1
409	2025-05-01 13:40:01.714984+02	4	2010/2011	1	[{"added": {}}]	14	1
410	2025-05-01 13:40:05.43957+02	5	2011/2012	1	[{"added": {}}]	14	1
411	2025-05-01 13:40:08.597279+02	6	2012/2013	1	[{"added": {}}]	14	1
412	2025-05-01 13:40:13.820039+02	7	2013/2014	1	[{"added": {}}]	14	1
413	2025-05-01 13:40:16.967329+02	8	2014/2015	1	[{"added": {}}]	14	1
414	2025-05-01 13:40:24.700188+02	9	2015/2016	1	[{"added": {}}]	14	1
415	2025-05-01 13:40:28.352501+02	10	2016/2017	1	[{"added": {}}]	14	1
416	2025-05-01 13:40:31.791467+02	11	2017/2018	1	[{"added": {}}]	14	1
417	2025-05-01 13:40:34.573037+02	12	2018/2019	1	[{"added": {}}]	14	1
418	2025-05-01 13:40:38.506943+02	13	2019/2020	1	[{"added": {}}]	14	1
419	2025-05-01 13:40:45.783106+02	14	2020/2021	1	[{"added": {}}]	14	1
420	2025-05-01 13:40:53.757359+02	15	2021/2022	1	[{"added": {}}]	14	1
421	2025-05-01 13:40:57.697089+02	16	2022/2023	1	[{"added": {}}]	14	1
422	2025-05-01 13:41:01.9492+02	17	2023/2024	1	[{"added": {}}]	14	1
423	2025-05-01 13:41:07.206425+02	17	2024/2025	2	[{"changed": {"fields": ["Rozpocz\\u0119cie"]}}]	14	1
424	2025-05-01 13:41:25.104324+02	2	2023/2024	2	[{"changed": {"fields": ["Rozpocz\\u0119cie"]}}]	14	1
2047	2025-07-22 07:00:19.652065+02	146	2015-06-10:  "Ostry Dyur Przedsesyjny"	3		19	1
2048	2025-07-22 07:00:19.652082+02	138	2014-12-17:  "Karczma Wigilijna 2014"	3		19	1
2049	2025-07-22 07:00:19.652099+02	132	2014-10-23:  "Wybory Zarzdu BCS UJ"	3		19	1
2050	2025-07-22 07:00:19.652117+02	127	2014-05-16:  "Karczma Juwenaliowa 2014"	3		19	1
2051	2025-07-22 07:00:19.652136+02	121	2014-04-04:  "Kudacze"	3		19	1
2052	2025-07-22 07:00:19.652153+02	119	2014-03-07:  "Tradycyjna Karczma BCS UJ"	3		19	1
2053	2025-07-22 07:00:19.652169+02	115	2013-12-05:  "Ostry Dyur - vol. 4"	3		19	1
2054	2025-07-22 07:00:19.652186+02	111	2013-11-06: Ostry Dyur "Ostry dyur - vol. 2"	3		19	1
2055	2025-07-22 07:00:19.652203+02	98	2013-02-20: Inne "Jacobs Czapka Winter Special"	3		19	1
2056	2025-07-22 07:00:19.652219+02	91	2012-10-05:  "Karczma Reaktywacyjna 3"	3		19	1
2083	2025-07-22 09:12:25.756517+02	78	SST "Lasek" - Schronisko, Pewel Wielka 4, 34-340 Pewel Wielka, Polska	1	[{"added": {}}]	48	1
2096	2025-07-22 09:22:16.940506+02	214	2018-01-11:  "Styczniowy Ostry Dyur"	1	[{"added": {}}]	19	1
2108	2025-07-22 09:28:56.363038+02	223	2018-04-14:  "Karczma Wiosenna BCS UJ"	1	[{"added": {}}]	19	1
2120	2025-07-22 09:39:28.808728+02	228	2018-05-11: Wykad/Prelekcja "Europejskie i polskie tradycje studenckie"	1	[{"added": {}}]	19	1
2237	2025-07-22 11:34:55.774192+02	43	Wieczr filmowy	1	[{"added": {}}]	70	1
1594	2025-07-21 15:56:00.826694+02	5	Prelekcja	1	[{"added": {}}]	70	1
1616	2025-07-21 16:00:09.592922+02	3	Kudacze	1	[{"added": {}}]	71	1
1637	2025-07-21 17:03:25.928363+02	4	Wyjazd zagraniczny	2	[{"changed": {"fields": ["Typ wyjazdu"]}}]	71	1
1658	2025-07-21 20:37:07.002004+02	25	2010-05-12: Uroczysto "Zoenie kwiatw pod grobem krlowej Jadwigi"	2	[]	19	1
1678	2025-07-21 22:17:32.401711+02	28	2011-05-19: Ognisko "Ognisko na Kopcu Pisudskiego"	1	[{"added": {}}]	19	1
1698	2025-07-21 22:28:52.064952+02	31	2011-05-21: Karczma "Polsko-belgijsko-francuska Karczma Piwna"	1	[{"added": {}}]	19	1
1717	2025-07-21 23:11:47.238852+02	38	2011-07-21: Inne "Petycja w sprawie niezamykania Klubu "Buda""	2	[{"changed": {"fields": ["Miejsca"]}}]	19	1
1736	2025-07-22 00:03:16.230887+02	44	2011-10-06: Ostry Dyur "Ostry Dyur czapkowy - spotkanie informacyjne BCS"	2	[]	19	1
1755	2025-07-22 02:21:50.146778+02	22	Spontaniczne	2	[{"changed": {"fields": ["Typ wydarzenia"]}}]	70	1
1774	2025-07-22 03:01:07.145735+02	61	2011-12-03 - 2011-12-05: Wyjazd zagraniczny "Bankiet Tradycji Studenckich"	1	[{"added": {}}]	19	1
1792	2025-07-22 03:22:38.452447+02	68	2012-02-09: Wyjazd zagraniczny "Obiad posesyjny"	3		19	1
1810	2025-07-22 03:45:24.603652+02	52	Eco Resto Bar - Bar, Czysta, 31-121 Krakw, Polska	1	[{"added": {}}]	48	1
1828	2025-07-22 03:59:46.915883+02	80	2012-05-16 - 2012-05-18:  "Juwenalia 2012"	2	[]	19	1
1849	2025-07-22 04:15:50.714997+02	57	Klub Re - Pub/Klub, witego Krzya 4, 31-027 Krakw, Polska	1	[{"added": {}}]	48	1
1867	2025-07-22 04:34:01.654923+02	96	2012-12-06: Wykad/Prelekcja "'O obyczajowoci akw krakowskich w XVI wieku', Mariusz Wolny"	2	[{"changed": {"fields": ["Data zako\\u0144czenia"]}}]	19	1
1885	2025-07-22 04:56:49.041354+02	103	2013-05-07 - 2013-05-14:  "Juwenalia 2013"	2	[{"changed": {"fields": ["Miejsca"]}}, {"added": {"name": "Zdarzenie", "object": "2013-05-10 - Korow\\u00f3d juwenaliowy (Juwenalia \\"Juwenalia 2013\\")"}}, {"changed": {"name": "Zdarzenie", "object": "2013-05-09 - Konferencja o zwyczajach studenckich (Juwenalia \\"Juwenalia 2013\\")", "fields": ["Miejsce"]}}]	19	1
1901	2025-07-22 05:09:53.690952+02	61	Uaskie Zdrowie - Szczyt, Lena 79, 32-065 Krzeszowice, Polska	1	[{"added": {}}]	48	1
1917	2025-07-22 05:17:59.285585+02	121	2014-04-04:  "Kudacze"	1	[{"added": {}}, {"added": {"name": "Zdarzenie", "object": "2014-04-04 - 5-lecie BCS UJ (Kud\\u0142acze \\"Kud\\u0142acze\\")"}}]	19	1
1933	2025-07-22 05:31:14.404701+02	131	2014-10-03 - 2014-10-04: Reaktywacja "Czapka Reactivation Party VI"	1	[{"added": {}}, {"added": {"name": "Zdarzenie", "object": "2014-10-03 - Traditional Cantus (Reaktywacja \\"Czapka Reactivation Party VI\\")"}}, {"added": {"name": "Zdarzenie", "object": "2014-10-04 - Open Party (Reaktywacja \\"Czapka Reactivation Party VI\\")"}}]	19	1
1949	2025-07-22 05:44:17.603676+02	140	2015-03-14: Idy Marcowe "Idy Czapkowe 2015"	1	[{"added": {}}]	19	1
1965	2025-07-22 06:00:50.604653+02	29	Las	1	[{"added": {}}]	49	1
1982	2025-07-22 06:10:17.715713+02	62	2011-12-16:  "Koldowanie pod Novum wraz z NZS UJ"	2	[{"changed": {"fields": ["Nazwa", "Typ wydarzenia"]}}]	19	1
1998	2025-07-22 06:17:22.149367+02	168	2016-05-05:  "Majowy Ostry Dyur"	1	[{"added": {}}]	19	1
2013	2025-07-22 06:38:04.375217+02	175	2016-09-30 - 2016-10-02:  "Reaktywacja BCS UJ"	2	[{"changed": {"fields": ["Nazwa", "Jednodniowe", "Data zako\\u0144czenia", "Typ wydarzenia"]}}, {"added": {"name": "Zdarzenie", "object": "2016-09-30 - International Cantus (Reaktywacja \\"Reaktywacja BCS UJ\\")"}}, {"added": {"name": "Zdarzenie", "object": "2016-10-01 - Poch\\u00f3d inauguracyjny (Reaktywacja \\"Reaktywacja BCS UJ\\")"}}, {"added": {"name": "Zdarzenie", "object": "2016-10-01 - CIBA Open Party (Reaktywacja \\"Reaktywacja BCS UJ\\")"}}, {"added": {"name": "Zdarzenie", "object": "2016-10-02 - Zwiedzanie winnicy UJ w \\u0141azach (Reaktywacja \\"Reaktywacja BCS UJ\\")"}}, {"added": {"name": "Zdarzenie", "object": "2016-10-02 - Goodbye Party (Reaktywacja \\"Reaktywacja BCS UJ\\")"}}, {"added": {"name": "Zdarzenie", "object": "2016-10-02 - Orfeusz i Eurydyka - wyj\\u015bcie do oper (Reaktywacja \\"Reaktywacja BCS UJ\\")"}}]	19	1
2026	2025-07-22 06:47:18.995924+02	180	2016-11-13:  "Listopadowy Ostry Dyur"	2	[{"changed": {"fields": ["Miejsca"]}}]	19	1
2057	2025-07-22 07:01:55.559082+02	186	2015-04-30: Grill "Ruszt u Maeckiego"	1	[{"added": {}}]	19	1
2070	2025-07-22 09:06:15.278579+02	196	2017-05-11 - 2017-05-14:  "Juwenalia 2017"	2	[{"added": {"name": "Zdarzenie", "object": "2017-05-11 - Welcome Party (Juwenalia \\"Juwenalia 2017\\")"}}, {"added": {"name": "Zdarzenie", "object": "2017-05-12 - Korow\\u00f3d juwenaliowy (Juwenalia \\"Juwenalia 2017\\")"}}, {"added": {"name": "Zdarzenie", "object": "2017-05-12 - Mecz pi\\u0142ki no\\u017cnej (Juwenalia \\"Juwenalia 2017\\")"}}, {"added": {"name": "Zdarzenie", "object": "2017-05-13 - CIBA Open Party (Juwenalia \\"Juwenalia 2017\\")"}}, {"added": {"name": "Zdarzenie", "object": "2017-05-14 - Goodbye Party (Juwenalia \\"Juwenalia 2017\\")"}}]	19	1
2084	2025-07-22 09:12:46.667444+02	8	Wyjazd integracyjny	1	[{"added": {}}]	71	1
2097	2025-07-22 09:22:47.495083+02	215	2018-01-20: Impreza "Czapkowy Bal Karnawaowy"	1	[{"added": {}}]	19	1
2109	2025-07-22 09:29:26.394154+02	224	2018-04-28:  "Kwietniowy Ostry Dyur"	1	[{"added": {}}]	19	1
2121	2025-07-22 09:40:30.82924+02	85	Restauracja Bazylia - Restauracja, Bolesawa Limanowskiego 12, 30-534 Krakw, Polska	1	[{"added": {}}]	48	1
2132	2025-07-22 09:51:56.674909+02	234	2018-09-21:  "Ostry Dyur Adapciakowy"	1	[{"added": {}}]	19	1
2143	2025-07-22 10:01:51.527093+02	241	2018-11-30:  "Andrzejki BCS UJ"	1	[{"added": {}}]	19	1
2154	2025-07-22 10:08:24.105342+02	250	2019-03-20: Odchamianie si "Teatr z Czapk - Dzienniki Gwiazdowe"	1	[{"added": {}}]	19	1
2204	2025-07-22 11:08:23.915967+02	98	Absurdalna - Pub/Klub, Staromiejska 9, 40-012 Katowice, Polska	1	[{"added": {}}]	48	1
2215	2025-07-22 11:18:59.749391+02	100	ywe Muzeum Obwarzanka - Muzeum, Ignacego Paderewskiego 4, 31-157 Krakw, Polska	1	[{"added": {}}]	48	1
2226	2025-07-22 11:27:45.491625+02	269	2020-01-16:  "Piama CzaParty - Przedsesyjny Ostry Dyur"	1	[{"added": {}}]	19	1
2238	2025-07-22 11:35:08.597657+02	277	2020-11-05: Wieczr filmowy "Czapkowy Wieczr Filmowy: Asterix i Obelix (on-line)"	1	[{"added": {}}]	19	1
501	2025-05-01 23:53:58.800979+02	1	Nie wiem - Inny, XXX	1	[{"added": {}}]	16	1
502	2025-05-02 01:00:15.584059+02	1	Powstanie BCS	1	[{"added": {}}]	19	1
503	2025-05-02 01:02:01.382838+02	1	Powstawanie idei BCS 2009-03-01 - 2009-08-20	1	[{"added": {}}]	15	1
504	2025-05-02 01:09:14.465704+02	1	Powstawanie idei BCS: 01.03.2009 - 20.08.2009	2	[{"changed": {"fields": ["Opis"]}}]	15	1
505	2025-05-02 01:09:23.102476+02	1	Powstawanie idei BCS: 01.03.2009 - 20.08.2009	2	[]	15	1
506	2025-05-02 01:14:17.777686+02	1	Wybory 2009/2010	1	[{"added": {}}]	17	1
507	2025-05-02 01:16:25.496878+02	2	Wybory 2009/2010	1	[{"added": {}}]	19	1
508	2025-05-02 01:17:30.161855+02	2	Pierwsza karczma BCS	1	[{"added": {}}]	17	1
509	2025-05-02 01:17:33.901529+02	3	Pierwsza karczma BCS	1	[{"added": {}}]	17	1
572	2025-05-05 09:12:23.779572+02	5	2010.12.05 - Zoenie kwiatw pod grobem Krlowej Jadwigi	3		19	1
510	2025-05-02 01:19:01.266411+02	3	Konferencja naukowa na Wydziale Historycznym (Roberto Martinez del Rio)	2	[{"changed": {"fields": ["Nazwa"]}}]	17	1
511	2025-05-02 01:23:19.478631+02	2	Wydzia Historyczny UJ - Uczel, ul. Gobia 24, Krakw, Polska	1	[{"added": {}}]	16	1
512	2025-05-02 01:26:28.840427+02	3	Konferencja naukowa - Roberto Martinez del Rio	2	[{"changed": {"fields": ["Nazwa", "Typ spotkania", "Data", "Miejsce"]}}]	17	1
1595	2025-07-21 15:56:10.43507+02	6	Konferencja naukowa	1	[{"added": {}}]	70	1
1617	2025-07-21 16:00:14.393007+02	4	Zagraniczny	1	[{"added": {}}]	71	1
1638	2025-07-21 17:03:30.895455+02	26	2025-05-08 - 2025-05-11: Wyjazd zagraniczny "Faerie Matricularum"	2	[]	19	1
1659	2025-07-21 20:37:31.089792+02	8	2010-11-06: Uroczysto "Uniwersytecki Dzie Pamici"	2	[]	19	1
1679	2025-07-21 22:17:58.669327+02	34	Kopiec Pisudskiego - Szczyt, Krakw, Polska	2	[{"changed": {"fields": ["Adres"]}}]	48	1
1699	2025-07-21 22:29:40.569806+02	26	Rejs	1	[{"added": {}}]	70	1
1718	2025-07-21 23:12:05.258024+02	23	Dom studencki	2	[{"changed": {"fields": ["Typ miejsca"]}}]	49	1
1737	2025-07-22 00:05:18.55378+02	44	2011-10-06: Ostry Dyur "Ostry Dyur czapkowy - spotkanie informacyjne BCS"	2	[]	19	1
1756	2025-07-22 02:21:53.58721+02	53	2025-07-22: Spontaniczne "spontaniczna czapkowa posiadwka na Woli"	1	[{"added": {}}]	19	1
1775	2025-07-22 03:01:59.479995+02	62	2011-12-15: Ostry Dyur "Ostatni Dyur 2011"	1	[{"added": {}}]	19	1
1793	2025-07-22 03:23:08.274911+02	67	2012-02-09: Obiad "Obiad posesyjny"	2	[{"changed": {"fields": ["Typ wydarzenia"]}}]	19	1
1811	2025-07-22 03:45:43.032159+02	76	2012-04-21: Walne "Zebranie w sprawie statutu Bractwa"	1	[{"added": {}}]	19	1
1829	2025-07-22 04:00:35.122472+02	33	2011-05-28:  "Wyjazd na Stiftungfest"	2	[{"changed": {"fields": ["Typ wyjazdu"]}}]	19	1
1850	2025-07-22 04:16:04.445797+02	92	2012-10-06: Impreza "Czapka Open Party"	1	[{"added": {}}]	19	1
1868	2025-07-22 04:36:19.406177+02	96	2012-12-06 - 2012-12-07: Wykad/Prelekcja "'O obyczajowoci akw krakowskich w XVI wieku', Mariusz Wolny"	2	[{"changed": {"fields": ["Data zako\\u0144czenia"]}}]	19	1
1886	2025-07-22 04:57:50.650069+02	103	2013-05-07 - 2013-05-14:  "Juwenalia 2013"	2	[{"added": {"name": "Zdarzenie", "object": "2013-05-10 - International Cantus (Juwenalia \\"Juwenalia 2013\\")"}}, {"added": {"name": "Zdarzenie", "object": "2013-05-11 - CIBA Open Party (Juwenalia \\"Juwenalia 2013\\")"}}, {"changed": {"name": "Zdarzenie", "object": "2013-05-10 - Korow\\u00f3d juwenaliowy (Juwenalia \\"Juwenalia 2013\\")", "fields": ["Miejsce"]}}]	19	1
1902	2025-07-22 05:10:08.778145+02	113	2013-11-30:  "Uaskie Zdrowie"	1	[{"added": {}}]	19	1
1918	2025-07-22 05:18:47.43322+02	122	2014-04-27:  "Wiosenny Obiad BCS UJ"	1	[{"added": {}}]	19	1
1934	2025-07-22 05:33:03.700526+02	131	2014-10-23:  "Wybory Zarzdu BCS UJ"	2	[{"changed": {"fields": ["Nazwa", "Jednodniowe", "Data rozpocz\\u0119cia", "Miejsca", "Typ wydarzenia", "Uczestnicy wydarzenia"]}}, {"deleted": {"name": "Zdarzenie", "object": "2014-10-03 - Traditional Cantus (Wybory \\"Wybory Zarz\\u0105du BCS UJ\\")"}}, {"deleted": {"name": "Zdarzenie", "object": "2014-10-04 - Open Party (Wybory \\"Wybory Zarz\\u0105du BCS UJ\\")"}}]	19	1
1950	2025-07-22 05:45:57.192968+02	28	Kawiarnia	1	[{"added": {}}]	49	1
1966	2025-07-22 06:01:18.706995+02	29	Las	3		49	1
1983	2025-07-22 06:10:44.554585+02	157	2015-12-19:  "Koldowanie pod Collegium Novum"	1	[{"added": {}}]	19	1
1999	2025-07-22 06:19:21.068609+02	168	2016-05-12 - 2016-05-14:  "Juwenalia 2016"	2	[{"changed": {"fields": ["Nazwa", "Jednodniowe", "Data rozpocz\\u0119cia", "Data zako\\u0144czenia", "Miejsca", "Typ wydarzenia"]}}, {"added": {"name": "Zdarzenie", "object": "2016-05-05 - Wyk\\u0142ad Juwenaliowy (Juwenalia \\"Juwenalia 2016\\")"}}]	19	1
2027	2025-07-22 06:47:22.782554+02	180	2016-11-13:  "Listopadowy Ostry Dyur"	2	[]	19	1
2058	2025-07-22 08:57:58.606707+02	187	2016-11-17:  "Drugi Listopadowy Ostry Dyur"	1	[{"added": {}}]	19	1
2071	2025-07-22 09:06:29.735264+02	196	2017-05-11 - 2017-05-14:  "Juwenalia 2017"	2	[]	19	1
548	2025-05-04 21:36:00.340999+02	1	Powstawanie koncepcji BCS: 01.03.2009 - 20.08.2009	1	[{"added": {}}]	15	1
549	2025-05-04 21:38:05.222505+02	3	CMUJ - Uczelnia, w. Anny, Krakw, Polska	1	[{"added": {}}]	16	1
550	2025-05-04 21:40:29.877048+02	1	Zaoenie BCS	1	[{"added": {}}]	19	1
551	2025-05-04 21:51:25.515014+02	1	Zaoenie BCS	2	[{"added": {"name": "Uczestnictwo", "object": "Tadeusz \\"Kumdo/Tadek\\" Hessel - Kronika | Wydarzenie - Za\\u0142o\\u017cenie BCS"}}, {"added": {"name": "Uczestnictwo", "object": "Kasper \\"Pumba\\" Krawet - Kronika | Wydarzenie - Za\\u0142o\\u017cenie BCS"}}]	19	1
552	2025-05-04 22:37:40.441857+02	1	Zaoenie BCS	2	[]	19	1
553	2025-05-04 22:40:31.786293+02	2	Pierwsze wybory	1	[{"added": {}}, {"added": {"name": "Uczestnictwo", "object": "Tadeusz \\"Kumdo/Tadek\\" Hessel - Kronika | Wydarzenie - Pierwsze wybory"}}, {"added": {"name": "Uczestnictwo", "object": "Kasper \\"Pumba\\" Krawet - Kronika | Wydarzenie - Pierwsze wybory"}}, {"added": {"name": "Uczestnictwo", "object": "Pawe\\u0142 Nawrot - Kronika | Wydarzenie - Pierwsze wybory"}}, {"added": {"name": "Uczestnictwo", "object": "Jakub Nawrot - Kronika | Wydarzenie - Pierwsze wybory"}}, {"added": {"name": "Uczestnictwo", "object": "Urszula Kasprzyk - Kronika | Wydarzenie - Pierwsze wybory"}}, {"added": {"name": "Uczestnictwo", "object": "Ma\\u0142gorzata Lurzy\\u0144ska - Kronika | Wydarzenie - Pierwsze wybory"}}]	19	1
554	2025-05-04 22:42:26.603607+02	3	Pierwsza karczma	1	[{"added": {}}]	19	1
555	2025-05-04 22:46:42.36498+02	4	2010.28.01 - Pierwsza karczma	1	[{"added": {}}]	19	1
557	2025-05-04 22:54:20.109106+02	5	2010.28.04 - Pierwsza konferencja	1	[{"added": {}}, {"added": {"name": "Uczestnictwo", "object": "None - Kronika | Wydarzenie - 2010.28.04 - Pierwsza konferencja"}}]	19	1
558	2025-05-04 22:56:31.993463+02	5	2010.12.05 - Zoenie kwiatw pod grobem Krlowej Jadwigi	2	[{"changed": {"fields": ["Nazwa", "Data", "Typ wydarzenia", "Opis"]}}]	19	1
559	2025-05-04 22:58:58.209139+02	4	Grb krlowej Jadwigi - Obiekt kultury, Katedra Wawelska, Krakw, Polska	1	[{"added": {}}]	16	1
563	2025-05-04 23:11:21.06416+02	1	Samorzd nosi czapki	1	[{"added": {}}]	20	1
564	2025-05-04 23:11:34.263756+02	1	Samorzd nosi czapki	2	[{"added": {"name": "Uczestnictwo", "object": "None - Kronika | Zdarzenie - Samorz\\u0105d nosi czapki"}}]	20	1
565	2025-05-04 23:16:51.925293+02	5	Auditorium Maximum UJ - Uczelnia, Krupnicza 33, Krakw, Polska	1	[{"added": {}}]	16	1
566	2025-05-04 23:19:29.665208+02	2	2010.01.10 - International Cantus: Gaudeamus	1	[{"added": {}}]	20	1
567	2025-05-04 23:21:03.040049+02	3	2010.12.05 - Pierwszy pochd z Collegium Maius do Auditorium Maximum	1	[{"added": {}}]	20	1
568	2025-05-04 23:24:58.955572+02	3	2010.01.10 - Pierwszy pochd z Collegium Maius do Auditorium Maximum	2	[{"changed": {"fields": ["Data"]}}]	20	1
569	2025-05-04 23:25:08.479657+02	1	2010.12.05 - Samorzd nosi czapki	2	[]	20	1
570	2025-05-04 23:25:20.187396+02	4	2010.28.01 - Pierwsza karczma	3		19	1
571	2025-05-05 09:10:44.772573+02	5	2010.12.05 - Zoenie kwiatw pod grobem Krlowej Jadwigi	2	[{"changed": {"fields": ["Zdarzenia"]}}]	19	1
573	2025-05-05 09:41:36.607473+02	5	Auditorium Maximum UJ - Uczelnia, Krupnicza 33, Krakw, Polska	2	[]	16	1
574	2025-05-05 09:42:37.77729+02	6	Collegium Maius - Uczelnia, Jagielloska 15, Krakw, Polska	1	[{"added": {}}]	16	1
575	2025-05-05 09:42:57.177165+02	6	2010.01.10 - Czapka Reactivation Party	1	[{"added": {}}, {"added": {"name": "Uczestnictwo", "object": "Kasper \\"Pumba\\" Krawet - Kronika | Wydarzenie - 2010.01.10 - Czapka Reactivation Party"}}]	19	1
1596	2025-07-21 15:56:36.969435+02	7	Sprztanie grobw	1	[{"added": {}}]	70	1
1618	2025-07-21 16:28:48.541019+02	5	Nie dotyczy	1	[{"added": {}}]	71	1
578	2025-05-05 09:47:51.972392+02	4	2010.01.10 - Prelekcje na temat studenckiego folkloru	1	[{"added": {}}, {"added": {"name": "Uczestnictwo", "object": "Kasper \\"Pumba\\" Krawet - Kronika | Zdarzenie - 2010.01.10 - Prelekcje na temat studenckiego folkloru"}}, {"added": {"name": "Uczestnictwo", "object": "None - Kronika | Zdarzenie - 2010.01.10 - Prelekcje na temat studenckiego folkloru"}}, {"added": {"name": "Uczestnictwo", "object": "None - Kronika | Zdarzenie - 2010.01.10 - Prelekcje na temat studenckiego folkloru"}}, {"added": {"name": "Uczestnictwo", "object": "None - Kronika | Zdarzenie - 2010.01.10 - Prelekcje na temat studenckiego folkloru"}}]	20	1
579	2025-05-05 09:47:58.429495+02	7	2010.01.10 - Pierwsza inauguracja roku akademickiego	1	[{"added": {}}]	19	1
580	2025-05-05 09:48:08.190611+02	7	2010.01.10 - Pierwsza inauguracja roku akademickiego	2	[]	19	1
581	2025-05-05 14:10:55.683549+02	1	Czapka Reactivation Party - Uniwersytecki Dzie PamiciUniwersyteckiDzienPamieci.jpg	1	[{"added": {}}]	25	1
582	2025-05-05 14:14:18.587744+02	6	2010.01.10 - Czapka Reactivation Party	2	[{"changed": {"name": "Uczestnictwo", "object": "None - Kronika | Wydarzenie - 2010.01.10 - Czapka Reactivation Party", "fields": ["Cz\\u0142onek"]}}, {"changed": {"name": "Zdj\\u0119cie z wydarzenia", "object": "Czapka Reactivation Party - UniwersyteckiDzienPamieci.jpg", "fields": ["Tytu\\u0142"]}}]	19	1
583	2025-05-05 14:17:06.092388+02	6	2010.01.10 - Czapka Reactivation Party	2	[{"deleted": {"name": "Zdj\\u0119cie z wydarzenia", "object": "Czapka Reactivation Party - UniwersyteckiDzienPamieci.jpg"}}]	19	1
584	2025-05-05 14:20:39.056423+02	7	2010.01.10 - Pierwsza inauguracja roku akademickiego	2	[{"added": {"name": "Uczestnictwo", "object": "Kasper \\"Pumba\\" Krawet - Kronika | Wydarzenie - 2010.01.10 - Pierwsza inauguracja roku akademickiego"}}, {"added": {"name": "Uczestnictwo", "object": "None - Kronika | Wydarzenie - 2010.01.10 - Pierwsza inauguracja roku akademickiego"}}, {"added": {"name": "Uczestnictwo", "object": "None - Kronika | Wydarzenie - 2010.01.10 - Pierwsza inauguracja roku akademickiego"}}, {"added": {"name": "Uczestnictwo", "object": "None - Kronika | Wydarzenie - 2010.01.10 - Pierwsza inauguracja roku akademickiego"}}]	19	1
585	2025-05-05 14:22:45.978001+02	7	Collegium Novum - Uczelnia, Gobia 24, Krakw, Polska	1	[{"added": {}}]	16	1
586	2025-05-05 14:24:49.517219+02	8	2010.06.11 - Uniwersytecki Dzie Pamici	1	[{"added": {}}, {"added": {"name": "Zdj\\u0119cie z wydarzenia", "object": "Uniwersytecki Dzie\\u0144 Pami\\u0119ci - Uniwersytecki Dzie\\u0144 Pami\\u0119ciUniwersyteckiDzienPamieci_23yMlpx.jpg"}}]	19	1
587	2025-05-05 14:25:39.154967+02	8	2010.06.11 - Uniwersytecki Dzie Pamici	2	[{"changed": {"fields": ["Zdj\\u0119cia"]}}, {"changed": {"name": "Zdj\\u0119cie z wydarzenia", "object": "Uniwersytecki Dzie\\u0144 Pami\\u0119ci - Uniwersytecki Dzie\\u0144 Pami\\u0119ciUniwersyteckiDzienPamieci_23yMlpx.jpg", "fields": ["Opis"]}}]	19	1
588	2025-05-05 14:26:36.562917+02	8	2010.06.11 - Uniwersytecki Dzie Pamici	2	[{"changed": {"fields": ["Opis"]}}]	19	1
589	2025-05-05 14:28:50.137568+02	8	Klub Studencki Nawojka - Pub, Wadysawa Reymonta 11, Krakw, Polska	1	[{"added": {}}]	16	1
590	2025-05-05 14:29:11.521676+02	9	2011.16.01 - Czapkowa Karczma Karnawaowa	1	[{"added": {}}]	19	1
591	2025-05-05 14:29:21.921319+02	10	2011.16.01 - Czapkowa Karczma Karnawaowa	1	[{"added": {}}]	19	1
592	2025-05-05 14:53:38.145264+02	9	Shot Pub - Pub, Szpitalna 5, Krakw, Polska	1	[{"added": {}}]	16	1
593	2025-05-05 14:53:42.606317+02	11	2011.12.02 - Czapkowa Karczma Posesyjna	1	[{"added": {}}]	19	1
594	2025-05-05 14:56:22.114714+02	12	2011.05.03 - Puchar Prorektora CMUJ	1	[{"added": {}}]	19	1
595	2025-05-05 14:57:28.130301+02	10	Klub Buda - Pub, Czapskich 2, Krakw, Polska	1	[{"added": {}}]	16	1
596	2025-05-05 15:03:35.119094+02	5	2011.12.03 - Nowa tradycja: Toast w stron Nawojki	1	[{"added": {}}]	20	1
597	2025-05-05 15:25:36.559786+02	12	2011.12.03 - Wielka Karczma Piwna	2	[{"changed": {"fields": ["Nazwa", "Data", "Miejsce", "Typ wydarzenia", "Zdarzenia"]}}]	19	1
598	2025-05-05 15:28:11.655218+02	1	Toast w stron Nawojki	1	[{"added": {}}]	26	1
599	2025-05-05 15:28:18.659992+02	1	Toast w stron Nawojki	2	[]	26	1
600	2025-05-05 15:28:42.372195+02	13	2011.12.03 - Wielka Karczma Piwna	1	[{"added": {}}]	19	1
601	2025-05-05 15:31:23.727975+02	11	Collegium Iuridicum UJ - Uczelnia, Grodzka 53, Krakw, Polska	1	[{"added": {}}]	16	1
1639	2025-07-21 17:03:46.181791+02	18	2025-04-16: Karczma "Czapkowa Karczma w klimatach midzywojennych"	2	[{"changed": {"fields": ["Typ wydarzenia"]}}]	19	1
603	2025-05-05 15:35:13.184105+02	6	2011.18.03 - Spotkanie z babci Tadka	1	[{"added": {}}, {"added": {"name": "Uczestnictwo", "object": "Tadeusz \\"Kumdo/Tadek\\" Hessel - Kronika | Zdarzenie - 2011.18.03 - Spotkanie z babci\\u0105 Tadka"}}, {"added": {"name": "Uczestnictwo", "object": "None - Kronika | Zdarzenie - 2011.18.03 - Spotkanie z babci\\u0105 Tadka"}}]	20	1
604	2025-05-05 15:35:39.41435+02	14	2011.18.03 - Wykad dla Stowarzyszenia Absolwentw UJ	1	[{"added": {}}, {"added": {"name": "Uczestnictwo", "object": "Tadeusz \\"Kumdo/Tadek\\" Hessel - Kronika | Wydarzenie - 2011.18.03 - Wyk\\u0142ad dla Stowarzyszenia Absolwent\\u00f3w UJ"}}]	19	1
605	2025-05-05 15:40:09.469545+02	12	Wrocaw - Miasto, Wrocaw, Polska	1	[{"added": {}}]	16	1
606	2025-05-05 15:41:21.168611+02	15	2011.25.03 - Konferencja medyczna we Wrocawiu	1	[{"added": {}}, {"added": {"name": "Uczestnictwo", "object": "None - Kronika | Wydarzenie - 2011.25.03 - Konferencja medyczna we Wroc\\u0142awiu"}}]	19	1
607	2025-05-05 15:43:34.177822+02	13	Kopiec Kociuszki - Obiekt kultury, al. Waszyngtona 1, Krakw, Polska	1	[{"added": {}}]	16	1
608	2025-05-05 15:43:47.770962+02	16	2011.03.04 - Wycieczka na Kopiec Kociuszki	1	[{"added": {}}, {"added": {"name": "Uczestnictwo", "object": "None - Kronika | Wydarzenie - 2011.03.04 - Wycieczka na Kopiec Ko\\u015bciuszki"}}]	19	1
609	2025-05-05 15:45:31.733168+02	14	Wydzia Polonistyki UJ - Uczelnia, Gobia 16, Krakw, Polska	1	[{"added": {}}]	16	1
610	2025-05-05 15:46:01.481957+02	17	2011.06.04 - Wykad na Wydziale Polonistyki	1	[{"added": {}}, {"added": {"name": "Uczestnictwo", "object": "None - Kronika | Wydarzenie - 2011.06.04 - Wyk\\u0142ad na Wydziale Polonistyki"}}]	19	1
611	2025-05-05 15:46:43.92187+02	18	2011.16.04 - Czapkowa Karczma w klimatach midzywojennych	1	[{"added": {}}, {"added": {"name": "Uczestnictwo", "object": "None - Kronika | Wydarzenie - 2011.16.04 - Czapkowa Karczma w klimatach mi\\u0119dzywojennych"}}]	19	1
612	2025-05-05 15:47:16.220973+02	19	2011.19.04 - Spotkanie statutowe BCS	1	[{"added": {}}, {"added": {"name": "Uczestnictwo", "object": "None - Kronika | Wydarzenie - 2011.19.04 - Spotkanie statutowe BCS"}}]	19	1
613	2025-05-05 15:48:30.213231+02	15	Klub Studencki "aczek" - Pub/Klub, Al. 3 Maja, Krakw, Polska	1	[{"added": {}}]	16	1
614	2025-05-05 15:52:56.118763+02	7	2011.30.04 - Urodziny "Geologa"	1	[{"added": {}}, {"added": {"name": "Uczestnictwo", "object": "Bartosz \\"Geolog\\" Maciejewski - Kronika | Zdarzenie - 2011.30.04 - Urodziny \\"Geologa\\""}}]	20	1
615	2025-05-05 15:53:00.142103+02	20	2011.30.04 - Grill pod aczkiem: urodziny Geologa	1	[{"added": {}}, {"added": {"name": "Uczestnictwo", "object": "Bartosz \\"Geolog\\" Maciejewski - Kronika | Wydarzenie - 2011.30.04 - Grill pod \\u017baczkiem: urodziny Geologa"}}]	19	1
616	2025-05-05 15:55:18.631572+02	21	2011.07.05 - Czapkowa eskapada rowerowa szlakiem Bema	1	[{"added": {}}, {"added": {"name": "Uczestnictwo", "object": "Anna Maria \\"Litle dragon/Gestapo\\" Ku\\u017ama - Kronika | Wydarzenie - 2011.07.05 - Czapkowa eskapada rowerowa szlakiem Bema"}}]	19	1
617	2025-05-05 15:55:56.307648+02	22	2011.14.05 - Majowa Karczma Piwna	1	[{"added": {}}, {"added": {"name": "Uczestnictwo", "object": "None - Kronika | Wydarzenie - 2011.14.05 - Majowa Karczma Piwna"}}]	19	1
618	2025-05-05 15:56:39.075614+02	16	Krakw - Miasto, Krakw, Polska	1	[{"added": {}}]	16	1
619	2025-05-05 15:57:07.211273+02	23	2011.17.05 - akcja Przygarnij Belga w Juwenalia!	1	[{"added": {}}, {"added": {"name": "Uczestnictwo", "object": "None - Kronika | Wydarzenie - 2011.17.05 - akcja Przygarnij Belga w Juwenalia!"}}]	19	1
620	2025-05-06 11:10:21.020636+02	23	2011.17.05 - Akcja: akcja Przygarnij Belga w Juwenalia!	2	[{"changed": {"fields": ["Typ wydarzenia"]}}]	19	1
621	2025-05-06 11:10:44.818695+02	10	2011.16.01 - Karczma: Czapkowa Karczma Karnawaowa	2	[]	19	1
622	2025-05-06 11:11:30.104335+02	13	2011.12.03 - Karczma: Wielka Karczma Piwna	3		19	1
623	2025-05-06 11:11:30.104388+02	10	2011.16.01 - Karczma: Czapkowa Karczma Karnawaowa	3		19	1
624	2025-05-06 11:11:56.351915+02	23	2011.17.05 - Akcja: Przygarnij Belga w Juwenalia!	2	[{"changed": {"fields": ["Nazwa"]}}]	19	1
1597	2025-07-21 15:56:46.237614+02	8	Historyczne	1	[{"added": {}}]	70	1
1619	2025-07-21 16:29:00.816686+02	23	Nie dotyczy	1	[{"added": {}}]	70	1
1640	2025-07-21 17:03:58.353903+02	23	2011-05-17 - 2011-05-21: Akcja "Przygarnij Belga w Juwenalia!"	2	[{"changed": {"fields": ["Typ wydarzenia"]}}]	19	1
628	2025-05-09 09:57:06.999414+02	1	Toast w stron Nawojki	2	[]	26	1
629	2025-05-13 12:25:14.242227+02	17	Bolonia - Miasto, Wochy	1	[{"added": {}}]	16	1
1660	2025-07-21 20:38:02.728707+02	11	2011-02-12: Karczma "Czapkowa Karczma Posesyjna"	2	[{"changed": {"fields": ["Data rozpocz\\u0119cia", "Data zako\\u0144czenia", "Miejsca"]}}]	19	1
1680	2025-07-21 22:18:24.868973+02	5	Auditorium Maximum UJ - Uczelnia, Krupnicza 33, 31-123 Krakw, Polska	2	[{"changed": {"fields": ["Adres"]}}]	48	1
1700	2025-07-21 22:29:47.052806+02	32	2011-05-23: Rejs "Rozpiewany rejs"	1	[{"added": {}}]	19	1
633	2025-05-13 12:43:08.467624+02	1	ZAGR "Faerie Matricularum" - Bolonia - Miasto, Wochy, 08.05.2025 - 11.05.2025	1	[{"added": {}}, {"added": {"name": "Uczestnictwo", "object": "Bart\\u0142omiej \\"Nobod\\" Grzeszykowski - Kronika | Wyjazd - ZAGR \\"Faerie Matricularum\\" - Bolonia - Miasto, W\\u0142ochy, 08.05.2025 - 11.05.2025"}}, {"added": {"name": "Uczestnictwo", "object": "Micha\\u0142 \\"Cukier/Ma\\u0142olata\\" Malata - Kronika | Wyjazd - ZAGR \\"Faerie Matricularum\\" - Bolonia - Miasto, W\\u0142ochy, 08.05.2025 - 11.05.2025"}}, {"added": {"name": "Uczestnictwo", "object": "Martyna \\"Bober\\" Kubiak - Kronika | Wyjazd - ZAGR \\"Faerie Matricularum\\" - Bolonia - Miasto, W\\u0142ochy, 08.05.2025 - 11.05.2025"}}, {"added": {"name": "Uczestnictwo", "object": "Bartosz \\"Heniek\\" Hepek - Kronika | Wyjazd - ZAGR \\"Faerie Matricularum\\" - Bolonia - Miasto, W\\u0142ochy, 08.05.2025 - 11.05.2025"}}, {"added": {"name": "Uczestnictwo", "object": "Herman \\"Stabilizator/Rakieta\\" Chekurda - Kronika | Wyjazd - ZAGR \\"Faerie Matricularum\\" - Bolonia - Miasto, W\\u0142ochy, 08.05.2025 - 11.05.2025"}}, {"added": {"name": "Uczestnictwo", "object": "Maria \\"Felis\\" Turakiewicz - Kronika | Wyjazd - ZAGR \\"Faerie Matricularum\\" - Bolonia - Miasto, W\\u0142ochy, 08.05.2025 - 11.05.2025"}}, {"added": {"name": "Uczestnictwo", "object": "Michalina \\"Allec\\" Kokosi\\u0144ska - Kronika | Wyjazd - ZAGR \\"Faerie Matricularum\\" - Bolonia - Miasto, W\\u0142ochy, 08.05.2025 - 11.05.2025"}}, {"added": {"name": "Uczestnictwo", "object": "Damian \\"Bandera\\" Zych - Kronika | Wyjazd - ZAGR \\"Faerie Matricularum\\" - Bolonia - Miasto, W\\u0142ochy, 08.05.2025 - 11.05.2025"}}, {"added": {"name": "Uczestnictwo", "object": "Dorota \\"Wa\\u0107panna/Doris\\" Dro\\u017cy\\u0144ska - Kronika | Wyjazd - ZAGR \\"Faerie Matricularum\\" - Bolonia - Miasto, W\\u0142ochy, 08.05.2025 - 11.05.2025"}}, {"added": {"name": "Uczestnictwo", "object": "Bart\\u0142omiej \\"Kucharz\\" Olajossy - Kronika | Wyjazd - ZAGR \\"Faerie Matricularum\\" - Bolonia - Miasto, W\\u0142ochy, 08.05.2025 - 11.05.2025"}}, {"added": {"name": "Uczestnictwo", "object": "Natalia \\"Szynka\\" Ciesielska (Olajossy) - Kronika | Wyjazd - ZAGR \\"Faerie Matricularum\\" - Bolonia - Miasto, W\\u0142ochy, 08.05.2025 - 11.05.2025"}}]	18	1
634	2025-05-13 12:46:48.911629+02	23	2011.17.05 - Akcja: Przygarnij Belga w Juwenalia!	2	[{"changed": {"fields": ["Typ wydarzenia"]}}]	19	1
635	2025-05-13 12:46:59.781238+02	21	2011.07.05 - Wycieczka: Czapkowa eskapada rowerowa szlakiem Bema	2	[{"changed": {"fields": ["Typ wydarzenia"]}}]	19	1
636	2025-05-13 12:47:08.625771+02	16	2011.03.04 - Wycieczka: Wycieczka na Kopiec Kociuszki	2	[{"changed": {"fields": ["Typ wydarzenia"]}}]	19	1
637	2025-05-13 12:47:26.820487+02	7	2010.01.10 - Historyczne: Pierwsza inauguracja roku akademickiego	2	[{"changed": {"fields": ["Typ wydarzenia"]}}]	19	1
638	2025-05-13 12:48:06.935742+02	1	2009.03.08 - Historyczne: Zaoenie BCS	2	[{"changed": {"fields": ["Typ wydarzenia"]}}]	19	1
1719	2025-07-21 23:12:45.980706+02	28	Konkurs	1	[{"added": {}}]	70	1
1738	2025-07-22 00:15:41.665542+02	44	2011-10-06: Ostry Dyur "Ostry Dyur czapkowy - spotkanie informacyjne BCS"	2	[]	19	1
1757	2025-07-22 02:22:45.434597+02	54	2011-11-07: Uroczysto "Uniwersytecki Dzie Pamici"	1	[{"added": {}}]	19	1
644	2025-05-13 13:03:06.703965+02	1	ZAGR "Faerie Matricularum" - Bolonia - Miasto, Wochy, 08.05.2025 - 11.05.2025	2	[{"added": {"name": "Uczestnictwo", "object": "Sandra \\"Sander\\" Chandzlik - Kronika | Wyjazd - ZAGR \\"Faerie Matricularum\\" - Bolonia - Miasto, W\\u0142ochy, 08.05.2025 - 11.05.2025"}}]	18	1
645	2025-05-13 13:07:27.457983+02	1	Zagraniczny "Faerie Matricularum" - Bolonia - Miasto, Wochy, 08.05.2025 - 11.05.2025	2	[{"added": {"name": "Uczestnictwo", "object": "None - Kronika | Wyjazd - Zagraniczny \\"Faerie Matricularum\\" - Bolonia - Miasto, W\\u0142ochy, 08.05.2025 - 11.05.2025"}}]	18	1
646	2025-05-13 13:23:39.039992+02	2	Uniwersytecki Dzie Pamici - Uniwersytecki Dzie PamiciUniwersyteckiDzienPamieci_23yMlpx.jpg	2	[]	25	1
647	2025-05-13 13:30:04.170425+02	2	Uniwersytecki Dzie Pamici - Zdjcie 1	2	[{"changed": {"fields": ["Tytu\\u0142"]}}]	25	1
648	2025-05-13 13:30:31.114282+02	2	Uniwersytecki Dzie Pamici - Zoenie kwiatw	2	[{"changed": {"fields": ["Tytu\\u0142"]}}]	25	1
649	2025-05-13 13:34:07.965521+02	2	Uniwersytecki Dzie Pamici - Zoenie kwiatw	2	[]	25	1
650	2025-05-13 13:35:53.565132+02	2	Uniwersytecki Dzie Pamici - Zoenie kwiatw	2	[]	25	1
651	2025-05-13 13:46:43.176053+02	2	Uniwersytecki Dzie Pamici - Zoenie kwiatw	2	[]	25	1
652	2025-05-13 13:47:40.273135+02	2	Uniwersytecki Dzie Pamici - Zoenie kwiatw	2	[]	25	1
653	2025-05-13 14:50:55.969445+02	1	Zagraniczny "Faerie Matricularum" - Bolonia - Miasto, Wochy, 08.05.2025 - 11.05.2025	2	[{"added": {"name": "Osoba", "object": "None - Kronika | Wyjazd - Zagraniczny \\"Faerie Matricularum\\" - Bolonia - Miasto, W\\u0142ochy, 08.05.2025 - 11.05.2025"}}, {"added": {"name": "Osoba", "object": "None - Kronika | Wyjazd - Zagraniczny \\"Faerie Matricularum\\" - Bolonia - Miasto, W\\u0142ochy, 08.05.2025 - 11.05.2025"}}, {"added": {"name": "Osoba", "object": "None - Kronika | Wyjazd - Zagraniczny \\"Faerie Matricularum\\" - Bolonia - Miasto, W\\u0142ochy, 08.05.2025 - 11.05.2025"}}]	18	1
654	2025-05-13 14:57:02.636798+02	1	ITA Monte Christo Balla	1	[{"added": {}}]	31	1
655	2025-05-13 14:57:09.273874+02	1	ITA Monte Christo Balla	2	[]	31	1
656	2025-05-13 14:57:42.382521+02	1	ITA Monte Christo Balla	2	[]	31	1
657	2025-05-13 14:58:24.083601+02	1	ITA Monte Christo Balla	3		31	1
658	2025-05-13 15:04:14.657727+02	3	ITA Monte Christo Balla	1	[{"added": {}}]	31	1
660	2025-05-13 15:15:16.488513+02	1	Zagraniczny "Faerie Matricularum" - Bolonia - Miasto, Wochy, 08.05.2025 - 11.05.2025	2	[{"added": {"name": "Osoba", "object": "None - Kronika | Wyjazd - Zagraniczny \\"Faerie Matricularum\\" - Bolonia - Miasto, W\\u0142ochy, 08.05.2025 - 11.05.2025"}}]	18	1
1598	2025-07-21 15:56:50.202574+02	9	Ognisko	1	[{"added": {}}]	70	1
1967	2025-07-22 06:01:27.288016+02	30	Teren zielony	1	[{"added": {}}]	49	1
663	2025-05-13 16:43:42.948558+02	3	CMUJ, w. Anny 12, Krakw, Polska (Uczelnia)	2	[{"changed": {"fields": ["Adres"]}}]	16	1
664	2025-05-13 16:45:18.398485+02	1	Zagraniczny: "Faerie Matricularum" - Bolonia, Wochy (Miasto), 08.05.2025 - 11.05.2025	2	[]	18	1
665	2025-05-13 16:46:51.555782+02	1	Zagraniczny: "Faerie Matricularum" - Bolonia, Wochy (Miasto), 08.05.2025 - 11.05.2025	2	[]	18	1
666	2025-05-13 16:53:21.042379+02	8	2025.09.05 - Przekazanie kluczy do miasta boloskim goliardom	1	[{"added": {}}, {"added": {"name": "Osoba", "object": "None - Kronika | Zdarzenie - 2025.09.05 - Przekazanie kluczy do miasta bolo\\u0144skim goliardom"}}]	20	1
667	2025-05-13 17:01:20.642807+02	9	2025.09.05 - Zwiedzanie MEUS	1	[{"added": {}}]	20	1
668	2025-05-13 17:09:00.568718+02	10	2025.09.05 - Uroczyste nadanie feluk nowym goliardom	1	[{"added": {}}]	20	1
669	2025-05-13 18:14:27.87521+02	1	Zagraniczny: "Faerie Matricularum" - Bolonia, Wochy (Miasto), 08.05.2025 - 11.05.2025	2	[{"changed": {"fields": ["Zdarzenia"]}}]	18	1
670	2025-05-13 18:17:34.538499+02	10	2025.09.05 - Uroczyste nadanie feluk nowym goliardom	2	[{"changed": {"fields": ["Opis"]}}, {"added": {"name": "Osoba", "object": "Bartosz \\"Heniek\\" Hepek - Kronika | Zdarzenie - 2025.09.05 - Uroczyste nadanie feluk nowym goliardom"}}]	20	1
671	2025-05-13 18:24:44.533179+02	11	2025.09.05 - Impreza w Giardini Filippo Re	1	[{"added": {}}]	20	1
672	2025-05-13 18:30:15.021149+02	1	Zagraniczny: "Faerie Matricularum" - Bolonia, Wochy (Miasto), 08.05.2025 - 11.05.2025	2	[{"changed": {"fields": ["Zdarzenia"]}}]	18	1
673	2025-05-13 18:34:40.41327+02	18	Giardini di via Filippo Re, Via Filippo Re, Bolonia, Wochy (Ogrdek/Plac)	1	[{"added": {}}]	16	1
674	2025-05-13 18:35:04.302965+02	11	2025.09.05 - Impreza ze stoiskami balli i muzyk	2	[{"changed": {"fields": ["Nazwa", "Miejsce"]}}]	20	1
675	2025-05-13 18:36:07.956622+02	19	Palazzo d'Accursio, Piazza Maggiore 6, Bolonia, Wochy (Obiekt kultury)	1	[{"added": {}}]	16	1
676	2025-05-13 18:36:29.0944+02	8	2025.09.05 - Przekazanie kluczy do miasta boloskim goliardom	2	[{"changed": {"fields": ["Miejsce"]}}, {"changed": {"name": "Osoba", "object": "None - Kronika | Zdarzenie - 2025.09.05 - Przekazanie kluczy do miasta bolo\\u0144skim goliardom", "fields": ["Inna osoba"]}}]	20	1
677	2025-05-13 18:41:57.310221+02	20	Spawner Wochw, Via delle Moline 7, Bolonia, Wochy (Lokum)	1	[{"added": {}}]	16	1
678	2025-05-13 18:44:46.712358+02	21	MEUS, Via Zamboni 33, Bolonia, Wochy (Obiekt kultury)	1	[{"added": {}}]	16	1
679	2025-05-13 18:45:26.346172+02	10	2025.09.05 - Uroczyste nadanie feluk nowym goliardom	2	[{"changed": {"fields": ["Miejsce"]}}]	20	1
680	2025-05-13 18:47:06.222353+02	10	2025.09.05 - Uroczyste nadanie feluk nowym goliardom	2	[]	20	1
681	2025-05-13 18:47:16.251041+02	9	2025.09.05 - Zwiedzanie MEUS	2	[{"changed": {"fields": ["Miejsce"]}}]	20	1
682	2025-05-13 18:48:11.035497+02	20	2011.30.04 - Grill/Ognisko: Grill pod aczkiem: urodziny Geologa	2	[{"changed": {"fields": ["Zdarzenia"]}}]	19	1
683	2025-05-13 18:48:46.423458+02	7	2011.30.04 - Urodziny "Geologa"	3		20	1
684	2025-05-13 18:49:19.552157+02	6	2011.18.03 - Spotkanie z babci Tadka	2	[{"changed": {"fields": ["Miejsce"]}}]	20	1
685	2025-05-13 18:49:41.801225+02	5	2011.12.03 - Nowa tradycja: Toast w stron Nawojki	2	[{"changed": {"fields": ["Miejsce"]}}]	20	1
686	2025-05-13 18:50:00.101544+02	2	2010.01.10 - International Cantus: Gaudeamus	2	[{"changed": {"fields": ["Miejsce"]}}]	20	1
687	2025-05-13 18:50:24.250728+02	3	2010.01.10 - Pierwszy pochd z Collegium Maius do Auditorium Maximum	2	[{"changed": {"fields": ["Miejsce"]}}]	20	1
688	2025-05-13 18:52:33.344086+02	7	2010.01.10 - Historyczne: Pierwsza inauguracja roku akademickiego	2	[]	19	1
689	2025-05-13 19:08:29.926682+02	11	2025.09.05 - Impreza ze stoiskami balli i muzyk	2	[{"added": {"name": "Okazja", "object": "Zagraniczny: \\"Faerie Matricularum\\" - Bolonia, W\\u0142ochy (Miasto), 08.05.2025 - 11.05.2025 - Kronika | Zdarzenie - 2025.09.05 - Impreza ze stoiskami balli i muzyk\\u0105"}}]	20	1
690	2025-05-13 19:08:35.751501+02	8	2025.09.05 - Przekazanie kluczy do miasta boloskim goliardom	2	[{"added": {"name": "Okazja", "object": "Zagraniczny: \\"Faerie Matricularum\\" - Bolonia, W\\u0142ochy (Miasto), 08.05.2025 - 11.05.2025 - Kronika | Zdarzenie - 2025.09.05 - Przekazanie kluczy do miasta bolo\\u0144skim goliardom"}}]	20	1
691	2025-05-13 19:08:59.722066+02	10	2025.09.05 - Uroczyste nadanie feluk nowym goliardom	2	[{"added": {"name": "Okazja", "object": "Zagraniczny: \\"Faerie Matricularum\\" - Bolonia, W\\u0142ochy (Miasto), 08.05.2025 - 11.05.2025 - Kronika | Zdarzenie - 2025.09.05 - Uroczyste nadanie feluk nowym goliardom"}}]	20	1
692	2025-05-13 19:09:05.175403+02	9	2025.09.05 - Zwiedzanie MEUS	2	[{"added": {"name": "Okazja", "object": "Zagraniczny: \\"Faerie Matricularum\\" - Bolonia, W\\u0142ochy (Miasto), 08.05.2025 - 11.05.2025 - Kronika | Zdarzenie - 2025.09.05 - Zwiedzanie MEUS"}}]	20	1
693	2025-05-13 19:09:28.243167+02	1	2009.03.08 - Historyczne: Zaoenie BCS	2	[]	19	1
694	2025-05-13 19:09:34.874452+02	2	2009.01.09 - Wybory: Pierwsze wybory	2	[]	19	1
695	2025-05-13 19:10:11.626694+02	3	2010.28.01 - Karczma: Pierwsza karczma	2	[]	19	1
696	2025-05-13 21:49:55.272268+02	3	2010.01.10 - Pierwszy pochd z Collegium Maius do Auditorium Maximum	2	[{"added": {"name": "Okazja", "object": "2010.01.10 - Reaktywacja: Czapka Reactivation Party - Kronika | Zdarzenie - 2010.01.10 - Pierwszy poch\\u00f3d z Collegium Maius do Auditorium Maximum"}}]	20	1
697	2025-05-13 21:50:10.33114+02	2	2010.01.10 - International Cantus: Gaudeamus	2	[{"added": {"name": "Okazja", "object": "2010.01.10 - Reaktywacja: Czapka Reactivation Party - Kronika | Zdarzenie - 2010.01.10 - International Cantus: Gaudeamus"}}]	20	1
698	2025-05-13 21:50:29.993234+02	4	2010.01.10 - Prelekcje na temat studenckiego folkloru	2	[{"added": {"name": "Okazja", "object": "2010.01.10 - Historyczne: Pierwsza inauguracja roku akademickiego - Kronika | Zdarzenie - 2010.01.10 - Prelekcje na temat studenckiego folkloru"}}]	20	1
699	2025-05-13 21:51:18.74545+02	1	2010.12.05 - Samorzd nosi czapki	2	[]	20	1
700	2025-05-14 00:17:12.844993+02	1	Zagraniczny: "Faerie Matricularum" - Bolonia, Wochy (Miasto), 08.05.2025 - 11.05.2025	2	[]	18	1
701	2025-05-14 00:40:07.436723+02	3	Faerie Matricularum - Z buta z lotniska 1	1	[{"added": {}}, {"added": {"name": "Osoba", "object": "Maria \\"Felis\\" Turakiewicz - Kronika | Zdj\\u0119cie z wyjazdu - Faerie Matricularum - Z buta z lotniska 1"}}, {"added": {"name": "Osoba", "object": "Kacper Wilk - Kronika | Zdj\\u0119cie z wyjazdu - Faerie Matricularum - Z buta z lotniska 1"}}, {"added": {"name": "Osoba", "object": "Krysia Cholewa - Kronika | Zdj\\u0119cie z wyjazdu - Faerie Matricularum - Z buta z lotniska 1"}}, {"added": {"name": "Osoba", "object": "Szymon Zwias - Kronika | Zdj\\u0119cie z wyjazdu - Faerie Matricularum - Z buta z lotniska 1"}}]	35	1
702	2025-05-14 00:42:00.654823+02	4	Faerie Matricularum - Posterunek karabinieri	1	[{"added": {}}]	35	1
703	2025-05-14 00:44:41.308162+02	4	Faerie Matricularum - Posterunek karabinieri	2	[{"changed": {"fields": ["Data wykonania"]}}]	35	1
704	2025-05-14 00:44:54.411055+02	3	Faerie Matricularum - Z buta z lotniska 1	2	[{"changed": {"fields": ["Data wykonania"]}}]	35	1
705	2025-05-14 00:52:41.865759+02	22	Pizza Casa, Via S. Donato, 124, Bolonia, Wochy (Restauracja)	1	[{"added": {}}]	16	1
706	2025-05-14 00:55:44.652585+02	23	Pizza Gingio, Via Rizzoli, 40a, Bolonia, Wochy (Restauracja)	1	[{"added": {}}]	16	1
707	2025-05-14 00:56:05.966957+02	21	MEUS, Via Zamboni, 33, Bolonia, Wochy (Obiekt kultury)	2	[{"changed": {"fields": ["Adres"]}}]	16	1
708	2025-05-14 00:56:15.054086+02	19	Palazzo d'Accursio, Piazza Maggiore, 6, Bolonia, Wochy (Obiekt kultury)	2	[{"changed": {"fields": ["Adres"]}}]	16	1
709	2025-05-14 00:56:22.874621+02	20	Spawner Wochw, Via delle Moline, 7, Bolonia, Wochy (Lokum)	2	[{"changed": {"fields": ["Adres"]}}]	16	1
1599	2025-07-21 15:56:57.274798+02	10	Ostry Dyur	1	[{"added": {}}]	70	1
1620	2025-07-21 16:49:37.159856+02	1	2009-08-20: Historyczne "Zaoenie BCS"	2	[{"changed": {"fields": ["Typ wydarzenia"]}}]	19	1
1641	2025-07-21 17:04:08.932558+02	22	2011-05-14: Karczma "Majowa Karczma Piwna"	2	[{"changed": {"fields": ["Typ wydarzenia"]}}]	19	1
713	2025-05-14 17:32:08.122834+02	1	Zagraniczny "Faerie Matricularum" - Bolonia - Miasto, Wochy, 08.05.2025 - 11.05.2025	3		18	1
714	2025-05-14 18:23:56.834327+02	11	2025-05-09 - Impreza ze stoiskami balli i muzyk	2	[{"changed": {"fields": ["Miejsce"]}}]	20	1
715	2025-05-14 19:49:25.973334+02	9	2025-05-14 - Zwiedzanie MEUS	2	[{"changed": {"fields": ["Wydarzenie"]}}]	20	1
716	2025-05-14 19:49:42.491452+02	9	2025-05-14 - Zwiedzanie MEUS	2	[{"changed": {"fields": ["Wydarzenie"]}}]	20	1
717	2025-05-14 19:50:58.895457+02	9	2025-05-14 - Zwiedzanie MEUS	2	[{"changed": {"fields": ["Wydarzenie"]}}]	20	1
718	2025-05-14 19:52:27.20759+02	9	2025-05-14 - Zwiedzanie MEUS	2	[{"changed": {"fields": ["Wydarzenie"]}}]	20	1
1661	2025-07-21 20:39:18.398713+02	27	2011-03-05: Zawody sportowe "Puchar Prorektora CMUJ"	1	[{"added": {}}]	19	1
720	2025-05-14 19:57:00.587265+02	1	2009-08-20: Historyczne "Zaoenie BCS"	2	[{"changed": {"fields": ["Data rozpocz\\u0119cia", "Data zako\\u0144czenia", "Typ wydarzenia"]}}, {"added": {"name": "Osoba", "object": "Tadeusz \\"Kumdo/Tadek\\" Hessel - Kronika | Wydarzenie - 2009-08-20: Historyczne \\"Za\\u0142o\\u017cenie BCS\\""}}, {"added": {"name": "Osoba", "object": "Kasper \\"Pumba\\" Krawet - Kronika | Wydarzenie - 2009-08-20: Historyczne \\"Za\\u0142o\\u017cenie BCS\\""}}, {"added": {"name": "Osoba", "object": "None - Kronika | Wydarzenie - 2009-08-20: Historyczne \\"Za\\u0142o\\u017cenie BCS\\""}}]	19	1
721	2025-05-14 20:00:34.147638+02	2	2009-09-01: Wybory "Pierwsze wybory"	2	[{"changed": {"fields": ["Data rozpocz\\u0119cia", "Data zako\\u0144czenia", "Typ wydarzenia"]}}, {"added": {"name": "Osoba", "object": "Tadeusz \\"Kumdo/Tadek\\" Hessel - Kronika | Wydarzenie - 2009-09-01: Wybory \\"Pierwsze wybory\\""}}, {"added": {"name": "Osoba", "object": "Kasper \\"Pumba\\" Krawet - Kronika | Wydarzenie - 2009-09-01: Wybory \\"Pierwsze wybory\\""}}, {"added": {"name": "Osoba", "object": "Pawe\\u0142 Nawrot - Kronika | Wydarzenie - 2009-09-01: Wybory \\"Pierwsze wybory\\""}}, {"added": {"name": "Osoba", "object": "Jakub Nawrot - Kronika | Wydarzenie - 2009-09-01: Wybory \\"Pierwsze wybory\\""}}, {"added": {"name": "Osoba", "object": "Urszula Kasprzyk - Kronika | Wydarzenie - 2009-09-01: Wybory \\"Pierwsze wybory\\""}}, {"added": {"name": "Osoba", "object": "Ma\\u0142gorzata Lurzy\\u0144ska - Kronika | Wydarzenie - 2009-09-01: Wybory \\"Pierwsze wybory\\""}}, {"added": {"name": "Osoba", "object": "Micha\\u0142 Lenik - Kronika | Wydarzenie - 2009-09-01: Wybory \\"Pierwsze wybory\\""}}, {"added": {"name": "Osoba", "object": "Ma\\u0142gorzata \\u017burek - Kronika | Wydarzenie - 2009-09-01: Wybory \\"Pierwsze wybory\\""}}, {"added": {"name": "Osoba", "object": "Kamila Rozes\\u0142aniec - Kronika | Wydarzenie - 2009-09-01: Wybory \\"Pierwsze wybory\\""}}]	19	1
722	2025-05-14 20:01:14.084029+02	2	2009-09-01: Wybory "2009/2010"	2	[{"changed": {"fields": ["Nazwa"]}}]	19	1
723	2025-05-14 20:02:02.096319+02	3	2010-01-28: Karczma "Pierwsza karczma"	2	[{"changed": {"fields": ["Data rozpocz\\u0119cia", "Data zako\\u0144czenia", "Typ wydarzenia"]}}]	19	1
724	2025-05-14 20:05:33.363747+02	24	2010-04-28: Konferencja naukowa/wykad/prelekcja "Konferencja naukowa Roberto o folklorze studenckim"	1	[{"added": {}}, {"added": {"name": "Osoba", "object": "None - Kronika | Wydarzenie - 2010-04-28: Konferencja naukowa/wyk\\u0142ad/prelekcja \\"Konferencja naukowa Roberto o folklorze studenckim\\""}}]	19	1
725	2025-05-14 20:07:13.12105+02	25	2010-05-12: Uroczysto "Zoenie kwiatw pod grobem krlowej Jadwigi"	1	[{"added": {}}, {"added": {"name": "Osoba", "object": "None - Kronika | Wydarzenie - 2010-05-12: Uroczysto\\u015b\\u0107 \\"Z\\u0142o\\u017cenie kwiat\\u00f3w pod grobem kr\\u00f3lowej Jadwigi\\""}}]	19	1
726	2025-05-14 20:10:02.109162+02	24	Centrum Dydaktyczno Kongresowe - Uczelnia, witego azarza 16, Krakw, Polska	1	[{"added": {}}]	16	1
727	2025-05-14 20:24:53.850623+02	6	2010-10-01: Uroczysto "Czapka Reactivation Party"	2	[{"changed": {"fields": ["Data rozpocz\\u0119cia", "Data zako\\u0144czenia", "Miejsce", "Typ wydarzenia", "Zdarzenia"]}}, {"added": {"name": "Osoba", "object": "Kasper \\"Pumba\\" Krawet - Kronika | Wydarzenie - 2010-10-01: Uroczysto\\u015b\\u0107 \\"Czapka Reactivation Party\\""}}, {"added": {"name": "Osoba", "object": "None - Kronika | Wydarzenie - 2010-10-01: Uroczysto\\u015b\\u0107 \\"Czapka Reactivation Party\\""}}, {"added": {"name": "Osoba", "object": "None - Kronika | Wydarzenie - 2010-10-01: Uroczysto\\u015b\\u0107 \\"Czapka Reactivation Party\\""}}, {"added": {"name": "Osoba", "object": "None - Kronika | Wydarzenie - 2010-10-01: Uroczysto\\u015b\\u0107 \\"Czapka Reactivation Party\\""}}]	19	1
728	2025-05-14 20:26:33.875303+02	6	2010-10-01: Uroczysto "Pierwsza inauguracja roku akademickiego BCS"	2	[{"changed": {"fields": ["Nazwa"]}}]	19	1
729	2025-05-14 20:27:09.012632+02	7	2025-05-14: Nie dotyczy "Pierwsza inauguracja roku akademickiego"	3		19	1
730	2025-05-14 20:27:20.25438+02	6	2010-10-01: Uroczysto "Pierwsza inauguracja roku akademickiego BCS"	2	[]	19	1
731	2025-05-14 20:27:46.03916+02	2	2010-10-01 - International Cantus: Gaudeamus	2	[{"changed": {"fields": ["Wydarzenie"]}}]	20	1
732	2025-05-14 20:28:46.297592+02	2	2010-10-01 - International Cantus: Gaudeamus	2	[{"changed": {"fields": ["Miejsce"]}}]	20	1
733	2025-05-14 20:30:07.064689+02	2	2010-10-01 - International Cantus: Gaudeamus	2	[{"changed": {"fields": ["Wydarzenie"]}}]	20	1
734	2025-05-14 20:30:40.453745+02	2	2010-10-01 - International Cantus: Gaudeamus	2	[]	20	1
735	2025-05-14 20:31:06.133965+02	2	2010-10-01 - International Cantus: Gaudeamus	2	[]	20	1
736	2025-05-14 20:31:39.59533+02	2	2010-10-01 - International Cantus: Gaudeamus	2	[]	20	1
737	2025-05-14 20:38:50.077756+02	2	2010-10-01 - International Cantus: Gaudeamus	2	[]	20	1
738	2025-05-14 20:45:43.07654+02	2	2010-10-01 - International Cantus: Gaudeamus	2	[{"changed": {"fields": ["Miejsce"]}}]	20	1
767	2025-05-14 23:29:47.193464+02	6	2010-10-01: Uroczysto "Pierwsza inauguracja roku akademickiego BCS"	2	[{"deleted": {"name": "Zdarzenie", "object": "2025-05-14 - bobo"}}]	19	1
768	2025-05-14 23:31:18.570248+02	6	2010-10-01: Uroczysto "Pierwsza inauguracja roku akademickiego BCS"	2	[{"added": {"name": "Zdarzenie", "object": "2010-10-01 - bobo"}}]	19	1
770	2025-05-14 23:32:22.904678+02	18	2010-10-01 - bobo	2	[]	20	1
739	2025-05-14 20:47:31.762372+02	2	2010-10-01 - International Cantus: Gaudeamus	2	[{"changed": {"name": "Osoba", "object": "None - Kronika | Zdarzenie - 2010-10-01 - International Cantus: Gaudeamus", "fields": ["Cz\\u0142onek"]}}, {"changed": {"name": "Osoba", "object": "None - Kronika | Zdarzenie - 2010-10-01 - International Cantus: Gaudeamus", "fields": ["Inna osoba"]}}, {"changed": {"name": "Osoba", "object": "None - Kronika | Zdarzenie - 2010-10-01 - International Cantus: Gaudeamus", "fields": ["Inna osoba"]}}, {"changed": {"name": "Osoba", "object": "None - Kronika | Zdarzenie - 2010-10-01 - International Cantus: Gaudeamus", "fields": ["Inna osoba"]}}]	20	1
740	2025-05-14 20:47:38.535016+02	2	2010-10-01 - International Cantus: Gaudeamus	2	[]	20	1
741	2025-05-14 20:48:22.920262+02	3	2010-10-01 - Pierwszy pochd z Collegium Maius do Auditorium Maximum	2	[{"changed": {"fields": ["Wydarzenie", "Miejsce"]}}]	20	1
742	2025-05-14 20:49:20.017801+02	6	2010-10-01: Uroczysto "Pierwsza inauguracja roku akademickiego BCS"	2	[{"added": {"name": "Osoba", "object": "Kasper \\"Pumba\\" Krawet - Kronika | Wydarzenie - 2010-10-01: Uroczysto\\u015b\\u0107 \\"Pierwsza inauguracja roku akademickiego BCS\\""}}, {"added": {"name": "Osoba", "object": "None - Kronika | Wydarzenie - 2010-10-01: Uroczysto\\u015b\\u0107 \\"Pierwsza inauguracja roku akademickiego BCS\\""}}, {"added": {"name": "Osoba", "object": "None - Kronika | Wydarzenie - 2010-10-01: Uroczysto\\u015b\\u0107 \\"Pierwsza inauguracja roku akademickiego BCS\\""}}, {"added": {"name": "Osoba", "object": "None - Kronika | Wydarzenie - 2010-10-01: Uroczysto\\u015b\\u0107 \\"Pierwsza inauguracja roku akademickiego BCS\\""}}]	19	1
743	2025-05-14 20:49:31.346615+02	3	2010-10-01 - Pierwszy pochd z Collegium Maius do Auditorium Maximum	2	[]	20	1
744	2025-05-14 20:53:40.298157+02	3	2010-10-01 - Pierwszy pochd z Collegium Maius do Auditorium Maximum	2	[{"changed": {"name": "Osoba", "object": "None - Kronika | Zdarzenie - 2010-10-01 - Pierwszy poch\\u00f3d z Collegium Maius do Auditorium Maximum", "fields": ["Cz\\u0142onek"]}}, {"changed": {"name": "Osoba", "object": "None - Kronika | Zdarzenie - 2010-10-01 - Pierwszy poch\\u00f3d z Collegium Maius do Auditorium Maximum", "fields": ["Inna osoba"]}}, {"changed": {"name": "Osoba", "object": "None - Kronika | Zdarzenie - 2010-10-01 - Pierwszy poch\\u00f3d z Collegium Maius do Auditorium Maximum", "fields": ["Inna osoba"]}}, {"changed": {"name": "Osoba", "object": "None - Kronika | Zdarzenie - 2010-10-01 - Pierwszy poch\\u00f3d z Collegium Maius do Auditorium Maximum", "fields": ["Inna osoba"]}}]	20	1
745	2025-05-14 20:54:10.755102+02	6	2010-10-01: Uroczysto "Pierwsza inauguracja roku akademickiego BCS"	2	[{"added": {"name": "Osoba", "object": "Kasper \\"Pumba\\" Krawet - Kronika | Wydarzenie - 2010-10-01: Uroczysto\\u015b\\u0107 \\"Pierwsza inauguracja roku akademickiego BCS\\""}}, {"added": {"name": "Osoba", "object": "None - Kronika | Wydarzenie - 2010-10-01: Uroczysto\\u015b\\u0107 \\"Pierwsza inauguracja roku akademickiego BCS\\""}}, {"added": {"name": "Osoba", "object": "None - Kronika | Wydarzenie - 2010-10-01: Uroczysto\\u015b\\u0107 \\"Pierwsza inauguracja roku akademickiego BCS\\""}}, {"added": {"name": "Osoba", "object": "None - Kronika | Wydarzenie - 2010-10-01: Uroczysto\\u015b\\u0107 \\"Pierwsza inauguracja roku akademickiego BCS\\""}}]	19	1
746	2025-05-14 20:54:41.037161+02	3	2010-10-01 - Pierwszy pochd z Collegium Maius do Auditorium Maximum	2	[]	20	1
747	2025-05-14 20:55:53.479371+02	4	2010-10-01 - Prelekcje na temat studenckiego folkloru	2	[{"changed": {"fields": ["Wydarzenie", "Miejsce"]}}]	20	1
748	2025-05-14 20:56:45.187632+02	4	2010-10-01 - Prelekcje na temat studenckiego folkloru	3		20	1
749	2025-05-14 20:57:46.605605+02	12	2025-05-14 - Prelekcje na temat studenckiego folkloru	1	[{"added": {}}]	20	1
750	2025-05-14 20:58:15.239433+02	6	2010-10-01: Uroczysto "Pierwsza inauguracja roku akademickiego BCS"	2	[{"changed": {"fields": ["Zdarzenia"]}}]	19	1
751	2025-05-14 21:01:12.696863+02	12	2010-10-01 - Prelekcje na temat studenckiego folkloru	2	[]	20	1
752	2025-05-14 21:01:22.771319+02	12	2010-10-01 - Prelekcje na temat studenckiego folkloru	2	[]	20	1
753	2025-05-14 22:57:27.486357+02	6	2010-10-01: Uroczysto "Pierwsza inauguracja roku akademickiego BCS"	2	[]	19	1
754	2025-05-14 22:58:33.370925+02	6	2010-10-01: Uroczysto "Pierwsza inauguracja roku akademickiego BCS"	2	[]	19	1
755	2025-05-14 23:03:40.849531+02	13	2010-10-01 - Prelekcje na temat studenckiego folkloru	1	[{"added": {}}, {"added": {"name": "Osoba", "object": "Kasper \\"Pumba\\" Krawet - Kronika | Zdarzenie - 2010-10-01 - Prelekcje na temat studenckiego folkloru"}}, {"added": {"name": "Osoba", "object": "None - Kronika | Zdarzenie - 2010-10-01 - Prelekcje na temat studenckiego folkloru"}}, {"added": {"name": "Osoba", "object": "None - Kronika | Zdarzenie - 2010-10-01 - Prelekcje na temat studenckiego folkloru"}}, {"added": {"name": "Osoba", "object": "None - Kronika | Zdarzenie - 2010-10-01 - Prelekcje na temat studenckiego folkloru"}}]	20	1
756	2025-05-14 23:04:08.329538+02	14	2010-10-01 - Prelekcje na temat studenckiego folkloru	1	[{"added": {}}, {"added": {"name": "Osoba", "object": "Kasper \\"Pumba\\" Krawet - Kronika | Zdarzenie - 2010-10-01 - Prelekcje na temat studenckiego folkloru"}}, {"added": {"name": "Osoba", "object": "None - Kronika | Zdarzenie - 2010-10-01 - Prelekcje na temat studenckiego folkloru"}}, {"added": {"name": "Osoba", "object": "None - Kronika | Zdarzenie - 2010-10-01 - Prelekcje na temat studenckiego folkloru"}}, {"added": {"name": "Osoba", "object": "None - Kronika | Zdarzenie - 2010-10-01 - Prelekcje na temat studenckiego folkloru"}}, {"added": {"name": "Osoba", "object": "Kasper \\"Pumba\\" Krawet - Kronika | Zdarzenie - 2010-10-01 - Prelekcje na temat studenckiego folkloru"}}, {"added": {"name": "Osoba", "object": "None - Kronika | Zdarzenie - 2010-10-01 - Prelekcje na temat studenckiego folkloru"}}, {"added": {"name": "Osoba", "object": "None - Kronika | Zdarzenie - 2010-10-01 - Prelekcje na temat studenckiego folkloru"}}, {"added": {"name": "Osoba", "object": "None - Kronika | Zdarzenie - 2010-10-01 - Prelekcje na temat studenckiego folkloru"}}]	20	1
757	2025-05-14 23:04:20.07876+02	14	2010-10-01 - Prelekcje na temat studenckiego folkloru	3		20	1
758	2025-05-14 23:04:39.567131+02	13	2010-10-01 - Prelekcje na temat studenckiego folkloru	3		20	1
759	2025-05-14 23:05:41.945839+02	1	2010-05-12 - Samorzd nosi czapki	2	[{"changed": {"fields": ["Wydarzenie"]}}]	20	1
760	2025-05-14 23:05:56.418303+02	1	2010-05-12 - Samorzd nosi czapki	2	[{"changed": {"fields": ["Miejsce"]}}]	20	1
761	2025-05-14 23:06:38.104409+02	6	2010-10-01: Uroczysto "Pierwsza inauguracja roku akademickiego BCS"	2	[{"added": {"name": "Zdarzenie", "object": "2010-10-01 - blabla"}}]	19	1
762	2025-05-14 23:20:54.354797+02	6	2010-10-01: Uroczysto "Pierwsza inauguracja roku akademickiego BCS"	2	[]	19	1
763	2025-05-14 23:22:21.666436+02	6	2010-10-01: Uroczysto "Pierwsza inauguracja roku akademickiego BCS"	2	[{"added": {"name": "Zdarzenie", "object": "2025-05-14 - bobo"}}, {"deleted": {"name": "Zdarzenie", "object": "2010-10-01 - blabla"}}]	19	1
764	2025-05-14 23:22:59.253925+02	16	2025-05-14 - bobo	2	[]	20	1
765	2025-05-14 23:23:40.368555+02	16	2025-05-14 - bobo	3		20	1
766	2025-05-14 23:24:40.076932+02	6	2010-10-01: Uroczysto "Pierwsza inauguracja roku akademickiego BCS"	2	[{"added": {"name": "Zdarzenie", "object": "2025-05-14 - bobo"}}]	19	1
769	2025-05-14 23:31:56.989219+02	18	2010-10-01 - bobo	2	[{"changed": {"fields": ["Miejsce"]}}]	20	1
771	2025-05-14 23:32:27.125455+02	18	2010-10-01 - bobo	2	[]	20	1
772	2025-05-14 23:32:47.121223+02	6	2010-10-01: Uroczysto "Pierwsza inauguracja roku akademickiego BCS"	2	[{"deleted": {"name": "Zdarzenie", "object": "2010-10-01 - bobo"}}]	19	1
773	2025-05-14 23:40:04.710904+02	6	2010-10-01: Uroczysto "Pierwsza inauguracja roku akademickiego BCS"	2	[]	19	1
774	2025-05-14 23:55:56.461316+02	6	2010-10-01: Uroczysto "Pierwsza inauguracja roku akademickiego BCS"	2	[]	19	1
775	2025-05-15 00:32:49.239103+02	11	2025-05-09 - Impreza ze stoiskami balli i muzyk	2	[{"added": {"name": "Zdj\\u0119cie ze zdarzenia", "object": "Impreza ze stoiskami balli i muzyk\\u0105 - karabinieri.jpg 2025-05-14"}}]	20	1
776	2025-05-15 00:41:09.085842+02	1	Impreza ze stoiskami balli i muzyk - karabinieri.jpg 2025-05-09	2	[]	34	1
777	2025-05-15 00:42:12.905799+02	1	Impreza ze stoiskami balli i muzyk - karabinieri.jpg 2025-05-09	2	[]	34	1
778	2025-05-15 00:42:20.318968+02	1	Impreza ze stoiskami balli i muzyk - karabinieri.jpg 2025-05-09	2	[]	34	1
1600	2025-07-21 15:57:03.478022+02	11	Planszwki	1	[{"added": {}}]	70	1
1621	2025-07-21 16:55:04.670814+02	1	2009-08-20: Historyczne "Zaoenie BCS"	2	[]	19	1
1642	2025-07-21 17:04:35.894369+02	24	Wycieczka rowerowa	1	[{"added": {}}]	70	1
1662	2025-07-21 20:39:55.496689+02	12	2025-05-14: Karczma "Wielka Karczma Piwna"	2	[{"changed": {"fields": ["Miejsca"]}}]	19	1
1681	2025-07-21 22:18:33.491599+02	24	Centrum Dydaktyczno Kongresowe - Uczelnia, witego azarza 16, 31-530 Krakw, Polska	2	[{"changed": {"fields": ["Adres"]}}]	48	1
1701	2025-07-21 22:32:12.15783+02	35	Opole - Miasto, Opole, Polska	1	[{"added": {}}]	48	1
1720	2025-07-21 23:13:54.832168+02	39	2011-07-23 - 2011-09-16: Konkurs "Czapka zdobywa wiat!"	1	[{"added": {}}]	19	1
1739	2025-07-22 00:42:42.748593+02	44	2011-10-06: Ostry Dyur "Ostry Dyur czapkowy - spotkanie informacyjne BCS"	2	[]	19	1
1758	2025-07-22 02:23:15.476804+02	53	2011-11-05: Spontaniczne "spontaniczna czapkowa posiadwka na Woli"	2	[{"changed": {"fields": ["Data rozpocz\\u0119cia", "Data zako\\u0144czenia"]}}]	19	1
1776	2025-07-22 03:03:51.573321+02	48	Plac pod Novum - Plac, Plac Nowowiejski 3, 30-052 Krakw, Polska	1	[{"added": {}}]	48	1
1794	2025-07-22 03:28:36.211537+02	69	2012-02-09: Obiad "Obiad posesyjny"	1	[{"added": {}}]	19	1
1812	2025-07-22 03:46:59.942433+02	53	Artefakt Cafe - Bar, Dajwr 3, 31-052 Krakw, Polska	1	[{"added": {}}]	48	1
1830	2025-07-22 04:02:44.803681+02	75	2012-03-29: Ostry Dyur "Czapkowy ostry dyur 6 - Poegnanie z Ann-Mari!"	3		19	1
1831	2025-07-22 04:02:44.803722+02	69	2012-02-09:  "Obiad posesyjny"	3		19	1
1832	2025-07-22 04:02:44.803742+02	63	2011-12-16:  "piewanie pod Novum wraz z NZS UJ"	3		19	1
1833	2025-07-22 04:02:44.803761+02	59	2011-11-27:  "Karczma Andrzejkowa"	3		19	1
1851	2025-07-22 04:16:51.525289+02	93	2012-10-24:  "Ostry Dyur 2012 vol.1"	1	[{"added": {}}]	19	1
1869	2025-07-22 04:40:18.806475+02	97	2013-01-07: Inne "Klub Buda wznawia dziaalno"	1	[{"added": {}}]	19	1
798	2025-05-15 12:53:00.734833+02	26	2025-05-08 - 2025-05-11: Nie dotyczy "Faerie Matricularum"	1	[{"added": {}}]	19	1
799	2025-05-15 12:59:58.408698+02	26	2025-05-08 - 2025-05-11: Zagraniczny "Faerie Matricularum"	2	[{"changed": {"fields": ["Czy to wyjazd?", "Typ wyjazdu"]}}, {"added": {"name": "Zdarzenie", "object": "2025-05-09 - Impreza ze stoiskami balli i muzyk\\u0105"}}, {"added": {"name": "Zdarzenie", "object": "2025-05-09 - Przekazanie kluczy do miasta bolo\\u0144skim goliardom"}}, {"added": {"name": "Zdarzenie", "object": "2025-05-09 - Uroczyste nadanie feluk nowym goliardom"}}, {"added": {"name": "Zdarzenie", "object": "2025-05-09 - Zwiedzanie MEUS"}}, {"added": {"name": "Osoba", "object": "Micha\\u0142 \\"Cukier/Ma\\u0142olata\\" Malata - Kronika | Wydarzenie - 2025-05-08 - 2025-05-11: Zagraniczny \\"Faerie Matricularum\\""}}, {"added": {"name": "Osoba", "object": "Bart\\u0142omiej \\"Nobod\\" Grzeszykowski - Kronika | Wydarzenie - 2025-05-08 - 2025-05-11: Zagraniczny \\"Faerie Matricularum\\""}}, {"added": {"name": "Osoba", "object": "Bartosz \\"Heniek\\" Hepek - Kronika | Wydarzenie - 2025-05-08 - 2025-05-11: Zagraniczny \\"Faerie Matricularum\\""}}, {"added": {"name": "Osoba", "object": "Martyna \\"Bober\\" Kubiak - Kronika | Wydarzenie - 2025-05-08 - 2025-05-11: Zagraniczny \\"Faerie Matricularum\\""}}, {"added": {"name": "Osoba", "object": "Sandra \\"Sander\\" Chandzlik - Kronika | Wydarzenie - 2025-05-08 - 2025-05-11: Zagraniczny \\"Faerie Matricularum\\""}}, {"added": {"name": "Osoba", "object": "Maria \\"Felis\\" Turakiewicz - Kronika | Wydarzenie - 2025-05-08 - 2025-05-11: Zagraniczny \\"Faerie Matricularum\\""}}, {"added": {"name": "Osoba", "object": "Herman \\"Stabilizator/Rakieta\\" Chekurda - Kronika | Wydarzenie - 2025-05-08 - 2025-05-11: Zagraniczny \\"Faerie Matricularum\\""}}, {"added": {"name": "Osoba", "object": "Michalina \\"Allec\\" Kokosi\\u0144ska - Kronika | Wydarzenie - 2025-05-08 - 2025-05-11: Zagraniczny \\"Faerie Matricularum\\""}}, {"added": {"name": "Osoba", "object": "Damian \\"Bandera/Buch\\" Zych - Kronika | Wydarzenie - 2025-05-08 - 2025-05-11: Zagraniczny \\"Faerie Matricularum\\""}}, {"added": {"name": "Osoba", "object": "Dorota \\"Wa\\u0107panna/Doris\\" Dro\\u017cy\\u0144ska - Kronika | Wydarzenie - 2025-05-08 - 2025-05-11: Zagraniczny \\"Faerie Matricularum\\""}}, {"added": {"name": "Osoba", "object": "Bart\\u0142omiej \\"Kucharz\\" Olajossy - Kronika | Wydarzenie - 2025-05-08 - 2025-05-11: Zagraniczny \\"Faerie Matricularum\\""}}, {"added": {"name": "Osoba", "object": "Natalia \\"Szynka\\" Ciesielska (Olajossy) - Kronika | Wydarzenie - 2025-05-08 - 2025-05-11: Zagraniczny \\"Faerie Matricularum\\""}}, {"added": {"name": "Osoba", "object": "Kacper \\"Szogun\\" Wilk - Kronika | Wydarzenie - 2025-05-08 - 2025-05-11: Zagraniczny \\"Faerie Matricularum\\""}}, {"added": {"name": "Osoba", "object": "Krysia Cholewa - Kronika | Wydarzenie - 2025-05-08 - 2025-05-11: Zagraniczny \\"Faerie Matricularum\\""}}, {"added": {"name": "Osoba", "object": "Szymon \\"Tur\\" Zwias - Kronika | Wydarzenie - 2025-05-08 - 2025-05-11: Zagraniczny \\"Faerie Matricularum\\""}}, {"added": {"name": "Osoba", "object": "Wiktoria \\"Wedel\\" Dole\\u017cych - Kronika | Wydarzenie - 2025-05-08 - 2025-05-11: Zagraniczny \\"Faerie Matricularum\\""}}]	19	1
800	2025-05-15 13:00:39.535508+02	19	2025-05-09 - Impreza ze stoiskami balli i muzyk	2	[{"changed": {"fields": ["Miejsce", "Opis"]}}]	20	1
801	2025-05-15 13:10:47.813727+02	19	2025-05-09 - Impreza ze stoiskami balli i muzyk	2	[]	20	1
802	2025-05-15 15:27:55.542235+02	19	2025-05-09 - Impreza ze stoiskami balli i muzyk	2	[{"changed": {"name": "Osoba", "object": "Damian \\"Bandera/Buch\\" Zych - Kronika | Zdarzenie - 2025-05-09 - Impreza ze stoiskami balli i muzyk\\u0105", "fields": ["Cz\\u0142onek"]}}, {"deleted": {"name": "Osoba", "object": "None - Kronika | Zdarzenie - 2025-05-09 - Impreza ze stoiskami balli i muzyk\\u0105"}}, {"deleted": {"name": "Osoba", "object": "None - Kronika | Zdarzenie - 2025-05-09 - Impreza ze stoiskami balli i muzyk\\u0105"}}]	20	1
803	2025-05-15 15:28:11.919122+02	19	2025-05-09 - Impreza ze stoiskami balli i muzyk	2	[{"deleted": {"name": "Osoba", "object": "Damian \\"Bandera/Buch\\" Zych - Kronika | Zdarzenie - 2025-05-09 - Impreza ze stoiskami balli i muzyk\\u0105"}}]	20	1
804	2025-05-15 15:28:24.74594+02	11	2025-05-09 - Impreza ze stoiskami balli i muzyk	3		20	1
805	2025-05-15 15:29:01.924491+02	20	2025-05-09 - Przekazanie kluczy do miasta boloskim goliardom	2	[{"changed": {"fields": ["Miejsce", "Opis"]}}]	20	1
806	2025-05-15 15:29:20.788462+02	20	2025-05-09 - Przekazanie kluczy do miasta boloskim goliardom	2	[]	20	1
807	2025-05-15 15:29:46.146554+02	20	2025-05-09 - Przekazanie kluczy do miasta boloskim goliardom	2	[{"deleted": {"name": "Osoba", "object": "Bart\\u0142omiej \\"Kucharz\\" Olajossy - Kronika | Zdarzenie - 2025-05-09 - Przekazanie kluczy do miasta bolo\\u0144skim goliardom"}}, {"deleted": {"name": "Osoba", "object": "Natalia \\"Szynka\\" Ciesielska (Olajossy) - Kronika | Zdarzenie - 2025-05-09 - Przekazanie kluczy do miasta bolo\\u0144skim goliardom"}}]	20	1
808	2025-05-15 15:30:02.499761+02	8	2025-05-09 - Przekazanie kluczy do miasta boloskim goliardom	3		20	1
809	2025-05-15 15:30:38.06787+02	21	2025-05-09 - Uroczyste nadanie feluk nowym goliardom	2	[{"changed": {"fields": ["Miejsce", "Opis"]}}]	20	1
810	2025-05-15 15:31:10.163778+02	21	2025-05-09 - Uroczyste nadanie feluk nowym goliardom	2	[{"deleted": {"name": "Osoba", "object": "Bart\\u0142omiej \\"Kucharz\\" Olajossy - Kronika | Zdarzenie - 2025-05-09 - Uroczyste nadanie feluk nowym goliardom"}}, {"deleted": {"name": "Osoba", "object": "Natalia \\"Szynka\\" Ciesielska (Olajossy) - Kronika | Zdarzenie - 2025-05-09 - Uroczyste nadanie feluk nowym goliardom"}}, {"deleted": {"name": "Osoba", "object": "Krysia Cholewa - Kronika | Zdarzenie - 2025-05-09 - Uroczyste nadanie feluk nowym goliardom"}}]	20	1
811	2025-05-15 15:31:20.202879+02	10	2025-05-09 - Uroczyste nadanie feluk nowym goliardom	3		20	1
812	2025-05-15 15:31:39.08055+02	22	2025-05-09 - Zwiedzanie MEUS	2	[{"changed": {"fields": ["Miejsce", "Opis"]}}]	20	1
813	2025-05-15 15:32:04.422313+02	22	2025-05-09 - Zwiedzanie MEUS	2	[{"deleted": {"name": "Osoba", "object": "Bart\\u0142omiej \\"Kucharz\\" Olajossy - Kronika | Zdarzenie - 2025-05-09 - Zwiedzanie MEUS"}}, {"deleted": {"name": "Osoba", "object": "Natalia \\"Szynka\\" Ciesielska (Olajossy) - Kronika | Zdarzenie - 2025-05-09 - Zwiedzanie MEUS"}}, {"deleted": {"name": "Osoba", "object": "Wiktoria \\"Wedel\\" Dole\\u017cych - Kronika | Zdarzenie - 2025-05-09 - Zwiedzanie MEUS"}}]	20	1
814	2025-05-15 15:32:11.763962+02	9	2025-05-09 - Zwiedzanie MEUS	3		20	1
815	2025-05-15 15:34:04.078841+02	25	Piazza Maggiore - Ogrd/Plac, Piazza Maggiore, Bolonia, Wochy	1	[{"added": {}}]	16	1
816	2025-05-15 15:35:10.530477+02	26	Bazylika w. Petroniusza - Obiekt kultury, Piazza Maggiore, Bolonia, Wochy	1	[{"added": {}}]	16	1
817	2025-05-15 15:36:41.495441+02	27	Bar Birroteca Lupulus - Pub/Klub, Via Giuseppe Petroni, 7a, Bolonia, Wochy	1	[{"added": {}}]	16	1
818	2025-05-15 15:37:33.023469+02	26	2025-05-08 - 2025-05-11: Zagraniczny "Faerie Matricularum"	2	[{"changed": {"fields": ["Miejsca"]}}]	19	1
819	2025-05-15 15:37:42.652051+02	27	Bar Birroteca Lupulus - Bar, Via Giuseppe Petroni, 7a, Bolonia, Wochy	2	[{"changed": {"fields": ["Typ miejsca"]}}]	16	1
820	2025-05-15 15:53:51.150725+02	19	2025-05-09 - Impreza ze stoiskami balli i muzyk	2	[]	20	1
1601	2025-07-21 15:57:09.455421+02	12	Reaktywacja	1	[{"added": {}}]	70	1
1622	2025-07-21 16:55:14.647882+02	1	2009-08-20: Historyczne "Zaoenie BCS"	2	[{"changed": {"fields": ["Typ wyjazdu"]}}]	19	1
1643	2025-07-21 17:04:38.861736+02	21	2011-05-07: Wycieczka rowerowa "Czapkowa eskapada rowerowa szlakiem Bema"	2	[{"changed": {"fields": ["Typ wydarzenia"]}}]	19	1
1663	2025-07-21 20:44:38.013033+02	2	Toast w stron Nawojki	1	[{"added": {}}]	29	1
1682	2025-07-21 22:18:41.143197+02	3	CMUJ - Uczelnia, witej Anny 12, 31-008 Krakw, Polska	2	[{"changed": {"fields": ["Adres"]}}]	48	1
1702	2025-07-21 22:43:04.022445+02	33	2011-05-28: Inny "Wyjazd na Stiftungfest"	1	[{"added": {}}]	19	1
1721	2025-07-21 23:16:30.296557+02	39	Hotel Studencki Piast - Dom studencki, Piastowska 47, 30-067 Krakw, Polska	1	[{"added": {}}]	48	1
1740	2025-07-22 00:43:17.408265+02	45	2025-07-20 - 2025-07-21: Nie dotyczy "sth"	1	[{"added": {}}]	19	1
1759	2025-07-22 02:23:30.679042+02	53	2011-11-05: Spontaniczne "Spontaniczna czapkowa posiadwka na Woli"	2	[{"changed": {"fields": ["Nazwa"]}}]	19	1
1777	2025-07-22 03:04:54.60754+02	189	NZS UJ 	1	[{"added": {}}]	56	1
1795	2025-07-22 03:29:50.082902+02	49	Klub Pod Jaszczurami - Pub/Klub, Rynek Gwny 8, 31-042 Krakw, Polska	1	[{"added": {}}]	48	1
1813	2025-07-22 03:47:33.369138+02	77	2012-05-12: Karczma "Karczma piwna przed Juwenaliow"	1	[{"added": {}}]	19	1
1834	2025-07-22 04:03:37.139514+02	80	2012-05-18:  "Juwenaliowa Karczma Piwna z Belgami!"	2	[{"changed": {"fields": ["Nazwa", "Data rozpocz\\u0119cia", "Miejsca", "Typ wydarzenia"]}}, {"deleted": {"name": "Zdarzenie", "object": "2012-05-16 - Grill na AGHu z Belgami (Karczma \\"Juwenaliowa Karczma Piwna z Belgami!\\")"}}, {"deleted": {"name": "Zdarzenie", "object": "2012-05-17 - Impreza CIBA (Karczma \\"Juwenaliowa Karczma Piwna z Belgami!\\")"}}, {"deleted": {"name": "Zdarzenie", "object": "2012-05-18 - Korow\\u00f3d juwenaliowy (Karczma \\"Juwenaliowa Karczma Piwna z Belgami!\\")"}}]	19	1
1852	2025-07-22 04:18:24.660052+02	7	Bankiet Tradycji Studenckich	1	[{"added": {}}]	71	1
1870	2025-07-22 04:41:16.145633+02	97	2013-02-20 - 2013-01-07: Inne "Jacobs Czapka Winter Special"	2	[{"changed": {"fields": ["Nazwa", "Data rozpocz\\u0119cia", "Miejsca", "Opis", "Uczestnicy wydarzenia"]}}]	19	1
1887	2025-07-22 04:58:28.615965+02	104	2013-05-28:  "Majowy Ostry Dyur"	1	[{"added": {}}]	19	1
1903	2025-07-22 05:10:53.276374+02	113	2013-11-30: Odwiedziny Profesora "Wizyta u Profesora"	2	[{"changed": {"fields": ["Nazwa", "Miejsca", "Typ wydarzenia", "Uczestnicy wydarzenia"]}}]	19	1
1919	2025-07-22 05:19:13.972723+02	123	2014-05-09: Impreza "Pitkowa balanga w Budzie"	1	[{"added": {}}]	19	1
1935	2025-07-22 05:34:48.651999+02	132	2014-10-23:  "Wybory Zarzdu BCS UJ"	1	[{"added": {}}]	19	1
1951	2025-07-22 05:46:32.250461+02	66	Cudowne Lata - Kawiarnia, Garncarska 5, 31-115 Krakw, Polska	1	[{"added": {}}]	48	1
1968	2025-07-22 06:01:29.334462+02	70	Las Wolski - Teren zielony, Krakw, Polska	1	[{"added": {}}]	48	1
1984	2025-07-22 06:11:48.040009+02	71	Restauracja Cechowa - Restauracja, Jagielloska 11, 31-010 Krakw, Polska	1	[{"added": {}}]	48	1
2000	2025-07-22 06:20:53.844312+02	168	2016-05-12 - 2016-05-14:  "Juwenalia 2016"	2	[]	19	1
2028	2025-07-22 06:47:33.888308+02	178	2016-10-26:  "Wybory zarzdu VIII kadencji BCS UJ + Walne Zgromadzenie"	2	[{"changed": {"fields": ["Miejsca"]}}]	19	1
2059	2025-07-22 08:58:28.822831+02	188	2017-01-12:  "Styczniowy Ostry Dyur"	1	[{"added": {}}]	19	1
2072	2025-07-22 09:07:19.125232+02	197	2017-05-12:  "Karczma juwenaliowa"	1	[{"added": {}}]	19	1
2085	2025-07-22 09:12:58.661844+02	204	2017-09-15 - 2017-09-18: Wyjazd integracyjny "Czapkowy obz integracyjny 2017"	2	[{"changed": {"fields": ["Nazwa", "Jednodniowe", "Data rozpocz\\u0119cia", "Data zako\\u0144czenia", "Miejsca", "Czy to wyjazd?", "Typ wyjazdu"]}}]	19	1
853	2025-05-19 23:45:04.109203+02	1	Django	1	[{"added": {}}]	37	1
854	2025-05-19 23:48:47.041186+02	1	Django	2	[{"changed": {"fields": ["Sticky submit", "Sticky pagination", "Quick remove links for active filters at top of sidebar", "Collapsible stacked inlines", "Collapsible tabular inlines"]}}]	37	1
855	2025-05-19 23:53:35.654209+02	1	Django	2	[{"changed": {"fields": ["Favicon"]}}]	37	1
856	2025-05-19 23:57:33.709651+02	1	Django	2	[{"changed": {"fields": ["Color"]}}]	37	1
857	2025-05-20 00:00:24.296462+02	1	Django	2	[{"changed": {"fields": ["Background color"]}}]	37	1
858	2025-05-20 00:00:33.513245+02	1	Django	2	[{"changed": {"fields": ["Active"]}}]	37	1
859	2025-05-20 00:04:23.341618+02	2	Django	2	[{"changed": {"fields": ["Active"]}}]	37	1
860	2025-05-20 00:11:02.035213+02	2	Django	2	[{"changed": {"fields": ["Background color", "Text color"]}}]	37	1
861	2025-05-21 22:48:03.237713+02	28	W dupie - Inny, Ulica 1, Krakw, Polska	1	[{"added": {}}]	16	1
862	2025-05-21 22:48:54.892546+02	28	W dupie - Inny, Chyba wiesz, gdzie masz dup	2	[{"changed": {"fields": ["Adres"]}}]	16	1
863	2025-05-21 23:12:55.743357+02	26	2025-05-08 - 2025-05-11: Zagraniczny "Faerie Matricularum"	2	[{"changed": {"name": "Zdarzenie", "object": "2025-05-09 - Przekazanie kluczy do miasta bolo\\u0144skim goliardom", "fields": ["Godzina"]}}, {"changed": {"name": "Zdarzenie", "object": "2025-05-09 - Uroczyste nadanie feluk nowym goliardom", "fields": ["Godzina"]}}, {"changed": {"name": "Zdarzenie", "object": "2025-05-09 - Zwiedzanie MEUS", "fields": ["Godzina"]}}]	19	1
864	2025-05-21 23:14:02.936349+02	26	2025-05-08 - 2025-05-11: Zagraniczny "Faerie Matricularum"	2	[]	19	1
865	2025-05-21 23:15:51.936548+02	26	2025-05-08 - 2025-05-11: Zagraniczny "Faerie Matricularum"	2	[]	19	1
866	2025-05-21 23:19:29.403366+02	29	Piazza Vittorio Puntoni - Ogrd/Plac, Bolonia, Wochy	1	[{"added": {}}]	16	1
867	2025-05-21 23:23:29.714157+02	26	2025-05-08 - 2025-05-11: Zagraniczny "Faerie Matricularum"	2	[{"added": {"name": "Zdarzenie", "object": "2025-05-10 12:00:00 - Parada przebierana"}}, {"added": {"name": "Zdarzenie", "object": "2025-05-10 14:00:00 - Darmowy lunch dla uczestnik\\u00f3w parady"}}, {"changed": {"name": "Zdarzenie", "object": "2025-05-09 20:00:00 - Impreza ze stoiskami balli i muzyk\\u0105", "fields": ["Godzina"]}}]	19	1
868	2025-05-21 23:26:35.870341+02	24	2025-05-10 14:00:00 - Darmowy lunch dla uczestnikw parady	2	[{"changed": {"fields": ["Miejsce", "Opis"]}}]	20	1
869	2025-05-21 23:37:14.015033+02	23	2025-05-10 12:00:00 - Parada przebierana	2	[{"changed": {"fields": ["Opis"]}}, {"deleted": {"name": "Osoba", "object": "Bart\\u0142omiej \\"Kucharz\\" Olajossy - Kronika | Zdarzenie - 2025-05-10 12:00:00 - Parada przebierana"}}, {"deleted": {"name": "Osoba", "object": "Natalia \\"Szynka\\" Ciesielska (Olajossy) - Kronika | Zdarzenie - 2025-05-10 12:00:00 - Parada przebierana"}}]	20	1
870	2025-05-21 23:37:35.719713+02	26	2025-05-08 - 2025-05-11: Zagraniczny "Faerie Matricularum"	2	[{"changed": {"name": "Zdarzenie", "object": "2025-05-10 14:00:00 - Darmowy lunch dla uczestnik\\u00f3w parady", "fields": ["Miejsce"]}}]	19	1
871	2025-05-21 23:39:10.429534+02	24	2025-05-10 14:00:00 - Darmowy lunch dla uczestnikw parady	2	[{"changed": {"fields": ["Miejsce"]}}, {"deleted": {"name": "Osoba", "object": "Micha\\u0142 \\"Cukier/Ma\\u0142olata\\" Malata - Kronika | Zdarzenie - 2025-05-10 14:00:00 - Darmowy lunch dla uczestnik\\u00f3w parady"}}, {"deleted": {"name": "Osoba", "object": "Bart\\u0142omiej \\"Nobod\\" Grzeszykowski - Kronika | Zdarzenie - 2025-05-10 14:00:00 - Darmowy lunch dla uczestnik\\u00f3w parady"}}, {"deleted": {"name": "Osoba", "object": "Bartosz \\"Heniek\\" Hepek - Kronika | Zdarzenie - 2025-05-10 14:00:00 - Darmowy lunch dla uczestnik\\u00f3w parady"}}, {"deleted": {"name": "Osoba", "object": "Martyna \\"Bober\\" Kubiak - Kronika | Zdarzenie - 2025-05-10 14:00:00 - Darmowy lunch dla uczestnik\\u00f3w parady"}}, {"deleted": {"name": "Osoba", "object": "Sandra \\"Sander\\" Chandzlik - Kronika | Zdarzenie - 2025-05-10 14:00:00 - Darmowy lunch dla uczestnik\\u00f3w parady"}}, {"deleted": {"name": "Osoba", "object": "Maria \\"Felis\\" Turakiewicz - Kronika | Zdarzenie - 2025-05-10 14:00:00 - Darmowy lunch dla uczestnik\\u00f3w parady"}}, {"deleted": {"name": "Osoba", "object": "Herman \\"Stabilizator/Rakieta\\" Chekurda - Kronika | Zdarzenie - 2025-05-10 14:00:00 - Darmowy lunch dla uczestnik\\u00f3w parady"}}, {"deleted": {"name": "Osoba", "object": "Michalina \\"Allec\\" Kokosi\\u0144ska - Kronika | Zdarzenie - 2025-05-10 14:00:00 - Darmowy lunch dla uczestnik\\u00f3w parady"}}, {"deleted": {"name": "Osoba", "object": "Damian \\"Bandera/Buch\\" Zych - Kronika | Zdarzenie - 2025-05-10 14:00:00 - Darmowy lunch dla uczestnik\\u00f3w parady"}}, {"deleted": {"name": "Osoba", "object": "Dorota \\"Wa\\u0107panna/Doris\\" Dro\\u017cy\\u0144ska - Kronika | Zdarzenie - 2025-05-10 14:00:00 - Darmowy lunch dla uczestnik\\u00f3w parady"}}, {"deleted": {"name": "Osoba", "object": "Bart\\u0142omiej \\"Kucharz\\" Olajossy - Kronika | Zdarzenie - 2025-05-10 14:00:00 - Darmowy lunch dla uczestnik\\u00f3w parady"}}, {"deleted": {"name": "Osoba", "object": "Natalia \\"Szynka\\" Ciesielska (Olajossy) - Kronika | Zdarzenie - 2025-05-10 14:00:00 - Darmowy lunch dla uczestnik\\u00f3w parady"}}, {"deleted": {"name": "Osoba", "object": "Kacper \\"Szogun\\" Wilk - Kronika | Zdarzenie - 2025-05-10 14:00:00 - Darmowy lunch dla uczestnik\\u00f3w parady"}}, {"deleted": {"name": "Osoba", "object": "Krysia Cholewa - Kronika | Zdarzenie - 2025-05-10 14:00:00 - Darmowy lunch dla uczestnik\\u00f3w parady"}}, {"deleted": {"name": "Osoba", "object": "Szymon \\"Tur\\" Zwias - Kronika | Zdarzenie - 2025-05-10 14:00:00 - Darmowy lunch dla uczestnik\\u00f3w parady"}}, {"deleted": {"name": "Osoba", "object": "Wiktoria \\"Wedel\\" Dole\\u017cych - Kronika | Zdarzenie - 2025-05-10 14:00:00 - Darmowy lunch dla uczestnik\\u00f3w parady"}}, {"deleted": {"name": "Osoba", "object": "Micha\\u0142 \\"Cukier/Ma\\u0142olata\\" Malata - Kronika | Zdarzenie - 2025-05-10 14:00:00 - Darmowy lunch dla uczestnik\\u00f3w parady"}}, {"deleted": {"name": "Osoba", "object": "Bart\\u0142omiej \\"Nobod\\" Grzeszykowski - Kronika | Zdarzenie - 2025-05-10 14:00:00 - Darmowy lunch dla uczestnik\\u00f3w parady"}}, {"deleted": {"name": "Osoba", "object": "Bartosz \\"Heniek\\" Hepek - Kronika | Zdarzenie - 2025-05-10 14:00:00 - Darmowy lunch dla uczestnik\\u00f3w parady"}}, {"deleted": {"name": "Osoba", "object": "Martyna \\"Bober\\" Kubiak - Kronika | Zdarzenie - 2025-05-10 14:00:00 - Darmowy lunch dla uczestnik\\u00f3w parady"}}, {"deleted": {"name": "Osoba", "object": "Sandra \\"Sander\\" Chandzlik - Kronika | Zdarzenie - 2025-05-10 14:00:00 - Darmowy lunch dla uczestnik\\u00f3w parady"}}, {"deleted": {"name": "Osoba", "object": "Maria \\"Felis\\" Turakiewicz - Kronika | Zdarzenie - 2025-05-10 14:00:00 - Darmowy lunch dla uczestnik\\u00f3w parady"}}, {"deleted": {"name": "Osoba", "object": "Herman \\"Stabilizator/Rakieta\\" Chekurda - Kronika | Zdarzenie - 2025-05-10 14:00:00 - Darmowy lunch dla uczestnik\\u00f3w parady"}}, {"deleted": {"name": "Osoba", "object": "Michalina \\"Allec\\" Kokosi\\u0144ska - Kronika | Zdarzenie - 2025-05-10 14:00:00 - Darmowy lunch dla uczestnik\\u00f3w parady"}}, {"deleted": {"name": "Osoba", "object": "Damian \\"Bandera/Buch\\" Zych - Kronika | Zdarzenie - 2025-05-10 14:00:00 - Darmowy lunch dla uczestnik\\u00f3w parady"}}, {"deleted": {"name": "Osoba", "object": "Dorota \\"Wa\\u0107panna/Doris\\" Dro\\u017cy\\u0144ska - Kronika | Zdarzenie - 2025-05-10 14:00:00 - Darmowy lunch dla uczestnik\\u00f3w parady"}}, {"deleted": {"name": "Osoba", "object": "Bart\\u0142omiej \\"Kucharz\\" Olajossy - Kronika | Zdarzenie - 2025-05-10 14:00:00 - Darmowy lunch dla uczestnik\\u00f3w parady"}}, {"deleted": {"name": "Osoba", "object": "Natalia \\"Szynka\\" Ciesielska (Olajossy) - Kronika | Zdarzenie - 2025-05-10 14:00:00 - Darmowy lunch dla uczestnik\\u00f3w parady"}}, {"deleted": {"name": "Osoba", "object": "Kacper \\"Szogun\\" Wilk - Kronika | Zdarzenie - 2025-05-10 14:00:00 - Darmowy lunch dla uczestnik\\u00f3w parady"}}, {"deleted": {"name": "Osoba", "object": "Krysia Cholewa - Kronika | Zdarzenie - 2025-05-10 14:00:00 - Darmowy lunch dla uczestnik\\u00f3w parady"}}, {"deleted": {"name": "Osoba", "object": "Szymon \\"Tur\\" Zwias - Kronika | Zdarzenie - 2025-05-10 14:00:00 - Darmowy lunch dla uczestnik\\u00f3w parady"}}, {"deleted": {"name": "Osoba", "object": "Wiktoria \\"Wedel\\" Dole\\u017cych - Kronika | Zdarzenie - 2025-05-10 14:00:00 - Darmowy lunch dla uczestnik\\u00f3w parady"}}]	20	1
872	2025-05-21 23:40:21.449673+02	24	2025-05-10 14:00:00 - Darmowy lunch dla uczestnikw parady	2	[{"deleted": {"name": "Osoba", "object": "Micha\\u0142 \\"Cukier/Ma\\u0142olata\\" Malata - Kronika | Zdarzenie - 2025-05-10 14:00:00 - Darmowy lunch dla uczestnik\\u00f3w parady"}}, {"deleted": {"name": "Osoba", "object": "Bart\\u0142omiej \\"Nobod\\" Grzeszykowski - Kronika | Zdarzenie - 2025-05-10 14:00:00 - Darmowy lunch dla uczestnik\\u00f3w parady"}}, {"deleted": {"name": "Osoba", "object": "Bartosz \\"Heniek\\" Hepek - Kronika | Zdarzenie - 2025-05-10 14:00:00 - Darmowy lunch dla uczestnik\\u00f3w parady"}}, {"deleted": {"name": "Osoba", "object": "Martyna \\"Bober\\" Kubiak - Kronika | Zdarzenie - 2025-05-10 14:00:00 - Darmowy lunch dla uczestnik\\u00f3w parady"}}, {"deleted": {"name": "Osoba", "object": "Sandra \\"Sander\\" Chandzlik - Kronika | Zdarzenie - 2025-05-10 14:00:00 - Darmowy lunch dla uczestnik\\u00f3w parady"}}, {"deleted": {"name": "Osoba", "object": "Maria \\"Felis\\" Turakiewicz - Kronika | Zdarzenie - 2025-05-10 14:00:00 - Darmowy lunch dla uczestnik\\u00f3w parady"}}, {"deleted": {"name": "Osoba", "object": "Herman \\"Stabilizator/Rakieta\\" Chekurda - Kronika | Zdarzenie - 2025-05-10 14:00:00 - Darmowy lunch dla uczestnik\\u00f3w parady"}}, {"deleted": {"name": "Osoba", "object": "Michalina \\"Allec\\" Kokosi\\u0144ska - Kronika | Zdarzenie - 2025-05-10 14:00:00 - Darmowy lunch dla uczestnik\\u00f3w parady"}}, {"deleted": {"name": "Osoba", "object": "Damian \\"Bandera/Buch\\" Zych - Kronika | Zdarzenie - 2025-05-10 14:00:00 - Darmowy lunch dla uczestnik\\u00f3w parady"}}, {"deleted": {"name": "Osoba", "object": "Dorota \\"Wa\\u0107panna/Doris\\" Dro\\u017cy\\u0144ska - Kronika | Zdarzenie - 2025-05-10 14:00:00 - Darmowy lunch dla uczestnik\\u00f3w parady"}}, {"deleted": {"name": "Osoba", "object": "Bart\\u0142omiej \\"Kucharz\\" Olajossy - Kronika | Zdarzenie - 2025-05-10 14:00:00 - Darmowy lunch dla uczestnik\\u00f3w parady"}}, {"deleted": {"name": "Osoba", "object": "Natalia \\"Szynka\\" Ciesielska (Olajossy) - Kronika | Zdarzenie - 2025-05-10 14:00:00 - Darmowy lunch dla uczestnik\\u00f3w parady"}}, {"deleted": {"name": "Osoba", "object": "Kacper \\"Szogun\\" Wilk - Kronika | Zdarzenie - 2025-05-10 14:00:00 - Darmowy lunch dla uczestnik\\u00f3w parady"}}, {"deleted": {"name": "Osoba", "object": "Krysia Cholewa - Kronika | Zdarzenie - 2025-05-10 14:00:00 - Darmowy lunch dla uczestnik\\u00f3w parady"}}, {"deleted": {"name": "Osoba", "object": "Szymon \\"Tur\\" Zwias - Kronika | Zdarzenie - 2025-05-10 14:00:00 - Darmowy lunch dla uczestnik\\u00f3w parady"}}, {"deleted": {"name": "Osoba", "object": "Wiktoria \\"Wedel\\" Dole\\u017cych - Kronika | Zdarzenie - 2025-05-10 14:00:00 - Darmowy lunch dla uczestnik\\u00f3w parady"}}]	20	1
873	2025-05-21 23:40:26.861076+02	24	2025-05-10 14:00:00 - Darmowy lunch dla uczestnikw parady	2	[]	20	1
874	2025-05-21 23:42:01.257572+02	26	2025-05-08 - 2025-05-11: Zagraniczny "Faerie Matricularum"	2	[{"changed": {"name": "Zdarzenie", "object": "2025-05-10 14:00:00 - Darmowy lunch dla uczestnik\\u00f3w parady", "fields": ["Miejsce"]}}]	19	1
875	2025-05-21 23:42:21.055748+02	24	2025-05-10 14:00:00 - Darmowy lunch dla uczestnikw parady	2	[{"changed": {"fields": ["Miejsce"]}}]	20	1
876	2025-05-21 23:42:26.48494+02	24	2025-05-10 14:00:00 - Darmowy lunch dla uczestnikw parady	2	[]	20	1
877	2025-05-21 23:42:30.722778+02	26	2025-05-08 - 2025-05-11: Zagraniczny "Faerie Matricularum"	2	[{"changed": {"name": "Zdarzenie", "object": "2025-05-10 14:00:00 - Darmowy lunch dla uczestnik\\u00f3w parady", "fields": ["Miejsce"]}}]	19	1
878	2025-05-21 23:46:04.923601+02	26	2025-05-08 - 2025-05-11: Zagraniczny "Faerie Matricularum"	2	[]	19	1
879	2025-05-21 23:46:43.718319+02	26	2025-05-08 - 2025-05-11: Zagraniczny "Faerie Matricularum"	2	[{"changed": {"name": "Zdarzenie", "object": "2025-05-10 14:00:00 - Darmowy lunch dla uczestnik\\u00f3w parady", "fields": ["Miejsce"]}}]	19	1
880	2025-05-21 23:56:33.837814+02	26	2025-05-08 - 2025-05-11: Zagraniczny "Faerie Matricularum"	2	[]	19	1
881	2025-05-22 00:01:03.379442+02	20	2025-05-09 12:00:00 - Przekazanie kluczy do miasta boloskim goliardom	2	[{"deleted": {"name": "Osoba", "object": "Micha\\u0142 \\"Cukier/Ma\\u0142olata\\" Malata - Kronika | Zdarzenie - 2025-05-09 12:00:00 - Przekazanie kluczy do miasta bolo\\u0144skim goliardom"}}, {"deleted": {"name": "Osoba", "object": "Bart\\u0142omiej \\"Nobod\\" Grzeszykowski - Kronika | Zdarzenie - 2025-05-09 12:00:00 - Przekazanie kluczy do miasta bolo\\u0144skim goliardom"}}, {"deleted": {"name": "Osoba", "object": "Bartosz \\"Heniek\\" Hepek - Kronika | Zdarzenie - 2025-05-09 12:00:00 - Przekazanie kluczy do miasta bolo\\u0144skim goliardom"}}, {"deleted": {"name": "Osoba", "object": "Martyna \\"Bober\\" Kubiak - Kronika | Zdarzenie - 2025-05-09 12:00:00 - Przekazanie kluczy do miasta bolo\\u0144skim goliardom"}}, {"deleted": {"name": "Osoba", "object": "Sandra \\"Sander\\" Chandzlik - Kronika | Zdarzenie - 2025-05-09 12:00:00 - Przekazanie kluczy do miasta bolo\\u0144skim goliardom"}}, {"deleted": {"name": "Osoba", "object": "Maria \\"Felis\\" Turakiewicz - Kronika | Zdarzenie - 2025-05-09 12:00:00 - Przekazanie kluczy do miasta bolo\\u0144skim goliardom"}}, {"deleted": {"name": "Osoba", "object": "Herman \\"Stabilizator/Rakieta\\" Chekurda - Kronika | Zdarzenie - 2025-05-09 12:00:00 - Przekazanie kluczy do miasta bolo\\u0144skim goliardom"}}, {"deleted": {"name": "Osoba", "object": "Michalina \\"Allec\\" Kokosi\\u0144ska - Kronika | Zdarzenie - 2025-05-09 12:00:00 - Przekazanie kluczy do miasta bolo\\u0144skim goliardom"}}, {"deleted": {"name": "Osoba", "object": "Damian \\"Bandera/Buch\\" Zych - Kronika | Zdarzenie - 2025-05-09 12:00:00 - Przekazanie kluczy do miasta bolo\\u0144skim goliardom"}}, {"deleted": {"name": "Osoba", "object": "Dorota \\"Wa\\u0107panna/Doris\\" Dro\\u017cy\\u0144ska - Kronika | Zdarzenie - 2025-05-09 12:00:00 - Przekazanie kluczy do miasta bolo\\u0144skim goliardom"}}, {"deleted": {"name": "Osoba", "object": "Bart\\u0142omiej \\"Kucharz\\" Olajossy - Kronika | Zdarzenie - 2025-05-09 12:00:00 - Przekazanie kluczy do miasta bolo\\u0144skim goliardom"}}, {"deleted": {"name": "Osoba", "object": "Natalia \\"Szynka\\" Ciesielska (Olajossy) - Kronika | Zdarzenie - 2025-05-09 12:00:00 - Przekazanie kluczy do miasta bolo\\u0144skim goliardom"}}, {"deleted": {"name": "Osoba", "object": "Kacper \\"Szogun\\" Wilk - Kronika | Zdarzenie - 2025-05-09 12:00:00 - Przekazanie kluczy do miasta bolo\\u0144skim goliardom"}}, {"deleted": {"name": "Osoba", "object": "Krysia Cholewa - Kronika | Zdarzenie - 2025-05-09 12:00:00 - Przekazanie kluczy do miasta bolo\\u0144skim goliardom"}}, {"deleted": {"name": "Osoba", "object": "Szymon \\"Tur\\" Zwias - Kronika | Zdarzenie - 2025-05-09 12:00:00 - Przekazanie kluczy do miasta bolo\\u0144skim goliardom"}}, {"deleted": {"name": "Osoba", "object": "Wiktoria \\"Wedel\\" Dole\\u017cych - Kronika | Zdarzenie - 2025-05-09 12:00:00 - Przekazanie kluczy do miasta bolo\\u0144skim goliardom"}}, {"deleted": {"name": "Osoba", "object": "Micha\\u0142 \\"Cukier/Ma\\u0142olata\\" Malata - Kronika | Zdarzenie - 2025-05-09 12:00:00 - Przekazanie kluczy do miasta bolo\\u0144skim goliardom"}}, {"deleted": {"name": "Osoba", "object": "Bart\\u0142omiej \\"Nobod\\" Grzeszykowski - Kronika | Zdarzenie - 2025-05-09 12:00:00 - Przekazanie kluczy do miasta bolo\\u0144skim goliardom"}}, {"deleted": {"name": "Osoba", "object": "Bartosz \\"Heniek\\" Hepek - Kronika | Zdarzenie - 2025-05-09 12:00:00 - Przekazanie kluczy do miasta bolo\\u0144skim goliardom"}}, {"deleted": {"name": "Osoba", "object": "Martyna \\"Bober\\" Kubiak - Kronika | Zdarzenie - 2025-05-09 12:00:00 - Przekazanie kluczy do miasta bolo\\u0144skim goliardom"}}, {"deleted": {"name": "Osoba", "object": "Sandra \\"Sander\\" Chandzlik - Kronika | Zdarzenie - 2025-05-09 12:00:00 - Przekazanie kluczy do miasta bolo\\u0144skim goliardom"}}, {"deleted": {"name": "Osoba", "object": "Maria \\"Felis\\" Turakiewicz - Kronika | Zdarzenie - 2025-05-09 12:00:00 - Przekazanie kluczy do miasta bolo\\u0144skim goliardom"}}, {"deleted": {"name": "Osoba", "object": "Herman \\"Stabilizator/Rakieta\\" Chekurda - Kronika | Zdarzenie - 2025-05-09 12:00:00 - Przekazanie kluczy do miasta bolo\\u0144skim goliardom"}}, {"deleted": {"name": "Osoba", "object": "Michalina \\"Allec\\" Kokosi\\u0144ska - Kronika | Zdarzenie - 2025-05-09 12:00:00 - Przekazanie kluczy do miasta bolo\\u0144skim goliardom"}}, {"deleted": {"name": "Osoba", "object": "Damian \\"Bandera/Buch\\" Zych - Kronika | Zdarzenie - 2025-05-09 12:00:00 - Przekazanie kluczy do miasta bolo\\u0144skim goliardom"}}, {"deleted": {"name": "Osoba", "object": "Dorota \\"Wa\\u0107panna/Doris\\" Dro\\u017cy\\u0144ska - Kronika | Zdarzenie - 2025-05-09 12:00:00 - Przekazanie kluczy do miasta bolo\\u0144skim goliardom"}}, {"deleted": {"name": "Osoba", "object": "Bart\\u0142omiej \\"Kucharz\\" Olajossy - Kronika | Zdarzenie - 2025-05-09 12:00:00 - Przekazanie kluczy do miasta bolo\\u0144skim goliardom"}}, {"deleted": {"name": "Osoba", "object": "Natalia \\"Szynka\\" Ciesielska (Olajossy) - Kronika | Zdarzenie - 2025-05-09 12:00:00 - Przekazanie kluczy do miasta bolo\\u0144skim goliardom"}}, {"deleted": {"name": "Osoba", "object": "Kacper \\"Szogun\\" Wilk - Kronika | Zdarzenie - 2025-05-09 12:00:00 - Przekazanie kluczy do miasta bolo\\u0144skim goliardom"}}, {"deleted": {"name": "Osoba", "object": "Krysia Cholewa - Kronika | Zdarzenie - 2025-05-09 12:00:00 - Przekazanie kluczy do miasta bolo\\u0144skim goliardom"}}, {"deleted": {"name": "Osoba", "object": "Szymon \\"Tur\\" Zwias - Kronika | Zdarzenie - 2025-05-09 12:00:00 - Przekazanie kluczy do miasta bolo\\u0144skim goliardom"}}, {"deleted": {"name": "Osoba", "object": "Wiktoria \\"Wedel\\" Dole\\u017cych - Kronika | Zdarzenie - 2025-05-09 12:00:00 - Przekazanie kluczy do miasta bolo\\u0144skim goliardom"}}]	20	1
882	2025-05-22 00:02:28.95711+02	22	2025-05-09 16:00:00 - Zwiedzanie MEUS	2	[{"deleted": {"name": "Osoba", "object": "Micha\\u0142 \\"Cukier/Ma\\u0142olata\\" Malata - Kronika | Zdarzenie - 2025-05-09 16:00:00 - Zwiedzanie MEUS"}}, {"deleted": {"name": "Osoba", "object": "Bart\\u0142omiej \\"Nobod\\" Grzeszykowski - Kronika | Zdarzenie - 2025-05-09 16:00:00 - Zwiedzanie MEUS"}}, {"deleted": {"name": "Osoba", "object": "Bartosz \\"Heniek\\" Hepek - Kronika | Zdarzenie - 2025-05-09 16:00:00 - Zwiedzanie MEUS"}}, {"deleted": {"name": "Osoba", "object": "Martyna \\"Bober\\" Kubiak - Kronika | Zdarzenie - 2025-05-09 16:00:00 - Zwiedzanie MEUS"}}, {"deleted": {"name": "Osoba", "object": "Sandra \\"Sander\\" Chandzlik - Kronika | Zdarzenie - 2025-05-09 16:00:00 - Zwiedzanie MEUS"}}, {"deleted": {"name": "Osoba", "object": "Maria \\"Felis\\" Turakiewicz - Kronika | Zdarzenie - 2025-05-09 16:00:00 - Zwiedzanie MEUS"}}, {"deleted": {"name": "Osoba", "object": "Herman \\"Stabilizator/Rakieta\\" Chekurda - Kronika | Zdarzenie - 2025-05-09 16:00:00 - Zwiedzanie MEUS"}}, {"deleted": {"name": "Osoba", "object": "Michalina \\"Allec\\" Kokosi\\u0144ska - Kronika | Zdarzenie - 2025-05-09 16:00:00 - Zwiedzanie MEUS"}}, {"deleted": {"name": "Osoba", "object": "Damian \\"Bandera/Buch\\" Zych - Kronika | Zdarzenie - 2025-05-09 16:00:00 - Zwiedzanie MEUS"}}, {"deleted": {"name": "Osoba", "object": "Dorota \\"Wa\\u0107panna/Doris\\" Dro\\u017cy\\u0144ska - Kronika | Zdarzenie - 2025-05-09 16:00:00 - Zwiedzanie MEUS"}}, {"deleted": {"name": "Osoba", "object": "Kacper \\"Szogun\\" Wilk - Kronika | Zdarzenie - 2025-05-09 16:00:00 - Zwiedzanie MEUS"}}, {"deleted": {"name": "Osoba", "object": "Krysia Cholewa - Kronika | Zdarzenie - 2025-05-09 16:00:00 - Zwiedzanie MEUS"}}, {"deleted": {"name": "Osoba", "object": "Szymon \\"Tur\\" Zwias - Kronika | Zdarzenie - 2025-05-09 16:00:00 - Zwiedzanie MEUS"}}, {"deleted": {"name": "Osoba", "object": "Micha\\u0142 \\"Cukier/Ma\\u0142olata\\" Malata - Kronika | Zdarzenie - 2025-05-09 16:00:00 - Zwiedzanie MEUS"}}, {"deleted": {"name": "Osoba", "object": "Bart\\u0142omiej \\"Nobod\\" Grzeszykowski - Kronika | Zdarzenie - 2025-05-09 16:00:00 - Zwiedzanie MEUS"}}, {"deleted": {"name": "Osoba", "object": "Bartosz \\"Heniek\\" Hepek - Kronika | Zdarzenie - 2025-05-09 16:00:00 - Zwiedzanie MEUS"}}, {"deleted": {"name": "Osoba", "object": "Martyna \\"Bober\\" Kubiak - Kronika | Zdarzenie - 2025-05-09 16:00:00 - Zwiedzanie MEUS"}}, {"deleted": {"name": "Osoba", "object": "Sandra \\"Sander\\" Chandzlik - Kronika | Zdarzenie - 2025-05-09 16:00:00 - Zwiedzanie MEUS"}}, {"deleted": {"name": "Osoba", "object": "Maria \\"Felis\\" Turakiewicz - Kronika | Zdarzenie - 2025-05-09 16:00:00 - Zwiedzanie MEUS"}}, {"deleted": {"name": "Osoba", "object": "Herman \\"Stabilizator/Rakieta\\" Chekurda - Kronika | Zdarzenie - 2025-05-09 16:00:00 - Zwiedzanie MEUS"}}, {"deleted": {"name": "Osoba", "object": "Michalina \\"Allec\\" Kokosi\\u0144ska - Kronika | Zdarzenie - 2025-05-09 16:00:00 - Zwiedzanie MEUS"}}, {"deleted": {"name": "Osoba", "object": "Damian \\"Bandera/Buch\\" Zych - Kronika | Zdarzenie - 2025-05-09 16:00:00 - Zwiedzanie MEUS"}}, {"deleted": {"name": "Osoba", "object": "Dorota \\"Wa\\u0107panna/Doris\\" Dro\\u017cy\\u0144ska - Kronika | Zdarzenie - 2025-05-09 16:00:00 - Zwiedzanie MEUS"}}, {"deleted": {"name": "Osoba", "object": "Bart\\u0142omiej \\"Kucharz\\" Olajossy - Kronika | Zdarzenie - 2025-05-09 16:00:00 - Zwiedzanie MEUS"}}, {"deleted": {"name": "Osoba", "object": "Natalia \\"Szynka\\" Ciesielska (Olajossy) - Kronika | Zdarzenie - 2025-05-09 16:00:00 - Zwiedzanie MEUS"}}, {"deleted": {"name": "Osoba", "object": "Kacper \\"Szogun\\" Wilk - Kronika | Zdarzenie - 2025-05-09 16:00:00 - Zwiedzanie MEUS"}}, {"deleted": {"name": "Osoba", "object": "Krysia Cholewa - Kronika | Zdarzenie - 2025-05-09 16:00:00 - Zwiedzanie MEUS"}}, {"deleted": {"name": "Osoba", "object": "Szymon \\"Tur\\" Zwias - Kronika | Zdarzenie - 2025-05-09 16:00:00 - Zwiedzanie MEUS"}}, {"deleted": {"name": "Osoba", "object": "Wiktoria \\"Wedel\\" Dole\\u017cych - Kronika | Zdarzenie - 2025-05-09 16:00:00 - Zwiedzanie MEUS"}}]	20	1
883	2025-05-22 00:03:23.707079+02	21	2025-05-09 17:00:00 - Uroczyste nadanie feluk nowym goliardom	2	[{"deleted": {"name": "Osoba", "object": "Micha\\u0142 \\"Cukier/Ma\\u0142olata\\" Malata - Kronika | Zdarzenie - 2025-05-09 17:00:00 - Uroczyste nadanie feluk nowym goliardom"}}, {"deleted": {"name": "Osoba", "object": "Bart\\u0142omiej \\"Nobod\\" Grzeszykowski - Kronika | Zdarzenie - 2025-05-09 17:00:00 - Uroczyste nadanie feluk nowym goliardom"}}, {"deleted": {"name": "Osoba", "object": "Bartosz \\"Heniek\\" Hepek - Kronika | Zdarzenie - 2025-05-09 17:00:00 - Uroczyste nadanie feluk nowym goliardom"}}, {"deleted": {"name": "Osoba", "object": "Martyna \\"Bober\\" Kubiak - Kronika | Zdarzenie - 2025-05-09 17:00:00 - Uroczyste nadanie feluk nowym goliardom"}}, {"deleted": {"name": "Osoba", "object": "Sandra \\"Sander\\" Chandzlik - Kronika | Zdarzenie - 2025-05-09 17:00:00 - Uroczyste nadanie feluk nowym goliardom"}}, {"deleted": {"name": "Osoba", "object": "Maria \\"Felis\\" Turakiewicz - Kronika | Zdarzenie - 2025-05-09 17:00:00 - Uroczyste nadanie feluk nowym goliardom"}}, {"deleted": {"name": "Osoba", "object": "Herman \\"Stabilizator/Rakieta\\" Chekurda - Kronika | Zdarzenie - 2025-05-09 17:00:00 - Uroczyste nadanie feluk nowym goliardom"}}, {"deleted": {"name": "Osoba", "object": "Michalina \\"Allec\\" Kokosi\\u0144ska - Kronika | Zdarzenie - 2025-05-09 17:00:00 - Uroczyste nadanie feluk nowym goliardom"}}, {"deleted": {"name": "Osoba", "object": "Damian \\"Bandera/Buch\\" Zych - Kronika | Zdarzenie - 2025-05-09 17:00:00 - Uroczyste nadanie feluk nowym goliardom"}}, {"deleted": {"name": "Osoba", "object": "Dorota \\"Wa\\u0107panna/Doris\\" Dro\\u017cy\\u0144ska - Kronika | Zdarzenie - 2025-05-09 17:00:00 - Uroczyste nadanie feluk nowym goliardom"}}, {"deleted": {"name": "Osoba", "object": "Bart\\u0142omiej \\"Kucharz\\" Olajossy - Kronika | Zdarzenie - 2025-05-09 17:00:00 - Uroczyste nadanie feluk nowym goliardom"}}, {"deleted": {"name": "Osoba", "object": "Natalia \\"Szynka\\" Ciesielska (Olajossy) - Kronika | Zdarzenie - 2025-05-09 17:00:00 - Uroczyste nadanie feluk nowym goliardom"}}, {"deleted": {"name": "Osoba", "object": "Kacper \\"Szogun\\" Wilk - Kronika | Zdarzenie - 2025-05-09 17:00:00 - Uroczyste nadanie feluk nowym goliardom"}}, {"deleted": {"name": "Osoba", "object": "Krysia Cholewa - Kronika | Zdarzenie - 2025-05-09 17:00:00 - Uroczyste nadanie feluk nowym goliardom"}}, {"deleted": {"name": "Osoba", "object": "Szymon \\"Tur\\" Zwias - Kronika | Zdarzenie - 2025-05-09 17:00:00 - Uroczyste nadanie feluk nowym goliardom"}}, {"deleted": {"name": "Osoba", "object": "Wiktoria \\"Wedel\\" Dole\\u017cych - Kronika | Zdarzenie - 2025-05-09 17:00:00 - Uroczyste nadanie feluk nowym goliardom"}}, {"deleted": {"name": "Osoba", "object": "Micha\\u0142 \\"Cukier/Ma\\u0142olata\\" Malata - Kronika | Zdarzenie - 2025-05-09 17:00:00 - Uroczyste nadanie feluk nowym goliardom"}}, {"deleted": {"name": "Osoba", "object": "Bart\\u0142omiej \\"Nobod\\" Grzeszykowski - Kronika | Zdarzenie - 2025-05-09 17:00:00 - Uroczyste nadanie feluk nowym goliardom"}}, {"deleted": {"name": "Osoba", "object": "Bartosz \\"Heniek\\" Hepek - Kronika | Zdarzenie - 2025-05-09 17:00:00 - Uroczyste nadanie feluk nowym goliardom"}}, {"deleted": {"name": "Osoba", "object": "Martyna \\"Bober\\" Kubiak - Kronika | Zdarzenie - 2025-05-09 17:00:00 - Uroczyste nadanie feluk nowym goliardom"}}, {"deleted": {"name": "Osoba", "object": "Sandra \\"Sander\\" Chandzlik - Kronika | Zdarzenie - 2025-05-09 17:00:00 - Uroczyste nadanie feluk nowym goliardom"}}, {"deleted": {"name": "Osoba", "object": "Maria \\"Felis\\" Turakiewicz - Kronika | Zdarzenie - 2025-05-09 17:00:00 - Uroczyste nadanie feluk nowym goliardom"}}, {"deleted": {"name": "Osoba", "object": "Herman \\"Stabilizator/Rakieta\\" Chekurda - Kronika | Zdarzenie - 2025-05-09 17:00:00 - Uroczyste nadanie feluk nowym goliardom"}}, {"deleted": {"name": "Osoba", "object": "Michalina \\"Allec\\" Kokosi\\u0144ska - Kronika | Zdarzenie - 2025-05-09 17:00:00 - Uroczyste nadanie feluk nowym goliardom"}}, {"deleted": {"name": "Osoba", "object": "Damian \\"Bandera/Buch\\" Zych - Kronika | Zdarzenie - 2025-05-09 17:00:00 - Uroczyste nadanie feluk nowym goliardom"}}, {"deleted": {"name": "Osoba", "object": "Dorota \\"Wa\\u0107panna/Doris\\" Dro\\u017cy\\u0144ska - Kronika | Zdarzenie - 2025-05-09 17:00:00 - Uroczyste nadanie feluk nowym goliardom"}}, {"deleted": {"name": "Osoba", "object": "Bart\\u0142omiej \\"Kucharz\\" Olajossy - Kronika | Zdarzenie - 2025-05-09 17:00:00 - Uroczyste nadanie feluk nowym goliardom"}}, {"deleted": {"name": "Osoba", "object": "Natalia \\"Szynka\\" Ciesielska (Olajossy) - Kronika | Zdarzenie - 2025-05-09 17:00:00 - Uroczyste nadanie feluk nowym goliardom"}}, {"deleted": {"name": "Osoba", "object": "Kacper \\"Szogun\\" Wilk - Kronika | Zdarzenie - 2025-05-09 17:00:00 - Uroczyste nadanie feluk nowym goliardom"}}, {"deleted": {"name": "Osoba", "object": "Krysia Cholewa - Kronika | Zdarzenie - 2025-05-09 17:00:00 - Uroczyste nadanie feluk nowym goliardom"}}, {"deleted": {"name": "Osoba", "object": "Szymon \\"Tur\\" Zwias - Kronika | Zdarzenie - 2025-05-09 17:00:00 - Uroczyste nadanie feluk nowym goliardom"}}, {"deleted": {"name": "Osoba", "object": "Wiktoria \\"Wedel\\" Dole\\u017cych - Kronika | Zdarzenie - 2025-05-09 17:00:00 - Uroczyste nadanie feluk nowym goliardom"}}]	20	1
884	2025-05-22 00:04:24.161085+02	19	2025-05-09 20:00:00 - Impreza ze stoiskami balli i muzyk	2	[{"deleted": {"name": "Osoba", "object": "Micha\\u0142 \\"Cukier/Ma\\u0142olata\\" Malata - Kronika | Zdarzenie - 2025-05-09 20:00:00 - Impreza ze stoiskami balli i muzyk\\u0105"}}, {"deleted": {"name": "Osoba", "object": "Bart\\u0142omiej \\"Nobod\\" Grzeszykowski - Kronika | Zdarzenie - 2025-05-09 20:00:00 - Impreza ze stoiskami balli i muzyk\\u0105"}}, {"deleted": {"name": "Osoba", "object": "Bartosz \\"Heniek\\" Hepek - Kronika | Zdarzenie - 2025-05-09 20:00:00 - Impreza ze stoiskami balli i muzyk\\u0105"}}, {"deleted": {"name": "Osoba", "object": "Martyna \\"Bober\\" Kubiak - Kronika | Zdarzenie - 2025-05-09 20:00:00 - Impreza ze stoiskami balli i muzyk\\u0105"}}, {"deleted": {"name": "Osoba", "object": "Sandra \\"Sander\\" Chandzlik - Kronika | Zdarzenie - 2025-05-09 20:00:00 - Impreza ze stoiskami balli i muzyk\\u0105"}}, {"deleted": {"name": "Osoba", "object": "Maria \\"Felis\\" Turakiewicz - Kronika | Zdarzenie - 2025-05-09 20:00:00 - Impreza ze stoiskami balli i muzyk\\u0105"}}, {"deleted": {"name": "Osoba", "object": "Herman \\"Stabilizator/Rakieta\\" Chekurda - Kronika | Zdarzenie - 2025-05-09 20:00:00 - Impreza ze stoiskami balli i muzyk\\u0105"}}, {"deleted": {"name": "Osoba", "object": "Michalina \\"Allec\\" Kokosi\\u0144ska - Kronika | Zdarzenie - 2025-05-09 20:00:00 - Impreza ze stoiskami balli i muzyk\\u0105"}}, {"deleted": {"name": "Osoba", "object": "Damian \\"Bandera/Buch\\" Zych - Kronika | Zdarzenie - 2025-05-09 20:00:00 - Impreza ze stoiskami balli i muzyk\\u0105"}}, {"deleted": {"name": "Osoba", "object": "Dorota \\"Wa\\u0107panna/Doris\\" Dro\\u017cy\\u0144ska - Kronika | Zdarzenie - 2025-05-09 20:00:00 - Impreza ze stoiskami balli i muzyk\\u0105"}}, {"deleted": {"name": "Osoba", "object": "Bart\\u0142omiej \\"Kucharz\\" Olajossy - Kronika | Zdarzenie - 2025-05-09 20:00:00 - Impreza ze stoiskami balli i muzyk\\u0105"}}, {"deleted": {"name": "Osoba", "object": "Natalia \\"Szynka\\" Ciesielska (Olajossy) - Kronika | Zdarzenie - 2025-05-09 20:00:00 - Impreza ze stoiskami balli i muzyk\\u0105"}}, {"deleted": {"name": "Osoba", "object": "Kacper \\"Szogun\\" Wilk - Kronika | Zdarzenie - 2025-05-09 20:00:00 - Impreza ze stoiskami balli i muzyk\\u0105"}}, {"deleted": {"name": "Osoba", "object": "Krysia Cholewa - Kronika | Zdarzenie - 2025-05-09 20:00:00 - Impreza ze stoiskami balli i muzyk\\u0105"}}, {"deleted": {"name": "Osoba", "object": "Szymon \\"Tur\\" Zwias - Kronika | Zdarzenie - 2025-05-09 20:00:00 - Impreza ze stoiskami balli i muzyk\\u0105"}}, {"deleted": {"name": "Osoba", "object": "Wiktoria \\"Wedel\\" Dole\\u017cych - Kronika | Zdarzenie - 2025-05-09 20:00:00 - Impreza ze stoiskami balli i muzyk\\u0105"}}, {"deleted": {"name": "Osoba", "object": "Micha\\u0142 \\"Cukier/Ma\\u0142olata\\" Malata - Kronika | Zdarzenie - 2025-05-09 20:00:00 - Impreza ze stoiskami balli i muzyk\\u0105"}}, {"deleted": {"name": "Osoba", "object": "Bart\\u0142omiej \\"Nobod\\" Grzeszykowski - Kronika | Zdarzenie - 2025-05-09 20:00:00 - Impreza ze stoiskami balli i muzyk\\u0105"}}, {"deleted": {"name": "Osoba", "object": "Bartosz \\"Heniek\\" Hepek - Kronika | Zdarzenie - 2025-05-09 20:00:00 - Impreza ze stoiskami balli i muzyk\\u0105"}}, {"deleted": {"name": "Osoba", "object": "Martyna \\"Bober\\" Kubiak - Kronika | Zdarzenie - 2025-05-09 20:00:00 - Impreza ze stoiskami balli i muzyk\\u0105"}}, {"deleted": {"name": "Osoba", "object": "Sandra \\"Sander\\" Chandzlik - Kronika | Zdarzenie - 2025-05-09 20:00:00 - Impreza ze stoiskami balli i muzyk\\u0105"}}, {"deleted": {"name": "Osoba", "object": "Maria \\"Felis\\" Turakiewicz - Kronika | Zdarzenie - 2025-05-09 20:00:00 - Impreza ze stoiskami balli i muzyk\\u0105"}}, {"deleted": {"name": "Osoba", "object": "Herman \\"Stabilizator/Rakieta\\" Chekurda - Kronika | Zdarzenie - 2025-05-09 20:00:00 - Impreza ze stoiskami balli i muzyk\\u0105"}}, {"deleted": {"name": "Osoba", "object": "Michalina \\"Allec\\" Kokosi\\u0144ska - Kronika | Zdarzenie - 2025-05-09 20:00:00 - Impreza ze stoiskami balli i muzyk\\u0105"}}, {"deleted": {"name": "Osoba", "object": "Damian \\"Bandera/Buch\\" Zych - Kronika | Zdarzenie - 2025-05-09 20:00:00 - Impreza ze stoiskami balli i muzyk\\u0105"}}, {"deleted": {"name": "Osoba", "object": "Dorota \\"Wa\\u0107panna/Doris\\" Dro\\u017cy\\u0144ska - Kronika | Zdarzenie - 2025-05-09 20:00:00 - Impreza ze stoiskami balli i muzyk\\u0105"}}, {"deleted": {"name": "Osoba", "object": "Bart\\u0142omiej \\"Kucharz\\" Olajossy - Kronika | Zdarzenie - 2025-05-09 20:00:00 - Impreza ze stoiskami balli i muzyk\\u0105"}}, {"deleted": {"name": "Osoba", "object": "Natalia \\"Szynka\\" Ciesielska (Olajossy) - Kronika | Zdarzenie - 2025-05-09 20:00:00 - Impreza ze stoiskami balli i muzyk\\u0105"}}, {"deleted": {"name": "Osoba", "object": "Kacper \\"Szogun\\" Wilk - Kronika | Zdarzenie - 2025-05-09 20:00:00 - Impreza ze stoiskami balli i muzyk\\u0105"}}, {"deleted": {"name": "Osoba", "object": "Krysia Cholewa - Kronika | Zdarzenie - 2025-05-09 20:00:00 - Impreza ze stoiskami balli i muzyk\\u0105"}}, {"deleted": {"name": "Osoba", "object": "Szymon \\"Tur\\" Zwias - Kronika | Zdarzenie - 2025-05-09 20:00:00 - Impreza ze stoiskami balli i muzyk\\u0105"}}, {"deleted": {"name": "Osoba", "object": "Wiktoria \\"Wedel\\" Dole\\u017cych - Kronika | Zdarzenie - 2025-05-09 20:00:00 - Impreza ze stoiskami balli i muzyk\\u0105"}}]	20	1
885	2025-05-22 00:04:41.510828+02	24	2025-05-10 14:00:00 - Darmowy lunch dla uczestnikw parady	2	[]	20	1
886	2025-05-22 00:05:15.441689+02	23	2025-05-10 12:00:00 - Parada przebierana	2	[{"deleted": {"name": "Osoba", "object": "Micha\\u0142 \\"Cukier/Ma\\u0142olata\\" Malata - Kronika | Zdarzenie - 2025-05-10 12:00:00 - Parada przebierana"}}, {"deleted": {"name": "Osoba", "object": "Bart\\u0142omiej \\"Nobod\\" Grzeszykowski - Kronika | Zdarzenie - 2025-05-10 12:00:00 - Parada przebierana"}}, {"deleted": {"name": "Osoba", "object": "Bartosz \\"Heniek\\" Hepek - Kronika | Zdarzenie - 2025-05-10 12:00:00 - Parada przebierana"}}, {"deleted": {"name": "Osoba", "object": "Martyna \\"Bober\\" Kubiak - Kronika | Zdarzenie - 2025-05-10 12:00:00 - Parada przebierana"}}, {"deleted": {"name": "Osoba", "object": "Sandra \\"Sander\\" Chandzlik - Kronika | Zdarzenie - 2025-05-10 12:00:00 - Parada przebierana"}}, {"deleted": {"name": "Osoba", "object": "Maria \\"Felis\\" Turakiewicz - Kronika | Zdarzenie - 2025-05-10 12:00:00 - Parada przebierana"}}, {"deleted": {"name": "Osoba", "object": "Herman \\"Stabilizator/Rakieta\\" Chekurda - Kronika | Zdarzenie - 2025-05-10 12:00:00 - Parada przebierana"}}, {"deleted": {"name": "Osoba", "object": "Michalina \\"Allec\\" Kokosi\\u0144ska - Kronika | Zdarzenie - 2025-05-10 12:00:00 - Parada przebierana"}}, {"deleted": {"name": "Osoba", "object": "Damian \\"Bandera/Buch\\" Zych - Kronika | Zdarzenie - 2025-05-10 12:00:00 - Parada przebierana"}}, {"deleted": {"name": "Osoba", "object": "Dorota \\"Wa\\u0107panna/Doris\\" Dro\\u017cy\\u0144ska - Kronika | Zdarzenie - 2025-05-10 12:00:00 - Parada przebierana"}}, {"deleted": {"name": "Osoba", "object": "Bart\\u0142omiej \\"Kucharz\\" Olajossy - Kronika | Zdarzenie - 2025-05-10 12:00:00 - Parada przebierana"}}, {"deleted": {"name": "Osoba", "object": "Natalia \\"Szynka\\" Ciesielska (Olajossy) - Kronika | Zdarzenie - 2025-05-10 12:00:00 - Parada przebierana"}}, {"deleted": {"name": "Osoba", "object": "Kacper \\"Szogun\\" Wilk - Kronika | Zdarzenie - 2025-05-10 12:00:00 - Parada przebierana"}}, {"deleted": {"name": "Osoba", "object": "Krysia Cholewa - Kronika | Zdarzenie - 2025-05-10 12:00:00 - Parada przebierana"}}, {"deleted": {"name": "Osoba", "object": "Szymon \\"Tur\\" Zwias - Kronika | Zdarzenie - 2025-05-10 12:00:00 - Parada przebierana"}}, {"deleted": {"name": "Osoba", "object": "Wiktoria \\"Wedel\\" Dole\\u017cych - Kronika | Zdarzenie - 2025-05-10 12:00:00 - Parada przebierana"}}]	20	1
919	2025-05-22 23:57:47.42696+02	26	2025-05-08 - 2025-05-11: Zagraniczny "Faerie Matricularum"	2	[{"added": {"name": "Zdarzenie", "object": "2025-05-10 15:00:00 - Pub Crawl"}}, {"added": {"name": "Zdarzenie", "object": "2025-05-10 19:00:00 - Impreza z muzyk\\u0105 w Giardini Filippo Re"}}, {"added": {"name": "Zdarzenie", "object": "2025-05-11 14:00:00 - Wy\\u015bcig gokart\\u00f3w"}}, {"added": {"name": "Zdarzenie", "object": "2025-05-11 16:00:00 - Zwiedzanie Piazza Magiore"}}]	19	1
920	2025-05-23 00:01:38.838414+02	25	2025-05-10 15:00:00 - Pub Crawl	2	[{"changed": {"fields": ["Opis"]}}, {"deleted": {"name": "Osoba", "object": "Micha\\u0142 \\"Cukier/Ma\\u0142olata\\" Malata - Kronika | Zdarzenie - 2025-05-10 15:00:00 - Pub Crawl"}}, {"deleted": {"name": "Osoba", "object": "Martyna \\"Bober\\" Kubiak - Kronika | Zdarzenie - 2025-05-10 15:00:00 - Pub Crawl"}}, {"deleted": {"name": "Osoba", "object": "Damian \\"Bandera/Buch\\" Zych - Kronika | Zdarzenie - 2025-05-10 15:00:00 - Pub Crawl"}}, {"deleted": {"name": "Osoba", "object": "Dorota \\"Wa\\u0107panna/Doris\\" Dro\\u017cy\\u0144ska - Kronika | Zdarzenie - 2025-05-10 15:00:00 - Pub Crawl"}}]	20	1
921	2025-05-23 00:04:09.364728+02	26	2025-05-10 19:00:00 - Impreza z muzyk w Giardini Filippo Re	2	[{"changed": {"fields": ["Opis"]}}, {"deleted": {"name": "Osoba", "object": "Micha\\u0142 \\"Cukier/Ma\\u0142olata\\" Malata - Kronika | Zdarzenie - 2025-05-10 19:00:00 - Impreza z muzyk\\u0105 w Giardini Filippo Re"}}, {"deleted": {"name": "Osoba", "object": "Martyna \\"Bober\\" Kubiak - Kronika | Zdarzenie - 2025-05-10 19:00:00 - Impreza z muzyk\\u0105 w Giardini Filippo Re"}}, {"deleted": {"name": "Osoba", "object": "Krysia Cholewa - Kronika | Zdarzenie - 2025-05-10 19:00:00 - Impreza z muzyk\\u0105 w Giardini Filippo Re"}}]	20	1
922	2025-05-23 00:18:03.149259+02	27	2025-05-11 14:00:00 - Wycig gokartw	2	[{"changed": {"fields": ["Opis"]}}, {"deleted": {"name": "Osoba", "object": "Maria \\"Felis\\" Turakiewicz - Kronika | Zdarzenie - 2025-05-11 14:00:00 - Wy\\u015bcig gokart\\u00f3w"}}, {"deleted": {"name": "Osoba", "object": "Krysia Cholewa - Kronika | Zdarzenie - 2025-05-11 14:00:00 - Wy\\u015bcig gokart\\u00f3w"}}]	20	1
923	2025-05-23 00:29:23.807654+02	28	2025-05-11 16:00:00 - Zwiedzanie Piazza Magiore	2	[{"changed": {"fields": ["Opis"]}}, {"deleted": {"name": "Osoba", "object": "Maria \\"Felis\\" Turakiewicz - Kronika | Zdarzenie - 2025-05-11 16:00:00 - Zwiedzanie Piazza Magiore"}}, {"deleted": {"name": "Osoba", "object": "Damian \\"Bandera/Buch\\" Zych - Kronika | Zdarzenie - 2025-05-11 16:00:00 - Zwiedzanie Piazza Magiore"}}, {"deleted": {"name": "Osoba", "object": "Dorota \\"Wa\\u0107panna/Doris\\" Dro\\u017cy\\u0144ska - Kronika | Zdarzenie - 2025-05-11 16:00:00 - Zwiedzanie Piazza Magiore"}}, {"deleted": {"name": "Osoba", "object": "Bart\\u0142omiej \\"Kucharz\\" Olajossy - Kronika | Zdarzenie - 2025-05-11 16:00:00 - Zwiedzanie Piazza Magiore"}}, {"deleted": {"name": "Osoba", "object": "Natalia \\"Szynka\\" Ciesielska (Olajossy) - Kronika | Zdarzenie - 2025-05-11 16:00:00 - Zwiedzanie Piazza Magiore"}}, {"deleted": {"name": "Osoba", "object": "Krysia Cholewa - Kronika | Zdarzenie - 2025-05-11 16:00:00 - Zwiedzanie Piazza Magiore"}}]	20	1
924	2025-05-23 00:30:18.865689+02	26	2025-05-08 - 2025-05-11: Zagraniczny "Faerie Matricularum"	2	[{"added": {"name": "Zdarzenie", "object": "2025-05-11 19:00:00 - Kolacje wszystkich balli"}}]	19	1
925	2025-05-23 00:30:53.1592+02	29	2025-05-11 19:00:00 - Kolacje wszystkich balli	2	[{"deleted": {"name": "Osoba", "object": "Bartosz \\"Heniek\\" Hepek - Kronika | Zdarzenie - 2025-05-11 19:00:00 - Kolacje wszystkich balli"}}, {"deleted": {"name": "Osoba", "object": "Martyna \\"Bober\\" Kubiak - Kronika | Zdarzenie - 2025-05-11 19:00:00 - Kolacje wszystkich balli"}}, {"deleted": {"name": "Osoba", "object": "Sandra \\"Sander\\" Chandzlik - Kronika | Zdarzenie - 2025-05-11 19:00:00 - Kolacje wszystkich balli"}}, {"deleted": {"name": "Osoba", "object": "Maria \\"Felis\\" Turakiewicz - Kronika | Zdarzenie - 2025-05-11 19:00:00 - Kolacje wszystkich balli"}}, {"deleted": {"name": "Osoba", "object": "Herman \\"Stabilizator/Rakieta\\" Chekurda - Kronika | Zdarzenie - 2025-05-11 19:00:00 - Kolacje wszystkich balli"}}, {"deleted": {"name": "Osoba", "object": "Michalina \\"Allec\\" Kokosi\\u0144ska - Kronika | Zdarzenie - 2025-05-11 19:00:00 - Kolacje wszystkich balli"}}, {"deleted": {"name": "Osoba", "object": "Damian \\"Bandera/Buch\\" Zych - Kronika | Zdarzenie - 2025-05-11 19:00:00 - Kolacje wszystkich balli"}}, {"deleted": {"name": "Osoba", "object": "Dorota \\"Wa\\u0107panna/Doris\\" Dro\\u017cy\\u0144ska - Kronika | Zdarzenie - 2025-05-11 19:00:00 - Kolacje wszystkich balli"}}, {"deleted": {"name": "Osoba", "object": "Bart\\u0142omiej \\"Kucharz\\" Olajossy - Kronika | Zdarzenie - 2025-05-11 19:00:00 - Kolacje wszystkich balli"}}, {"deleted": {"name": "Osoba", "object": "Natalia \\"Szynka\\" Ciesielska (Olajossy) - Kronika | Zdarzenie - 2025-05-11 19:00:00 - Kolacje wszystkich balli"}}, {"deleted": {"name": "Osoba", "object": "Kacper \\"Szogun\\" Wilk - Kronika | Zdarzenie - 2025-05-11 19:00:00 - Kolacje wszystkich balli"}}, {"deleted": {"name": "Osoba", "object": "Krysia Cholewa - Kronika | Zdarzenie - 2025-05-11 19:00:00 - Kolacje wszystkich balli"}}, {"deleted": {"name": "Osoba", "object": "Szymon \\"Tur\\" Zwias - Kronika | Zdarzenie - 2025-05-11 19:00:00 - Kolacje wszystkich balli"}}, {"deleted": {"name": "Osoba", "object": "Wiktoria \\"Wedel\\" Dole\\u017cych - Kronika | Zdarzenie - 2025-05-11 19:00:00 - Kolacje wszystkich balli"}}]	20	1
926	2025-05-23 00:32:22.065343+02	26	2025-05-10 19:00:00 - Impreza z muzyk w Giardini Filippo Re	2	[{"changed": {"fields": ["Opis"]}}]	20	1
927	2025-05-23 00:37:40.430224+02	30	Port Lotniczy Bolonia - Lotnisko, Via del Triumvirato, 84, Bolonia, Wochy	1	[{"added": {}}]	16	1
928	2025-05-23 00:39:07.360334+02	26	2025-05-08 - 2025-05-11: Zagraniczny "Faerie Matricularum"	2	[{"changed": {"fields": ["Miejsca"]}}, {"added": {"name": "Zdarzenie", "object": "2025-05-08 06:30:00 - Podr\\u00f3\\u017c z buta do centrum"}}]	19	1
929	2025-05-23 00:48:00.738142+02	30	2025-05-08 06:30:00 - Podr z buta do centrum	2	[{"changed": {"fields": ["Opis"]}}, {"deleted": {"name": "Osoba", "object": "Micha\\u0142 \\"Cukier/Ma\\u0142olata\\" Malata - Kronika | Zdarzenie - 2025-05-08 06:30:00 - Podr\\u00f3\\u017c z buta do centrum"}}, {"deleted": {"name": "Osoba", "object": "Bart\\u0142omiej \\"Nobod\\" Grzeszykowski - Kronika | Zdarzenie - 2025-05-08 06:30:00 - Podr\\u00f3\\u017c z buta do centrum"}}, {"deleted": {"name": "Osoba", "object": "Martyna \\"Bober\\" Kubiak - Kronika | Zdarzenie - 2025-05-08 06:30:00 - Podr\\u00f3\\u017c z buta do centrum"}}, {"deleted": {"name": "Osoba", "object": "Damian \\"Bandera/Buch\\" Zych - Kronika | Zdarzenie - 2025-05-08 06:30:00 - Podr\\u00f3\\u017c z buta do centrum"}}, {"deleted": {"name": "Osoba", "object": "Dorota \\"Wa\\u0107panna/Doris\\" Dro\\u017cy\\u0144ska - Kronika | Zdarzenie - 2025-05-08 06:30:00 - Podr\\u00f3\\u017c z buta do centrum"}}, {"deleted": {"name": "Osoba", "object": "Bart\\u0142omiej \\"Kucharz\\" Olajossy - Kronika | Zdarzenie - 2025-05-08 06:30:00 - Podr\\u00f3\\u017c z buta do centrum"}}, {"deleted": {"name": "Osoba", "object": "Natalia \\"Szynka\\" Ciesielska (Olajossy) - Kronika | Zdarzenie - 2025-05-08 06:30:00 - Podr\\u00f3\\u017c z buta do centrum"}}, {"added": {"name": "Zdj\\u0119cie ze zdarzenia", "object": "Podr\\u00f3\\u017c z buta do centrum - Mural kotki 2025-05-08"}}, {"added": {"name": "Zdj\\u0119cie ze zdarzenia", "object": "Podr\\u00f3\\u017c z buta do centrum - Posterunek karabinieri 2025-05-08"}}, {"added": {"name": "Zdj\\u0119cie ze zdarzenia", "object": "Podr\\u00f3\\u017c z buta do centrum - Punkt zbi\\u00f3rkowy - fontanna Neptuna 2025-05-08"}}, {"added": {"name": "Zdj\\u0119cie ze zdarzenia", "object": "Podr\\u00f3\\u017c z buta do centrum - Jaka\\u015b kaplica 2025-05-08"}}]	20	1
1602	2025-07-21 15:57:16.030908+02	13	Juwenalia	1	[{"added": {}}]	70	1
1623	2025-07-21 16:55:24.292343+02	1	2009-08-20: Historyczne "Zaoenie BCS"	2	[]	19	1
1644	2025-07-21 17:05:04.087252+02	25	Grill	1	[{"added": {}}]	70	1
1664	2025-07-21 20:46:31.434137+02	6	2025-05-14 None - Spotkanie z babci Tadka (Wykad/Prelekcja "Wykad dla Stowarzyszenia Absolwentw UJ")	2	[{"changed": {"fields": ["Wydarzenie", "Powi\\u0105zane osoby"]}}]	20	1
1683	2025-07-21 22:18:47.071856+02	11	Collegium Iuridicum UJ - Uczelnia, Grodzka 53, 33-332 Krakw, Polska	2	[{"changed": {"fields": ["Adres"]}}]	48	1
1703	2025-07-21 22:45:07.43929+02	22	Muzeum	1	[{"added": {}}]	49	1
1722	2025-07-21 23:16:46.112394+02	40	2011-09-16: Karczma "Czapkowa karczma zwycizcw"	1	[{"added": {}}]	19	1
1741	2025-07-22 00:57:30.521891+02	45	2025-07-20 - 2025-07-21: Nie dotyczy "sth"	3		19	1
1760	2025-07-22 02:24:28.256172+02	26	Kraj	1	[{"added": {}}]	49	1
1778	2025-07-22 03:05:03.83497+02	62	2011-12-16: piewanie "piewanie pod Novum wraz z NZS UJ"	2	[{"changed": {"fields": ["Nazwa", "Data rozpocz\\u0119cia", "Data zako\\u0144czenia", "Miejsca", "Typ wydarzenia"]}}]	19	1
1796	2025-07-22 03:30:06.185668+02	70	2012-03-01: Odchamianie si "Czapkowe wyjcie kulturalne nr 1 w 2012"	1	[{"added": {}}]	19	1
1814	2025-07-22 03:48:49.075959+02	54	Miasteczko AGH - Dom studencki, Jzefa Rostafiskiego 7a, 30-072 Krakw, Polska	1	[{"added": {}}]	48	1
1835	2025-07-22 04:05:50.753056+02	82	2012-05-19:  "Stiftungfest"	1	[{"added": {}}]	19	1
1853	2025-07-22 04:18:38.259653+02	7	Bankiet Tradycji Studenckich	3		71	1
1871	2025-07-22 04:43:43.968688+02	97	2013-02-20: Inne "Jacobs Czapka Winter Special"	2	[{"changed": {"fields": ["Jednodniowe"]}}]	19	1
1603	2025-07-21 15:57:26.566301+02	14	Wyjcie do teatru	1	[{"added": {}}]	70	1
1624	2025-07-21 16:55:40.823927+02	16	2025-05-14: Wycieczka "Wycieczka na Kopiec Kociuszki"	2	[{"changed": {"fields": ["Typ wydarzenia"]}}]	19	1
1645	2025-07-21 17:05:06.996772+02	20	2011-04-30: Grill "Grill pod aczkiem: urodziny Geologa"	2	[{"changed": {"fields": ["Typ wydarzenia"]}}]	19	1
1665	2025-07-21 20:47:21.231338+02	14	2011-03-18: Wykad/Prelekcja "Wykad dla Stowarzyszenia Absolwentw UJ"	2	[{"changed": {"fields": ["Data rozpocz\\u0119cia", "Data zako\\u0144czenia", "Uczestnicy wydarzenia"]}}]	19	1
1684	2025-07-21 22:18:54.226473+02	6	Collegium Maius UJ - Uczelnia, Jagielloska 15, 31-010 Krakw, Polska	2	[{"changed": {"fields": ["Adres"]}}]	48	1
1704	2025-07-21 22:45:11.134598+02	36	Muzeum Anatomii UJ - Muzeum, Mikoaja Kopernika 12, 31-034 Krakw, Polska	1	[{"added": {}}]	48	1
1723	2025-07-21 23:18:10.053097+02	24	Browar	1	[{"added": {}}]	49	1
1742	2025-07-22 02:10:49.954502+02	25	Dom	1	[{"added": {}}]	49	1
1761	2025-07-22 02:24:30.3305+02	46	Belgia - Kraj, Belgia	1	[{"added": {}}]	48	1
1779	2025-07-22 03:05:12.459558+02	63	2011-12-16: piewanie "piewanie pod Novum wraz z NZS UJ"	1	[{"added": {}}]	19	1
1797	2025-07-22 03:31:01.011684+02	71	2012-03-04: Wybory "Czapkowe wybory - Sekretarz, Cantandi"	1	[{"added": {}}]	19	1
1815	2025-07-22 03:49:08.006085+02	78	2012-05-16: Grill "Grill na AGHu z Belgami"	1	[{"added": {}}]	19	1
1836	2025-07-22 04:06:32.27923+02	83	2012-06-18 - 2012-09-30: Akcja "Promuj Bractwo - umieszczam informacj o jego stronie"	1	[{"added": {}}]	19	1
1854	2025-07-22 04:18:51.215555+02	94	2012-11-02: Wyjazd zagraniczny "Bankiet Europejski"	1	[{"added": {}}]	19	1
1872	2025-07-22 04:44:21.130267+02	190	Kto Cubuk	1	[{"added": {}}]	69	1
1888	2025-07-22 04:59:59.034578+02	105	2013-06-01: Inne "Loa medykw (zjazd absolwentw z lat 1952-1957)  zaprasza reprezentacj Czapki"	1	[{"added": {}}]	19	1
1904	2025-07-22 05:11:13.924274+02	46	2011-10-07: Odwiedziny Profesora "Kawa czy Herbata a w niej czapka!"	2	[{"changed": {"fields": ["Uczestnicy wydarzenia"]}}]	19	1
1920	2025-07-22 05:19:50.383038+02	124	2014-05-13: Wykad/Prelekcja "Alegoria studenta - Polska, Europa, redniowiecze"	1	[{"added": {}}]	19	1
1936	2025-07-22 05:35:22.898199+02	44	Ogrd Profesorski - Dom/Mieszkanie, Zabierzw, Polska	2	[{"changed": {"fields": ["Adres"]}}]	48	1
1952	2025-07-22 05:46:48.297628+02	141	2015-03-27:  "Karczma Wiosenna 2015"	1	[{"added": {}}]	19	1
1969	2025-07-22 06:01:40.956099+02	147	2015-06-12:  "Ognisko przedsesyjne"	1	[{"added": {}}]	19	1
1985	2025-07-22 06:11:57.525853+02	158	2015-12-19:  "Karczma Wigilijna BCS UJ"	1	[{"added": {}}]	19	1
2001	2025-07-22 06:21:58.058861+02	168	2016-05-12 - 2016-05-14:  "Juwenalia 2016"	2	[{"added": {"name": "Zdarzenie", "object": "2016-05-14 - Superheroes CIBA Open Party (Juwenalia \\"Juwenalia 2016\\")"}}, {"changed": {"name": "Zdarzenie", "object": "2016-05-12 - Wyk\\u0142ad Juwenaliowy (Juwenalia \\"Juwenalia 2016\\")", "fields": ["Data", "Miejsce"]}}]	19	1
2014	2025-07-22 06:41:04.656808+02	176	2016-09-30 - 2016-10-02:  "Reaktywacja BCS UJ"	1	[{"added": {}}, {"added": {"name": "Zdarzenie", "object": "2016-09-30 - International Cantus (Reaktywacja \\"Reaktywacja BCS UJ\\")"}}, {"added": {"name": "Zdarzenie", "object": "2016-10-01 - CIBA Open Party (Reaktywacja \\"Reaktywacja BCS UJ\\")"}}, {"added": {"name": "Zdarzenie", "object": "2016-10-01 - Poch\\u00f3d inauguracyjny (Reaktywacja \\"Reaktywacja BCS UJ\\")"}}, {"added": {"name": "Zdarzenie", "object": "2016-10-02 - Zwiedzanie winnicy UJ w \\u0141azach (Reaktywacja \\"Reaktywacja BCS UJ\\")"}}, {"added": {"name": "Zdarzenie", "object": "2016-10-02 - Goodbye Party (Reaktywacja \\"Reaktywacja BCS UJ\\")"}}, {"added": {"name": "Zdarzenie", "object": "2016-10-02 - Orfeusz i Eurydyka - wyj\\u015bcie do oper (Reaktywacja \\"Reaktywacja BCS UJ\\")"}}]	19	1
2029	2025-07-22 06:47:44.661336+02	179	2016-11-17:  "Drugi Listopadowy Ostry Dyur"	2	[{"changed": {"fields": ["Miejsca"]}}]	19	1
2060	2025-07-22 08:58:48.670838+02	189	2017-01-21:  "Styczniowy Ostry Dyur II"	1	[{"added": {}}]	19	1
2073	2025-07-22 09:07:32.01122+02	198	2017-05-12:  "Karczma juwenaliowa"	1	[{"added": {}}]	19	1
2086	2025-07-22 09:13:08.315412+02	205	2017-09-15 - 2017-09-18: Wyjazd integracyjny "Czapkowy obz integracyjny 2017"	1	[{"added": {}}]	19	1
2098	2025-07-22 09:23:20.818972+02	216	2018-02-01:  "Ostry Dyur a La Calotte"	1	[{"added": {}}]	19	1
2110	2025-07-22 09:30:17.201347+02	81	Klub Podrnikw Namaste - Pub/Klub, Jana III Sobieskiego 27, 40-082 Katowice, Polska	1	[{"added": {}}]	48	1
2122	2025-07-22 09:40:43.2013+02	228	2018-05-18:  "Midzynarodowa Karczma"	2	[{"changed": {"fields": ["Nazwa", "Data rozpocz\\u0119cia", "Miejsca", "Typ wydarzenia"]}}]	19	1
2133	2025-07-22 09:54:00.672018+02	87	Restauracja ZBROJOWNIA - Restauracja, Rakowicka 22, 31-510 Krakw, Polska	1	[{"added": {}}]	48	1
2144	2025-07-22 10:02:35.348188+02	242	2018-12-01: Inne "Starej czapkowej gwardii spotkanie na szczycie"	1	[{"added": {}}]	19	1
2155	2025-07-22 10:09:31.085645+02	91	Lubogoszcz - Szczyt, Kasina Wielka, Polska	1	[{"added": {}}]	48	1
2205	2025-07-22 11:08:51.034644+02	256	2019-06-07: Wycieczka "Spotkanie z Animusem"	1	[{"added": {}}]	19	1
2216	2025-07-22 11:21:07.749703+02	261	2019-09-27 - 2019-10-01:  "Reaktywacja XI"	2	[{"changed": {"fields": ["Jednodniowe", "Data zako\\u0144czenia", "Typ wydarzenia", "Uczestnicy wydarzenia"]}}, {"added": {"name": "Zdarzenie", "object": "2019-09-27 - Cantus (Reaktywacja \\"Reaktywacja XI\\")"}}, {"added": {"name": "Zdarzenie", "object": "2019-09-28 - CIBA Open Party, temat: Miami '80 (Reaktywacja \\"Reaktywacja XI\\")"}}, {"added": {"name": "Zdarzenie", "object": "2019-09-29 - Warsztaty w \\u017bywym Muzeum Obwarzanka (Reaktywacja \\"Reaktywacja XI\\")"}}, {"added": {"name": "Zdarzenie", "object": "2019-09-30 - Wycieczka turystyczno-krajoznawcza (Reaktywacja \\"Reaktywacja XI\\")"}}, {"added": {"name": "Zdarzenie", "object": "2019-10-01 - Inauguracja roku akademickiego (Reaktywacja \\"Reaktywacja XI\\")"}}, {"added": {"name": "Zdarzenie", "object": "2019-10-01 - After Reaktywacyjny (Reaktywacja \\"Reaktywacja XI\\")"}}]	19	1
2227	2025-07-22 11:28:19.820506+02	270	2020-02-21:  "Bal(folk) Czapkowy Taneczny Ostry Dyur"	1	[{"added": {}}]	19	1
2239	2025-07-22 11:35:43.947797+02	278	2020-12-09: Wieczr filmowy "Czapkowy Wieczr Filmowy: Hydrozagadka (on-line)"	1	[{"added": {}}]	19	1
995	2025-07-10 18:58:38.71523+02	23	2025-05-14: Akcja "Przygarnij Belga w Juwenalia!"	2	[{"changed": {"fields": ["Typ wydarzenia"]}}]	19	1
996	2025-07-10 18:58:54.094114+02	22	2025-05-14: Karczma "Majowa Karczma Piwna"	2	[{"changed": {"fields": ["Typ wydarzenia"]}}]	19	1
997	2025-07-10 18:59:06.69423+02	21	2025-05-14: Wycieczka "Czapkowa eskapada rowerowa szlakiem Bema"	2	[{"changed": {"fields": ["Typ wydarzenia"]}}]	19	1
998	2025-07-10 18:59:20.902703+02	20	2025-05-14: Grill/Ognisko "Grill pod aczkiem: urodziny Geologa"	2	[{"changed": {"fields": ["Typ wydarzenia"]}}]	19	1
999	2025-07-10 18:59:31.051171+02	19	2025-05-14: Walne "Spotkanie statutowe BCS"	2	[{"changed": {"fields": ["Typ wydarzenia"]}}]	19	1
1000	2025-07-10 18:59:41.497147+02	18	2025-05-14: Karczma "Czapkowa Karczma w klimatach midzywojennych"	2	[{"changed": {"fields": ["Typ wydarzenia"]}}]	19	1
1001	2025-07-10 18:59:52.384508+02	17	2025-05-14: Konferencja naukowa/wykad/prelekcja "Wykad na Wydziale Polonistyki"	2	[{"changed": {"fields": ["Typ wydarzenia"]}}]	19	1
1002	2025-07-10 19:00:05.835066+02	16	2025-05-14: Wycieczka "Wycieczka na Kopiec Kociuszki"	2	[{"changed": {"fields": ["Typ wydarzenia"]}}]	19	1
1003	2025-07-10 19:00:17.329273+02	15	2025-05-14: Konferencja naukowa/wykad/prelekcja "Konferencja medyczna we Wrocawiu"	2	[{"changed": {"fields": ["Typ wydarzenia"]}}]	19	1
1004	2025-07-10 19:00:29.466138+02	14	2025-05-14: Konferencja naukowa/wykad/prelekcja "Wykad dla Stowarzyszenia Absolwentw UJ"	2	[{"changed": {"fields": ["Typ wydarzenia"]}}]	19	1
1005	2025-07-10 19:00:39.899946+02	12	2025-05-14: Karczma "Wielka Karczma Piwna"	2	[{"changed": {"fields": ["Typ wydarzenia"]}}]	19	1
1006	2025-07-10 19:00:49.447231+02	11	2025-05-14: Karczma "Czapkowa Karczma Posesyjna"	2	[{"changed": {"fields": ["Typ wydarzenia"]}}]	19	1
1007	2025-07-10 19:01:00.702497+02	9	2025-05-14: Karczma "Czapkowa Karczma Karnawaowa"	2	[{"changed": {"fields": ["Typ wydarzenia"]}}]	19	1
1008	2025-07-10 19:01:14.145664+02	8	2025-05-14: Uroczysto "Uniwersytecki Dzie Pamici"	2	[{"changed": {"fields": ["Typ wydarzenia"]}}]	19	1
1009	2025-07-10 20:28:52.008025+02	1	Wymienianie si pinsami	1	[{"added": {}}]	29	1
1010	2025-07-10 20:29:21.860607+02	1	2009-08-20: Historyczne "Zaoenie BCS"	2	[]	19	1
1011	2025-07-10 20:34:04.203094+02	23	2011-05-07: Akcja "Przygarnij Belga w Juwenalia!"	2	[{"changed": {"fields": ["Data rozpocz\\u0119cia", "Data zako\\u0144czenia", "Miejsca"]}}]	19	1
1012	2025-07-10 20:34:44.718033+02	22	2011-05-14: Karczma "Majowa Karczma Piwna"	2	[{"changed": {"fields": ["Data rozpocz\\u0119cia", "Data zako\\u0144czenia", "Miejsca"]}}]	19	1
1013	2025-07-10 20:40:53.55885+02	31	Krakowski Szlak Generaa Bema - Szlak, powiat krakowski, Polska	1	[{"added": {}}]	16	1
1014	2025-07-10 20:41:53.031694+02	21	2011-05-07: Wycieczka "Czapkowa eskapada rowerowa szlakiem Bema"	2	[{"changed": {"fields": ["Data rozpocz\\u0119cia", "Data zako\\u0144czenia", "Miejsca"]}}, {"added": {"name": "Osoba", "object": "Anna Maria \\"Litle dragon/Gestapo\\" Ku\\u017ama - Kronika | Wydarzenie - 2011-05-07: Wycieczka \\"Czapkowa eskapada rowerowa szlakiem Bema\\""}}]	19	1
1015	2025-07-10 20:42:09.415112+02	23	2011-05-17: Akcja "Przygarnij Belga w Juwenalia!"	2	[{"changed": {"fields": ["Data rozpocz\\u0119cia", "Data zako\\u0144czenia"]}}]	19	1
1016	2025-07-10 20:43:21.353964+02	20	2011-04-30: Grill/Ognisko "Grill pod aczkiem: urodziny Geologa"	2	[{"changed": {"fields": ["Data rozpocz\\u0119cia", "Data zako\\u0144czenia", "Miejsca"]}}, {"added": {"name": "Osoba", "object": "Bartosz \\"Geolog\\" Maciejewski - Kronika | Wydarzenie - 2011-04-30: Grill/Ognisko \\"Grill pod \\u017baczkiem: urodziny Geologa\\""}}]	19	1
1017	2025-07-10 20:44:15.801531+02	19	2011-04-19: Walne "Spotkanie statutowe BCS"	2	[{"changed": {"fields": ["Data rozpocz\\u0119cia", "Data zako\\u0144czenia", "Miejsca"]}}]	19	1
1018	2025-07-10 20:45:12.278569+02	23	2011-05-17 - 2011-05-21: Akcja "Przygarnij Belga w Juwenalia!"	2	[{"changed": {"fields": ["Data zako\\u0144czenia"]}}]	19	1
1019	2025-07-10 20:46:01.920068+02	18	2025-04-16: Karczma "Czapkowa Karczma w klimatach midzywojennych"	2	[{"changed": {"fields": ["Data rozpocz\\u0119cia", "Data zako\\u0144czenia", "Miejsca"]}}]	19	1
1604	2025-07-21 15:57:49.472562+02	14	Odchamianie si	2	[{"changed": {"fields": ["Typ wydarzenia"]}}]	70	1
1625	2025-07-21 16:55:52.62944+02	15	2025-05-14: Konferencja naukowa "Konferencja medyczna we Wrocawiu"	2	[{"changed": {"fields": ["Typ wydarzenia"]}}]	19	1
1646	2025-07-21 17:05:19.904715+02	19	2011-04-19: Walne "Spotkanie statutowe BCS"	2	[{"changed": {"fields": ["Typ wydarzenia"]}}]	19	1
1023	2025-07-11 00:21:29.458813+02	1	Zarzd 2009/2010 - Joanna "Aka" Lorenc	2	[]	38	1
1024	2025-07-11 00:37:41.300245+02	1	Bretelle	1	[{"added": {}}]	39	1
1025	2025-07-11 00:39:41.594957+02	1	Bretelle	2	[{"changed": {"fields": ["Opis"]}}]	39	1
1026	2025-07-11 01:08:40.450824+02	1	Bretelle	2	[{"added": {"name": "Osoba", "object": "Tadeusz \\"Kumdo/Tadek\\" Hessel - Encyklopedia | Zwyczaj - Bretelle"}}]	39	1
1027	2025-07-11 01:08:56.0949+02	1	Bretelle	2	[]	39	1
1028	2025-07-11 01:20:55.075021+02	17	2011-04-06: Konferencja naukowa/wykad/prelekcja "Wykad na Wydziale Polonistyki"	2	[{"changed": {"fields": ["Data rozpocz\\u0119cia", "Data zako\\u0144czenia", "Miejsca"]}}]	19	1
1666	2025-07-21 20:48:43.773762+02	15	2011-03-25: Konferencja naukowa "Konferencja medyczna we Wrocawiu"	2	[{"changed": {"fields": ["Data rozpocz\\u0119cia", "Data zako\\u0144czenia", "Miejsca", "Uczestnicy wydarzenia"]}}]	19	1
1685	2025-07-21 22:19:00.14811+02	7	Collegium Novum UJ - Uczelnia, Gobia 24, 31-007 Krakw, Polska	2	[{"changed": {"fields": ["Adres"]}}]	48	1
1705	2025-07-21 22:45:31.531817+02	34	2011-06-02: Odchamianie si "Wizyta w Muzeum Anatomii"	1	[{"added": {}}]	19	1
1724	2025-07-21 23:18:11.595317+02	40	Browar Tychy - Browar, Mikoowska 5, 43-100 Tychy, Polska	1	[{"added": {}}]	48	1
1743	2025-07-22 02:11:01.611609+02	25	Dom/Mieszkanie	2	[{"changed": {"fields": ["Typ miejsca"]}}]	49	1
1762	2025-07-22 02:26:04.936566+02	55	2011-11-11 - 2011-11-16: Wyjazd zagraniczny "Czapka na CIBA"	1	[{"added": {}}]	19	1
1780	2025-07-22 03:06:02.425241+02	32	Wigilia	1	[{"added": {}}]	70	1
1798	2025-07-22 03:32:48.364938+02	50	Kudacze - Szczyt, Sucha Dziay 948, 32-432 Pcim, Polska	1	[{"added": {}}]	48	1
1816	2025-07-22 03:49:42.874262+02	35	Impreza	1	[{"added": {}}]	70	1
1837	2025-07-22 04:07:19.334619+02	84	2012-06-29: Spontaniczne "Wakacyjna posiadwka czapkowa - zamiast odwiedzin u profesora"	1	[{"added": {}}]	19	1
1855	2025-07-22 04:19:51.637897+02	95	2012-11-28:  "Ostry Dyur vol.3"	1	[{"added": {}}]	19	1
1873	2025-07-22 04:44:25.787884+02	98	2013-02-20: Inne "Jacobs Czapka Winter Special"	1	[{"added": {}}]	19	1
1889	2025-07-22 05:00:36.90133+02	106	2013-06-28: Ostry Dyur "Ale to ju byo - ostatni ostry dyur"	1	[{"added": {}}]	19	1
1905	2025-07-22 05:11:36.860956+02	114	2013-11-30: Odwiedziny Profesora "Wizyta u Profesora"	1	[{"added": {}}]	19	1
1921	2025-07-22 05:21:04.259433+02	62	Filharmonia Krakowska - Obiekt kultury, Zwierzyniecka 1, 31-103 Krakw, Polska	1	[{"added": {}}]	48	1
1937	2025-07-22 05:36:09.977765+02	133	2014-11-06:  "Ostry Dyur vol.1 z BCS UJ"	1	[{"added": {}}]	19	1
1953	2025-07-22 05:47:56.56031+02	142	2015-04-10:  "Kudacze vol. 3 - szalony wypad w gry Czapki Studenckiej"	1	[{"added": {}}]	19	1
1970	2025-07-22 06:02:50.211108+02	148	2015-06-30: Odwiedziny Profesora "Tres faciunt collegium: grill u profesora"	1	[{"added": {}}]	19	1
1986	2025-07-22 06:12:55.213143+02	159	2016-01-07:  "Styczniowy Ostry Dyur"	1	[{"added": {}}]	19	1
2002	2025-07-22 06:23:30.370444+02	169	2016-05-12 - 2016-05-14:  "Juwenalia 2016"	1	[{"added": {}}, {"added": {"name": "Zdarzenie", "object": "2016-05-12 - Wyk\\u0142ad Juwenaliowy (Juwenalia \\"Juwenalia 2016\\")"}}, {"added": {"name": "Zdarzenie", "object": "2016-05-14 - Superheroes CIBA Open Party (Juwenalia \\"Juwenalia 2016\\")"}}]	19	1
2015	2025-07-22 06:41:43.216707+02	39	Rekrutacja	1	[{"added": {}}]	70	1
2030	2025-07-22 06:47:57.468096+02	181	2016-11-17:  "Drugi Listopadowy Ostry Dyur"	1	[{"added": {}}]	19	1
1605	2025-07-21 15:58:09.535842+02	4	Wyjcie do kina	3		70	1
1626	2025-07-21 16:56:28.976039+02	5	Wykad/Prelekcja	2	[{"changed": {"fields": ["Typ wydarzenia"]}}]	70	1
1647	2025-07-21 17:05:37.955612+02	17	2011-04-06: Wykad/Prelekcja "Wykad na Wydziale Polonistyki"	2	[{"changed": {"fields": ["Typ wydarzenia"]}}]	19	1
1667	2025-07-21 20:58:53.872465+02	12	2011-03-12: Karczma "Wielka Karczma Piwna"	2	[{"changed": {"fields": ["Data rozpocz\\u0119cia", "Data zako\\u0144czenia"]}}]	19	1
1686	2025-07-21 22:19:06.109889+02	14	Gobnik - Uczelnia, Gobia 16, 31-007 Krakw, Polska	2	[{"changed": {"fields": ["Adres"]}}]	48	1
1706	2025-07-21 22:45:47.721856+02	21	MEUS - Muzeum, Via Zamboni, 33, 40126 Bologna BO, Wochy	2	[{"changed": {"fields": ["Typ miejsca"]}}]	48	1
1725	2025-07-21 23:18:41.829252+02	41	2011-09-29: Wycieczka "Wycieczka do browaru w Tychach"	1	[{"added": {}}]	19	1
1744	2025-07-22 02:11:06.740454+02	44	Ogrd Profesorski - Dom/Mieszkanie, XXX, Polska	1	[{"added": {}}]	48	1
1763	2025-07-22 02:27:41.491249+02	56	2011-12-11: Inne "43 lekcja piewania w wito Niepodlegoci z Loch Camelot"	1	[{"added": {}}]	19	1
1781	2025-07-22 03:06:14.412585+02	64	2011-12-17: Wigilia "Wigilia BCS UJ"	1	[{"added": {}}]	19	1
1799	2025-07-22 03:33:17.774875+02	71	2012-03-09: Kudacze "Kudacze"	2	[{"changed": {"fields": ["Nazwa", "Data rozpocz\\u0119cia", "Data zako\\u0144czenia", "Miejsca", "Czy to wyjazd?", "Typ wyjazdu"]}}, {"added": {"name": "Zdarzenie", "object": "2012-03-09 - 3-lecie BCS UJ (Kud\\u0142acze \\"Kud\\u0142acze\\")"}}]	19	1
1817	2025-07-22 03:49:49.812364+02	78	2012-05-17: Impreza "Impreza CIBA"	2	[{"changed": {"fields": ["Nazwa", "Data rozpocz\\u0119cia", "Data zako\\u0144czenia", "Miejsca", "Typ wydarzenia"]}}]	19	1
1838	2025-07-22 04:07:56.768321+02	85	2012-07-01: Konkurs "Czapka podbija wiat! Edycja Druga"	1	[{"added": {}}]	19	1
1856	2025-07-22 04:21:13.840674+02	95	2012-12-06: Wykad/Prelekcja "O obyczajowoci akw krakowskich w XVI wieku, Mariusz Wolny"	2	[{"changed": {"fields": ["Nazwa", "Data rozpocz\\u0119cia", "Data zako\\u0144czenia", "Miejsca", "Typ wydarzenia"]}}]	19	1
1874	2025-07-22 04:48:01.581223+02	99	2013-03-07: piewanie "GAUDEAMUS - czapkowe piewanie"	1	[{"added": {}}]	19	1
1890	2025-07-22 05:02:42.998477+02	106	2013-09-30 - 2013-10-06: Reaktywacja "Reactivation Party V"	2	[{"changed": {"fields": ["Nazwa", "Jednodniowe", "Data rozpocz\\u0119cia", "Data zako\\u0144czenia", "Miejsca", "Typ wydarzenia"]}}, {"added": {"name": "Zdarzenie", "object": "2013-06-28 - Inauguracja 650 roku akademickiego na UJ w czapce studenckiej (Reaktywacja \\"Reactivation Party V\\")"}}]	19	1
1906	2025-07-22 05:12:50.047687+02	114	2013-12-05:  "Ostry Dyur - vol. 4"	2	[{"changed": {"fields": ["Nazwa", "Data rozpocz\\u0119cia", "Miejsca", "Typ wydarzenia", "Uczestnicy wydarzenia"]}}]	19	1
1922	2025-07-22 05:21:28.073618+02	125	2014-05-14: Odchamianie si "Koncert uniwersytecki z okazji 650-lecia UJ: Carmina Burana"	1	[{"added": {}}]	19	1
1938	2025-07-22 05:36:36.260316+02	134	2014-11-21:  "Uaskie Zdrowie"	1	[{"added": {}}]	19	1
1954	2025-07-22 05:48:44.55639+02	143	2015-04-30: Grill "Ruszt u Maeckiego"	1	[{"added": {}}]	19	1
1971	2025-07-22 06:03:05.780251+02	148	2015-06-30: Odwiedziny Profesora "Tres faciunt collegium: grill u Profesora"	2	[{"changed": {"fields": ["Nazwa"]}}]	19	1
1072	2025-07-11 13:01:21.581927+02	1	Rucham ci starego	1	[{"added": {}}, {"added": {"name": "Osoba", "object": "Bartosz \\"Heniek\\" Hepek - Encyklopedia | Powiedzenie - Rucham ci starego"}}]	40	1
1987	2025-07-22 06:13:16.223839+02	159	2016-01-20:  "Styczniowy Ostry Dyur"	2	[{"changed": {"fields": ["Data rozpocz\\u0119cia"]}}]	19	1
2003	2025-07-22 06:23:49.034735+02	169	2016-05-12 - 2016-05-14:  "Juwenalia 2016"	3		19	1
2016	2025-07-22 06:41:57.313881+02	176	2016-10-12:  "Wielka Rekrutacja BCS UJ"	2	[{"changed": {"fields": ["Nazwa", "Jednodniowe", "Data rozpocz\\u0119cia", "Miejsca", "Typ wydarzenia"]}}, {"deleted": {"name": "Zdarzenie", "object": "2016-09-30 - International Cantus (Rekrutacja \\"Wielka Rekrutacja BCS UJ\\")"}}, {"deleted": {"name": "Zdarzenie", "object": "2016-10-01 - CIBA Open Party (Rekrutacja \\"Wielka Rekrutacja BCS UJ\\")"}}, {"deleted": {"name": "Zdarzenie", "object": "2016-10-01 - Poch\\u00f3d inauguracyjny (Rekrutacja \\"Wielka Rekrutacja BCS UJ\\")"}}, {"deleted": {"name": "Zdarzenie", "object": "2016-10-02 - Zwiedzanie winnicy UJ w \\u0141azach (Rekrutacja \\"Wielka Rekrutacja BCS UJ\\")"}}, {"deleted": {"name": "Zdarzenie", "object": "2016-10-02 - Goodbye Party (Rekrutacja \\"Wielka Rekrutacja BCS UJ\\")"}}, {"deleted": {"name": "Zdarzenie", "object": "2016-10-02 - Orfeusz i Eurydyka - wyj\\u015bcie do oper (Rekrutacja \\"Wielka Rekrutacja BCS UJ\\")"}}]	19	1
2031	2025-07-22 06:48:36.719908+02	182	2016-11-19:  "Uaskie Zdrowie"	1	[{"added": {}}]	19	1
2061	2025-07-22 08:59:26.878179+02	190	2017-03-04:  "Wiosenna Karczma"	1	[{"added": {}}]	19	1
2074	2025-07-22 09:08:07.702033+02	199	2017-05-24:  "Majowy Ostry Dyur"	1	[{"added": {}}]	19	1
2087	2025-07-22 09:16:34.790681+02	205	2017-09-29 - 2017-10-01:  "Reaktywacja BCS UJ"	2	[{"changed": {"fields": ["Nazwa", "Data rozpocz\\u0119cia", "Data zako\\u0144czenia", "Miejsca", "Czy to wyjazd?", "Typ wydarzenia"]}}, {"added": {"name": "Zdarzenie", "object": "2017-09-29 - Reactivation Cantus (Reaktywacja \\"Reaktywacja BCS UJ\\")"}}, {"added": {"name": "Zdarzenie", "object": "2017-09-30 - CIBA Open Party (Reaktywacja \\"Reaktywacja BCS UJ\\")"}}, {"added": {"name": "Zdarzenie", "object": "2017-10-01 - Inauguracja roku akademickiego (Reaktywacja \\"Reaktywacja BCS UJ\\")"}}, {"added": {"name": "Zdarzenie", "object": "2017-10-01 - Goodbye Party (Reaktywacja \\"Reaktywacja BCS UJ\\")"}}]	19	1
2099	2025-07-22 09:23:52.772919+02	217	2018-02-18:  "Ostry Dyur - piwoterapia zamanych serc"	1	[{"added": {}}]	19	1
2111	2025-07-22 09:30:41.242176+02	225	2018-05-11: Wykad/Prelekcja "Europejskie i polskie tradycje studenckie"	1	[{"added": {}}]	19	1
2123	2025-07-22 09:40:51.178956+02	229	2018-05-18:  "Midzynarodowa Karczma"	1	[{"added": {}}]	19	1
2134	2025-07-22 09:54:23.890431+02	234	2018-09-28 - 2018-10-01:  "Reaktywacja 2018"	2	[{"changed": {"fields": ["Nazwa", "Jednodniowe", "Data rozpocz\\u0119cia", "Data zako\\u0144czenia", "Miejsca", "Typ wydarzenia"]}}, {"added": {"name": "Zdarzenie", "object": "2018-09-28 - Cantus: X Reactivation (Reaktywacja \\"Reaktywacja 2018\\")"}}]	19	1
2145	2025-07-22 10:03:42.508522+02	89	Zakad Dydaktyki Medycznej - Uczelnia, witego azarza 16, 31-530 Krakw, Polska	1	[{"added": {}}]	48	1
2156	2025-07-22 10:09:36.647004+02	251	2019-03-29:  "Kudacze 2019"	1	[{"added": {}}]	19	1
2206	2025-07-22 11:09:30.666543+02	257	2019-06-07: Odchamianie si "Teatr z Czapk vol. 2 - Skpiec"	1	[{"added": {}}]	19	1
2217	2025-07-22 11:21:20.715493+02	262	2019-09-24: Inne "Martinus si broni"	1	[{"added": {}}]	19	1
2228	2025-07-22 11:28:58.990262+02	271	2020-02-28:  "Depositio Beanorum"	1	[{"added": {}}]	19	1
2240	2025-07-22 11:36:26.885409+02	279	2020-12-28: Wieczr filmowy "Czapkowy witeczny Wieczr Filmowy: Kevin sam w domu (on-line)"	1	[{"added": {}}]	19	1
2249	2025-07-22 11:43:23.230511+02	82	2012-05-19:  "Stiftungfest"	3		19	1
2263	2025-07-22 11:51:19.226372+02	44	Delegacja	3		70	1
2272	2025-07-22 11:57:18.27802+02	292	2021-10-22: Wybory "Walne zgromadzenie BCS UJ"	1	[{"added": {}}]	19	1
2346	2025-07-22 12:47:05.071708+02	327	2022-09-30:  "Karczma Reaktywacyjna"	3		19	1
1606	2025-07-21 15:58:23.253898+02	15	RPG	1	[{"added": {}}]	70	1
1627	2025-07-21 16:56:33.296362+02	14	2025-05-14: Wykad/Prelekcja "Wykad dla Stowarzyszenia Absolwentw UJ"	2	[{"changed": {"fields": ["Typ wydarzenia"]}}]	19	1
1648	2025-07-21 17:05:58.25583+02	6	2010-10-01: Uroczysto "Pierwsza inauguracja roku akademickiego BCS"	2	[{"changed": {"fields": ["Typ wydarzenia"]}}]	19	1
1668	2025-07-21 21:03:18.754302+02	6	2011-03-18 None - Spotkanie z babci Tadka (Wykad/Prelekcja "Wykad dla Stowarzyszenia Absolwentw UJ")	2	[]	20	1
1687	2025-07-21 22:19:13.959032+02	4	Grb krlowej Jadwigi - Obiekt kultury, Katedra Wawelska, 31-001 Krakw, Polska	2	[{"changed": {"fields": ["Adres"]}}]	48	1
1707	2025-07-21 23:00:23.640536+02	35	2011-06-04: Walne "Wybory wydziaowych reprezentanw do Zarzdu oraz Zarzdu "Centralnego""	1	[{"added": {}}]	19	1
1726	2025-07-21 23:20:29.959123+02	41	Pub Sarmacja - Pub/Klub, w. Tomasza 8, 31-010 Krakw, Polska	1	[{"added": {}}]	48	1
1745	2025-07-22 02:11:39.279988+02	29	Odwiedziny Profesora	1	[{"added": {}}]	70	1
1764	2025-07-22 02:54:23.473047+02	188	Profesor Czerwiski	1	[{"added": {}}]	56	1
1782	2025-07-22 03:08:09.341716+02	65	2012-01-15: Wybory "Wybory - Wielki Mistrz, Kasztelan, Skarbnik"	1	[{"added": {}}]	19	1
1800	2025-07-22 03:33:25.151637+02	72	2012-03-09: Kudacze "Kudacze"	1	[{"added": {}}, {"added": {"name": "Zdarzenie", "object": "2012-03-09 - 3-lecie BCS UJ (Kud\\u0142acze \\"Kud\\u0142acze\\")"}}]	19	1
1818	2025-07-22 03:50:17.910817+02	51	2011-10-27: Impreza "Oktoberfest"	2	[{"changed": {"fields": ["Typ wydarzenia"]}}]	19	1
1839	2025-07-22 04:08:40.188072+02	36	Bretelle	1	[{"added": {}}]	70	1
1857	2025-07-22 04:23:22.679952+02	87	2012-08-03 - 2012-08-05: Wyjazd zagraniczny "Czapka na Pine Gouine 4: Rabelais"	2	[{"changed": {"fields": ["Jednodniowe"]}}]	19	1
1875	2025-07-22 04:49:09.425515+02	58	Zielono Mi - Pub/Klub, Krlowej Jadwigi 4, 30-202 Krakw, Polska	1	[{"added": {}}]	48	1
1891	2025-07-22 05:04:05.134753+02	106	2013-09-30 - 2013-10-06: Reaktywacja "Reactivation Party V"	2	[{"added": {"name": "Zdarzenie", "object": "2013-10-04 - Co w nas zosta\\u0142o z tamtych lat? - o polskim \\u017caku s\\u0142\\u00f3w kilka (Reaktywacja \\"Reactivation Party V\\")"}}, {"changed": {"name": "Zdarzenie", "object": "2013-10-01 - Inauguracja 650 roku akademickiego na UJ w czapce studenckiej (Reaktywacja \\"Reactivation Party V\\")", "fields": ["Data"]}}]	19	1
1907	2025-07-22 05:13:09.896055+02	113	2013-11-30: Odwiedziny Profesora "Wizyta u Profesora"	2	[{"changed": {"fields": ["Uczestnicy wydarzenia"]}}]	19	1
1923	2025-07-22 05:23:51.567297+02	125	2014-05-14:  "Juwenalia 2014"	2	[{"changed": {"fields": ["Nazwa", "Miejsca", "Typ wydarzenia", "Opis"]}}, {"added": {"name": "Zdarzenie", "object": "2014-05-14 - Alegoria studenta - Polska, Europa, \\u015aredniowiecze (Juwenalia \\"Juwenalia 2014\\")"}}, {"added": {"name": "Zdarzenie", "object": "2014-05-14 - Koncert uniwersytecki z okazji 650-lecia UJ: Carmina Burana (Juwenalia \\"Juwenalia 2014\\")"}}, {"added": {"name": "Zdarzenie", "object": "2014-05-14 - Mi\\u0119dzynarodowe CIBA Open Disney Party (Juwenalia \\"Juwenalia 2014\\")"}}]	19	1
1939	2025-07-22 05:38:15.018833+02	63	442 Sport Pub - Pub/Klub, w. Tomasza 20, 31-020 Krakw	1	[{"added": {}}]	48	1
1955	2025-07-22 05:50:17.340792+02	67	Collegium Witkowskiego UJ - Uczelnia, Gobia 13, 31-007 Krakw, Polska	1	[{"added": {}}]	48	1
1972	2025-07-22 06:03:12.063848+02	149	2015-06-30: Odwiedziny Profesora "Tres faciunt collegium: grill u Profesora"	1	[{"added": {}}]	19	1
1988	2025-07-22 06:13:24.635744+02	160	2016-01-20:  "Styczniowy Ostry Dyur"	1	[{"added": {}}]	19	1
2004	2025-07-22 06:24:14.056586+02	167	2016-05-05:  "Majowy Ostry Dyur"	2	[{"changed": {"fields": ["Nazwa", "Data rozpocz\\u0119cia"]}}]	19	1
2017	2025-07-22 06:42:16.927764+02	176	2016-10-12:  "Wielka Rekrutacja BCS UJ"	2	[{"changed": {"fields": ["Miejsca"]}}, {"deleted": {"name": "Zdarzenie", "object": "2016-09-30 - International Cantus (Rekrutacja \\"Wielka Rekrutacja BCS UJ\\")"}}, {"deleted": {"name": "Zdarzenie", "object": "2016-10-01 - CIBA Open Party (Rekrutacja \\"Wielka Rekrutacja BCS UJ\\")"}}, {"deleted": {"name": "Zdarzenie", "object": "2016-10-01 - Poch\\u00f3d inauguracyjny (Rekrutacja \\"Wielka Rekrutacja BCS UJ\\")"}}, {"deleted": {"name": "Zdarzenie", "object": "2016-10-02 - Zwiedzanie winnicy UJ w \\u0141azach (Rekrutacja \\"Wielka Rekrutacja BCS UJ\\")"}}, {"deleted": {"name": "Zdarzenie", "object": "2016-10-02 - Goodbye Party (Rekrutacja \\"Wielka Rekrutacja BCS UJ\\")"}}, {"deleted": {"name": "Zdarzenie", "object": "2016-10-02 - Orfeusz i Eurydyka - wyj\\u015bcie do oper (Rekrutacja \\"Wielka Rekrutacja BCS UJ\\")"}}]	19	1
2032	2025-07-22 06:49:11.26074+02	40	Wyjcie do kina	1	[{"added": {}}]	70	1
2062	2025-07-22 09:00:02.002342+02	191	2017-03-14:  "Marcowy Ostry Dyur"	1	[{"added": {}}]	19	1
2075	2025-07-22 09:08:27.336391+02	200	2017-06-01:  "Czerwcowy Ostry Dyur"	1	[{"added": {}}]	19	1
2088	2025-07-22 09:18:02.240632+02	206	2017-10-12:  "Wybory Czapkowe - Walne Zgromadzenie"	1	[{"added": {}}]	19	1
2100	2025-07-22 09:24:08.902251+02	218	2018-02-28:  "Posesyjny Ostry Dyur"	1	[{"added": {}}]	19	1
2112	2025-07-22 09:31:37.797793+02	82	Wydzia Chemii UJ - Uczelnia, Gronostajowa 2, 30-387 Krakw, Polska	1	[{"added": {}}]	48	1
2124	2025-07-22 09:41:15.1056+02	230	2018-05-29:  "Majowy Ostry Dyur"	1	[{"added": {}}]	19	1
2135	2025-07-22 09:56:01.347363+02	88	Pub Pod grotami - Pub/Klub, Szewska 23, 31-009 Krakw, Polska	1	[{"added": {}}]	48	1
2146	2025-07-22 10:03:52.915583+02	243	2018-12-05: Rekrutacja "Czapka studencka? A co to?"	1	[{"added": {}}]	19	1
2157	2025-07-22 10:10:43.083971+02	92	Bon Ami - Restauracja, Kanonicza 11, 31-002 Krakw, Polska	1	[{"added": {}}]	48	1
2196	2025-07-22 10:59:03.410007+02	93	Stefana Batorego 1, 31-140 Krakw - Bar, Stefana Batorego 1, 31-140 Krakw, Polska	1	[{"added": {}}]	48	1
2207	2025-07-22 11:10:02.504034+02	258	2019-06-08:  "Ognisko Posesyjne BCS UJ"	1	[{"added": {}}]	19	1
2218	2025-07-22 11:22:19.33651+02	263	2019-10-09:  "Wybory 2019/2020"	1	[{"added": {}}]	19	1
2229	2025-07-22 11:29:44.845778+02	272	2020-05-15:  "Wirtualny Ostry Dyur"	1	[{"added": {}}]	19	1
2241	2025-07-22 11:36:59.942447+02	43	Wieczr filmowy	2	[]	70	1
2250	2025-07-22 11:44:08.71741+02	262	2019-09-24: Inny "Martinus si broni"	3		19	1
2251	2025-07-22 11:44:08.717499+02	254	2019-04-06: Historyczny "Bankiet 10-lecia BCS UJ"	3		19	1
2252	2025-07-22 11:44:08.717552+02	231	2018-06-09:  "Ognisko Przedsesyjne BCS UJ"	3		19	1
2253	2025-07-22 11:44:08.717599+02	207	2017-10-12:  "Wybory Czapkowe - Walne Zgromadzenie"	3		19	1
2254	2025-07-22 11:44:08.717646+02	202	2017-06-03: Zawody sportowe "Zakoczenie sezonu na IzoArenie"	3		19	1
2255	2025-07-22 11:44:08.717692+02	187	2016-11-17:  "Drugi Listopadowy Ostry Dyur"	3		19	1
2264	2025-07-22 11:51:28.403551+02	287	2021-06-18: Inny "Jednoosobowa delegacja BCS UJ na Komerszu z okazji XI rocznicy reaktywacji Konwentu Arcadia"	1	[{"added": {}}]	19	1
2273	2025-07-22 11:58:32.343964+02	32	Cmentarz	1	[{"added": {}}]	49	1
2282	2025-07-22 12:03:01.988302+02	295	2021-11-11: Zawody sportowe "Monika Kwater i Mateusz urek biegn w grskim Biegu Niepodlegoci ze skawiny do Mogilan"	1	[{"added": {}}]	19	1
1607	2025-07-21 15:58:31.030329+02	16	Walne	1	[{"added": {}}]	70	1
1628	2025-07-21 16:56:45.356765+02	12	2025-05-14: Karczma "Wielka Karczma Piwna"	2	[{"changed": {"fields": ["Typ wydarzenia"]}}]	19	1
1649	2025-07-21 17:06:11.275323+02	25	2010-05-12: Uroczysto "Zoenie kwiatw pod grobem krlowej Jadwigi"	2	[{"changed": {"fields": ["Typ wydarzenia"]}}]	19	1
1669	2025-07-21 21:03:28.318566+02	6	2011-03-18 None - Spotkanie z babci Tadka (Wykad/Prelekcja "Wykad dla Stowarzyszenia Absolwentw UJ")	2	[]	20	1
1688	2025-07-21 22:19:22.036327+02	10	Klub Buda - Pub/Klub, Czapskich 2, 31-110 Krakw, Polska	2	[{"changed": {"fields": ["Adres"]}}]	48	1
1708	2025-07-21 23:01:57.563793+02	27	Koncert	1	[{"added": {}}]	70	1
1727	2025-07-21 23:21:34.32256+02	42	Gospoda Koko - Restauracja, Gobia 8, 31-007 Krakw, Polska	1	[{"added": {}}]	48	1
1746	2025-07-22 02:11:46.243753+02	46	2011-10-07: Odwiedziny Profesora "Kawa czy Herbata a w niej czapka!"	1	[{"added": {}}]	19	1
1765	2025-07-22 02:55:05.145864+02	31	piewanie	1	[{"added": {}}]	70	1
1783	2025-07-22 03:08:48.104798+02	66	2012-01-21: Inne "Czapka wita sesj!"	1	[{"added": {}}]	19	1
1801	2025-07-22 03:34:11.573521+02	34	Idy Marcowe	1	[{"added": {}}]	70	1
1819	2025-07-22 03:50:26.002231+02	79	2012-05-17: Impreza "Impreza CIBA"	1	[{"added": {}}]	19	1
1840	2025-07-22 04:08:44.768693+02	86	2012-07-27 - 2012-07-31:  "Ordre de la Bretelle - wakacyjne odwiedziny"	1	[{"added": {}}]	19	1
1858	2025-07-22 04:23:32.965743+02	26	2025-05-08 - 2025-05-11: Wyjazd zagraniczny "Faerie Matricularum"	2	[{"changed": {"fields": ["Jednodniowe"]}}]	19	1
1876	2025-07-22 04:49:22.314673+02	100	2013-03-08:  "Ostry Dyur 2013"	1	[{"added": {}}]	19	1
1892	2025-07-22 05:04:59.122515+02	107	2013-10-04:  "Karczma Reaktywacyjna"	1	[{"added": {}}]	19	1
1908	2025-07-22 05:13:15.782705+02	46	2011-10-07: Odwiedziny Profesora "Kawa czy Herbata a w niej czapka!"	2	[]	19	1
1924	2025-07-22 05:24:03.956115+02	125	2014-05-14:  "Juwenalia 2014"	2	[{"changed": {"name": "Zdarzenie", "object": "2014-05-14 - Mi\\u0119dzynarodowe CIBA Open Disney Party (Juwenalia \\"Juwenalia 2014\\")", "fields": ["Miejsce"]}}]	19	1
1940	2025-07-22 05:38:42.684954+02	37	Andrzejki	1	[{"added": {}}]	70	1
1956	2025-07-22 05:51:48.937929+02	68	New York Pizza Department - Restauracja, al. 29 Listopada 57, 31-425 Krakw, Polska	1	[{"added": {}}]	48	1
1973	2025-07-22 06:03:49.433358+02	150	2015-10-15: Ostry Dyur "Ostry dyur vol. 1"	1	[{"added": {}}]	19	1
1989	2025-07-22 06:13:48.836088+02	160	2016-01-07: Ostry Dyur "Sylwester z Czapk"	2	[{"changed": {"fields": ["Nazwa", "Data rozpocz\\u0119cia"]}}]	19	1
2005	2025-07-22 06:24:19.483539+02	170	2016-05-05:  "Majowy Ostry Dyur"	1	[{"added": {}}]	19	1
2018	2025-07-22 06:42:29.583195+02	176	2016-10-12:  "Wielka Rekrutacja BCS UJ"	3		19	1
2033	2025-07-22 06:49:55.709176+02	74	Multikino - Kino, Dobrego Pasterza 128, 31-416 Krakw, Polska	1	[{"added": {}}]	48	1
2063	2025-07-22 09:00:35.174514+02	192	2017-03-24:  "Kudacze 2017"	1	[{"added": {}}]	19	1
2076	2025-07-22 09:09:21.360777+02	31	Stadion	1	[{"added": {}}]	49	1
2089	2025-07-22 09:18:10.152743+02	207	2017-10-12:  "Wybory Czapkowe - Walne Zgromadzenie"	1	[{"added": {}}]	19	1
2101	2025-07-22 09:25:23.186607+02	79	Gorczaska Chata - Schronisko, Jamne, 34-453 Ochotnica Grna, Polska	1	[{"added": {}}]	48	1
2113	2025-07-22 09:31:56.206881+02	226	2018-05-16: Rekrutacja "Czapki dla Chemikw"	1	[{"added": {}}]	19	1
2125	2025-07-22 09:41:46.636835+02	230	2018-06-09:  "Ognisko Przedsesyjne BCS UJ"	2	[{"changed": {"fields": ["Nazwa", "Data rozpocz\\u0119cia", "Miejsca", "Typ wydarzenia"]}}]	19	1
2136	2025-07-22 09:57:28.194733+02	234	2018-09-28 - 2018-10-01:  "Reaktywacja 2018"	2	[{"added": {"name": "Zdarzenie", "object": "2018-09-29 - Pirackie Open Party (Reaktywacja \\"Reaktywacja 2018\\")"}}, {"added": {"name": "Zdarzenie", "object": "2018-09-30 - Spotkanie Po\\u017cegnalne (Reaktywacja \\"Reaktywacja 2018\\")"}}, {"added": {"name": "Zdarzenie", "object": "2018-10-01 - Inauguracja Roku Akademickiego (Reaktywacja \\"Reaktywacja 2018\\")"}}, {"added": {"name": "Zdarzenie", "object": "2018-10-01 - After Reaktywacyjny (Reaktywacja \\"Reaktywacja 2018\\")"}}]	19	1
2147	2025-07-22 10:04:22.146856+02	244	2018-12-05:  "Mikoajkowy Ostry Dyur"	1	[{"added": {}}]	19	1
2158	2025-07-22 10:11:21.762514+02	252	2019-04-06: Historyczne "Bankiet 10-lecia BCS UJ"	1	[{"added": {}}]	19	1
2197	2025-07-22 10:59:44.005782+02	94	Zaginiony wiat - Bar, Stefana Batorego 1, 31-140 Krakw	1	[{"added": {}}]	48	1
2208	2025-07-22 11:10:54.215813+02	259	2019-09-16 - 2019-09-19:  "Adapciak 2019 BCS UJ"	1	[{"added": {}}]	19	1
2219	2025-07-22 11:23:15.927868+02	264	2019-10-24 - 2019-11-30:  "Wielka Rekrutacja BCS UJ"	1	[{"added": {}}]	19	1
2230	2025-07-22 11:30:10.983045+02	273	2020-06-06: Inne "Hommage a Maurice"	1	[{"added": {}}]	19	1
2242	2025-07-22 11:37:01.949992+02	279	2020-12-28: Wieczr filmowy "Czapkowy witeczny Wieczr Filmowy: Kevin sam w domu (on-line)"	2	[{"changed": {"fields": ["Nazwa"]}}]	19	1
2256	2025-07-22 11:46:16.875636+02	283	2021-02-12: Wieczr filmowy "Posesyjny Ostry Dyur: film (on-line)"	1	[{"added": {}}]	19	1
2265	2025-07-22 11:51:51.725481+02	288	2021-06-30:  "Top secret ognisko"	1	[{"added": {}}]	19	1
2274	2025-07-22 11:58:36.392128+02	105	Cmentarz Rakowicki - Cmentarz, Rakowicka 26, 31-510 Krakw, Polska	1	[{"added": {}}]	48	1
2283	2025-07-22 12:03:17.081045+02	296	2021-11-11: Zawody sportowe "Monika Kwater i Mateusz urek biegn w grskim Biegu Niepodlegoci ze skawiny do Mogilan"	1	[{"added": {}}]	19	1
2290	2025-07-22 12:07:06.817575+02	300	2021-11-16: Historyczny "Czapka uruchamia kana na Instagramie"	1	[{"added": {}}]	19	1
2296	2025-07-22 12:11:36.067575+02	306	2022-01-13:  "Noworoczny Ostry Dyur"	1	[{"added": {}}]	19	1
2302	2025-07-22 12:14:09.982086+02	310	2022-02-11:  "rdsesyjny Ostry Dyur"	1	[{"added": {}}]	19	1
2307	2025-07-22 12:20:30.546304+02	314	2022-03-09:  "Magister Cantandi przedua konkurs na czapkowe zwrotki Czapkowych Opowieci i Czapkowej Siekiery Motyki"	1	[{"added": {}}]	19	1
2313	2025-07-22 12:26:37.804934+02	320	2022-05-19 - 2022-05-23:  "Juwenalia 2022"	1	[{"added": {}}]	19	1
2317	2025-07-22 12:30:04.037202+02	323	2022-09-22 - 2022-09-24:  "Adapciak BCS UJ 2022"	1	[{"added": {}}]	19	1
2321	2025-07-22 12:34:07.20553+02	324	2022-09-30:  "Karczma Reaktywacyjna"	2	[{"deleted": {"name": "Zdarzenie", "object": "2022-09-29 - Reaktywacyjna impreza powitalna (Karczma \\"Karczma Reaktywacyjna\\")"}}, {"deleted": {"name": "Zdarzenie", "object": "2022-10-01 - Impreza przebierana o tematyce prehistorycznej (Karczma \\"Karczma Reaktywacyjna\\")"}}, {"deleted": {"name": "Zdarzenie", "object": "2022-10-02 - Po\\u017cegnanie wakacji (Karczma \\"Karczma Reaktywacyjna\\")"}}]	19	1
2324	2025-07-22 12:35:17.570768+02	159	2022-10-02 - Poegnanie wakacji (Karczma "Karczma Reaktywacyjna")	3		20	1
2327	2025-07-22 12:37:40.366243+02	326	2022-09-30:  "Karczma Reaktywacyjna"	1	[{"added": {}}]	19	1
2328	2025-07-22 12:38:56.489913+02	326	2022-10-21: Wybory "Walne Zgromadzenie BCS UJ"	2	[{"changed": {"fields": ["Nazwa", "Data rozpocz\\u0119cia", "Miejsca", "Typ wydarzenia", "Uczestnicy wydarzenia"]}}]	19	1
2371	2025-07-22 13:04:14.048011+02	33	Knajpa	1	[{"added": {}}]	49	1
1608	2025-07-21 15:58:36.73889+02	17	Wycieczka	1	[{"added": {}}]	70	1
1629	2025-07-21 16:56:54.611972+02	11	2025-05-14: Karczma "Czapkowa Karczma Posesyjna"	2	[{"changed": {"fields": ["Typ wydarzenia"]}}]	19	1
1650	2025-07-21 17:06:27.263066+02	24	2010-04-28: Konferencja naukowa "Konferencja naukowa Roberto o folklorze studenckim"	2	[{"changed": {"fields": ["Typ wydarzenia"]}}]	19	1
1670	2025-07-21 21:05:21.248497+02	6	2011-03-18 None - Spotkanie z babci Tadka (Wykad/Prelekcja "Wykad dla Stowarzyszenia Absolwentw UJ")	2	[]	20	1
1689	2025-07-21 22:19:29.673396+02	8	Klub Studencki Nawojka - Pub/Klub, Wadysawa Reymonta 11, 30-059 Krakw, Polska	2	[{"changed": {"fields": ["Adres"]}}]	48	1
1709	2025-07-21 23:02:01.864124+02	36	2011-06-30: Koncert "Czapka docza do koncertu Vacancy & Los Purkos"	1	[{"added": {}}]	19	1
1728	2025-07-21 23:26:08.331939+02	42	2011-10-01: Reaktywacja "Czapka Reactivation Party 2"	1	[{"added": {}}, {"added": {"name": "Zdarzenie", "object": "2011-10-01 - Polish beer and honey wine degustation (Reaktywacja \\"Czapka Reactivation Party 2\\")"}}]	19	1
1747	2025-07-22 02:12:37.213423+02	47	2011-10-07: Inne "Tour des bars"	1	[{"added": {}}]	19	1
1766	2025-07-22 02:55:22.279825+02	57	2011-11-17: piewanie "Wsplne piewanie piosenek rajdowych z prof. Czerwiskim, organizatorem rajdw Eskulapw"	1	[{"added": {}}]	19	1
1784	2025-07-22 03:09:57.481473+02	66	2012-02-08 - 2012-02-12: Wyjazd zagraniczny "Wyjazd do Belgii"	2	[{"changed": {"fields": ["Nazwa", "Data rozpocz\\u0119cia", "Data zako\\u0144czenia", "Miejsca", "Czy to wyjazd?", "Typ wydarzenia", "Typ wyjazdu"]}}]	19	1
1802	2025-07-22 03:34:29.989422+02	72	2012-03-16: Idy Marcowe "Idy Marcowe"	2	[{"changed": {"fields": ["Nazwa", "Data rozpocz\\u0119cia", "Data zako\\u0144czenia", "Miejsca", "Czy to wyjazd?", "Typ wydarzenia"]}}, {"deleted": {"name": "Zdarzenie", "object": "2012-03-09 - 3-lecie BCS UJ (Idy Marcowe \\"Idy Marcowe\\")"}}]	19	1
1820	2025-07-22 03:53:20.939833+02	79	2012-05-16 - 2012-05-18: Juwenalia "Juwenalia"	2	[{"changed": {"fields": ["Nazwa", "Data rozpocz\\u0119cia", "Data zako\\u0144czenia", "Miejsca", "Typ wydarzenia"]}}, {"added": {"name": "Zdarzenie", "object": "2012-05-16 - Grill na AGHu z Belgami (Juwenalia \\"Juwenalia\\")"}}]	19	1
1841	2025-07-22 04:09:57.067661+02	55	Vieux-Lille - Miasto, Vieux-Lille, Francja	1	[{"added": {}}]	48	1
1859	2025-07-22 04:24:02.095261+02	95	2012-12-06: Wykad/Prelekcja "'O obyczajowoci akw krakowskich w XVI wieku', Mariusz Wolny"	2	[{"changed": {"fields": ["Nazwa"]}}]	19	1
1877	2025-07-22 04:49:57.335846+02	101	2013-03-20:  "Walne Zgromadzenie BCS UJ"	1	[{"added": {}}]	19	1
1893	2025-07-22 05:05:03.912724+02	108	2013-10-04:  "Karczma Reaktywacyjna"	1	[{"added": {}}]	19	1
1909	2025-07-22 05:13:22.627493+02	115	2013-12-05:  "Ostry Dyur - vol. 4"	1	[{"added": {}}]	19	1
1925	2025-07-22 05:24:14.408044+02	124	2014-05-13: Wykad/Prelekcja "Alegoria studenta - Polska, Europa, redniowiecze"	3		19	1
1941	2025-07-22 05:38:49.067751+02	135	2014-11-28:  "Czapkowe Andrzejki z BCS UJ"	1	[{"added": {}}]	19	1
1957	2025-07-22 05:52:34.841183+02	69	Stary Port - Bar, Straszewskiego 27, Wejcie od Jabonowskich, 31-113 Krakw, Polska	1	[{"added": {}}]	48	1
1974	2025-07-22 06:05:28.693284+02	151	2015-10-22: Wybory "Walne Zgromadzenie BCS UJ 2015/2016"	1	[{"added": {}}]	19	1
1990	2025-07-22 06:13:56.966134+02	161	2016-01-20:  "Styczniowy Ostry Dyur"	1	[{"added": {}}]	19	1
1321	2025-07-17 22:21:28.764815+02	1	Polska	1	[{"added": {}}]	46	1
1322	2025-07-17 22:21:30.351371+02	1	Uniwersytet Jagielloski	1	[{"added": {}}]	44	1
1323	2025-07-17 22:21:36.226786+02	1	Uniwersytet Jagielloski: Wydzia Prawa i Administracji (WPiA)	1	[{"added": {}}]	45	1
1324	2025-07-17 22:23:20.937378+02	2	UJ: Collegium Medicum (CMUJ)	1	[{"added": {}}]	45	1
1325	2025-07-17 22:24:06.223166+02	3	UJ: Collegium Medicum (CMUJ)	1	[{"added": {}}]	45	1
1326	2025-07-17 22:24:20.730968+02	4	UJ: Wydzia Farmaceutyczny (WFarm)	1	[{"added": {}}]	45	1
1327	2025-07-17 22:24:45.810239+02	5	UJ: Wydzia Nauk o Zdrowiu (WNoZ)	1	[{"added": {}}]	45	1
1328	2025-07-17 22:25:51.381583+02	6	UJ: Wydzia Nauk o Zdrowiu (WNoZ)	1	[{"added": {}}]	45	1
1329	2025-07-17 22:26:02.92523+02	7	UJ: Wydzia Historyczny (WHist)	1	[{"added": {}}]	45	1
1330	2025-07-17 22:27:03.007563+02	8	UJ: Wydzia Filologiczny (WFilol)	1	[{"added": {}}]	45	1
1331	2025-07-17 22:27:24.883964+02	9	UJ: Wydzia Polonistyki (WPol)	1	[{"added": {}}]	45	1
1332	2025-07-17 22:27:37.641773+02	10	UJ: Wydzia Fizyki, Astronomii i Informatyki Stosowanej (WFAiIS)	1	[{"added": {}}]	45	1
1333	2025-07-17 22:28:15.541001+02	11	UJ: Wydzia Chemii (WChUJ)	1	[{"added": {}}]	45	1
1334	2025-07-17 22:28:25.439311+02	12	UJ: Wydzia Biologii (WB)	1	[{"added": {}}]	45	1
1335	2025-07-17 22:28:53.760291+02	12	UJ: Wydzia Studiw Midzynarodowych i Politycznych (WSMiP)	2	[{"changed": {"fields": ["Wydzia\\u0142", "Skr\\u00f3t"]}}]	45	1
1336	2025-07-17 22:29:32.34657+02	2	UJ: Collegium Medicum (CMUJ)	3		45	1
1337	2025-07-17 22:29:32.346596+02	6	UJ: Wydzia Nauk o Zdrowiu (WNoZ)	3		45	1
1338	2025-07-17 22:30:06.071633+02	13	UJ: Wydzia Filozoficzny (WFiloz)	1	[{"added": {}}]	45	1
1339	2025-07-17 22:31:01.985226+02	14	UJ: Wydzia Matematyki i Informatyki (WMiI)	1	[{"added": {}}]	45	1
1340	2025-07-17 22:31:40.744516+02	15	UJ: Wydzia Zarzdzania i Komunikacji Spoecznej (WZiKS)	1	[{"added": {}}]	45	1
1341	2025-07-17 22:31:57.877182+02	16	UJ: Wydzia Biologii (WB)	1	[{"added": {}}]	45	1
1342	2025-07-17 22:32:10.833+02	17	UJ: Wydzia Studiw Midzynarodowych i Politycznych (WSMiP)	1	[{"added": {}}]	45	1
1343	2025-07-17 22:32:28.661559+02	18	UJ: Wydzia Biochemii, Biofizyki i Biotechnologii (WBBiB)	1	[{"added": {}}]	45	1
1344	2025-07-17 22:32:49.26079+02	19	UJ: Wydzia Geografii i Geologii (WGiG)	1	[{"added": {}}]	45	1
1345	2025-07-17 22:33:02.71305+02	20	UJ: Studia Matematyczno-Przyrodnicze (SMP)	1	[{"added": {}}]	45	1
1346	2025-07-17 22:33:16.553251+02	21	UJ: Midzywydziaowe Indywidualne Studia Humanistyczne (MISH)	1	[{"added": {}}]	45	1
1347	2025-07-17 22:38:26.456018+02	2	Akademia Grniczo-Hutnicza	1	[{"added": {}}]	44	1
1348	2025-07-17 22:38:30.359027+02	3	Akademia Grniczo-Hutnicza	1	[{"added": {}}]	44	1
1349	2025-07-17 22:38:44.416437+02	4	Politechnika Krakowska	1	[{"added": {}}]	44	1
1350	2025-07-17 22:39:20.782353+02	5	Uniwersytet Ekonomiczny w Krakowie	1	[{"added": {}}]	44	1
1351	2025-07-17 22:41:51.189082+02	6	Uniwersytet SWPS	1	[{"added": {}}]	44	1
1352	2025-07-17 22:42:05.551489+02	7	Uniwersytet Warszawski	1	[{"added": {}}]	44	1
1353	2025-07-17 22:42:25.882752+02	7	Uniwersytet lski	2	[{"changed": {"fields": ["Uczelnia", "Akronim"]}}]	44	1
1354	2025-07-17 22:43:13.630132+02	2	Uniwersytet dzki	2	[{"changed": {"fields": ["Uczelnia", "Akronim"]}}]	44	1
1355	2025-07-17 22:43:55.904879+02	8	Uniwersytet Przyrodniczy w Lublinie	1	[{"added": {}}]	44	1
1356	2025-07-17 22:45:37.261531+02	2	Nie wiem	1	[{"added": {}}]	46	1
1357	2025-07-17 22:45:40.068385+02	9	Nie wiem	1	[{"added": {}}]	44	1
1358	2025-07-17 22:46:06.308678+02	3	Nie dotyczy	1	[{"added": {}}]	46	1
1359	2025-07-17 22:46:07.891937+02	10	Nie dotyczy	1	[{"added": {}}]	44	1
1360	2025-07-17 22:49:53.60323+02	4	Niemcy	1	[{"added": {}}]	46	1
1361	2025-07-17 22:50:00.732266+02	11	Niemcy: Kada uczelnia	1	[{"added": {}}]	44	1
1362	2025-07-17 22:50:40.122631+02	11	Niemcy: Nie wiem	2	[{"changed": {"fields": ["Uczelnia", "Akronim"]}}]	44	1
1363	2025-07-17 22:51:16.234425+02	22	XXX_Niemcy: Nie wiem (XXX)	1	[{"added": {}}]	45	1
1364	2025-07-17 22:54:53.410346+02	23	XXX: Nie wiem (XXX)	1	[{"added": {}}]	45	1
1365	2025-07-17 22:55:06.435327+02	24	XXX: Nie dotyczy (XXX)	1	[{"added": {}}]	45	1
1366	2025-07-17 22:57:31.948075+02	25	AGH: Pion grniczy (PG)	1	[{"added": {}}]	45	1
1367	2025-07-17 22:57:39.283271+02	26	AGH: Pion grniczy (PG)	1	[{"added": {}}]	45	1
1368	2025-07-17 22:57:49.950563+02	27	AGH: Pion hutniczy (PH)	1	[{"added": {}}]	45	1
1369	2025-07-17 22:58:17.449288+02	25	AGH: Pion hutniczy (PH)	2	[{"changed": {"fields": ["Wydzia\\u0142", "Skr\\u00f3t"]}}]	45	1
1370	2025-07-17 22:58:27.527+02	25	AGH: Pion hutniczy (PH)	3		45	1
1371	2025-07-17 22:59:59.452961+02	28	PK: Wydzia Architektury (WA)	1	[{"added": {}}]	45	1
1372	2025-07-17 23:00:28.332561+02	29	PK: Wydzia Mechaniczny (WM)	1	[{"added": {}}]	45	1
1373	2025-07-17 23:00:58.322095+02	30	PK: Wydzia Inynierii Ldowej (WIL)	1	[{"added": {}}]	45	1
1374	2025-07-17 23:02:28.040051+02	31	UEK: Dowolny wydzia (Dowolny)	1	[{"added": {}}]	45	1
1375	2025-07-17 23:03:29.036622+02	12	Uniwersytet Warszawski (UW)	1	[{"added": {}}]	44	1
1376	2025-07-17 23:03:31.328193+02	32	UW: Dowolny wydzia (Dowolny)	1	[{"added": {}}]	45	1
1377	2025-07-17 23:03:44.612947+02	33	UEK: Dowolny wydzia (Dowolny)	1	[{"added": {}}]	45	1
1378	2025-07-17 23:03:50.626041+02	34	U: Dowolny wydzia (Dowolny)	1	[{"added": {}}]	45	1
1379	2025-07-17 23:03:54.949643+02	35	U: Dowolny wydzia (Dowolny)	1	[{"added": {}}]	45	1
1380	2025-07-17 23:03:58.809274+02	36	UP_Lublin: Dowolny wydzia (Dowolny)	1	[{"added": {}}]	45	1
1381	2025-07-17 23:14:34.826695+02	1	UJ_CMUJ: bordowa	1	[{"added": {}}]	47	1
1382	2025-07-17 23:14:39.559496+02	2	UJ_CMUJ: bordowa	1	[{"added": {}}]	47	1
1383	2025-07-17 23:15:03.331673+02	2	UJ_WPiA: czarna	2	[{"changed": {"fields": ["Wydzia\\u0142", "Kolor"]}}]	47	1
1384	2025-07-17 23:15:22.756102+02	3	UJ_WZiKS: brzowa	1	[{"added": {}}]	47	1
1385	2025-07-17 23:15:39.955212+02	4	UJ_WBBiB: ecr	1	[{"added": {}}]	47	1
1386	2025-07-17 23:15:56.746716+02	5	UJ_WFAiIS: fioletowa	1	[{"added": {}}]	47	1
1387	2025-07-17 23:16:12.835649+02	6	UJ_WFilol: granatowa	1	[{"added": {}}]	47	1
1388	2025-07-17 23:16:31.981041+02	7	UJ_WSMiP: karminowa	1	[{"added": {}}]	47	1
1389	2025-07-17 23:16:54.90687+02	8	UJ_WMiI: fioletowa z niebieskim otokiem	1	[{"added": {}}]	47	1
1390	2025-07-17 23:17:12.571513+02	9	UJ_WPol: granatowa z niebieskim otokiem	1	[{"added": {}}]	47	1
1391	2025-07-17 23:17:38.200198+02	10	UJ_WPol: granatowa z niebieskim otokiem	1	[{"added": {}}]	47	1
1392	2025-07-17 23:18:11.700563+02	11	Honorowa: pomaraczowy	1	[{"added": {}}]	47	1
1393	2025-07-17 23:18:35.508091+02	12	UJ_WFiloz: srebrna	1	[{"added": {}}]	47	1
1394	2025-07-17 23:18:46.633433+02	13	UJ_WGiG: szmaragdowa	1	[{"added": {}}]	47	1
1395	2025-07-17 23:18:56.914148+02	14	UJ_WGiG: szmaragdowa	1	[{"added": {}}]	47	1
1396	2025-07-17 23:19:28.425378+02	15	UJ_WHist: niebieska	1	[{"added": {}}]	47	1
1397	2025-07-17 23:19:48.819566+02	16	UJ_WNoZ: bordowa z zielonym otokiem	1	[{"added": {}}]	47	1
1398	2025-07-17 23:20:09.402658+02	17	UJ_SMP: fioletowa z zielonym otokiem	1	[{"added": {}}]	47	1
1399	2025-07-17 23:20:28.927996+02	18	UJ_WChUJ: ta	1	[{"added": {}}]	47	1
1400	2025-07-17 23:20:35.072405+02	19	UJ_WChUJ: ta	1	[{"added": {}}]	47	1
1401	2025-07-17 23:20:37.792647+02	19	UJ_WChUJ: ta	2	[]	47	1
1402	2025-07-17 23:21:00.890036+02	20	AGH_PG: czarna z zielonym otokiem	1	[{"added": {}}]	47	1
1403	2025-07-17 23:21:20.533611+02	21	AGH_PH: czarna z niebieskim otokiem	1	[{"added": {}}]	47	1
1404	2025-07-17 23:21:24.702614+02	22	AGH_PH: czarna z niebieskim otokiem	1	[{"added": {}}]	47	1
1405	2025-07-17 23:21:27.90508+02	22	AGH_PH: czarna z niebieskim otokiem	2	[]	47	1
1406	2025-07-17 23:21:49.043672+02	23	PK_WA: granatowa	1	[{"added": {}}]	47	1
1407	2025-07-17 23:22:26.057577+02	24	PK_WM: granatowa z czerwonym otokiem	1	[{"added": {}}]	47	1
1408	2025-07-17 23:23:11.625779+02	25	PK_WIL: granatowa z czarnym otokiem	1	[{"added": {}}]	47	1
1409	2025-07-17 23:23:33.489363+02	26	UW_Dowolny: biaa z amarantowym otokiem	1	[{"added": {}}]	47	1
1410	2025-07-17 23:25:23.652194+02	27	U_Dowolny: granatowa z napisem "UNIWERSYTET LSKI"	1	[{"added": {}}]	47	1
1411	2025-07-17 23:26:17.806859+02	28	UP_Lublin_Dowolny: szmaragdowa	1	[{"added": {}}]	47	1
1412	2025-07-17 23:26:31.679124+02	29	XXX_XXX: Nie wiem	1	[{"added": {}}]	47	1
1413	2025-07-17 23:26:47.195364+02	30	XXX_XXX: Nie dotyczy	1	[{"added": {}}]	47	1
1414	2025-07-17 23:27:15.956707+02	31	XXX_Niemcy_XXX: niebieska	1	[{"added": {}}]	47	1
1415	2025-07-17 23:27:19.650074+02	32	XXX_Niemcy_XXX: niebieska	1	[{"added": {}}]	47	1
1416	2025-07-17 23:27:21.230976+02	32	XXX_Niemcy_XXX: niebieska	2	[]	47	1
1417	2025-07-17 23:27:44.843477+02	33	UJ_WFarm: bordowa z granatowym otokiem	1	[{"added": {}}]	47	1
1418	2025-07-17 23:27:57.961151+02	34	UJ_WB: zielona	1	[{"added": {}}]	47	1
1419	2025-07-17 23:28:15.402891+02	35	UJ_MISH: srebrna z granatowym otokiem	1	[{"added": {}}]	47	1
1420	2025-07-17 23:30:24.996218+02	37	SWPS_Kra: Nie wiem (XXX)	1	[{"added": {}}]	45	1
1421	2025-07-17 23:30:46.946121+02	36	SWPS_Kra_XXX: zielona z bordowym otokiem	1	[{"added": {}}]	47	1
1422	2025-07-18 00:26:27.332459+02	1	Inny	1	[{"added": {}}]	49	1
1423	2025-07-18 00:27:20.928271+02	2	Nie wiem - Inny, XXX	1	[{"added": {}}]	48	1
1424	2025-07-18 00:29:11.00013+02	2	Uczelnia	1	[{"added": {}}]	49	1
1425	2025-07-18 00:29:15.381591+02	3	Wydzia Historyczny UJ - Uczelnia, ul. Gobia 24, Krakw, Polska	1	[{"added": {}}]	48	1
1426	2025-07-18 00:29:35.941415+02	4	CMUJ - Uczelnia, w. Anny 12, Krakw, Polska	1	[{"added": {}}]	48	1
1427	2025-07-18 00:30:04.291611+02	3	Obiekt kultury	1	[{"added": {}}]	49	1
1428	2025-07-18 00:30:07.119218+02	5	Grb krlowej Jadwigi - Obiekt kultury, Katedra Wawelska, Krakw, Polska	1	[{"added": {}}]	48	1
1429	2025-07-18 00:30:33.426539+02	6	Auditorium Maximum UJ - Uczelnia, Krupnicza 33, Krakw, Polska	1	[{"added": {}}]	48	1
1430	2025-07-18 08:55:38.460673+02	7	Collegium Maius - Uczelnia, Jagielloska 15, Krakw, Polska	1	[{"added": {}}]	48	1
1431	2025-07-18 08:56:30.713157+02	8	Collegium Novum - Uczelnia, Gobia 24, Krakw, Polska	1	[{"added": {}}]	48	1
1432	2025-07-18 08:56:59.705552+02	4	Pub/Klub	1	[{"added": {}}]	49	1
1433	2025-07-18 08:57:11.735063+02	9	Klub Studencki Nawojka - Pub/Klub, Wadysawa Reymonta 11, Krakw, Polska	1	[{"added": {}}]	48	1
1434	2025-07-18 08:57:34.385235+02	10	Shot Pub - Pub/Klub, Szpitalna 5, Krakw, Polska	1	[{"added": {}}]	48	1
1435	2025-07-18 08:57:58.188598+02	11	Klub Buda - Pub/Klub, Czapskich 2, Krakw, Polska	1	[{"added": {}}]	48	1
1436	2025-07-18 08:58:31.234285+02	12	Collegium Iuridicum UJ - Uczelnia, Grodzka 53, Krakw, Polska	1	[{"added": {}}]	48	1
1437	2025-07-18 08:59:58.479017+02	5	Miasto	1	[{"added": {}}]	49	1
1438	2025-07-18 09:00:01.654811+02	13	Wrocaw - Miasto, Wrocaw, Polska	1	[{"added": {}}]	48	1
1439	2025-07-18 09:00:24.1393+02	6	Auditorium Maximum UJ - Uczelnia, Krupnicza 33, 31-123 Krakw	2	[{"changed": {"fields": ["Adres"]}}]	48	1
1440	2025-07-18 09:00:53.262331+02	4	CMUJ - Uczelnia, witej Anny 12, 31-008 Krakw	2	[{"changed": {"fields": ["Adres"]}}]	48	1
1441	2025-07-18 09:01:14.700854+02	12	Collegium Iuridicum UJ - Uczelnia, Grodzka 53, 33-332 Krakw	2	[{"changed": {"fields": ["Adres"]}}]	48	1
1442	2025-07-18 09:01:38.027197+02	7	Collegium Maius - Uczelnia, Jagielloska 15, 31-010 Krakw	2	[{"changed": {"fields": ["Adres"]}}]	48	1
1443	2025-07-18 09:02:14.25832+02	8	Collegium Novum UJ - Uczelnia, Gobia 24, 31-007 Krakw	2	[{"changed": {"fields": ["Nazwa", "Adres"]}}]	48	1
1444	2025-07-18 09:02:22.40628+02	7	Collegium Maius UJ - Uczelnia, Jagielloska 15, 31-010 Krakw	2	[{"changed": {"fields": ["Nazwa"]}}]	48	1
1445	2025-07-18 09:03:45.270009+02	5	Grb krlowej Jadwigi - Obiekt kultury, Katedra Wawelska, 31-001 Krakw	2	[{"changed": {"fields": ["Adres"]}}]	48	1
1446	2025-07-18 09:04:15.441746+02	11	Klub Buda - Pub/Klub, Czapskich 2, 31-110 Krakw	2	[{"changed": {"fields": ["Adres"]}}]	48	1
1447	2025-07-18 09:04:37.513409+02	9	Klub Studencki Nawojka - Pub/Klub, Wadysawa Reymonta 11, 30-059 Krakw	2	[{"changed": {"fields": ["Adres"]}}]	48	1
1448	2025-07-18 09:05:09.029519+02	10	Shot Pub - Pub/Klub, Szpitalna, 30-962 Krakw	2	[{"changed": {"fields": ["Adres"]}}]	48	1
1449	2025-07-18 09:16:47.284343+02	3	Wydzia Historyczny UJ - Uczelnia, ul. Gobia 24, 31-007 Krakw	2	[{"changed": {"fields": ["Adres"]}}]	48	1
1450	2025-07-18 09:17:59.107444+02	14	Kopiec Kociuszki - Obiekt kultury, al. Waszyngtona 1, 30-204 Krakw	1	[{"added": {}}]	48	1
1451	2025-07-18 09:18:41.964998+02	15	Gobnik - Uczelnia, Gobia 16, 31-007 Krakw	1	[{"added": {}}]	48	1
1452	2025-07-18 09:19:40.32704+02	16	Klub Studencki "aczek" - Pub/Klub, al. 3 Maja 5, 30-063 Krakw	1	[{"added": {}}]	48	1
1453	2025-07-18 09:20:34.826182+02	17	Krakw - Miasto, Krakw, Polska	1	[{"added": {}}]	48	1
1454	2025-07-18 09:21:21.197836+02	18	Bolonia - Miasto, Bologna, Wochy	1	[{"added": {}}]	48	1
1455	2025-07-18 09:26:08.751269+02	6	Park	1	[{"added": {}}]	49	1
1456	2025-07-18 09:26:11.123284+02	19	Giardini di via Filippo Re - Park, Via Filippo Re, 40126 Bologna BO, Wochy	1	[{"added": {}}]	48	1
1457	2025-07-18 09:26:35.459964+02	20	Palazzo d'Accursio - Obiekt kultury, Piazza Maggiore, 6, 40121 Bologna BO, Wochy	1	[{"added": {}}]	48	1
1458	2025-07-18 09:27:11.120116+02	7	Lokum	1	[{"added": {}}]	49	1
1459	2025-07-18 09:27:13.928527+02	21	Spawner Wochw - Lokum, Via delle Moline, 7, 40126 Bologna BO, Wochy	1	[{"added": {}}]	48	1
1460	2025-07-18 09:27:41.588142+02	22	MEUS - Obiekt kultury, Via Zamboni, 33, 40126 Bologna BO, Wochy	1	[{"added": {}}]	48	1
1461	2025-07-18 09:28:10.605148+02	8	Restauracja	1	[{"added": {}}]	49	1
1462	2025-07-18 09:28:13.024815+02	23	Pizza Casa - Restauracja, Via S. Vitale, 45/A, 40125 Bologna BO, Wochy	1	[{"added": {}}]	48	1
1463	2025-07-18 09:28:34.921279+02	24	Pizza Gingio - Restauracja, Via Rizzoli, 40a, 40126 Bologna BO, Wochy	1	[{"added": {}}]	48	1
1464	2025-07-18 09:29:09.818391+02	25	Centrum Dydaktyczno Kongresowe - Uczelnia, witego azarza 16, 31-530 Krakw	1	[{"added": {}}]	48	1
1465	2025-07-18 09:29:44.192339+02	9	Plac	1	[{"added": {}}]	49	1
1466	2025-07-18 09:29:46.397627+02	26	Piazza Maggiore - Plac, Piazza Maggiore, 40124 Bologna BO, Wochy	1	[{"added": {}}]	48	1
1467	2025-07-18 09:30:35.965123+02	10	Obiekt kultu	1	[{"added": {}}]	49	1
1468	2025-07-18 09:30:39.422453+02	27	Bazylika w. Petroniusza - Obiekt kultu, Piazza Maggiore, 40124 Bologna BO, Wochy	1	[{"added": {}}]	48	1
1469	2025-07-18 09:31:22.047461+02	11	Bar	1	[{"added": {}}]	49	1
1470	2025-07-18 09:31:27.023527+02	28	Bar Birroteca Lupulus - Bar, Via Giuseppe Petroni, 7a, 40126 Bologna BO, Wochy	1	[{"added": {}}]	48	1
1471	2025-07-18 09:32:02.720618+02	29	W dupie - Inny, Chyba wiesz, gdzie masz dup	1	[{"added": {}}]	48	1
1472	2025-07-18 09:34:18.440553+02	30	Piazza Vittorio Puntoni - Plac, 40126 Bolonia, Wochy	1	[{"added": {}}]	48	1
1473	2025-07-18 09:34:42.575348+02	12	Lotnisko	1	[{"added": {}}]	49	1
1474	2025-07-18 09:34:44.685627+02	31	Port Lotniczy Bolonia - Lotnisko, Via del Triumvirato, 84, 40132 Bologna BO, Wochy	1	[{"added": {}}]	48	1
1475	2025-07-18 09:35:37.844608+02	13	Szlak	1	[{"added": {}}]	49	1
1476	2025-07-18 09:35:44.336098+02	32	Krakowski Szlak Generaa Bema - Szlak, powiat krakowski, Polska	1	[{"added": {}}]	48	1
1477	2025-07-18 09:36:38.381962+02	30	Piazza Vittorio Puntoni - Plac, 40126 Bologna BO, Wochy	2	[{"changed": {"fields": ["Adres"]}}]	48	1
1478	2025-07-18 11:39:52.74732+02	9	Shot Pub - Pub/Klub, Szpitalna, 30-962 Krakw	2	[{"changed": {"fields": ["Zamkni\\u0119te na sta\\u0142e"]}}]	48	1
1479	2025-07-18 11:41:08.445788+02	14	Bar mleczny	1	[{"added": {}}]	49	1
1480	2025-07-18 11:41:18.486436+02	15	Dworzec	1	[{"added": {}}]	49	1
1481	2025-07-18 11:41:28.78454+02	16	Bar karaoke	1	[{"added": {}}]	49	1
1482	2025-07-18 11:41:33.206861+02	17	Kino	1	[{"added": {}}]	49	1
1483	2025-07-18 11:41:43.986445+02	18	Schronisko	1	[{"added": {}}]	49	1
1484	2025-07-18 11:41:47.918219+02	19	Teatr	1	[{"added": {}}]	49	1
1485	2025-07-18 11:41:53.980056+02	20	Szczyt	1	[{"added": {}}]	49	1
1486	2025-07-18 11:53:11.629213+02	5	Belgia	1	[{"added": {}}]	46	1
1487	2025-07-18 11:53:16.76629+02	6	Dania	1	[{"added": {}}]	46	1
1488	2025-07-18 11:53:20.804579+02	7	Finlandia	1	[{"added": {}}]	46	1
1489	2025-07-18 11:53:24.337836+02	8	Francja	1	[{"added": {}}]	46	1
1490	2025-07-18 11:53:30.648855+02	9	Norwegia	1	[{"added": {}}]	46	1
1491	2025-07-18 11:53:42.371859+02	10	Szwecja	1	[{"added": {}}]	46	1
1492	2025-07-18 11:53:51.471848+02	11	Wochy	1	[{"added": {}}]	46	1
1493	2025-07-18 12:03:14.464488+02	3	ITA Monte Christo Balla	3		31	1
1494	2025-07-18 12:05:22.431289+02	4	None Balla Monte Christo	1	[{"added": {}}]	31	1
1495	2025-07-18 12:24:08.064916+02	4	Wochy Balla Monte Christo	2	[{"changed": {"fields": ["Kraj pochodzenia"]}}]	31	1
1496	2025-07-18 12:41:04.966707+02	1	Calotte	1	[{"added": {}}]	50	1
1497	2025-07-18 12:41:36.273356+02	2	Czapka	1	[{"added": {}}]	50	1
1498	2025-07-18 12:52:57.455111+02	1	Calotte	2	[]	50	1
1499	2025-07-18 12:53:20.512899+02	2	Czapka	2	[]	50	1
1500	2025-07-18 12:53:43.153457+02	3	Faluch	1	[{"added": {}}]	50	1
1501	2025-07-18 12:54:18.942198+02	4	Feluca	1	[{"added": {}}]	50	1
1502	2025-07-18 12:54:31.464244+02	4	Feluca	2	[{"changed": {"fields": ["Od czego zale\\u017cy kolor"]}}]	50	1
1503	2025-07-18 13:04:02.671595+02	4	Wochy Balla Monte Christo	3		31	1
1504	2025-07-18 10:45:57.685973+02	1	Belgowie: Belgia	1	[{"added": {}}]	51	1
1505	2025-07-18 10:46:29.077635+02	2	Polskie: Polska	1	[{"added": {}}]	51	1
1506	2025-07-18 10:47:00.468289+02	3	Faluszardzi: Belgia, Francja	1	[{"added": {}}]	51	1
1507	2025-07-18 10:47:28.648845+02	12	Hiszpania	1	[{"added": {}}]	46	1
1508	2025-07-18 10:47:41.067423+02	4	Goliardzi: Hiszpania, Wochy	1	[{"added": {}}]	51	1
1509	2025-07-18 10:48:15.481726+02	5	Korporacje studenckie: Niemcy, Polska	1	[{"added": {}}]	51	1
1510	2025-07-18 10:49:35.079768+02	5	Polska Bractwo Czapki Studenckiej UJ	1	[{"added": {}}]	31	1
1511	2025-07-18 10:50:44.390821+02	6	Polska: Bractwo Czapki Studenckiej Animus	1	[{"added": {}}]	31	1
1512	2025-07-18 16:06:44.121258+02	1	Wymienianie si pinsami	3		29	1
1609	2025-07-21 15:58:45.960001+02	18	Wybory	1	[{"added": {}}]	70	1
1630	2025-07-21 16:57:02.737996+02	9	2025-05-14: Karczma "Czapkowa Karczma Karnawaowa"	2	[{"changed": {"fields": ["Typ wydarzenia"]}}]	19	1
1651	2025-07-21 17:06:52.503129+02	24	2010-04-28: Wykad/Prelekcja "Prelekcja Roberto o folklorze studenckim"	2	[{"changed": {"fields": ["Nazwa", "Typ wydarzenia"]}}]	19	1
1671	2025-07-21 21:17:01.234346+02	21	Piwnica	1	[{"added": {}}]	49	1
1690	2025-07-21 22:19:40.202711+02	15	Klub Studencki "aczek" - Pub/Klub, al. 3 Maja 5, 30-063 Krakw, Polska	2	[{"changed": {"fields": ["Adres"]}}]	48	1
1710	2025-07-21 23:04:58.689656+02	37	Klub Kawiarnia - Pub/Klub, XXX, Krakw, Polska	1	[{"added": {}}]	48	1
1729	2025-07-21 23:36:26.544892+02	42	2011-10-01: Reaktywacja "Czapka Reactivation Party 2"	2	[{"added": {"name": "Zdarzenie", "object": "2011-10-01 - Poch\\u00f3d z Collegium Maius (Reaktywacja \\"Czapka Reactivation Party 2\\")"}}, {"added": {"name": "Zdarzenie", "object": "2011-10-01 - Obiad w Koko (Reaktywacja \\"Czapka Reactivation Party 2\\")"}}, {"changed": {"name": "Zdarzenie", "object": "2011-10-01 - Polish beer and honey wine degustation (Reaktywacja \\"Czapka Reactivation Party 2\\")", "fields": ["Miejsce"]}}]	19	1
1748	2025-07-22 02:13:28.494504+02	48	2011-10-20: Ostry Dyur "Ostry Dyur Czapkowy"	1	[{"added": {}}]	19	1
1767	2025-07-22 02:55:51.059305+02	57	2011-11-17: piewanie "Wsplne piewanie piosenek rajdowych z prof. Czerwiskim, organizatorem rajdw Eskulapw"	2	[{"changed": {"fields": ["Uczestnicy wydarzenia"]}}]	19	1
1785	2025-07-22 03:12:08.819771+02	66	2012-02-08 - 2012-02-12: Wyjazd zagraniczny "Wyjazd do Belgii"	2	[{"changed": {"fields": ["Typ wydarzenia"]}}]	19	1
1803	2025-07-22 03:34:43.45701+02	73	2012-03-16: Idy Marcowe "Idy Marcowe"	1	[{"added": {}}]	19	1
1821	2025-07-22 03:54:27.403537+02	79	2012-05-16 - 2012-05-18: Juwenalia "Juwenalia"	2	[{"added": {"name": "Zdarzenie", "object": "2012-05-17 - Impreza CIBA (Juwenalia \\"Juwenalia\\")"}}, {"added": {"name": "Zdarzenie", "object": "2012-05-18 - Korow\\u00f3d juwenaliowy (Juwenalia \\"Juwenalia\\")"}}, {"changed": {"name": "Zdarzenie", "object": "2012-05-16 - Grill na AGHu z Belgami (Juwenalia \\"Juwenalia\\")", "fields": ["Miejsce"]}}]	19	1
1842	2025-07-22 04:10:27.574524+02	87	2012-08-03 - 2012-08-05: Wyjazd zagraniczny "Czapka na Pine Gouine 4: Rabelais"	1	[{"added": {}}]	19	1
1860	2025-07-22 04:24:09.137385+02	87	2012-08-03 - 2012-08-05: Wyjazd zagraniczny "Czapka na Pine Gouine 4: Rabelais"	2	[]	19	1
1878	2025-07-22 04:51:17.662455+02	27	Budynek	1	[{"added": {}}]	49	1
1894	2025-07-22 05:05:34.79788+02	109	2013-10-05: Konkurs "Czapka zdobywa wiat 2.0"	1	[{"added": {}}]	19	1
1910	2025-07-22 05:13:59.116328+02	116	2013-12-18: Wigilia "Karczma wigilijna BCS UJ 2013"	1	[{"added": {}}]	19	1
1926	2025-07-22 05:24:33.808321+02	125	2014-05-13 - 2014-05-17:  "Juwenalia 2014"	2	[{"changed": {"fields": ["Jednodniowe", "Data rozpocz\\u0119cia", "Data zako\\u0144czenia"]}}]	19	1
1942	2025-07-22 05:39:47.142069+02	64	Muzeum Armii Krajowej - Muzeum, Wita Stwosza 12, 31-511 Krakw, Polska	1	[{"added": {}}]	48	1
1958	2025-07-22 05:53:01.3081+02	143	2015-05-07 - 2015-05-10:  "Juwenalia 2015"	2	[{"changed": {"fields": ["Nazwa", "Jednodniowe", "Data rozpocz\\u0119cia", "Data zako\\u0144czenia", "Miejsca", "Typ wydarzenia", "Uczestnicy wydarzenia"]}}]	19	1
1975	2025-07-22 06:06:17.719978+02	152	2015-11-05:  "Piracki Ostry Dyur"	1	[{"added": {}}]	19	1
1991	2025-07-22 06:14:37.951592+02	162	2016-03-05:  "Karczma Wiosenna BCS UJ"	1	[{"added": {}}]	19	1
2006	2025-07-22 06:24:36.863939+02	171	2016-06-01:  "Czerwcowy Ostry Dyur"	1	[{"added": {}}]	19	1
2019	2025-07-22 06:42:36.43443+02	177	2016-09-30:  "Konkurs Wakacyjny"	1	[{"added": {}}]	19	1
1537	2025-07-19 19:03:13.882031+02	6	Polska: Bractwo Czapki Studenckiej Animus	2	[]	31	1
1538	2025-07-19 19:04:03.628107+02	5	Polska: Bractwo Czapki Studenckiej UJ	2	[{"changed": {"fields": ["Za\\u0142o\\u017cyciele"]}}]	31	1
2034	2025-07-22 06:50:17.848343+02	182	2016-11-19: Wyjcie do kina "Fantastyczne Czapki i jak je znale"	2	[{"changed": {"fields": ["Nazwa", "Miejsca", "Typ wydarzenia"]}}]	19	1
2064	2025-07-22 09:01:08.854914+02	193	2017-03-30: Kudacze "Marcowy Ostry Dyur II"	1	[{"added": {}}]	19	1
2077	2025-07-22 09:09:22.956224+02	77	IzoArena - Stadion, Sportowa 21, 36-040 Boguchwaa, Polska	1	[{"added": {}}]	48	1
2090	2025-07-22 09:18:41.838545+02	208	2017-10-25:  "Padziernikowy Ostry Dyur"	1	[{"added": {}}]	19	1
2102	2025-07-22 09:25:34.068446+02	219	2018-03-16 - 2018-03-18:  "Kudacze 2018"	1	[{"added": {}}]	19	1
2114	2025-07-22 09:32:45.647577+02	83	Strefa Studencka UJ - Uczelnia, witej Anny 6, 31-008 Krakw, Polska	1	[{"added": {}}]	48	1
2126	2025-07-22 09:46:49.999231+02	231	2018-06-09:  "Ognisko Przedsesyjne BCS UJ"	1	[{"added": {}}]	19	1
2137	2025-07-22 09:57:39.351914+02	235	2018-09-08: Ognisko "Walne Zgromadzenie"	1	[{"added": {}}]	19	1
2148	2025-07-22 10:04:51.314527+02	245	2018-12-15:  "Wigilia Czapkowa"	1	[{"added": {}}]	19	1
2159	2025-07-22 10:11:40.318429+02	8	Historyczny	2	[{"changed": {"fields": ["Typ wydarzenia"]}}]	70	1
2198	2025-07-22 11:02:41.2709+02	95	Skaki Twardowskiego - Teren zielony, 30-001 Krakw, Polska	1	[{"added": {}}]	48	1
2209	2025-07-22 11:11:31.236149+02	260	2019-09-24 - 2019-09-19: Inne "Martinus si broni"	1	[{"added": {}}]	19	1
2220	2025-07-22 11:24:04.034975+02	265	2019-11-22: Wykad/Prelekcja "Wykad Czapka Studencka"	1	[{"added": {}}]	19	1
2231	2025-07-22 11:30:34.21551+02	274	2020-06-30:  "Ognisko Posesyjne 2020"	1	[{"added": {}}]	19	1
2243	2025-07-22 11:37:11.240267+02	280	2020-12-28: Wieczr filmowy "Czapkowy witeczny Wieczr Filmowy: Kevin sam w domu (on-line)"	1	[{"added": {}}]	19	1
2257	2025-07-22 11:46:49.070906+02	284	2021-04-22:  "Czapkowy Wieczr Filmowy: Znachor (on-line)"	1	[{"added": {}}]	19	1
2266	2025-07-22 11:52:46.918535+02	103	Kolanko No 6 - Restauracja, Jzefa 17, 31-056 Krakw, Polska	1	[{"added": {}}]	48	1
2275	2025-07-22 11:59:31.696198+02	106	Cmentarz Remuh - Cmentarz, Szeroka 40, 31-053 Krakw, Polska	1	[{"added": {}}]	48	1
2284	2025-07-22 12:03:47.904987+02	297	2021-11-13:  "Uaskie Zdrowie"	1	[{"added": {}}]	19	1
2291	2025-07-22 12:07:40.968309+02	301	2021-11-22: Akcja "Zapytaj, Zamw, Zakadaj"	1	[{"added": {}}]	19	1
2297	2025-07-22 12:11:50.372794+02	307	2022-01-22:  "Przedsesyjny Ostry Dyur"	1	[{"added": {}}]	19	1
2329	2025-07-22 12:39:20.492564+02	324	2022-09-30:  "Karczma Reaktywacyjna"	2	[{"changed": {"fields": ["Miejsca"]}}]	19	1
2330	2025-07-22 12:39:30.854529+02	327	2022-09-30:  "Karczma Reaktywacyjna"	1	[{"added": {}}]	19	1
2331	2025-07-22 12:40:05.0877+02	328	2022-11-14: Rekrutacja "Chemiku, za czapk! Promocja na Wydziale Chemii UJ"	1	[{"added": {}}]	19	1
2332	2025-07-22 12:40:35.687392+02	329	2022-11-17:  "Karczma Jesienna"	1	[{"added": {}}]	19	1
2333	2025-07-22 12:41:02.684009+02	330	2022-12-07:  "Andrzejki BCS UJ"	1	[{"added": {}}]	19	1
2334	2025-07-22 12:41:28.475346+02	331	2022-12-17:  "Mikoajkowy Ostry Dyur"	1	[{"added": {}}]	19	1
2335	2025-07-22 12:41:54.625797+02	331	2022-12-17:  "Wigilia BCS UJ"	2	[{"changed": {"fields": ["Nazwa", "Miejsca", "Typ wydarzenia"]}}]	19	1
2336	2025-07-22 12:42:11.526037+02	330	2022-12-01:  "Andrzejki BCS UJ"	2	[{"changed": {"fields": ["Data rozpocz\\u0119cia"]}}]	19	1
2337	2025-07-22 12:42:19.975889+02	332	2022-12-17:  "Wigilia BCS UJ"	1	[{"added": {}}]	19	1
2338	2025-07-22 12:42:51.09858+02	333	2022-12-07:  "Mikoajkowy Ostry Dyur"	1	[{"added": {}}]	19	1
2339	2025-07-22 12:43:11.795072+02	334	2023-01-12:  "Noworoczny Ostry Dyur"	1	[{"added": {}}]	19	1
2340	2025-07-22 12:43:30.27731+02	335	2023-01-26:  "Przedsesyjny Ostry Dyur"	1	[{"added": {}}]	19	1
2341	2025-07-22 12:43:50.507617+02	336	2023-02-10:  "Midzysesyjny Ostry Dyur"	1	[{"added": {}}]	19	1
2342	2025-07-22 12:44:14.188792+02	337	2023-02-24:  "Posesyjny Ostry Dyur"	1	[{"added": {}}]	19	1
2343	2025-07-22 12:44:45.084553+02	338	2023-03-09:  "Przedwiosenny Ostry Dyur"	1	[{"added": {}}]	19	1
2344	2025-07-22 12:46:32.940166+02	338	2023-03-30:  "Karczma Idy Marcowe"	2	[{"changed": {"fields": ["Nazwa", "Data rozpocz\\u0119cia", "Miejsca", "Typ wydarzenia"]}}]	19	1
2347	2025-07-22 12:47:19.368705+02	339	2023-02-24:  "Posesyjny Ostry Dyur"	1	[{"added": {}}]	19	1
2348	2025-07-22 12:47:57.006789+02	339	2023-03-09:  "Przedwiosenny Ostry Dyur"	2	[{"changed": {"fields": ["Nazwa", "Data rozpocz\\u0119cia", "Miejsca"]}}]	19	1
2349	2025-07-22 12:48:13.108269+02	338	2023-03-17:  "Karczma Idy Marcowe"	2	[{"changed": {"fields": ["Data rozpocz\\u0119cia"]}}]	19	1
2350	2025-07-22 12:48:19.085722+02	340	2023-03-09:  "Przedwiosenny Ostry Dyur"	1	[{"added": {}}]	19	1
2351	2025-07-22 12:48:41.48944+02	341	2023-03-30:  "Wiosenny Ostry Dyur"	1	[{"added": {}}]	19	1
2352	2025-07-22 12:49:05.678183+02	342	2023-04-13:  "Ostry Dyur Wielkanocny"	1	[{"added": {}}]	19	1
2353	2025-07-22 12:49:29.779907+02	343	2023-05-11:  "Majowy Ostry Dyur"	1	[{"added": {}}]	19	1
2354	2025-07-22 12:50:39.03137+02	343	2023-05-18 - 2023-05-21:  "Juwenalia 2023"	2	[{"changed": {"fields": ["Nazwa", "Jednodniowe", "Data rozpocz\\u0119cia", "Data zako\\u0144czenia", "Typ wydarzenia"]}}, {"added": {"name": "Zdarzenie", "object": "2023-05-18 - Juwenaliowa Impreza Powitalna (Juwenalia \\"Juwenalia 2023\\")"}}]	19	1
2355	2025-07-22 12:51:47.328842+02	343	2023-05-18 - 2023-05-21:  "Juwenalia 2023"	2	[{"added": {"name": "Zdarzenie", "object": "2023-05-20 - CIBA Party Anio\\u0142y i Demony (Juwenalia \\"Juwenalia 2023\\")"}}, {"added": {"name": "Zdarzenie", "object": "2023-05-21 - Juwenaliowa Impreza Po\\u017cegnalna (Juwenalia \\"Juwenalia 2023\\")"}}]	19	1
2356	2025-07-22 12:51:53.914646+02	344	2023-04-13:  "Ostry Dyur Wielkanocny"	1	[{"added": {}}]	19	1
2357	2025-07-22 12:52:25.598447+02	345	2023-05-21:  "Karczma Juwenaliowa"	1	[{"added": {}}]	19	1
2358	2025-07-22 12:53:02.571706+02	346	2023-06-02:  "Czerwcowy Ostry Dyur"	1	[{"added": {}}]	19	1
2359	2025-07-22 12:54:22.773719+02	347	2023-06-02:  "Czerwcowy Ostry Dyur"	1	[{"added": {}}]	19	1
2360	2025-07-22 12:54:47.645525+02	348	2023-06-16:  "Przedsesyjny Ostry Dyur"	1	[{"added": {}}]	19	1
2361	2025-07-22 12:55:51.91992+02	110	Kamienioom Libana - Teren zielony, Za Torem 22, 33-332 Krakw, Polska	1	[{"added": {}}]	48	1
2362	2025-07-22 12:56:03.528221+02	349	2023-06-30:  "Ognisko Posesyjne"	1	[{"added": {}}]	19	1
2363	2025-07-22 12:56:59.060298+02	350	2023-09-21 - 2023-09-24:  "Adapciak BCS UJ 2023"	1	[{"added": {}}]	19	1
2364	2025-07-22 12:59:42.642169+02	350	2023-09-28 - 2023-10-01:  "Reaktywacja 2023"	2	[{"changed": {"fields": ["Nazwa", "Data rozpocz\\u0119cia", "Data zako\\u0144czenia", "Miejsca", "Czy to wyjazd?", "Typ wydarzenia"]}}, {"added": {"name": "Zdarzenie", "object": "2023-09-28 - Reaktywacyjna Impreza Powitalna (Reaktywacja \\"Reaktywacja 2023\\")"}}, {"added": {"name": "Zdarzenie", "object": "2023-09-30 - Impreza przebierana w klimacie Disco (Reaktywacja \\"Reaktywacja 2023\\")"}}, {"added": {"name": "Zdarzenie", "object": "2023-10-01 - Poch\\u00f3d profesorski (Reaktywacja \\"Reaktywacja 2023\\")"}}, {"added": {"name": "Zdarzenie", "object": "2023-10-01 - Reaktywacyjna Impreza Po\\u017cegnalna (Reaktywacja \\"Reaktywacja 2023\\")"}}]	19	1
2365	2025-07-22 12:59:49.432658+02	351	2023-06-30:  "Ognisko Posesyjne"	1	[{"added": {}}]	19	1
2366	2025-07-22 13:00:21.860759+02	352	2023-09-29:  "Karczma Reaktywacyjna"	1	[{"added": {}}]	19	1
2367	2025-07-22 13:00:52.639155+02	353	2023-10-12:  "Awaryjne Depositio Beanorum"	1	[{"added": {}}]	19	1
2368	2025-07-22 13:01:48.075703+02	354	2023-10-19: Wybory "Walne Zgromadzenie BCS UJ"	1	[{"added": {}}]	19	1
2369	2025-07-22 13:02:24.083018+02	355	2023-10-26:  "Halloweenowy Ostry Dyur"	1	[{"added": {}}]	19	1
2370	2025-07-22 13:02:59.879688+02	356	2023-11-12: Wyjcie do kina "Czapka w kinie (Chopi)"	1	[{"added": {}}]	19	1
2372	2025-07-22 13:04:16.524196+02	111	Posiadwka - Knajpa, w. Tomasza 7, 31-014 Krakw, Polska	1	[{"added": {}}]	48	1
2373	2025-07-22 13:04:35.946552+02	357	2023-11-15:  "Karczma Jesienna"	1	[{"added": {}}]	19	1
2374	2025-07-22 13:05:03.843614+02	358	2023-11-26: Wyjcie do kina "Czapka w kinie (Napoleon)"	1	[{"added": {}}]	19	1
2375	2025-07-22 13:05:38.321861+02	359	2023-11-30:  "Andrzejkowy Ostry Dyur"	1	[{"added": {}}]	19	1
2376	2025-07-22 13:06:11.565064+02	360	2023-12-03: Wyjcie do kina "Czapka w kinie (Igrzyska mierci: Ballada Ptakw i Wy)"	1	[{"added": {}}]	19	1
2377	2025-07-22 13:06:45.558203+02	361	2023-12-06:  "Mikoajkowy Ostry Dyur"	1	[{"added": {}}]	19	1
2378	2025-07-22 13:07:11.239997+02	362	2023-12-14: Wyjcie do kina "Czapka w kinie (Maestro)"	1	[{"added": {}}]	19	1
2379	2025-07-22 13:07:43.397317+02	362	2023-12-15: Wigilia "Karczma Wigilijna BCS UJ"	2	[{"changed": {"fields": ["Nazwa", "Data rozpocz\\u0119cia", "Miejsca", "Typ wydarzenia"]}}]	19	1
2380	2025-07-22 13:08:35.432559+02	351	2023-06-30:  "Ognisko Posesyjne"	3		19	1
2381	2025-07-22 13:08:35.432604+02	347	2023-06-02:  "Czerwcowy Ostry Dyur"	3		19	1
2382	2025-07-22 13:08:35.432626+02	344	2023-04-13:  "Ostry Dyur Wielkanocny"	3		19	1
2383	2025-07-22 13:08:35.432646+02	340	2023-03-09:  "Przedwiosenny Ostry Dyur"	3		19	1
2384	2025-07-22 13:08:35.432665+02	299	2021-11-13:  "Spotkanie z prof. Gajd po Uaskim Zdrowiu"	3		19	1
2385	2025-07-22 13:08:35.432687+02	296	2021-11-11: Zawody sportowe "Monika Kwater i Mateusz urek biegn w grskim Biegu Niepodlegoci ze skawiny do Mogilan"	3		19	1
2386	2025-07-22 13:08:35.432705+02	280	2020-12-28:  "Czapkowy witeczny Wieczr Filmowy: Kevin sam w domu (on-line)"	3		19	1
2387	2025-07-22 13:09:21.242262+02	229	2018-05-18:  "Midzynarodowa Karczma"	3		19	1
2388	2025-07-22 13:46:21.372185+02	1	Bractwo Czapki Studenckiej UJ	1	[{"added": {}}]	41	1
2389	2025-07-22 14:06:44.193814+02	44	Castel Gajdolfo - Dom/Mieszkanie, Zabierzw, Polska	2	[{"changed": {"fields": ["Nazwa"]}}]	48	1
2390	2025-07-22 14:15:10.160786+02	8	Pawe "Synek" Mucha - Tadeusz IV, Janie Owiecony Pawe Synek Tadeusz IV Mucha, Wielki Mistrz BCS, czonek Zarzdu KU AZS UJ, kierownik sekcji narciarsko-sportowej UJ i student pitego roku prawa	2	[{"changed": {"fields": ["Tytu\\u0142y"]}}]	58	1
2391	2025-07-23 10:33:40.142871+02	193	XXX "Spumante" 	1	[{"added": {}}]	60	1
2392	2025-07-23 19:46:00.464453+02	1	Ukaz object (1)	1	[{"added": {}}]	87	1
2393	2025-07-23 19:47:09.421378+02	1	Ukaz object (1)	2	[]	87	1
2394	2025-07-23 19:47:26.1753+02	1	Ukaz object (1)	2	[]	87	1
2395	2025-07-23 19:51:36.57663+02	1	Ukaz #000 konstytuujcy (o ukazach)	2	[{"changed": {"fields": ["Data wydania"]}}]	87	1
2396	2025-07-23 19:59:09.252938+02	1	Czonek Zwyczajny	1	[{"added": {}}]	80	1
2397	2025-07-23 19:59:23.712103+02	2	Czonek Wspierajcy	1	[{"added": {}}]	80	1
2398	2025-07-23 19:59:30.08045+02	3	Weteran	1	[{"added": {}}]	80	1
2399	2025-07-23 19:59:45.816634+02	4	Czonek Honorowy	1	[{"added": {}}]	80	1
2400	2025-07-23 20:00:01.776413+02	5	Beanus	1	[{"added": {}}]	80	1
2401	2025-07-23 20:00:24.518303+02	6	Wielki Mistrz	1	[{"added": {}}]	80	1
2402	2025-07-23 20:00:29.67632+02	7	Kasztelan	1	[{"added": {}}]	80	1
2403	2025-07-23 20:00:37.721739+02	8	Skarbnik	1	[{"added": {}}]	80	1
2404	2025-07-23 20:00:41.769987+02	9	Sekretarz	1	[{"added": {}}]	80	1
2405	2025-07-23 20:02:45.821169+02	10	Magister Cantandi	1	[{"added": {}}]	80	1
2406	2025-07-23 20:04:01.682583+02	11	Zesp	1	[{"added": {}}]	81	1
2407	2025-07-23 20:04:13.66616+02	12	Komisja Rewizyjna	1	[{"added": {}}]	81	1
2408	2025-07-23 20:04:21.252523+02	13	Zarzd	1	[{"added": {}}]	81	1
2409	2025-07-23 20:04:29.016059+02	14	Walne Zgromadzenie	1	[{"added": {}}]	81	1
2410	2025-07-23 20:04:38.109335+02	15	Walne Zgromadzenie	1	[{"added": {}}]	81	1
2411	2025-07-23 20:04:48.06495+02	15	Nadzwyczajne Walne Zgromadzenie	2	[{"changed": {"fields": ["Nazwa"]}}]	81	1
2412	2025-07-23 20:05:23.377621+02	16	Wszyscy	1	[{"added": {}}]	78	1
2413	2025-07-23 20:06:28.284953+02	1	RelacjaPrawna object (1)	1	[{"added": {}}]	83	1
2414	2025-07-23 20:11:24.625847+02	1	Prawo dostpu do dotyczcych go urzdowych dokumentw i zbiorw danych	2	[{"changed": {"fields": ["Dokument"]}}]	83	1
2415	2025-07-23 20:12:37.922518+02	1	Prawo dostpu do dotyczcych go urzdowych dokumentw i zbiorw danych	2	[]	83	1
2416	2025-07-23 20:43:02.628892+02	1	Prawo dostpu do dotyczcych go urzdowych dokumentw i zbiorw danych	2	[]	83	1
2417	2025-07-23 21:34:28.098582+02	3	Zobowizanie o jawnoci informacji i umoliwienia czonkom Bractwa zapoznawania si z aktualnymi wydarzeniami i postanowieniami Zarzdu	1	[{"added": {}}]	83	1
2418	2025-07-23 21:35:23.373841+02	1	Prawo dostpu do dotyczcych go urzdowych dokumentw i zbiorw danych	2	[{"changed": {"fields": ["Tre\\u015b\\u0107"]}}]	83	1
2419	2025-07-23 21:36:07.286281+02	3	Obowizek umoliwienia czonkom Bractwa zapoznawania si z aktualnymi wydarzeniami i postanowieniami Zarzdu	2	[{"changed": {"fields": ["Tre\\u015b\\u0107"]}}]	83	1
2420	2025-07-23 21:40:20.914092+02	3	Obowizek umoliwienia czonkom Bractwa zapoznawania si z aktualnymi wydarzeniami i postanowieniami Zarzdu	2	[]	83	1
2421	2025-07-23 21:41:06.988823+02	4	Obowizek obwieszczania postanowie w formie Ukazw - PRZEDAWNIONE	1	[{"added": {}}]	83	1
2422	2025-07-23 22:03:23.73136+02	45	Nadzwyczajne Walne	1	[{"added": {}}]	74	1
2423	2025-07-23 22:36:34.553235+02	4	None: None "Domylne"	1	[{"added": {}}]	89	1
2424	2025-07-24 12:14:38.277802+02	16	None: a ";"	3		89	1
2425	2025-07-24 12:14:38.277859+02	1	None: a "a"	3		89	1
2426	2025-07-24 12:14:38.277885+02	3	None: a "d"	3		89	1
2427	2025-07-24 12:14:38.277908+02	11	None: a "e"	3		89	1
2428	2025-07-24 12:14:38.277929+02	5	None: a "f"	3		89	1
2429	2025-07-24 12:14:38.277952+02	7	None: a "g"	3		89	1
2430	2025-07-24 12:14:38.277974+02	13	None: a "h"	3		89	1
2431	2025-07-24 12:14:38.277996+02	12	None: a "i"	3		89	1
2432	2025-07-24 12:14:38.278019+02	14	None: a "k"	3		89	1
2433	2025-07-24 12:14:38.27804+02	8	None: a "m"	3		89	1
2434	2025-07-24 12:14:38.278062+02	10	None: a "n"	3		89	1
2435	2025-07-24 12:14:38.278084+02	17	None: None "p"	3		89	1
2436	2025-07-24 12:14:38.278106+02	4	None: a "s"	3		89	1
2437	2025-07-24 12:14:38.278133+02	6	None: a "t"	3		89	1
2438	2025-07-24 12:14:38.278154+02	9	None: a "u"	3		89	1
2439	2025-07-24 12:14:38.278175+02	15	None: a "y"	3		89	1
2440	2025-07-24 12:14:38.278197+02	2	None: a "z"	3		89	1
2441	2025-07-24 12:34:52.632916+02	1	None/None	1	[{"added": {}}]	90	1
2442	2025-07-24 12:39:15.686741+02	16	None: a ";"	3		89	1
2443	2025-07-24 12:39:15.686772+02	1	None: a "a"	3		89	1
2444	2025-07-24 12:39:15.686786+02	3	None: a "d"	3		89	1
2445	2025-07-24 12:39:15.686798+02	11	None: a "e"	3		89	1
2446	2025-07-24 12:39:15.686809+02	5	None: a "f"	3		89	1
2447	2025-07-24 12:39:15.686818+02	7	None: a "g"	3		89	1
2448	2025-07-24 12:39:15.686828+02	13	None: a "h"	3		89	1
2449	2025-07-24 12:39:15.686838+02	12	None: a "i"	3		89	1
2450	2025-07-24 12:39:15.686848+02	14	None: a "k"	3		89	1
2451	2025-07-24 12:39:15.686858+02	8	None: a "m"	3		89	1
2452	2025-07-24 12:39:15.686868+02	10	None: a "n"	3		89	1
2453	2025-07-24 12:39:15.686877+02	17	None: None "p"	3		89	1
2454	2025-07-24 12:39:15.686887+02	4	None: a "s"	3		89	1
2455	2025-07-24 12:39:15.686896+02	6	None: a "t"	3		89	1
2456	2025-07-24 12:39:15.686905+02	9	None: a "u"	3		89	1
2457	2025-07-24 12:39:15.686914+02	15	None: a "y"	3		89	1
2458	2025-07-24 12:39:15.686924+02	2	None: a "z"	3		89	1
2459	2025-07-24 12:40:26.973234+02	1	Walne Zgromadzenie	2	[{"changed": {"fields": ["Typ wydarzenia historycznego"]}}]	88	1
2478	2025-07-24 18:33:52.542035+02	3	Wybory	3		88	1
2460	2025-07-24 12:40:58.059639+02	2	Nadzwyczajne Walne Zgromadzenie	1	[{"added": {}}]	88	1
2461	2025-07-24 12:41:05.184279+02	3	Wybory	1	[{"added": {}}]	88	1
2462	2025-07-24 12:41:26.34178+02	4	Precedensowa forma spotkania	1	[{"added": {}}]	88	1
2463	2025-07-24 12:41:44.370522+02	5	Inne	1	[{"added": {}}]	88	1
2464	2025-07-24 12:44:24.320591+02	5	2012-01-15: Wybory "Wybory 2011/2012"	1	[{"added": {}}]	89	1
2465	2025-07-24 12:46:10.272864+02	6	2012-01-15:  "Wybory 2011/2012"	1	[{"added": {}}]	89	1
2466	2025-07-24 12:48:38.884173+02	7	2012-01-15: Wybory "Pierwsza prba wyborw w 2012"	1	[{"added": {}}]	89	1
2467	2025-07-24 12:49:51.965103+02	6	2012-01-15:  "Wybory 2011/2012"	3		89	1
2468	2025-07-24 12:50:26.335381+02	5	2012-01-15:  "Wybory 2011/2012"	2	[{"changed": {"fields": ["Opis"]}}]	89	1
2469	2025-07-24 12:52:18.05525+02	7	2012-03-04:  "Wybory reszty Zarzdu"	2	[{"changed": {"fields": ["Nazwa", "Data", "Opis"]}}]	89	1
2470	2025-07-24 12:52:51.024421+02	5	2012-01-15:  "Wybory Wielkiego Mistrza"	2	[{"changed": {"fields": ["Nazwa", "Opis"]}}]	89	1
2471	2025-07-24 12:54:14.537671+02	8	2012-10-03:  "Wybory 2012/2013"	1	[{"added": {}}]	89	1
2472	2025-07-24 13:57:04.097218+02	8	2012-10-03:  "Wybory 2012/2013"	2	[{"changed": {"fields": ["Powi\\u0105zane wydarzenie z kalendarza"]}}]	89	1
2473	2025-07-24 14:06:06.50564+02	8	2012-10-03:  "Wybory 2012/2013"	2	[{"changed": {"fields": ["Powi\\u0105zane wydarzenie z kalendarza"]}}]	89	1
2474	2025-07-24 14:16:22.884331+02	8	2012-10-03:  "Wybory 2012/2013"	2	[]	89	1
2475	2025-07-24 14:16:58.069393+02	8	2012-10-03:  "Wybory 2012/2013"	2	[]	89	1
2476	2025-07-24 14:42:30.314366+02	8	2012-10-03:  "Wybory 2012/2013"	2	[{"changed": {"fields": ["Powi\\u0105zane wydarzenie z kalendarza"]}}]	89	1
2477	2025-07-24 18:32:07.561343+02	1	Ukaz #000 konstytuujcy (o ukazach) - 2015-10-27	2	[{"changed": {"fields": ["Streszczenie"]}}]	87	1
2479	2025-07-24 18:34:22.79472+02	8	2012-10-03: Walne Zgromadzenie "Wybory 2012/2013"	2	[{"changed": {"fields": ["Typ wydarzenia historycznego"]}}]	89	1
2480	2025-07-24 18:34:31.506491+02	7	2012-03-04: Walne Zgromadzenie "Wybory reszty Zarzdu"	2	[{"changed": {"fields": ["Typ wydarzenia historycznego"]}}]	89	1
2481	2025-07-24 18:34:38.621402+02	5	2012-01-15: Walne Zgromadzenie "Wybory Wielkiego Mistrza"	2	[{"changed": {"fields": ["Typ wydarzenia historycznego"]}}]	89	1
2482	2025-07-24 18:42:26.852132+02	2	Ukaz #001 o Kalendarzu - 2015-10-27	1	[{"added": {}}]	87	1
2483	2025-07-24 18:42:40.514662+02	3	Ukaz #001 o Kalendarzu - 2015-10-27	1	[{"added": {}}]	87	1
2484	2025-07-24 18:50:12.387694+02	4	Ukaz #002 o Konsulu - 2015-10-27	1	[{"added": {}}]	87	1
2485	2025-07-24 18:51:02.62878+02	17	Konsul BCS UJ za granic RP	1	[{"added": {}}]	80	1
2486	2025-07-24 18:53:21.818309+02	17	Konsul BCS UJ za granic RP	2	[{"changed": {"fields": ["Aktualne"]}}]	80	1
2487	2025-07-24 18:56:07.081343+02	18	Prezydium - NIEAKTUALNE	1	[{"added": {}}]	81	1
2488	2025-07-24 18:56:34.832147+02	19	Reprezentant Wydziau - NIEAKTUALNE	1	[{"added": {}}]	80	1
2489	2025-07-24 19:47:16.672858+02	1	Fiat!	1	[{"added": {}}]	91	1
2490	2025-07-26 21:38:57.725381+02	4	Ukaz #002 o Konsulu - 2015-10-27	3		87	1
2491	2025-07-26 21:38:57.725425+02	3	Ukaz #001 o Kalendarzu - 2015-10-27	3		87	1
2492	2025-07-26 21:38:57.725443+02	2	Ukaz #001 o Kalendarzu - 2015-10-27	3		87	1
2493	2025-07-26 21:38:57.725458+02	1	Ukaz #000 konstytuujcy (o ukazach) - 2015-10-27	3		87	1
2494	2025-07-27 12:56:26.760783+02	16	Amelia "Emalia" Boufenghour	2	[{"changed": {"fields": ["Depositio beanorum"]}}]	60	1
2495	2025-07-27 12:56:51.784235+02	25	Artur "Dar Szczecina" Czajkowski	2	[{"changed": {"fields": ["Depositio beanorum"]}}]	60	1
2496	2025-07-27 12:57:09.527303+02	30	Bartomiej "Kucharz" Olajossy	2	[{"changed": {"fields": ["Depositio beanorum"]}}]	60	1
2497	2025-07-27 12:57:32.378304+02	47	Dorota "Wapanna/Doris" Droyska	2	[{"changed": {"fields": ["Depositio beanorum"]}}]	60	1
2498	2025-07-27 12:57:50.706036+02	108	Mateusz "Sutan" Suek	2	[{"changed": {"fields": ["Depositio beanorum"]}}]	60	1
2499	2025-07-27 12:58:03.455744+02	113	Micha "I Sekretarz PZPR towarzysz Wadysaw Gomuka, ps. Wiesaw/Gomu" Gumuka	2	[{"changed": {"fields": ["Depositio beanorum"]}}]	60	1
2500	2025-07-27 12:58:49.980328+02	117	Monika "Monia" Gralik	2	[{"changed": {"fields": ["Depositio beanorum"]}}]	60	1
2501	2025-07-27 12:59:07.561363+02	125	Patrycja "Chat" Karauda	2	[{"changed": {"fields": ["Depositio beanorum"]}}]	60	1
2502	2025-07-27 13:00:14.661563+02	1	Adrianna "Adrenalina/Chupa Chups" Kapelak	2	[{"changed": {"fields": ["Depositio beanorum"]}}]	60	1
2503	2025-07-27 13:00:31.620954+02	59	Jakub "Ada z penisem" Kornacki	2	[{"changed": {"fields": ["Depositio beanorum"]}}]	60	1
2504	2025-07-27 13:01:16.191193+02	64	John "Jasiek" Graff-Warburton	2	[{"changed": {"fields": ["Depositio beanorum"]}}]	60	1
2505	2025-07-27 13:01:24.194957+02	77	Katarzyna Marek	2	[{"changed": {"fields": ["Depositio beanorum"]}}]	60	1
2506	2025-07-27 13:01:32.100461+02	130	Paulina "Kozioek" Kozio	2	[{"changed": {"fields": ["Depositio beanorum"]}}]	60	1
2507	2025-07-27 13:01:59.108956+02	94	Maciej "Mmm..." Lisowski	2	[{"changed": {"fields": ["Depositio beanorum"]}}]	60	1
2508	2025-07-27 13:02:07.881992+02	120	Natalia "Szynka" Ciesielska (Olajossy)	2	[{"changed": {"fields": ["Depositio beanorum"]}}]	60	1
2509	2025-07-27 13:02:58.866795+02	114	Micha "nity Cwel Kasper" Kasperek	2	[{"changed": {"fields": ["Depositio beanorum"]}}]	60	1
2510	2025-07-27 13:03:08.748398+02	127	Patrycja "Hrabina" Szaniawska	2	[{"changed": {"fields": ["Depositio beanorum"]}}]	60	1
2511	2025-07-27 13:03:15.922174+02	155	Wiktor "Prawnik" Sobol	2	[{"changed": {"fields": ["Depositio beanorum"]}}]	60	1
2512	2025-07-27 13:03:43.72687+02	110	Mateusz "Kotlet" urek	2	[{"changed": {"fields": ["Depositio beanorum"]}}]	60	1
2513	2025-07-27 13:04:15.38457+02	72	Karolina "Bezimienna" Kania	2	[{"changed": {"fields": ["Depositio beanorum"]}}]	60	1
2514	2025-07-27 13:04:31.59561+02	121	Natalia "Lis" Lisowska	2	[{"changed": {"fields": ["Depositio beanorum"]}}]	60	1
2515	2025-07-27 13:04:53.954356+02	29	Bartomiej "Nobod" Grzeszykowski	2	[{"changed": {"fields": ["Depositio beanorum"]}}]	60	1
2516	2025-07-27 13:05:11.760418+02	37	Baej "Szanciarz" Haat	2	[{"changed": {"fields": ["Depositio beanorum"]}}]	60	1
2517	2025-07-27 13:05:31.563247+02	102	Marceli "Ksiciunio" Mart-akomy	2	[{"changed": {"fields": ["Depositio beanorum"]}}]	60	1
2518	2025-07-27 13:05:47.735452+02	116	Micha "Cukier/Maolata" Malata	2	[{"changed": {"fields": ["Depositio beanorum"]}}]	60	1
2519	2025-07-27 13:32:56.793735+02	2	2010/2011	1	[{"added": {}}]	90	1
2520	2025-07-27 13:33:05.070336+02	3	2011/2012	1	[{"added": {}}]	90	1
2521	2025-07-27 13:33:11.66137+02	4	2012/2013	1	[{"added": {}}]	90	1
2522	2025-07-27 13:33:15.8076+02	5	2013/2014	1	[{"added": {}}]	90	1
2523	2025-07-27 13:33:19.360338+02	6	2014/2015	1	[{"added": {}}]	90	1
2524	2025-07-27 13:33:23.457568+02	7	2015/2016	1	[{"added": {}}]	90	1
2525	2025-07-27 13:33:27.374325+02	8	2016/2017	1	[{"added": {}}]	90	1
2526	2025-07-27 13:33:31.529775+02	9	2017/2018	1	[{"added": {}}]	90	1
2527	2025-07-27 13:33:35.236364+02	10	2018/2019	1	[{"added": {}}]	90	1
2528	2025-07-27 13:33:38.965957+02	11	2019/2020	1	[{"added": {}}]	90	1
2529	2025-07-27 13:33:42.826504+02	12	2020/2021	1	[{"added": {}}]	90	1
2530	2025-07-27 13:33:49.981228+02	13	2021/2022	1	[{"added": {}}]	90	1
2531	2025-07-27 13:33:54.527309+02	14	2022/2023	1	[{"added": {}}]	90	1
2532	2025-07-27 13:33:59.658568+02	15	2023/2024	1	[{"added": {}}]	90	1
2533	2025-07-27 13:34:05.682951+02	16	2024/2025	1	[{"added": {}}]	90	1
2534	2025-07-27 13:35:52.807367+02	1	Dawny Zarzd 2009/2010 - WM Tadeusz "Kumdo/Tadek" Hessel - Tadeusz I	2	[{"changed": {"fields": ["Kadencja"]}}]	62	1
2535	2025-07-27 13:36:01.404157+02	2	Dawny Zarzd 2010/2011 - WM Tadeusz "Kumdo/Tadek" Hessel - Tadeusz I	2	[{"changed": {"fields": ["Kadencja"]}}]	62	1
2536	2025-07-27 13:43:35.540725+02	16	Zarzd 2011/2012 - WM Magdalena "Kasztanka" Brilha - Tadeusz II	2	[{"changed": {"fields": ["Kadencja"]}}]	59	1
2537	2025-07-27 13:43:44.287203+02	17	Zarzd 2012/2013 - WM Magdalena "Kasztanka" Brilha - Tadeusz II	2	[{"changed": {"fields": ["Kadencja"]}}]	59	1
2538	2025-07-27 13:44:03.609114+02	19	Zarzd 2013/2014 - WM Magdalena "Kasztanka" Brilha - Tadeusz II	2	[{"changed": {"fields": ["Kadencja"]}}]	59	1
2539	2025-07-27 13:44:14.863715+02	20	Zarzd 2014/2015 - WM Grayna "Malina" Malinowska - Tadeusz III	2	[{"changed": {"fields": ["Kadencja"]}}]	59	1
2540	2025-07-27 13:44:26.158236+02	21	Zarzd 2015/2016 - WM Pawe "Synek" Mucha - Tadeusz IV, Janie Owiecony Pawe Synek Tadeusz IV Mucha, Wielki Mistrz BCS, czonek Zarzdu KU AZS UJ, kierownik sekcji narciarsko-sportowej UJ i student 	2	[{"changed": {"fields": ["Kadencja"]}}]	59	1
2541	2025-07-27 13:44:40.312784+02	22	Zarzd 2016/2017 - WM Maciej "Dzidzia" Maecki - Tadeusz V	2	[{"changed": {"fields": ["Kadencja"]}}]	59	1
2542	2025-07-27 13:45:03.907195+02	18	Zarzd None - WM Magdalena "Kasztanka" Brilha - Tadeusz II	3		59	1
2543	2025-07-27 13:45:13.276161+02	23	Zarzd 2017/2018 - WM Damian "Bandera/Buch" Zych - Tadeusz V, Wielki Antymistrz Bandera e-Tadeusz VI, czerwono-czarny ognie taczcy na wioskach wrogw	2	[{"changed": {"fields": ["Kadencja"]}}]	59	1
2544	2025-07-27 13:45:29.110524+02	24	Zarzd 2018/2019 - WM Damian "Bandera/Buch" Zych - Tadeusz V, Wielki Antymistrz Bandera e-Tadeusz VI, czerwono-czarny ognie taczcy na wioskach wrogw	2	[{"changed": {"fields": ["Kadencja"]}}]	59	1
2545	2025-07-27 13:54:12.68691+02	25	Zarzd 2019/2020 - WM Micha "I Sekretarz PZPR towarzysz Wadysaw Gomuka, ps. Wiesaw/Gomu" Gumuka - Tadeusz VI, Ostatni Ksi Pszczyny, wadca studentw i zwierzt nie wyczajc smokw i panter	2	[{"changed": {"fields": ["Kadencja"]}}]	59	1
2546	2025-07-27 13:54:22.870899+02	26	Zarzd 2020/2021 - WM Patrycja "Chat" Karauda - Tadeusz VIII	2	[{"changed": {"fields": ["Kadencja"]}}]	59	1
2547	2025-07-27 13:54:32.602558+02	27	Zarzd 2021/2022 - WM Bartomiej "Kucharz" Olajossy - Tadeusz IX, Gazka z Boskiego Drzewa Wpierdolu	2	[{"changed": {"fields": ["Kadencja"]}}]	59	1
2548	2025-07-27 13:54:43.580459+02	28	Zarzd 2022/2023 - WM John "Jasiek" Graff-Warburton - Tadeusz X, Zawsze Trzewy Landlord Czerwonomakowskich Luster	2	[{"changed": {"fields": ["Kadencja"]}}]	59	1
2549	2025-07-27 13:54:55.328339+02	29	Zarzd 2023/2024 - WM Micha "Cukier/Maolata" Malata - Tadeusz XI, Czerwona Opcja lska	2	[{"changed": {"fields": ["Kadencja"]}}]	59	1
2550	2025-07-27 13:55:32.04279+02	29	Zarzd 2024/2025 - WM Micha "Cukier/Maolata" Malata - Tadeusz XI, Czerwona Opcja lska	2	[{"changed": {"fields": ["Kadencja"]}}]	59	1
2551	2025-07-27 13:56:12.429896+02	31	Zarzd 2023/2024 - WM Paulina "Kozioek" Kozio - Tadeusz X, Patronka Sowa Mwionego i Pisanego, Jedyny Prawowity Tadeusz X	1	[{"added": {}}]	59	1
2552	2025-07-27 17:16:54.535467+02	4	None: Podzielenie si swoj baz czonkw BCS	2	[{"changed": {"fields": ["Cz\\u0142onek", "Osoba"]}}]	63	1
2553	2025-07-27 17:17:03.163496+02	4	None: Podzielenie si swoj baz czonkw BCS	2	[]	63	1
2554	2025-07-27 17:17:52.577701+02	6	Paulina "Kozioek" Kozio: Odpowied na pytanie "Jak doczy do BCS?" (odpowied to: przyjd na spotkanie)	2	[{"changed": {"fields": ["Osoba", "Zas\\u0142ugi"]}}]	63	1
2555	2025-07-27 17:18:10.687924+02	9	Damian "Bandera/Buch" Zych: Wprowadzenie rejestru chrztw - to BARDZO pomogo	2	[{"changed": {"fields": ["Cz\\u0142onek", "Osoba"]}}]	63	1
2556	2025-07-27 17:18:15.797286+02	6	Paulina "Kozioek" Kozio: Odpowied na pytanie "Jak doczy do BCS?" (odpowied to: przyjd na spotkanie)	2	[{"changed": {"fields": ["Cz\\u0142onek"]}}]	63	1
2557	2025-07-27 17:18:30.345084+02	1	Joanna "Aka" Lorenc: Udostpnienie swojego kalendarium czapkowego i od zatrzsienia innych materiaw	2	[{"changed": {"fields": ["Cz\\u0142onek", "Osoba"]}}]	63	1
2558	2025-07-27 17:18:40.589505+02	10	Krzysztof "Artifex" Trela: Dzielenie si wszystkimi materiaami jakie wpady mu w rce	2	[{"changed": {"fields": ["Cz\\u0142onek", "Osoba"]}}]	63	1
2559	2025-07-27 17:18:51.368945+02	8	ukasz "Ciepy" Ciepy (Lindert): Pomoc w identyfikacji paru czonkw z dawnych lat	2	[{"changed": {"fields": ["Cz\\u0142onek", "Osoba"]}}]	63	1
2560	2025-07-27 17:19:36.020803+02	2	Marceli "Ksiciunio" Mart-akomy: Wywarcie na mnie presji, ebym wreszcie wzi si do roboty i bycie spoko starym	2	[{"changed": {"fields": ["Cz\\u0142onek", "Osoba"]}}]	63	1
2561	2025-07-27 17:20:05.324837+02	3	Weterani BCS: Bycie skarbnic wiedzy, ktr chtnie si dziel	2	[]	63	1
2562	2025-07-27 17:20:44.129796+02	194	Piotr Kociski	1	[{"added": {}}]	61	1
2563	2025-07-27 17:21:10.950354+02	7	Piotr Kociski: Rozmowa o aspektach technicznych tworzenia takiej strony	2	[{"changed": {"fields": ["Bean", "Osoba"]}}]	63	1
2564	2025-07-27 17:23:00.296162+02	4	Bartomiej "Kucharz" Olajossy: Podzielenie si swoj baz czonkw BCS	2	[]	63	1
2565	2025-07-27 17:23:36.347587+02	4	Bartomiej "Kucharz" Olajossy: Podzielenie si swoj baz czonkw BCS	2	[]	63	1
2566	2025-07-27 17:42:35.604288+02	9	"Hrabina" - Patrycja Szaniawska	2	[]	64	1
2567	2025-07-27 18:01:21.835533+02	1	Zarzd 2009/2010 - WM Tadeusz "Kumdo/Tadek" Hessel - Tadeusz I	1	[{"added": {}}]	62	1
2568	2025-07-27 18:01:26.143003+02	2	Zarzd 2009/2010 - WM Tadeusz "Kumdo/Tadek" Hessel - Tadeusz I	1	[{"added": {}}]	62	1
2569	2025-07-27 18:01:44.138171+02	2	Zarzd 2010/2011 - WM Tadeusz "Kumdo/Tadek" Hessel - Tadeusz I	2	[{"changed": {"fields": ["Kadencja", "Cantandi"]}}]	62	1
2570	2025-07-27 18:03:16.528353+02	3	Zarzd 2011/2012 - WM Magdalena "Kasztanka" Brilha - Tadeusz II	1	[{"added": {}}]	59	1
2571	2025-07-27 18:03:20.344077+02	4	Zarzd 2011/2012 - WM Magdalena "Kasztanka" Brilha - Tadeusz II	1	[{"added": {}}]	59	1
2572	2025-07-27 18:03:42.236307+02	5	Zarzd 2012/2013 - WM Magdalena "Kasztanka" Brilha - Tadeusz II	1	[{"added": {}}]	59	1
2573	2025-07-27 18:04:15.329906+02	6	Zarzd 2013/2014 - WM Magdalena "Kasztanka" Brilha - Tadeusz II	1	[{"added": {}}]	59	1
2574	2025-07-27 18:05:01.856854+02	7	Zarzd 2014/2015 - WM Grayna "Malina" Malinowska - Tadeusz III	1	[{"added": {}}]	59	1
2575	2025-07-27 18:05:59.152015+02	8	Zarzd 2015/2016 - WM Pawe "Synek" Mucha - Tadeusz IV, Janie Owiecony Pawe Synek Tadeusz IV Mucha, Wielki Mistrz BCS, czonek Zarzdu KU AZS UJ, kierownik sekcji narciarsko-sportowej UJ i student 	1	[{"added": {}}]	59	1
2576	2025-07-27 18:06:47.597015+02	9	Zarzd 2016/2017 - WM Maciej "Dzidzia" Maecki - Tadeusz V	1	[{"added": {}}]	59	1
2577	2025-07-27 18:07:23.57431+02	10	Zarzd 2017/2018 - WM Damian "Bandera/Buch" Zych - Tadeusz V, Wielki Antymistrz Bandera e-Tadeusz VI, czerwono-czarny ognie taczcy na wioskach wrogw	1	[{"added": {}}]	59	1
2578	2025-07-27 18:08:15.766035+02	11	Zarzd 2018/2019 - WM Damian "Bandera/Buch" Zych - Tadeusz V, Wielki Antymistrz Bandera e-Tadeusz VI, czerwono-czarny ognie taczcy na wioskach wrogw	1	[{"added": {}}]	59	1
2579	2025-07-27 18:08:46.45688+02	12	Zarzd 2019/2020 - WM Micha "I Sekretarz PZPR towarzysz Wadysaw Gomuka, ps. Wiesaw/Gomu" Gumuka - Tadeusz VI, Ostatni Ksi Pszczyny, wadca studentw i zwierzt nie wyczajc smokw i panter	1	[{"added": {}}]	59	1
2580	2025-07-27 18:09:36.587919+02	13	Zarzd 2020/2021 - WM Patrycja "Chat" Karauda - Tadeusz VIII	1	[{"added": {}}]	59	1
2581	2025-07-27 18:10:10.088657+02	14	Zarzd 2021/2022 - WM Bartomiej "Kucharz" Olajossy - Tadeusz IX, Gazka z Boskiego Drzewa Wpierdolu	1	[{"added": {}}]	59	1
2582	2025-07-27 18:11:32.544716+02	15	Zarzd 2022/2023 - WM John "Jasiek" Graff-Warburton - Tadeusz X, Zawsze Trzewy Landlord Czerwonomakowskich Luster	1	[{"added": {}}]	59	1
2583	2025-07-27 18:12:25.269463+02	16	Zarzd 2023/2024 - WM Paulina "Kozioek" Kozio - Tadeusz X, Patronka Sowa Mwionego i Pisanego, Jedyny Prawowity Tadeusz X	1	[{"added": {}}]	59	1
2584	2025-07-27 18:13:11.360303+02	16	Zarzd 2024/2025 - WM Micha "Cukier/Maolata" Malata - Tadeusz XI, Czerwona Opcja lska	2	[{"changed": {"fields": ["Kadencja", "Wielki Mistrz", "Kasztelan", "Skarbnik", "Cantandi"]}}]	59	1
2585	2025-07-27 18:20:07.320445+02	11	Joanna "Aka" Lorenc: 2020/2021	2	[{"changed": {"fields": ["Zarz\\u0105d"]}}]	38	1
2586	2025-07-27 18:20:27.212297+02	10	Joanna "Aka" Lorenc: 2019/2020	2	[{"changed": {"fields": ["Zarz\\u0105d"]}}]	38	1
2587	2025-07-27 18:20:56.159554+02	9	Joanna "Aka" Lorenc: 2018/2019	2	[{"changed": {"fields": ["Zarz\\u0105d"]}}]	38	1
2588	2025-07-27 18:21:13.045176+02	8	Joanna "Aka" Lorenc: 2018/2019	2	[{"changed": {"fields": ["Zarz\\u0105d"]}}]	38	1
2589	2025-07-27 18:21:26.46601+02	8	Joanna "Aka" Lorenc: 2017/2018	2	[{"changed": {"fields": ["Zarz\\u0105d"]}}]	38	1
2590	2025-07-27 18:21:52.383621+02	7	Joanna "Aka" Lorenc: 2016/2017	2	[{"changed": {"fields": ["Zarz\\u0105d"]}}]	38	1
2591	2025-07-27 18:22:11.518316+02	6	Joanna "Aka" Lorenc: 2015/2016	2	[{"changed": {"fields": ["Zarz\\u0105d"]}}]	38	1
2592	2025-07-27 18:22:17.932138+02	5	Joanna "Aka" Lorenc: 2014/2015	2	[{"changed": {"fields": ["Zarz\\u0105d"]}}]	38	1
2593	2025-07-27 18:22:26.507951+02	4	Joanna "Aka" Lorenc: 2013/2014	2	[{"changed": {"fields": ["Zarz\\u0105d"]}}]	38	1
2594	2025-07-27 18:22:35.908138+02	3	Joanna "Aka" Lorenc: 2012/2013	2	[{"changed": {"fields": ["Zarz\\u0105d"]}}]	38	1
2595	2025-07-27 18:23:13.031158+02	2	Joanna "Aka" Lorenc: 2011/2012	2	[{"changed": {"fields": ["Zarz\\u0105d"]}}]	38	1
2596	2025-07-27 18:23:21.973601+02	1	Joanna "Aka" Lorenc: 2009/2010	2	[{"changed": {"fields": ["Zarz\\u0105d"]}}]	38	1
2597	2025-07-27 18:41:34.5023+02	2	Joanna "Aka" Lorenc: 2011/2012 (Magdalena "Kasztanka" Brilha)	3		38	1
2598	2025-07-27 18:42:29.447602+02	11	Joanna "Aka" Lorenc: 2020/2021 (Patrycja "Chat" Karauda)	2	[{"changed": {"fields": ["Podsumowanie kadencji"]}}]	38	1
2599	2025-07-27 18:42:49.307275+02	10	Joanna "Aka" Lorenc: 2019/2020 (Micha "I Sekretarz PZPR towarzysz Wadysaw Gomuka, ps. Wiesaw/Gomu" Gumuka)	2	[{"changed": {"fields": ["Podsumowanie kadencji"]}}]	38	1
2600	2025-07-27 18:43:18.143215+02	9	Joanna "Aka" Lorenc: 2018/2019 (Damian "Bandera/Buch" Zych)	2	[{"changed": {"fields": ["Podsumowanie kadencji"]}}]	38	1
2601	2025-07-27 18:43:40.734923+02	8	Joanna "Aka" Lorenc: 2017/2018 (Damian "Bandera/Buch" Zych)	2	[{"changed": {"fields": ["Podsumowanie kadencji"]}}]	38	1
2602	2025-07-27 18:44:02.528009+02	7	Joanna "Aka" Lorenc: 2016/2017 (Maciej "Dzidzia" Maecki)	2	[{"changed": {"fields": ["Podsumowanie kadencji"]}}]	38	1
2603	2025-07-27 18:44:23.371443+02	6	Joanna "Aka" Lorenc: 2015/2016 (Pawe "Synek" Mucha)	2	[{"changed": {"fields": ["Podsumowanie kadencji"]}}]	38	1
2604	2025-07-27 18:44:44.053973+02	5	Joanna "Aka" Lorenc: 2014/2015 (Grayna "Malina" Malinowska)	2	[{"changed": {"fields": ["Podsumowanie kadencji"]}}]	38	1
2605	2025-07-27 18:45:04.99199+02	4	Joanna "Aka" Lorenc: 2013/2014 (Magdalena "Kasztanka" Brilha)	2	[{"changed": {"fields": ["Podsumowanie kadencji"]}}]	38	1
2606	2025-07-27 18:46:35.939778+02	3	Joanna "Aka" Lorenc: 2011/2012 (Magdalena "Kasztanka" Brilha)	2	[{"changed": {"fields": ["Zarz\\u0105d", "Podsumowanie kadencji"]}}]	38	1
2607	2025-07-27 18:46:54.646259+02	4	Joanna "Aka" Lorenc: 2012/2013 (Magdalena "Kasztanka" Brilha)	2	[{"changed": {"fields": ["Zarz\\u0105d"]}}]	38	1
2608	2025-07-27 18:48:32.492168+02	1	Joanna "Aka" Lorenc: 2009/2010 (Tadeusz "Kumdo/Tadek" Hessel)	2	[{"changed": {"fields": ["Podsumowanie kadencji"]}}]	38	1
2609	2025-07-27 20:08:08.012494+02	11	Zarzd 2018/2019 - WM Damian "Bandera/Buch" Zych - Tadeusz V, Wielki Antymistrz Bandera e-Tadeusz VI, czerwono-czarny ognie taczcy na wioskach wrogw	2	[]	59	1
2610	2025-07-27 20:21:56.456801+02	1	Ukaz #000 konstytuujcy - 2015-10-27	1	[{"added": {}}]	93	1
2611	2025-07-27 20:22:13.047121+02	4	Obowizek obwieszczania postanowie w formie Ukazw - PRZEDAWNIONE	2	[{"changed": {"fields": ["Dokument"]}}]	83	1
2612	2025-07-27 20:22:28.868786+02	1	Prawo dostpu do dotyczcych go urzdowych dokumentw i zbiorw danych	2	[{"changed": {"fields": ["Dokument"]}}]	83	1
2613	2025-07-27 20:22:41.605753+02	3	Obowizek umoliwienia czonkom Bractwa zapoznawania si z aktualnymi wydarzeniami i postanowieniami Zarzdu	2	[{"changed": {"fields": ["Dokument"]}}]	83	1
2614	2025-07-27 20:22:54.872191+02	2	Ukaz #000 konstytuujcy - 2015-10-27	1	[{"added": {}}]	93	1
2615	2025-07-27 20:24:56.042464+02	2	Ukaz #001 o Kalendarzu - 2015-10-27	2	[{"changed": {"fields": ["Tytu\\u0142", "Numer", "Streszczenie", "Plik"]}}]	93	1
2616	2025-07-27 20:26:50.043662+02	2	"W kadym momencie czasu kryje si przeszo, teraniejszo i przyszo. W\r\nkadym momencie czasu ..." - None ()	1	[{"added": {}}]	98	1
2617	2025-07-27 20:27:18.557639+02	2	"W kadym momencie czasu kryje si przeszo, teraniejszo i przyszo. W\r\nkadym momencie czasu ..." - Pawe "Synek" Mucha ()	2	[{"changed": {"fields": ["Autor"]}}]	98	1
2618	2025-07-27 20:30:09.65256+02	2	"W kadym momencie czasu kryje si przeszo, teraniejszo i przyszo. W\r\nkadym momencie czasu ..." - Pawe "Synek" Mucha	2	[]	98	1
2619	2025-07-27 20:38:25.042982+02	3	"Niech wie ta niesie si od Nowej Huty po Ruczaj, niech gosz j na Wydziaach Prawa i Administrac..." - None	1	[{"added": {}}]	40	1
2620	2025-07-27 20:40:14.131397+02	3	"Niech wie ta niesie si od Nowej Huty po Ruczaj, niech gosz j na Wydziaach Prawa i Administrac..." - Pawe "Synek" Mucha (Patrz: rdo)	2	[{"changed": {"fields": ["Kontekst", "\\u0179r\\u00f3d\\u0142o", "Autor"]}}]	40	1
2621	2025-07-27 21:21:10.51716+02	194	Piotr Kociski	2	[]	61	1
2622	2025-07-27 21:28:09.532083+02	2	Ukaz #001 o Kalendarzu - 2015-10-27	2	[]	93	1
2623	2025-07-27 21:28:15.976641+02	3	Ukaz #001 o Kalendarzu - 2015-10-27	1	[{"added": {}}]	93	1
2624	2025-07-27 21:31:32.822813+02	3	Ukaz #002 o Konsulu - 2015-10-27	2	[{"changed": {"fields": ["Tytu\\u0142", "Numer", "Streszczenie", "Plik"]}}]	93	1
2625	2025-07-27 21:40:42.785361+02	4	"(...) niech bdzie przeklty po wsze czasy! Niech nigdy si nie upije! Niech gos mu si zaamie, ki..." - Pawe "Synek" Mucha (Patrz: rdo)	1	[{"added": {}}]	40	1
2626	2025-07-27 21:42:54.160286+02	5	Penienie obowizkw Wielkiego Mistrza podczas delegacji Bractwa poza granice kraju, w ktrych Wielki Mistrz, bd kasztelan bd nieobecni. - PRZEDAWNIONE	1	[{"added": {}}]	83	1
2627	2025-07-27 21:47:38.83568+02	4	Ukaz #002 o Konsulu - 2015-10-27	1	[{"added": {}}]	93	1
2628	2025-07-27 21:49:22.289251+02	4	Ukaz #003 o papeterii - 2015-10-27	2	[{"changed": {"fields": ["Tytu\\u0142", "Numer", "Streszczenie", "Plik"]}}]	93	1
2629	2025-07-27 21:56:59.87304+02	9	t - None ()	1	[{"added": {}}]	93	1
2630	2025-07-27 22:00:22.566819+02	5	"Poczenie elegancji z prostot stanowi o szlachectwie kadej rzeczy i persony." - Pawe "Synek" Mucha (Patrz: rdo)	1	[{"added": {}}]	98	1
2631	2025-07-27 22:00:30.416383+02	6	"Poczenie elegancji z prostot stanowi o szlachectwie kadej rzeczy i persony." - Pawe "Synek" Mucha (Patrz: rdo)	1	[{"added": {}}]	98	1
2632	2025-07-27 22:00:56.524919+02	6	"Estetyka jest t wartoci, ktra przyciga swym naturalnym i niewymuszonym piknem, a kultura post..." - Pawe "Synek" Mucha (Patrz: rdo)	2	[{"changed": {"fields": ["Tekst"]}}]	98	1
2633	2025-07-27 22:01:20.374521+02	6	"Estetyka jest t wartoci, ktra przyciga swym naturalnym i niewymuszonym piknem, a kultura post..." - Pawe "Synek" Mucha (Patrz: rdo)	2	[]	98	1
2634	2025-07-27 22:01:25.842466+02	2	"W kadym momencie czasu kryje si przeszo, teraniejszo i przyszo. W\r\nkadym momencie czasu ..." - Pawe "Synek" Mucha (Patrz: rdo)	2	[{"changed": {"fields": ["Kontekst"]}}]	98	1
2635	2025-07-27 23:02:36.490944+02	6	Zarzd: Posiadanie papeterii na okazje oficjalne	1	[{"added": {}}]	83	1
2636	2025-07-27 23:10:44.252036+02	9	Ukaz #004 o przymusie pozytywnej kapitalizacji - None (Zarzd zachca do zamiany depresji na prac na rzecz rozwoju naszego spoeczestwa i grozi zamkniciem w agrze radoci w razie nieposuszestwa.	2	[{"changed": {"fields": ["Tytu\\u0142", "Numer", "Autorzy", "Streszczenie", "Plik"]}}]	93	1
2637	2025-07-27 23:10:59.952378+02	9	Ukaz #004 o przymusie pozytywnej kapitalizacji - None (Zarzd zachca do zamiany depresji na prac na rzecz rozwoju naszego spoeczestwa i grozi zamkniciem w agrze radoci w razie nieposuszestwa.	2	[]	93	1
2638	2025-07-27 23:13:14.393178+02	7	Wszyscy: Obowizek kapitalizacji pozytywnych emocji	1	[{"added": {}}]	83	1
2639	2025-07-27 23:25:47.707182+02	10	Ukaz #004 o przymusie pozytywnej kapitalizacji -  (Zarzd zachca do zamiany depresji na prac na rzecz rozwoju naszego spoeczestwa i grozi zamkniciem w agrze radoci w razie nieposuszestwa.)	1	[{"added": {}}]	93	1
2640	2025-07-27 23:44:07.009526+02	10	Ukaz #005 o zespoach: Historycznym, piewnika i Kultury -  (Zarzd powouje do ycia zespoy:\r\nDs. piewnika BCS, Historyczny BCS, ds. Kultury, ds. otwarcia parasola\r\nKoordynatorzy kolejno: Maciej So	2	[{"changed": {"fields": ["Tytu\\u0142", "Numer", "Streszczenie", "Plik"]}}]	93	1
2641	2025-07-27 23:50:49.91187+02	20	Koordynator Zespou	1	[{"added": {}}]	80	1
2642	2025-07-27 23:51:21.414706+02	21	Czonek Zespou	1	[{"added": {}}]	80	1
2643	2025-07-27 23:52:23.469768+02	8	Koordynator Zespou: Prawo do 7-dniowego rozwaenia nominacji	1	[{"added": {}}]	83	1
2644	2025-07-27 23:53:24.592061+02	9	Koordynator Zespou: Prawo do wydalenia czonka z Zespou	1	[{"added": {}}]	83	1
2645	2025-07-27 23:54:32.162202+02	10	Czonek Zespou: Obowizek do udziau w pracy Zespou w stopniu ustalonym z Koordynatorem	1	[{"added": {}}]	83	1
2646	2025-07-27 23:55:42.180976+02	11	Koordynator Zespou: Prawo do jednorazowej reelekcji (kadorazowo na Zesp)	1	[{"added": {}}]	83	1
\.


--
-- Data for Name: django_content_type; Type: TABLE DATA; Schema: public; Owner: projectuser
--

COPY public.django_content_type (id, app_label, model) FROM stdin;
1	admin	logentry
2	auth	permission
3	auth	group
4	auth	user
5	contenttypes	contenttype
6	sessions	session
14	core	kadencja
15	kronika	proces
16	kronika	miejsce
17	kronika	spotkanieczapkowe
18	kronika	wyjazd
19	kronika	wydarzenie
20	kronika	zdarzenie
25	kronika	obrazwydarzenie
26	encyklopedia	tradycja
28	encyklopedia	tradycjainnegobractwa
29	encyklopedia	tradycjabcs
24	kronika	osoby
31	encyklopedia	bractwo
32	encyklopedia	lengths
33	kronika	okazja
34	kronika	obrazzdarzenie
35	kronika	obrazwyjazd
37	admin_interface	theme
39	encyklopedia	zwyczaj
40	encyklopedia	powiedzenie
41	encyklopedia	pojecie
42	encyklopedia	zrodlo
44	miejsca	uczelnia
45	miejsca	wydzial
46	miejsca	kraj
47	czapki	czapka
48	miejsca	miejsce
49	miejsca	typmiejsca
50	czapki	rodzajczapki
51	encyklopedia	grupabractw
55	osoby	czapka
56	osoby	innaosoba
57	osoby	osoby
58	osoby	wielkimistrz
60	osoby	czlonek
61	osoby	bean
62	osoby	dawnyzarzad
63	osoby	halloffame
64	osoby	imieszlacheckie
65	osoby	zwierzeczapkowe
66	osoby	oldczlonek
67	osoby	oldbean
68	osoby	innaoldosoba
69	osoby	osoba
70	kronika	typwydarzenia
71	kronika	typwyjazdu
72	kalendarz	obrazzdarzenie
73	kalendarz	zdarzenie
74	kalendarz	typwydarzenia
75	kalendarz	wydarzenie
76	kalendarz	typwyjazdu
77	kalendarz	obrazwydarzenie
78	prawo	podmiot
79	prawo	dokument
80	prawo	rola
81	prawo	struktura
82	prawo	ukaz
83	prawo	relacjaprawna
84	prawo	edykt
85	dokumenty	dokument
86	dokumenty	edykt
87	dokumenty	ukaz
88	kronika	typwydarzeniahistorycznego
89	kronika	wydarzeniehistoryczne
90	kronika	kadencja
91	slowniczek_lacinski	zwrot
92	zrodla	dokument
93	zrodla	ukaz
94	zrodla	edykt
95	zrodla	zrodloogolne
96	zrodla	zrodlo
97	encyklopedia	cytat
98	encyklopedia	aforyzm
59	osoby	nowyzarzad
99	osoby	zarzad
38	kronika	podsumowaniekadencji
\.


--
-- Data for Name: django_migrations; Type: TABLE DATA; Schema: public; Owner: projectuser
--

COPY public.django_migrations (id, app, name, applied) FROM stdin;
1	contenttypes	0001_initial	2025-04-24 10:18:16.501024+02
2	auth	0001_initial	2025-04-24 10:18:16.549697+02
3	admin	0001_initial	2025-04-24 10:18:16.563003+02
4	admin	0002_logentry_remove_auto_add	2025-04-24 10:18:16.567753+02
5	admin	0003_logentry_add_action_flag_choices	2025-04-24 10:18:16.572893+02
6	contenttypes	0002_remove_content_type_name	2025-04-24 10:18:16.585132+02
7	auth	0002_alter_permission_name_max_length	2025-04-24 10:18:16.591515+02
8	auth	0003_alter_user_email_max_length	2025-04-24 10:18:16.597672+02
9	auth	0004_alter_user_username_opts	2025-04-24 10:18:16.602301+02
10	auth	0005_alter_user_last_login_null	2025-04-24 10:18:16.609842+02
11	auth	0006_require_contenttypes_0002	2025-04-24 10:18:16.61108+02
12	auth	0007_alter_validators_add_error_messages	2025-04-24 10:18:16.616143+02
13	auth	0008_alter_user_username_max_length	2025-04-24 10:18:16.627553+02
14	auth	0009_alter_user_last_name_max_length	2025-04-24 10:18:16.633054+02
15	auth	0010_alter_group_name_max_length	2025-04-24 10:18:16.639366+02
16	auth	0011_update_proxy_permissions	2025-04-24 10:18:16.643979+02
17	auth	0012_alter_user_first_name_max_length	2025-04-24 10:18:16.648699+02
18	sessions	0001_initial	2025-04-24 10:18:16.659781+02
57	core	0001_initial	2025-05-01 13:34:26.80324+02
58	core	0002_alter_kadencja_zakonczenie	2025-05-01 13:36:11.334519+02
59	core	0003_alter_kadencja_zakonczenie	2025-05-01 13:39:47.154955+02
60	czlonkowie	0001_initial	2025-05-01 14:42:59.071568+02
61	czlonkowie	0002_delete_dawnyzarzad	2025-05-01 14:45:38.611799+02
62	czlonkowie	0003_dawnyzarzad	2025-05-01 14:47:09.802001+02
63	czlonkowie	0002_wielkimistrz_zarzad	2025-05-01 14:52:23.390129+02
64	czlonkowie	0003_alter_czapka_uczelnia_alter_czlonek_dzien_chrztu_and_more	2025-05-01 15:49:29.859326+02
65	czlonkowie	0004_alter_czapka_uczelnia_alter_czlonek_dzien_chrztu_and_more	2025-05-01 19:29:53.304221+02
66	czlonkowie	0005_alter_wielkimistrz_options_and_more	2025-05-01 19:36:25.050151+02
67	czlonkowie	0006_alter_wielkimistrz_options	2025-05-01 19:48:09.925965+02
68	czlonkowie	0007_alter_wielkimistrz_options_and_more	2025-05-01 19:58:00.631491+02
69	kronika	0001_initial	2025-05-01 23:44:07.467652+02
70	kronika	0002_alter_wyjazd_options_proces_opis_alter_miejsce_typ	2025-05-02 01:08:25.262438+02
71	kronika	0003_delete_proces_remove_wyjazd_wydarzenia_and_more	2025-05-02 01:39:54.986502+02
72	kronika	0004_zdarzenie_alter_miejsce_adres_wyjazd_wydarzenie_and_more	2025-05-02 01:55:53.973021+02
73	czlonkowie	0008_podziekowania	2025-05-02 02:10:42.706539+02
74	czlonkowie	0009_halloffame_delete_podziekowania	2025-05-02 02:22:46.38963+02
75	czlonkowie	0010_alter_halloffame_options_remove_halloffame_edited_and_more	2025-05-02 02:36:40.306926+02
76	czlonkowie	0011_alter_halloffame_options_remove_halloffame_numer	2025-05-02 02:40:27.054743+02
77	czlonkowie	0012_alter_halloffame_options	2025-05-02 02:56:03.118534+02
78	czlonkowie	0013_alter_halloffame_options_halloffame_order_field	2025-05-02 15:44:06.384719+02
79	czlonkowie	0014_innaosoba	2025-05-04 21:50:04.052236+02
80	kronika	0005_alter_wydarzenie_typ_uczestnictwo	2025-05-04 21:50:04.085008+02
81	kronika	0006_rename_uczestnik_uczestnictwo_czlonek_and_more	2025-05-04 22:51:26.253802+02
82	czlonkowie	0015_alter_innaosoba_options_remove_innaosoba_imie_and_more	2025-05-04 23:10:22.960379+02
83	kronika	0007_alter_wydarzenie_typ	2025-05-04 23:10:22.963831+02
84	kronika	0008_alter_miejsce_adres	2025-05-04 23:16:41.006088+02
85	kronika	0009_alter_wydarzenie_typ_remove_wydarzenie_zdarzenia_and_more	2025-05-04 23:22:48.036485+02
86	kronika	0010_alter_wydarzenie_zdarzenia	2025-05-05 09:12:12.027593+02
87	kronika	0011_obrazwydarzenie_wydarzenie_obrazy	2025-05-05 12:05:23.834371+02
88	kronika	0012_alter_miejsce_typ_remove_proces_zdarzenia_and_more	2025-05-05 15:25:10.115189+02
90	czlonkowie	0016_przezwisko	2025-05-09 09:27:26.805899+02
91	encyklopedia	0002_alter_tradycja_inne_and_more	2025-05-09 09:27:26.815599+02
92	kronika	0013_alter_miejsce_typ_alter_wydarzenie_typ	2025-05-09 09:27:26.827531+02
93	encyklopedia	0003_tradycja_autor_rodzaj_and_more	2025-05-09 09:56:31.655621+02
94	encyklopedia	0004_tradycjainnegobractwa_tradycjabcs_delete_tradycja	2025-05-13 11:07:34.665972+02
95	czlonkowie	0017_alter_czlonek_czapka_1_alter_czlonek_czapka_2_bean	2025-05-13 12:42:51.866182+02
96	encyklopedia	0005_alter_tradycjainnegobractwa_autor_rodzaj	2025-05-13 12:42:51.869942+02
97	czlonkowie	0018_alter_bean_rodzic_1_alter_bean_rodzic_2	2025-05-13 12:52:22.304559+02
98	czlonkowie	0019_alter_bean_pewnosc_stazu_alter_bean_staz	2025-05-13 13:05:47.350941+02
99	kronika	0014_uczestnictwo_bean	2025-05-13 13:05:47.376679+02
100	kronika	0015_remove_obrazwydarzenie_inne_widoczne_osoby_and_more	2025-05-13 13:22:15.139087+02
101	kronika	0016_rename_uczestnictwo_osoby_alter_osoby_options	2025-05-13 13:44:27.82297+02
102	encyklopedia	0006_bractwo_lengths	2025-05-13 14:48:17.717427+02
103	encyklopedia	0007_delete_lengths_alter_bractwo_options_and_more	2025-05-13 14:57:30.280783+02
104	encyklopedia	0008_alter_bractwo_rok_zalozenia	2025-05-13 14:58:11.318593+02
105	encyklopedia	0009_alter_bractwo_rok_zalozenia	2025-05-13 15:03:46.149859+02
106	czlonkowie	0020_innaosoba_bractwo	2025-05-13 15:15:01.48548+02
107	encyklopedia	0010_alter_bractwo_rok_zalozenia	2025-05-13 18:30:03.983131+02
108	kronika	0017_zdarzenie_miejsce	2025-05-13 18:30:04.014331+02
109	kronika	0018_alter_miejsce_typ_okazja	2025-05-13 19:07:49.592879+02
110	kronika	0019_obrazzdarzenie_zdarzenie_obrazy	2025-05-14 00:17:00.81439+02
111	kronika	0020_obrazwyjazd	2025-05-14 00:22:26.860538+02
112	kronika	0021_rename_obraz_obrazwyjazd_obrazy_wyjazd_obrazy_and_more	2025-05-14 00:30:47.073963+02
113	kronika	0022_rename_obrazy_obrazwyjazd_obraz	2025-05-14 00:40:00.03356+02
114	kronika	0023_obrazwyjazd_data	2025-05-14 00:43:58.787788+02
115	encyklopedia	0011_remove_tradycjabcs_wyjazd_and_more	2025-05-14 01:43:11.894647+02
116	kronika	0024_remove_wyjazd_obrazy_remove_okazja_content_type_and_more	2025-05-14 11:25:13.689573+02
117	kronika	0025_alter_wydarzenie_czy_to_wyjazd	2025-05-14 11:25:20.190332+02
118	kronika	0002_alter_obrazwydarzenie_options_wyjazd	2025-05-14 12:27:41.853995+02
119	encyklopedia	0002_tradycjabcs_wydarzenie	2025-05-14 12:28:05.097416+02
120	czlonkowie	0002_innaosoba_bractwo_przezwisko_kto_wielkimistrz_imie_and_more	2025-05-14 12:28:49.792764+02
121	czlonkowie	0021_merge_20250514_1247	2025-05-14 14:47:25.14884+02
122	encyklopedia	0010_merge_20250514_1247	2025-05-14 14:47:25.150372+02
123	kronika	0017_merge_20250514_1247	2025-05-14 14:47:25.151219+02
124	encyklopedia	0011_remove_tradycjabcs_autor_czlonek_and_more	2025-05-14 15:00:02.449131+02
125	kronika	0018_delete_osoby	2025-05-14 15:19:52.000698+02
126	czlonkowie	0022_osoby	2025-05-14 15:20:41.793322+02
127	encyklopedia	0012_alter_tradycjainnegobractwa_autor_rodzaj	2025-05-14 17:28:14.68845+02
128	kronika	0019_delete_wyjazd	2025-05-14 17:33:33.598178+02
129	kronika	0020_alter_wydarzenie_options_remove_wydarzenie_data_and_more	2025-05-14 17:45:28.556123+02
130	kronika	0021_obrazzdarzenie	2025-05-14 18:10:51.907077+02
131	kronika	0022_zdarzenie_miejsce_zdarzenie_obrazy	2025-05-14 18:20:32.554907+02
132	kronika	0023_zdarzenie_wydarzenie_alter_wydarzenie_zdarzenia	2025-05-14 18:23:48.509219+02
133	czlonkowie	0023_alter_czapka_wydzial_alter_czlonek_pewnosc_stazu	2025-05-15 00:53:49.876665+02
134	kronika	0024_remove_wydarzenie_zdarzenia_remove_zdarzenie_obrazy_and_more	2025-05-15 00:53:49.900367+02
135	czlonkowie	0024_alter_bean_czapka_1_alter_bean_czapka_2_and_more	2025-05-15 01:16:54.929407+02
136	czlonkowie	0025_alter_przezwisko_options_remove_przezwisko_kto	2025-05-15 01:24:01.314577+02
137	czlonkowie	0026_przezwisko_bean_przezwisko_czlonek_and_more	2025-05-15 01:56:14.048985+02
138	czlonkowie	0025_bean_przezwiska_czlonek_przezwiska	2025-05-15 02:16:50.501198+02
139	czlonkowie	0026_alter_bean_przezwiska_alter_czlonek_przezwiska	2025-05-15 02:32:47.37794+02
140	czlonkowie	0027_innaosoba_imie_innaosoba_nazwisko_and_more	2025-05-15 02:59:30.471617+02
141	czlonkowie	0028_alter_innaosoba_nazwisko	2025-05-15 03:00:50.935594+02
142	czlonkowie	0029_alter_innaosoba_options_remove_innaosoba_nazwa	2025-05-15 03:06:33.406131+02
143	czlonkowie	0030_alter_innaosoba_imie_alter_innaosoba_nazwisko	2025-05-15 03:27:43.270686+02
144	czlonkowie	0031_delete_przezwisko	2025-05-15 03:31:45.290051+02
145	kronika	0025_wydarzenie_link	2025-05-15 12:50:42.582059+02
146	kronika	0026_zdarzenie_godzina_alter_miejsce_typ_and_more	2025-05-15 15:52:25.310576+02
147	czlonkowie	0032_alter_bean_pewnosc_stazu_alter_czlonek_pewnosc_stazu	2025-05-17 18:35:37.548459+02
148	czlonkowie	0033_alter_czlonek_imie_piwne_1_wybor_and_more	2025-05-17 19:47:32.276797+02
149	czlonkowie	0034_halloffame_bean_alter_czlonek_status	2025-05-19 01:04:02.266356+02
150	encyklopedia	0013_alter_tradycjabcs_options	2025-05-19 01:04:02.272514+02
151	admin_interface	0001_initial	2025-05-19 23:42:04.25479+02
152	admin_interface	0002_add_related_modal	2025-05-19 23:42:04.268431+02
153	admin_interface	0003_add_logo_color	2025-05-19 23:42:04.273815+02
154	admin_interface	0004_rename_title_color	2025-05-19 23:42:04.27762+02
155	admin_interface	0005_add_recent_actions_visible	2025-05-19 23:42:04.288643+02
156	admin_interface	0006_bytes_to_str	2025-05-19 23:42:04.339109+02
157	admin_interface	0007_add_favicon	2025-05-19 23:42:04.343135+02
158	admin_interface	0008_change_related_modal_background_opacity_type	2025-05-19 23:42:04.349108+02
159	admin_interface	0009_add_enviroment	2025-05-19 23:42:04.355324+02
160	admin_interface	0010_add_localization	2025-05-19 23:42:04.366323+02
161	admin_interface	0011_add_environment_options	2025-05-19 23:42:04.388354+02
162	admin_interface	0012_update_verbose_names	2025-05-19 23:42:04.395947+02
163	admin_interface	0013_add_related_modal_close_button	2025-05-19 23:42:04.402521+02
164	admin_interface	0014_name_unique	2025-05-19 23:42:04.413943+02
165	admin_interface	0015_add_language_chooser_active	2025-05-19 23:42:04.418567+02
166	admin_interface	0016_add_language_chooser_display	2025-05-19 23:42:04.421872+02
167	admin_interface	0017_change_list_filter_dropdown	2025-05-19 23:42:04.425816+02
168	admin_interface	0018_theme_list_filter_sticky	2025-05-19 23:42:04.43924+02
169	admin_interface	0019_add_form_sticky	2025-05-19 23:42:04.447123+02
170	admin_interface	0020_module_selected_colors	2025-05-19 23:42:04.477421+02
171	admin_interface	0021_file_extension_validator	2025-05-19 23:42:04.483313+02
172	admin_interface	0022_add_logo_max_width_and_height	2025-05-19 23:42:04.490294+02
173	admin_interface	0023_theme_foldable_apps	2025-05-19 23:42:04.493687+02
174	admin_interface	0024_remove_theme_css	2025-05-19 23:42:04.497512+02
175	admin_interface	0025_theme_language_chooser_control	2025-05-19 23:42:04.502491+02
176	admin_interface	0026_theme_list_filter_highlight	2025-05-19 23:42:04.507399+02
177	admin_interface	0027_theme_list_filter_removal_links	2025-05-19 23:42:04.514369+02
178	admin_interface	0028_theme_show_fieldsets_as_tabs_and_more	2025-05-19 23:42:04.53036+02
179	admin_interface	0029_theme_css_generic_link_active_color	2025-05-19 23:42:04.537773+02
180	admin_interface	0030_theme_collapsible_stacked_inlines_and_more	2025-05-19 23:42:04.555002+02
181	kronika	0027_alter_miejsce_typ	2025-07-01 16:13:51.382665+02
182	kronika	0028_alter_obrazwydarzenie_wydarzenie_and_more	2025-07-03 20:28:03.428731+02
183	encyklopedia	0014_alter_tradycjabcs_wydarzenie	2025-07-03 20:28:03.437295+02
185	czlonkowie	0036_dawnyzarzad_charakterystyka	2025-07-10 20:55:51.087663+02
186	kronika	0029_alter_miejsce_typ_alter_wydarzenie_typ_wyjazdu	2025-07-10 20:55:51.102824+02
187	czlonkowie	0037_zarzad_charakterystyka	2025-07-10 20:57:10.078096+02
188	czlonkowie	0038_remove_dawnyzarzad_charakterystyka_and_more	2025-07-10 20:58:33.908735+02
189	kronika	0030_charakterystykadzialanzarzadu	2025-07-10 21:40:19.143047+02
190	czlonkowie	0039_dawnyzarzad_charakterystyki	2025-07-10 21:40:19.164913+02
191	czlonkowie	0040_remove_dawnyzarzad_charakterystyki	2025-07-11 00:13:35.540931+02
192	kronika	0031_alter_charakterystykadzialanzarzadu_dawny_zarzad_and_more	2025-07-11 00:19:12.154491+02
193	encyklopedia	0015_zwyczaj	2025-07-11 00:34:28.378667+02
194	encyklopedia	0016_zwyczaj_opis	2025-07-11 00:38:29.260092+02
195	czlonkowie	0041_alter_dawnyzarzad_wielki_mistrz_and_more	2025-07-11 01:53:31.540701+02
196	czlonkowie	0042_alter_zarzad_wielki_mistrz	2025-07-11 01:58:06.96624+02
197	czlonkowie	0043_alter_czapka_uczelnia	2025-07-11 12:55:37.461654+02
198	encyklopedia	0017_powiedzenie	2025-07-11 12:55:37.503695+02
199	czlonkowie	0044_alter_dawnyzarzad_wielki_mistrz	2025-07-11 14:12:24.130456+02
201	encyklopedia	0014_zwyczaj_alter_tradycjabcs_wydarzenie_pojecie_and_more	2025-07-12 09:20:07.719307+02
203	encyklopedia	0001_initial	2025-07-12 09:47:50.95695+02
206	encyklopedia	0002_alter_pojecie_options_alter_zrodlo_options_and_more	2025-07-17 17:35:54.244976+02
207	encyklopedia	0003_zwyczaj_powiedzenie	2025-07-17 17:39:50.489993+02
208	encyklopedia	0004_remove_powiedzenie_autor	2025-07-17 17:57:07.170346+02
209	kronika	0002_charakterystykadzialanzarzadu	2025-07-17 20:18:47.694519+02
210	czlonkowie	0002_delete_osoby_alter_zarzad_options_and_more	2025-07-17 20:45:44.761403+02
211	miejsca	0001_initial	2025-07-17 22:13:49.240757+02
212	czapki	0001_initial	2025-07-17 22:14:21.016912+02
213	czapki	0002_alter_czapka_options_remove_czapka_uczelnia_and_more	2025-07-17 23:10:25.95985+02
214	czlonkowie	0003_alter_czlonek_czapka_1_alter_czlonek_czapka_2_and_more	2025-07-17 23:32:14.319573+02
215	miejsca	0002_alter_uczelnia_options	2025-07-17 23:32:14.323374+02
216	miejsca	0003_typmiejsca_miejsce	2025-07-18 00:23:18.537097+02
217	kronika	0003_alter_obrazzdarzenie_miejsce_alter_zdarzenie_miejsce_and_more	2025-07-18 10:13:12.687732+02
218	miejsca	0004_miejsce_zamkniete_na_stale_alter_miejsce_adres	2025-07-18 10:13:12.701849+02
219	encyklopedia	0005_alter_bractwo_panstwo	2025-07-18 12:04:03.941256+02
220	czapki	0003_rodzajczapki	2025-07-18 12:38:54.814127+02
221	encyklopedia	0006_alter_bractwo_czapka	2025-07-18 13:03:28.870526+02
222	encyklopedia	0007_alter_bractwo_czapka	2025-07-18 13:05:01.479829+02
223	czapki	0004_alter_rodzajczapki_kraje	2025-07-18 10:34:58.484361+02
224	encyklopedia	0008_tradycjainnegobractwa_bractwo_grupabractw	2025-07-18 10:34:58.550242+02
225	encyklopedia	0009_alter_grupabractw_kraje	2025-07-18 10:34:58.561429+02
226	encyklopedia	0010_grupabractw_rodzaj_czapki	2025-07-18 10:40:58.011679+02
227	encyklopedia	0011_remove_bractwo_czapka_bractwo_grupa_bractw	2025-07-18 10:44:01.874619+02
228	encyklopedia	0012_remove_tradycjabcs_autor_rodzaj_and_more	2025-07-18 16:13:11.971716+02
229	encyklopedia	0013_alter_pojecie_origins_alter_tradycjabcs_nazwa_and_more	2025-07-18 17:55:48.672161+02
230	czlonkowie	0004_remove_bean_czapka_1_remove_bean_czapka_2_and_more	2025-07-18 18:07:39.697367+02
231	kronika	0004_alter_charakterystykadzialanzarzadu_autor	2025-07-18 18:07:39.725188+02
232	czlonkowie	0005_osoba_alter_oldbean_rodzic_1_alter_oldbean_rodzic_2_and_more	2025-07-18 20:12:03.765417+02
233	czlonkowie	0006_migrate_old_to_new	2025-07-18 20:58:13.541579+02
234	czlonkowie	0007_migrate_old_to_new_but_considering_the_polymorphism	2025-07-18 21:32:00.343929+02
235	czlonkowie	0008_fix_the_ctypes	2025-07-18 22:17:41.460706+02
236	czlonkowie	0009_fix_the_ctypes_1	2025-07-18 22:23:32.859792+02
237	czlonkowie	0010_fix_the_ctypes_2	2025-07-18 22:31:42.918912+02
241	czlonkowie	0011_reset_and_migrate	2025-07-19 10:55:25.14282+02
242	czlonkowie	0012_migrate	2025-07-19 11:12:50.964876+02
243	czlonkowie	0013_migrate_for_real	2025-07-19 13:06:12.029203+02
244	czlonkowie	0006_migrate_data_from_oldczlonek_to_czlonek	2025-07-19 14:20:57.945234+02
245	czlonkowie	0007_alter_innaoldosoba_options_alter_oldbean_options_and_more	2025-07-19 14:20:57.975097+02
246	czlonkowie	0008_remove_oldbean_czapka_1_remove_oldbean_czapka_2_and_more	2025-07-19 14:40:10.376837+02
247	kronika	0005_alter_charakterystykadzialanzarzadu_autor	2025-07-19 14:40:10.402395+02
248	czlonkowie	0009_delete_oldczlonek	2025-07-19 14:40:10.40596+02
249	czlonkowie	0010_rename_bractwo_innaosoba_bractwo_do_ktorego_nalezy	2025-07-19 19:02:15.027732+02
250	encyklopedia	0014_bractwo_zalozyciele	2025-07-19 19:02:15.075555+02
251	encyklopedia	0015_remove_tradycjabcs_zapozyczona_tradycjabcs_autor_and_more	2025-07-19 19:14:34.572136+02
252	encyklopedia	0016_pojecie_autor	2025-07-19 19:18:49.288474+02
253	encyklopedia	0017_powiedzenie_adresaci_powiedzenie_autor_and_more	2025-07-19 19:33:25.192006+02
254	kronika	0006_remove_wydarzenie_obrazy_and_more	2025-07-19 20:01:35.905444+02
255	osoby	0001_initial	2025-07-20 19:25:44.668644+02
256	osoby	0002_delete_osoby_alter_zarzad_options_and_more	2025-07-20 19:29:06.365047+02
257	osoby	0003_alter_czlonek_czapka_1_alter_czlonek_czapka_2_and_more	2025-07-20 19:29:28.537987+02
258	osoby	0004_remove_bean_czapka_1_remove_bean_czapka_2_and_more	2025-07-20 19:30:04.970308+02
259	osoby	0005_osoba_alter_oldbean_rodzic_1_alter_oldbean_rodzic_2_and_more	2025-07-20 19:30:27.082704+02
260	osoby	0006_migrate_data_from_oldczlonek_to_czlonek	2025-07-20 19:30:41.424507+02
261	osoby	0007_alter_innaoldosoba_options_alter_oldbean_options_and_more	2025-07-20 19:30:53.714599+02
262	osoby	0008_remove_oldbean_czapka_1_remove_oldbean_czapka_2_and_more	2025-07-20 19:31:03.402856+02
263	osoby	0009_delete_oldczlonek	2025-07-20 19:31:34.620268+02
264	osoby	0010_rename_bractwo_innaosoba_bractwo_do_ktorego_nalezy	2025-07-20 21:37:12.00108+02
265	osoby	0011_alter_bean_pewnosc_stazu_alter_czlonek_imie_piwne_1_and_more	2025-07-20 21:48:19.287755+02
266	kronika	0007_typwydarzenia_typwyjazdu	2025-07-21 15:53:55.935528+02
267	kronika	0008_rename_typ_wydarzenia_wydarzenie_old_typ_wydarzenia_and_more	2025-07-21 16:26:48.856366+02
268	kronika	0009_remove_wydarzenie_old_typ_wydarzenia_and_more	2025-07-21 16:27:34.46941+02
269	kronika	0010_alter_wydarzenie_typ_wydarzenia_and_more	2025-07-21 16:49:27.0697+02
270	kronika	0011_alter_zdarzenie_data	2025-07-22 00:34:49.367391+02
271	kronika	0012_rename_czy_to_wyjazd_wydarzenie_old_czy_to_wyjazd	2025-07-22 03:17:44.311526+02
272	kronika	0013_wydarzenie_czy_to_wyjazd	2025-07-22 03:18:11.636247+02
273	kronika	0014_remove_wydarzenie_old_czy_to_wyjazd	2025-07-22 03:21:17.38366+02
274	kronika	0015_wydarzenie_czy_jednodniowe	2025-07-22 04:22:44.371357+02
275	kalendarz	0001_initial	2025-07-23 14:09:04.031628+02
276	kalendarz	0002_alter_obrazwydarzenie_widoczne_osoby_and_more	2025-07-23 16:46:02.06751+02
277	encyklopedia	0018_alter_pojecie_wydarzenie_and_more	2025-07-23 16:47:02.297128+02
278	kronika	0016_remove_obrazzdarzenie_miejsce_and_more	2025-07-23 16:49:43.279992+02
279	prawo	0001_initial	2025-07-23 17:19:03.126906+02
280	dokumenty	0001_initial	2025-07-23 18:19:41.48079+02
281	prawo	0002_remove_dokument_autorzy_and_more	2025-07-23 18:19:41.547252+02
282	dokumenty	0002_remove_dokument_tekst_dokument_plik	2025-07-23 19:40:13.395428+02
283	dokumenty	0003_alter_dokument_streszczenie	2025-07-23 19:47:03.443648+02
284	dokumenty	0004_alter_dokument_data	2025-07-23 20:11:02.608616+02
285	prawo	0003_relacjaprawna_dokument	2025-07-23 20:11:02.652473+02
286	prawo	0004_alter_relacjaprawna_options_and_more	2025-07-23 21:33:58.003558+02
287	prawo	0005_relacjaprawna_przedawnione	2025-07-23 21:39:53.734088+02
288	kronika	0017_typwydarzeniahistorycznego_wydarzeniehistoryczne	2025-07-23 22:21:24.162376+02
290	kronika	0019_kadencja	2025-07-23 22:51:21.774635+02
294	kronika	0018_alter_wydarzeniehistoryczne_data_and_more	2025-07-24 12:30:44.209713+02
295	osoby	0012_alter_dawnyzarzad_kadencja_alter_zarzad_kadencja	2025-07-24 12:30:44.275529+02
296	core	0002_delete_kadencja	2025-07-24 12:31:13.684851+02
297	kronika	0019_wydarzeniehistoryczne_wydarzenie	2025-07-24 13:53:34.832709+02
298	prawo	0006_podmiot_aktualne	2025-07-24 18:53:10.564677+02
299	slowniczek_lacinski	0001_initial	2025-07-24 19:31:36.353411+02
300	prawo	0007_alter_relacjaprawna_dokument	2025-07-26 21:38:39.324284+02
301	zrodla	0001_initial	2025-07-26 21:58:01.630959+02
302	prawo	0008_alter_relacjaprawna_dokument	2025-07-26 21:58:01.67815+02
303	dokumenty	0005_remove_dokument_autorzy_and_more	2025-07-26 21:58:01.741423+02
304	dokumenty	0006_delete_dokument_delete_edykt	2025-07-26 21:58:01.746455+02
305	encyklopedia	0019_delete_zrodlo	2025-07-26 22:14:34.634363+02
306	zrodla	0002_zrodlo	2025-07-26 22:14:34.693942+02
307	zrodla	0003_rename_zrodlo_zrodloogolne	2025-07-26 23:18:47.716453+02
308	zrodla	0004_zrodlo	2025-07-26 23:27:14.532485+02
309	zrodla	0005_alter_zrodloogolne_options_and_more	2025-07-26 23:32:12.888749+02
310	zrodla	0006_remove_dokument_autorzy_remove_dokument_id_and_more	2025-07-26 23:41:23.525009+02
311	zrodla	0007_remove_dokument_plik_remove_zrodloogolne_link_and_more	2025-07-27 00:00:01.882894+02
312	zrodla	0008_alter_zrodlo_plik	2025-07-27 00:54:05.129796+02
313	encyklopedia	0020_powiedzenie_zrodlo	2025-07-27 00:54:05.175669+02
314	encyklopedia	0021_alter_powiedzenie_autor	2025-07-27 01:01:13.347527+02
315	encyklopedia	0022_alter_powiedzenie_autor	2025-07-27 01:02:25.801284+02
316	encyklopedia	0023_delete_powiedzenie	2025-07-27 01:12:17.12306+02
317	encyklopedia	0024_cytat_aforyzm	2025-07-27 01:16:03.868317+02
318	encyklopedia	0025_alter_cytat_options	2025-07-27 12:46:08.581715+02
319	osoby	0013_czlonek_depositio_beanorum	2025-07-27 12:46:08.635474+02
320	kronika	0020_alter_charakterystykadzialanzarzadu_options_and_more	2025-07-27 13:26:58.502655+02
321	osoby	0014_nowyzarzad_delete_zarzad	2025-07-27 13:26:58.56017+02
322	osoby	0014_rename_zarzad_to_nowyzarzad 	2025-07-27 13:29:29.929451+02
323	osoby	0015_remove_nowyzarzad_cantandi_and_more	2025-07-27 14:27:45.455684+02
324	osoby	0016_remove_dawnyzarzad_bibendi_and_more	2025-07-27 14:33:14.715577+02
325	osoby	0017_delete_dawnyzarzad_delete_nowyzarzad	2025-07-27 16:46:32.952351+02
326	osoby	0018_dawnyzarzad_nowyzarzad	2025-07-27 16:46:39.389829+02
327	osoby	0019_alter_dawnyzarzad_options_alter_nowyzarzad_options_and_more	2025-07-27 17:04:59.950989+02
328	osoby	0020_halloffame_osoba	2025-07-27 17:15:49.685713+02
329	osoby	0021_remove_halloffame_bean_remove_halloffame_czlonek	2025-07-27 17:22:49.771085+02
330	kronika	0021_charakterystykadzialanzarzadu_zarzad	2025-07-27 18:17:55.325312+02
331	kronika	0022_alter_charakterystykadzialanzarzadu_options_and_more	2025-07-27 18:25:22.022239+02
332	kronika	0023_rename_charakterystykadzialanzarzadu_podsumowaniekadencji	2025-07-27 18:33:31.855579+02
333	kronika	0024_alter_podsumowaniekadencji_options_and_more	2025-07-27 18:35:20.322893+02
334	encyklopedia	0026_powiedzenie	2025-07-27 20:33:59.985235+02
335	zrodla	0009_alter_dokument_streszczenie_alter_zrodlo_tytul	2025-07-27 21:55:00.034526+02
336	zrodla	0010_alter_dokument_data	2025-07-27 21:55:49.605714+02
337	zrodla	0011_alter_edykt_numer_alter_ukaz_numer	2025-07-27 21:56:53.088963+02
\.


--
-- Data for Name: django_session; Type: TABLE DATA; Schema: public; Owner: projectuser
--

COPY public.django_session (session_key, session_data, expire_date) FROM stdin;
uqejwy4sjit3ps460mk23rwwcob1eiut	.eJxVjDsOAiEUAO9CbcgDHj9Le89A-Dxl1UCy7FbGuxuSLbSdmcybhbhvNeyD1rAUdmaCnX5ZivlJbYryiO3eee5tW5fEZ8IPO_i1F3pdjvZvUOOoc2scOC2Nkzc0GkDLlKIigzoBek3gnIrKg7VURAZhVcEitERDFtEr9vkCmjk18A:1u7roq:GItcFo0EY88Xya-uF0tPE8N4uko-gbzywcx3UjlmSF8	2025-05-08 10:20:28.689032+02
qltd0zqr7bumeuqwl9rz582r60t20a1u	.eJxVjDsOAiEUAO9CbcgDHj9Le89A-Dxl1UCy7FbGuxuSLbSdmcybhbhvNeyD1rAUdmaCnX5ZivlJbYryiO3eee5tW5fEZ8IPO_i1F3pdjvZvUOOoc2scOC2Nkzc0GkDLlKIigzoBek3gnIrKg7VURAZhVcEitERDFtEr9vkCmjk18A:1uH8Gb:33OQjUkZ7BMKZCVOL8v7dxgVddcHR_CqtoQKy5ZgjGw	2025-06-02 23:43:25.633742+02
yhbs7ag3ngoo93uvhgr2xcq7c6ikn0iz	.eJxVjDsOAiEUAO9CbcgDHj9Le89A-Dxl1UCy7FbGuxuSLbSdmcybhbhvNeyD1rAUdmaCnX5ZivlJbYryiO3eee5tW5fEZ8IPO_i1F3pdjvZvUOOoc2scOC2Nkzc0GkDLlKIigzoBek3gnIrKg7VURAZhVcEitERDFtEr9vkCmjk18A:1uOOW6:FUUzeufnnTDD59mHRTzlEQKHS5r7THK2qchfUg5WPT4	2025-06-23 00:29:26.965873+02
e2w126gsubz1f9nieaoyi47njc6foy36	.eJxVjDsOAiEUAO9CbcgDHj9Le89A-Dxl1UCy7FbGuxuSLbSdmcybhbhvNeyD1rAUdmaCnX5ZivlJbYryiO3eee5tW5fEZ8IPO_i1F3pdjvZvUOOoc2scOC2Nkzc0GkDLlKIigzoBek3gnIrKg7VURAZhVcEitERDFtEr9vkCmjk18A:1uWXvQ:dLWAHzmhbNQISAaTGjliMc_wNpgYG4fxiTSsmSEngTU	2025-07-15 12:09:16.945006+02
6r6d3tjt373yk4qtju2zdatiemmlj8zt	.eJxVjDsOAiEUAO9CbcgDHj9Le89A-Dxl1UCy7FbGuxuSLbSdmcybhbhvNeyD1rAUdmaCnX5ZivlJbYryiO3eee5tW5fEZ8IPO_i1F3pdjvZvUOOoc2scOC2Nkzc0GkDLlKIigzoBek3gnIrKg7VURAZhVcEitERDFtEr9vkCmjk18A:1uc3B4:Eut1MoBzk6DQC_aYvB_ngKx7zZyRq0W8DXie8FvIFmA	2025-07-30 16:32:10.780881+02
\.


--
-- Data for Name: encyklopedia_aforyzm; Type: TABLE DATA; Schema: public; Owner: projectuser
--

COPY public.encyklopedia_aforyzm (cytat_ptr_id) FROM stdin;
2
5
6
\.


--
-- Data for Name: encyklopedia_bractwo; Type: TABLE DATA; Schema: public; Owner: projectuser
--

COPY public.encyklopedia_bractwo (id, nazwa, panstwo_id, rok_zalozenia, wiek_tradycje, grupa_bractw_id) FROM stdin;
6	Bractwo Czapki Studenckiej Animus	1	1111111111	1111111111	2
5	Bractwo Czapki Studenckiej UJ	1	2009	1111111111	2
\.


--
-- Data for Name: encyklopedia_bractwo_zalozyciele; Type: TABLE DATA; Schema: public; Owner: projectuser
--

COPY public.encyklopedia_bractwo_zalozyciele (id, bractwo_id, osoba_id) FROM stdin;
1	5	148
2	5	76
3	5	157
\.


--
-- Data for Name: encyklopedia_cytat; Type: TABLE DATA; Schema: public; Owner: projectuser
--

COPY public.encyklopedia_cytat (id, tekst, kontekst, autor_id, polymorphic_ctype_id, zrodlo_id) FROM stdin;
3	Niech wie ta niesie si od Nowej Huty po Ruczaj, niech gosz j na Wydziaach Prawa i Administracji, Lekarskim, Farmaceutycznym, Nauk o Zdrowiu, Filozoficznym, Historycznym, Filologicznym, Polonistyki, Fizyki, Astronomii i Informatyki Stosowanej, Matematyki i Informatyki, Chemii, Biologii i Nauk o Ziemii, Zarzdzania i Komunikacji Spoecznej, Studiw Midzynarodowych i Politycznych, Biochemii, Biofizyki i Biotechnologii. Niech wie niesie si przez Uniwersytety Krakowskie i Polskie, niech sysz o niej Europejczycy, Belgowie i Francuzi i Wosi i niech sawi Nasz chwa.	Patrz: rdo	133	40	2
4	(...) niech bdzie przeklty po wsze czasy! Niech nigdy si nie upije! Niech gos mu si zaamie, kiedy bdzie piewa, a chrypka niech mu doskwiera przy\r\nkadej pieni! Niech odpadn mu wszystkie pinsy! Niech Czapka wyblaknie, a ty sznureczek si urwie! Niech wszyscy zobacz, co ma w ogrdku! Niech poknie pinsa wrzuconego do piwa i strawi tak, eby ju nie mg go odzyska! Niech bdzie wiadomym wszem i wobec, e jest mciwod i nie hoduje zasadom braterstwa.	Patrz: rdo	133	40	3
5	Poczenie elegancji z prostot stanowi o szlachectwie kadej rzeczy i persony.	Patrz: rdo	133	98	4
6	Estetyka jest t wartoci, ktra przyciga swym naturalnym i niewymuszonym piknem, a kultura postpowania wiadczy o postrzeganiu nas jako godnych uwagi i partnerstwa.	Patrz: rdo	133	98	4
2	W kadym momencie czasu kryje si przeszo, teraniejszo i przyszo. W\r\nkadym momencie czasu kryje si wieczno.	Patrz: rdo	133	98	2
\.


--
-- Data for Name: encyklopedia_cytat_adresaci; Type: TABLE DATA; Schema: public; Owner: projectuser
--

COPY public.encyklopedia_cytat_adresaci (id, cytat_id, osoba_id) FROM stdin;
\.


--
-- Data for Name: encyklopedia_grupabractw; Type: TABLE DATA; Schema: public; Owner: projectuser
--

COPY public.encyklopedia_grupabractw (id, nazwa, opis, rodzaj_czapki_id) FROM stdin;
1	Belgowie		1
2	Polskie		2
3	Faluszardzi		3
4	Goliardzi		4
5	Korporacje studenckie		2
\.


--
-- Data for Name: encyklopedia_grupabractw_kraje; Type: TABLE DATA; Schema: public; Owner: projectuser
--

COPY public.encyklopedia_grupabractw_kraje (id, grupabractw_id, kraj_id) FROM stdin;
1	1	5
2	2	1
3	3	8
4	3	5
5	4	11
6	4	12
7	5	1
8	5	4
\.


--
-- Data for Name: encyklopedia_pojecie; Type: TABLE DATA; Schema: public; Owner: projectuser
--

COPY public.encyklopedia_pojecie (id, nazwa, opis, origins, wydarzenie_id, autor_id) FROM stdin;
1	Bractwo Czapki Studenckiej UJ	Bractwo Czapki Studenckiej Uniwersytetu Jagielloskiego (BCS UJ) to organizacja studencka dziaajca na Uniwersytecie Jagielloskim, ktrej celem jest propagowanie noszenia czapki studenckiej na UJ oraz innych polskich uczelniach, integracja midzywydziaowa, midzyuczelniana i midzynarodowa oraz kultywowanie i poznawanie tradycji studenckich.	I	\N	\N
\.


--
-- Data for Name: encyklopedia_powiedzenie; Type: TABLE DATA; Schema: public; Owner: projectuser
--

COPY public.encyklopedia_powiedzenie (cytat_ptr_id) FROM stdin;
3
4
\.


--
-- Data for Name: encyklopedia_tradycjabcs; Type: TABLE DATA; Schema: public; Owner: projectuser
--

COPY public.encyklopedia_tradycjabcs (id, nazwa, okolicznosci_powstania, inne, opis, autor_czlonek_id, wydarzenie_id, od_kogo_id, autor_id, zapozyczona_czy_autorska) FROM stdin;
2	Toast w stron Nawojki	Wyd		By wypi toast w stron Nawojki, naley odwrci si tykiem w stron Klubu Nawojka i pi na hejna.\r\nTradycja powstaa po tym, gdy wygoniono Czapk z Nawojki (moe ale nie musi by to zwizane z betem na st bilardowy)	\N	12	\N	\N	A
\.


--
-- Data for Name: encyklopedia_tradycjainnegobractwa; Type: TABLE DATA; Schema: public; Owner: projectuser
--

COPY public.encyklopedia_tradycjainnegobractwa (id, nazwa, opis, bractwo_id, od_kogo_id, zapozyczona) FROM stdin;
\.


--
-- Data for Name: encyklopedia_zwyczaj; Type: TABLE DATA; Schema: public; Owner: projectuser
--

COPY public.encyklopedia_zwyczaj (id, nazwa, data_powstania, opis, autor_id) FROM stdin;
\.


--
-- Data for Name: kalendarz_obrazwydarzenie; Type: TABLE DATA; Schema: public; Owner: projectuser
--

COPY public.kalendarz_obrazwydarzenie (id, tytul, obraz, opis, wydarzenie_id) FROM stdin;
2	Zoenie kwiatw	kronika/wydarzenia/UniwersyteckiDzienPamieci_23yMlpx.jpg	Autor: Anna Karczmarz z Dziennika Polskiego	8
\.


--
-- Data for Name: kalendarz_obrazwydarzenie_widoczne_osoby; Type: TABLE DATA; Schema: public; Owner: projectuser
--

COPY public.kalendarz_obrazwydarzenie_widoczne_osoby (id, obrazwydarzenie_id, osoba_id) FROM stdin;
\.


--
-- Data for Name: kalendarz_obrazzdarzenie; Type: TABLE DATA; Schema: public; Owner: projectuser
--

COPY public.kalendarz_obrazzdarzenie (id, tytul, data, obraz, opis, miejsce_id, zdarzenie_id) FROM stdin;
1		2025-05-09	kronika/zdarzenia/karabinieri.jpg		18	\N
2	Mural kotki	2025-05-08	kronika/zdarzenia/Mural_kotki.jpg		30	30
3	Posterunek karabinieri	2025-05-08	kronika/zdarzenia/karabinieri_OI7Izuz.jpg		30	30
4	Punkt zbirkowy - fontanna Neptuna	2025-05-08	kronika/zdarzenia/Cycki.jpg		30	30
5	Jaka kaplica	2025-05-08	kronika/zdarzenia/494342816_580860494460289_7301206846230970123_n.jpg		30	30
\.


--
-- Data for Name: kalendarz_obrazzdarzenie_widoczne_osoby; Type: TABLE DATA; Schema: public; Owner: projectuser
--

COPY public.kalendarz_obrazzdarzenie_widoczne_osoby (id, obrazzdarzenie_id, osoba_id) FROM stdin;
\.


--
-- Data for Name: kalendarz_typwydarzenia; Type: TABLE DATA; Schema: public; Owner: projectuser
--

COPY public.kalendarz_typwydarzenia (id, typ) FROM stdin;
1	Akcja
3	Karczma
6	Konferencja naukowa
7	Sprztanie grobw
9	Ognisko
10	Ostry Dyur
11	Planszwki
12	Reaktywacja
13	Juwenalia
14	Odchamianie si
15	RPG
16	Walne
17	Wycieczka
18	Wybory
19	Uaskie Zdrowie
20	Uroczysto
21	Zawody sportowe
23	Nie dotyczy
5	Wykad/Prelekcja
24	Wycieczka rowerowa
25	Grill
26	Rejs
27	Koncert
28	Konkurs
30	Wywiad
22	Spontaniczne
31	piewanie
32	Wigilia
33	Obiad
34	Idy Marcowe
35	Impreza
36	Bretelle
37	Andrzejki
38	Koldowanie
39	Rekrutacja
40	Wyjcie do kina
41	Depositio Beanorum
8	Historyczny
42	Granie on-line
43	Wieczr filmowy
2	Inny
29	Spotkanie z prof. Gajd
45	Nadzwyczajne Walne
\.


--
-- Data for Name: kalendarz_typwyjazdu; Type: TABLE DATA; Schema: public; Owner: projectuser
--

COPY public.kalendarz_typwyjazdu (id, typ) FROM stdin;
1	Adapciak
2	Inny
3	Kudacze
5	Nie dotyczy
4	Wyjazd zagraniczny
6	Stiftungfest
8	Wyjazd integracyjny
\.


--
-- Data for Name: kalendarz_wydarzenie; Type: TABLE DATA; Schema: public; Owner: projectuser
--

COPY public.kalendarz_wydarzenie (id, nazwa, opis, data_rozpoczecia, data_zakonczenia, link, typ_wydarzenia_id, typ_wyjazdu_id, czy_to_wyjazd, czy_jednodniowe) FROM stdin;
71	Kudacze		2012-03-09	2012-03-09		23	3	t	t
74	Czapkowy ostry dyur 6 - Poegnanie z Ann-Mari!		2012-03-29	2012-03-29		10	5	f	t
73	Karczma wiosenna pt. Powitanie semestru		2012-03-24	2012-03-24		3	5	f	t
76	Zebranie w sprawie statutu Bractwa		2012-04-21	2012-04-21		16	5	f	t
77	Karczma piwna przed Juwenaliow		2012-05-12	2012-05-12		3	5	f	t
51	Oktoberfest		2011-10-27	2011-10-27		35	5	f	t
79	Juwenalia 2012		2012-05-16	2012-05-18		13	5	f	t
81	Stiftungfest		2012-05-19	2012-05-19		23	6	t	t
33	Wyjazd na Stiftungfest	Aka Lorenc: "Wyjazd na Stiftungfest do Opola - rewizyta u zaprzyjanionej korporacji Salia Silesia"	2011-05-28	2011-05-28		23	6	t	t
80	Juwenaliowa Karczma Piwna z Belgami!		2012-05-18	2012-05-18		3	5	f	t
84	Wakacyjna posiadwka czapkowa - zamiast odwiedzin u profesora		2012-06-29	2012-06-29		22	5	f	t
85	Czapka podbija wiat! Edycja Druga		2012-07-01	2012-07-01		28	5	f	t
88	Inauguracja roku akademickiego 2012/2013		2012-10-01	2012-10-01		20	5	f	t
89	Czapkowe wybory		2012-10-03	2012-10-03		18	5	f	t
90	Karczma Reaktywacyjna 3		2012-10-05	2012-10-05		3	5	f	t
92	Czapka Open Party		2012-10-06	2012-10-06		35	5	f	t
93	Ostry Dyur 2012 vol.1		2012-10-24	2012-10-24		10	5	f	t
94	Bankiet Europejski		2012-11-02	2012-11-02		23	4	t	t
95	'O obyczajowoci akw krakowskich w XVI wieku', Mariusz Wolny		2012-12-06	2012-12-06		5	5	f	t
87	Czapka na Pine Gouine 4: Rabelais		2012-08-03	2012-08-05		23	4	t	f
86	Ordre de la Bretelle - wakacyjne odwiedziny		2012-07-27	2012-07-31		36	5	f	f
83	Promuj Bractwo - umieszczam informacj o jego stronie		2012-06-18	2012-09-30		1	5	f	f
116	Karczma wigilijna BCS UJ 2013		2013-12-18	2013-12-18		32	5	f	t
96	'O obyczajowoci akw krakowskich w XVI wieku', Mariusz Wolny		2012-12-06	2012-12-07		5	5	f	f
103	Juwenalia 2013		2013-05-07	2013-05-14		13	5	f	f
97	Jacobs Czapka Winter Special	Cubuk zgubi czapk - Pumba zrobi wydarzenie, eby pokaza jej losy	2013-02-20	2013-02-20		2	5	f	t
99	GAUDEAMUS - czapkowe piewanie		2013-03-07	2013-03-07		31	5	f	t
38	Petycja w sprawie niezamykania Klubu "Buda"	Klub jest zamknity z powodu remontu akademika i Czapka organizuje petycj.	2011-07-21	2011-07-21		2	5	f	t
100	Ostry Dyur 2013		2013-03-08	2013-03-08		10	5	f	t
101	Walne Zgromadzenie BCS UJ		2013-03-20	2013-03-20		16	5	f	t
102	Karczma wiosenna 2013 BCS UJ		2013-04-13	2013-04-13		3	5	f	t
104	Majowy Ostry Dyur		2013-05-28	2013-05-28		10	5	f	t
105	Loa medykw (zjazd absolwentw z lat 1952-1957)  zaprasza reprezentacj Czapki		2013-06-01	2013-06-01		2	5	f	t
106	Reactivation Party V		2013-09-30	2013-10-06		12	5	f	f
107	Karczma Reaktywacyjna		2013-10-04	2013-10-04		3	5	f	t
109	Czapka zdobywa wiat 2.0		2013-10-05	2013-10-05		28	5	f	t
110	Ostry dyur - vol. 2		2013-11-06	2013-11-06		10	5	f	t
108	Ostry dyur czas zacz! - vol. 1		2013-10-23	2013-10-23		10	5	f	t
112	Walne Zgromadzenie BCS UJ		2013-11-14	2013-11-14		16	5	f	t
114	Ostry Dyur - vol. 4		2013-12-05	2013-12-05		10	5	f	t
113	Wizyta u Profesora		2013-11-30	2013-11-30		29	5	f	t
117	Lekcja piewania z BCS UJ 2014		2014-02-27	2014-02-27		31	5	f	t
118	Tradycyjna Karczma BCS UJ		2014-03-07	2014-03-07		3	5	f	t
120	Kudacze		2014-04-04	2014-04-04		23	3	t	t
122	Wiosenny Obiad BCS UJ		2014-04-27	2014-04-27		33	5	f	t
123	Pitkowa balanga w Budzie		2014-05-09	2014-05-09		35	5	f	t
126	Karczma Juwenaliowa 2014		2014-05-16	2014-05-16		3	5	f	t
125	Juwenalia 2014		2014-05-13	2014-05-17		13	5	f	f
128	Karczma Posesyjna BCS UJ		2014-06-27	2014-06-27		3	5	f	t
129	Grill u profesora Gajdy		2014-06-28	2014-06-28		25	5	f	t
130	Czapka Reactivation Party VI		2014-10-03	2014-10-04		12	5	f	f
131	Wybory Zarzdu BCS UJ		2014-10-23	2014-10-23		18	5	f	t
133	Ostry Dyur vol.1 z BCS UJ		2014-11-06	2014-11-06		10	5	f	t
134	Uaskie Zdrowie		2014-11-21	2014-11-21		19	5	f	t
9	Czapkowa Karczma Karnawaowa		2011-01-16	2011-01-16		3	5	f	t
25	Zoenie kwiatw pod grobem krlowej Jadwigi		2010-05-12	2010-05-12		20	5	f	t
11	Czapkowa Karczma Posesyjna		2011-02-12	2011-02-12		3	5	f	t
27	Puchar Prorektora CMUJ		2011-03-05	2011-03-05		21	5	f	t
67	Obiad posesyjny		2012-02-09	2012-02-09		33	5	f	t
66	Wyjazd do Belgii		2012-02-08	2012-02-12		23	4	t	t
8	Uniwersytecki Dzie Pamici	Aka Lorenc: "Bractwo  biorze udzia w Uniwersyteckim Dniu Pamici (rocznicy Sondernaktion Krakau) - duo fotek tego dnia robia nam Anka Kaczmarz z Dziennika Polskiego (miaa nam je wysa i nie wysaa!).	2010-11-06	2010-11-06		20	5	f	t
39	Czapka zdobywa wiat!	Pierwsza edycja konkursu, w ktrym czonkowie BCS przysyaj swoje czapki z rnych stron wiata, w ktrych spdzaj wakacje.	2011-07-23	2011-09-16		28	5	f	t
40	Czapkowa karczma zwycizcw		2011-09-16	2011-09-16		3	5	f	t
1	Zaoenie BCS	Aka Lorenc: "data powstania Bractwa Czapki Studenckiej. Oprcz noszenia czapek wany jest folklor studencki: integracja, piew, wymienianie si pinsami, koleestwo. \r\nCzapka dziaa w ramach Collegium Medicum UJ. Wielu studentw ze wszystkich wydziaw posiada swoje wasne czapki. "	2009-08-20	2009-08-20		8	5	f	t
15	Konferencja medyczna we Wrocawiu	Aka Lorenc: "Czapka medyczna (i nie tylko) wpada do Wrocawia. We Wrocawiu ma miejsce konferencja medyczna i twrcy Czapki chc skorzysta z okazji, by promowa zwyczaj jej noszenia. "	2011-03-25	2011-03-25		6	5	f	t
12	Wielka Karczma Piwna		2011-03-12	2011-03-12		3	5	f	t
14	Wykad dla Stowarzyszenia Absolwentw UJ	Wykad Tadeusza na temat czapki studenckiej UJ dla Stowarzyszenia Absolwentw UJ (piwnica przy ul. Grodzkiej 53)	2011-03-18	2011-03-18		5	5	f	t
16	Wycieczka na Kopiec Kociuszki	Aka Lorenc: "Studenci wielu wydziaw bieraj si pod akademikiem aczek i wsplnie id na Kopiec Kociuszki, piewajc m.in pieni onierskie. "	2011-04-03	2011-04-03		17	5	f	t
18	Czapkowa Karczma w klimatach midzywojennych		2011-04-16	2011-04-16		3	5	f	t
22	Majowa Karczma Piwna		2011-05-14	2011-05-14		3	5	f	t
21	Czapkowa eskapada rowerowa szlakiem Bema		2011-05-07	2011-05-07		24	5	f	t
20	Grill pod aczkiem: urodziny Geologa		2011-04-30	2011-04-30		25	5	f	t
17	Wykad na Wydziale Polonistyki		2011-04-06	2011-04-06		5	5	f	t
6	Pierwsza inauguracja roku akademickiego BCS	Aka Lorenc: "Bractwo spotyka si do spontanicznie. Wikszo czonkw stanowi osoby z CMUJ, ale spotkania s organizowane w taki sposb, aby wczy jak najwicej osb. "	2010-10-01	2010-10-01		20	5	f	t
24	Prelekcja Roberto o folklorze studenckim		2010-04-28	2010-04-28		5	5	f	t
3	Pierwsza karczma		2010-01-28	2010-01-28		3	5	f	t
41	Wycieczka do browaru w Tychach		2011-09-29	2011-09-29		17	5	f	t
19	Spotkanie statutowe BCS		2011-04-19	2011-04-19		16	5	f	t
30	Juwenalia 2011		2011-05-19	2011-05-21		13	5	f	t
31	Polsko-belgijsko-francuska Karczma Piwna		2011-05-21	2011-05-21		3	5	f	t
32	Rozpiewany rejs		2011-05-23	2011-05-23		26	5	f	t
34	Wizyta w Muzeum Anatomii		2011-06-02	2011-06-02		14	5	f	t
35	Wybory wydziaowych reprezentanw do Zarzdu oraz Zarzdu "Centralnego"		2011-06-04	2011-06-04		16	5	f	t
36	Czapka docza do koncertu Vacancy & Los Purkos		2011-06-30	2011-06-30		27	5	f	t
37	Koncert Jurka Boyka		2011-07-04	2011-07-04		27	5	f	t
50	Oprowadzanie pierwszakw szlakiem historycznouniwersytecko-baromlecznym		2011-10-23	2011-10-23		17	5	f	t
42	Czapka Reactivation Party 2		2011-10-01	2011-10-01		12	5	f	t
43	Karczma Reaktywacyjna		2011-10-02	2011-10-02		3	5	f	t
52	Czapkowy Ostry Dyur 3 - "Morska fala"		2011-11-04	2011-11-04		10	5	f	t
54	Uniwersytecki Dzie Pamici		2011-11-07	2011-11-07		20	5	f	t
57	Wsplne piewanie piosenek rajdowych z prof. Czerwiskim, organizatorem rajdw Eskulapw		2011-11-17	2011-11-17		31	5	f	t
44	Ostry Dyur czapkowy - spotkanie informacyjne BCS		2011-10-06	2011-10-06		10	5	f	t
47	Tour des bars		2011-10-07	2011-10-07		2	5	f	t
48	Ostry Dyur Czapkowy		2011-10-20	2011-10-20		10	5	f	t
49	Wywiad czapek dla MMKrakow.pl		2011-10-22	2011-10-22		30	5	f	t
53	Spontaniczna czapkowa posiadwka na Woli		2011-11-05	2011-11-05		22	5	f	t
56	43 lekcja piewania w wito Niepodlegoci z Loch Camelot		2011-11-12	2011-11-12		31	5	f	t
58	Karczma Andrzejkowa		2011-11-27	2011-11-27		3	5	f	t
60	Czapkowy Ostry Dyur 4		2011-12-01	2011-12-01		10	5	f	t
64	Wigilia BCS UJ		2011-12-17	2011-12-17		32	5	f	t
65	Wybory - Wielki Mistrz, Kasztelan, Skarbnik		2012-01-15	2012-01-15		18	5	f	t
70	Czapkowe wyjcie kulturalne nr 1 w 2012		2012-03-01	2012-03-01		14	5	f	t
72	Idy Marcowe		2012-03-16	2012-03-16		34	5	f	t
26	Faerie Matricularum		2025-05-08	2025-05-11		23	4	t	f
23	Przygarnij Belga w Juwenalia!	nocleg w czasie Juwenaliw	2011-05-17	2011-05-21		1	5	f	f
61	Bankiet Tradycji Studenckich		2011-12-03	2011-12-05		23	4	t	f
55	Czapka na CIBA		2011-11-11	2011-11-16		23	4	t	f
62	Koldowanie pod Novum wraz z NZS UJ		2011-12-16	2011-12-16		38	5	f	t
46	Kawa czy Herbata a w niej czapka!		2011-10-07	2011-10-07		29	5	f	t
135	Czapkowe Andrzejki z BCS UJ		2014-11-28	2014-11-28		37	5	f	t
136	Czapkowe mikoajkowe wyjcie do Muzeum Armii Krajowej		2014-12-07	2014-12-07		14	5	f	t
137	Karczma Wigilijna 2014		2014-12-17	2014-12-17		3	5	f	t
139	Ostry Dyur Przedwiosenny		2015-03-05	2015-03-05		10	5	f	t
140	Idy Czapkowe 2015		2015-03-14	2015-03-14		34	5	f	t
141	Karczma Wiosenna 2015		2015-03-27	2015-03-27		3	5	f	t
142	Kudacze vol. 3 - szalony wypad w gry Czapki Studenckiej		2015-04-10	2015-04-10		23	3	t	t
143	Juwenalia 2015		2015-05-07	2015-05-10		13	5	f	f
145	Karczma Juwenaliowa 2015		2015-05-08	2015-05-08		3	5	f	t
144	Ostry Dyur Przedsesyjny		2015-06-10	2015-06-10		10	5	f	t
147	Ognisko przedsesyjne		2015-06-12	2015-06-12		9	5	f	t
148	Tres faciunt collegium: grill u Profesora		2015-06-30	2015-06-30		29	5	f	t
150	Ostry dyur vol. 1		2015-10-15	2015-10-15		10	5	f	t
151	Walne Zgromadzenie BCS UJ 2015/2016		2015-10-22	2015-10-22		18	5	f	t
152	Piracki Ostry Dyur		2015-11-05	2015-11-05		10	5	f	t
153	Karczma Jesienna BCS UJ		2015-11-14	2015-11-14		3	5	f	t
154	Uaskie Zdrowie		2015-11-21	2015-11-21		19	5	f	t
155	Western Party BCS UJ		2015-11-25	2015-11-25		35	5	f	t
156	Koldowanie pod Collegium Novum		2015-12-19	2015-12-19		38	5	f	t
158	Karczma Wigilijna BCS UJ		2015-12-19	2015-12-19		3	5	f	t
159	Styczniowy Ostry Dyur		2016-01-20	2016-01-20		10	5	f	t
160	Sylwester z Czapk		2016-01-07	2016-01-07		10	5	f	t
162	Karczma Wiosenna BCS UJ		2016-03-05	2016-03-05		3	5	f	t
163	Idy Marcowe		2016-03-16	2016-03-16		34	5	f	t
164	Powiteczny Ostry Dyur		2016-03-31	2016-03-31		10	5	f	t
165	Kwietniowy Ostry Dyur		2016-04-13	2016-04-13		10	5	f	t
166	Rajd BCS UJ na Kudacze 2016		2016-04-22	2016-04-24		23	3	t	f
168	Juwenalia 2016		2016-05-12	2016-05-14		13	5	f	f
167	Majowy Ostry Dyur		2016-05-05	2016-05-05		10	5	f	t
171	Czerwcowy Ostry Dyur		2016-06-01	2016-06-01		10	5	f	t
172	Ognisko przedsesyjne BCS UJ		2016-06-11	2016-06-11		9	5	f	t
173	Czapkowy Adapciak 2016		2016-09-22	2016-09-25		23	1	t	f
174	Konkurs Wakacyjny		2016-09-30	2016-09-30		28	5	f	t
175	Reaktywacja BCS UJ		2016-09-30	2016-10-02		12	5	f	f
180	Listopadowy Ostry Dyur		2016-11-13	2016-11-13		10	5	f	t
178	Wybory zarzdu VIII kadencji BCS UJ + Walne Zgromadzenie		2016-10-26	2016-10-26		18	5	f	t
196	Juwenalia 2017		2017-05-11	2017-05-14		13	5	f	f
179	Drugi Listopadowy Ostry Dyur		2016-11-17	2016-11-17		10	5	f	t
182	Fantastyczne Czapki i jak je znale		2016-11-19	2016-11-19		40	5	f	t
184	Walne Zgromadzenie		2016-12-07	2016-12-07		16	5	f	t
185	Wigilia Czapkowa		2016-12-17	2016-12-17		10	5	f	t
186	Ruszt u Maeckiego		2015-04-30	2015-04-30		25	5	f	t
188	Styczniowy Ostry Dyur		2017-01-12	2017-01-12		10	5	f	t
189	Styczniowy Ostry Dyur II		2017-01-21	2017-01-21		10	5	f	t
190	Wiosenna Karczma		2017-03-04	2017-03-04		3	5	f	t
191	Marcowy Ostry Dyur		2017-03-14	2017-03-14		10	5	f	t
192	Kudacze 2017		2017-03-24	2017-03-24		23	3	t	t
193	Marcowy Ostry Dyur II		2017-03-30	2017-03-30		23	3	t	t
194	Cercle Marie Haps vs Czapka Studencka : Calotte vs Czapka		2017-04-05	2017-04-05		2	5	f	t
195	Rewizyta tego Szalika		2017-04-20	2017-04-20		17	5	f	t
197	Karczma juwenaliowa		2017-05-12	2017-05-12		3	5	f	t
199	Majowy Ostry Dyur		2017-05-24	2017-05-24		10	5	f	t
200	Czerwcowy Ostry Dyur		2017-06-01	2017-06-01		10	5	f	t
201	Zakoczenie sezonu na izoarenie		2017-06-03	2017-06-03		21	5	f	t
203	Ognisko Przedsesyjne 2017		2017-06-10	2017-06-10		9	5	f	t
204	Czapkowy obz integracyjny 2017		2017-09-15	2017-09-18		23	8	t	f
205	Reaktywacja BCS UJ		2017-09-29	2017-10-01		12	5	f	f
206	Wybory Czapkowe - Walne Zgromadzenie		2017-10-12	2017-10-12		18	5	f	t
208	Padziernikowy Ostry Dyur		2017-10-25	2017-10-25		10	5	f	t
209	Jesienna Karczma BCS UJ		2017-11-10	2017-11-10		3	5	f	t
210	Uaskie Zdrowie		2017-11-25	2017-11-25		19	5	f	t
211	Wielka Rekrutacja 2017		2017-11-29	2017-11-29		39	5	f	t
212	Mikoajkowy Ostry Dyur		2017-12-06	2017-12-06		10	5	f	t
213	Wigilia Czapkowa		2017-12-16	2017-12-16		32	5	f	t
214	Styczniowy Ostry Dyur		2018-01-11	2018-01-11		10	5	f	t
215	Czapkowy Bal Karnawaowy		2018-01-20	2018-01-20		35	5	f	t
216	Ostry Dyur a La Calotte		2018-02-01	2018-02-01		10	5	f	t
217	Ostry Dyur - piwoterapia zamanych serc		2018-02-18	2018-02-18		10	5	f	t
218	Posesyjny Ostry Dyur		2018-02-28	2018-02-28		10	5	f	t
219	Kudacze 2018		2018-03-16	2018-03-18		23	3	t	f
220	Wiosenny Ostry Dyur		2018-03-21	2018-03-18		10	5	f	f
221	Depositio Beanorum		2018-04-04	2018-04-04		41	5	f	t
222	Czapka studencka oznak prawdziwego aka II		2018-04-07	2018-04-07		5	5	f	t
223	Karczma Wiosenna BCS UJ		2018-04-14	2018-04-14		3	5	f	t
224	Kwietniowy Ostry Dyur		2018-04-28	2018-04-28		10	5	f	t
225	Europejskie i polskie tradycje studenckie		2018-05-11	2018-05-11		5	5	f	t
269	Piama CzaParty - Przedsesyjny Ostry Dyur		2020-01-16	2020-01-16		10	5	f	t
227	Juwenalia 2018		2018-05-16	2018-05-20		13	5	f	f
228	Midzynarodowa Karczma		2018-05-18	2018-05-18		3	5	f	t
230	Ognisko Przedsesyjne BCS UJ		2018-06-09	2018-06-09		9	5	f	t
232	Walne Zgromadzenie	Nadanie dewizy "In varietate unitas", przyjcie statutu zgodnego z UJ, przyjcie nowego herbu Bractwa (autor: Robert Fidura)	2018-09-08	2018-09-08		9	5	f	t
233	Adapciak BCS UJ		2018-09-21	2018-09-24		23	1	t	f
234	Reaktywacja 2018		2018-09-28	2018-10-01		12	5	f	f
236	Pakt Bractw w Bractwem tego Szalika		2018-09-28	2018-09-28		8	5	f	t
237	Depositio Beanorum		2018-10-17	2018-10-17		41	5	f	t
238	Wybory		2018-10-24	2018-10-24		18	5	f	t
239	Wielka Rekrutacja BCS UJ		2018-11-13	2018-11-13		39	5	f	t
240	Karczma Jesienna 2018		2018-11-23	2018-11-23		3	5	f	t
241	Andrzejki BCS UJ		2018-11-30	2018-11-30		37	5	f	t
242	Starej czapkowej gwardii spotkanie na szczycie		2018-12-01	2018-12-01		2	5	f	t
243	Czapka studencka? A co to?		2018-12-05	2018-12-05		39	5	f	t
244	Mikoajkowy Ostry Dyur		2018-12-05	2018-12-05		10	5	f	t
245	Wigilia Czapkowa		2018-12-15	2018-12-15		32	5	f	t
246	Przedsesyjny Ostry Dyur		2019-01-17	2019-01-17		10	5	f	t
247	Starej czapkowej gwardii spotkanie na szczycie #2		2019-02-16	2019-02-16		2	5	f	t
248	Posesyjny Ostry Dyur - piewogranie		2019-02-27	2019-02-27		10	5	f	t
249	Karczma Wiosenna BCS UJ		2019-03-15	2019-03-15		3	5	f	t
250	Teatr z Czapk - Dzienniki Gwiazdowe		2019-03-20	2019-03-20		14	5	f	t
251	Kudacze 2019		2019-03-29	2019-03-29		23	3	t	t
252	Bankiet 10-lecia BCS UJ		2019-04-06	2019-04-06		8	5	f	t
270	Bal(folk) Czapkowy Taneczny Ostry Dyur		2020-02-21	2020-02-21		10	5	f	t
253	Juwenalia 2019		2019-05-23	2019-05-26		13	5	f	f
255	Karczma Juwenaliowa 2019		2019-05-24	2019-05-24		3	5	f	t
256	Spotkanie z Animusem		2019-06-07	2019-06-07		17	5	f	t
257	Teatr z Czapk vol. 2 - Skpiec		2019-06-07	2019-06-07		14	5	f	t
258	Ognisko Posesyjne BCS UJ		2019-06-08	2019-06-08		9	5	f	t
259	Adapciak 2019 BCS UJ		2019-09-16	2019-09-19		23	1	t	f
260	Martinus si broni		2019-09-24	2019-09-24		2	5	f	t
271	Depositio Beanorum		2020-02-28	2020-02-28		41	5	f	t
261	Reaktywacja XI		2019-09-27	2019-10-01		12	5	f	f
263	Wybory 2019/2020		2019-10-09	2019-10-09		18	5	f	t
264	Wielka Rekrutacja BCS UJ		2019-10-24	2019-11-30		39	5	f	f
265	Wykad Czapka Studencka		2019-11-22	2019-11-22		5	5	f	t
266	Karczma		2019-11-22	2019-11-22		3	5	f	t
267	Ostry Dyur Mikoajkowy		2019-12-04	2019-12-04		10	5	f	t
268	Wigilia Czapkowa 2019		2019-12-14	2019-12-14		32	5	f	t
274	Ognisko Posesyjne 2020		2020-06-30	2020-06-30		9	5	f	t
275	Nadzwyczajne Walne Zgromadzenie BCS UJ (MS TEAMS)		2020-10-08	2020-10-08		18	5	f	t
272	Wirtualny Ostry Dyur (Discord)		2020-05-15	2020-05-15		10	5	f	t
276	Czapkowe Among Us		2020-10-24	2020-10-24		42	5	f	t
277	Czapkowy Wieczr Filmowy: Asterix i Obelix (on-line)		2020-11-05	2020-11-05		43	5	f	t
278	Czapkowy Wieczr Filmowy: Hydrozagadka (on-line)		2020-12-09	2020-12-09		43	5	f	t
279	Czapkowy witeczny Wieczr Filmowy: Kevin sam w domu (on-line)		2020-12-28	2020-12-28		43	5	f	t
281	Posesyjny Ostry Dyur: film (on-line)		2021-02-12	2021-02-12		43	5	f	t
282	Wielki konkurs czapkowy na zdjcia, filmy, prace plastyczne/literackie		2021-02-27	2021-02-27		28	5	f	t
273	Hommage a Maurice		2020-06-06	2020-06-06		2	5	f	t
235	Walne Zgromadzenie	Nadanie dewizy "In varietate unitas", przyjcie statutu zgodnego z UJ, przyjcie nowego herbu Bractwa (autor: Robert Fidura)	2018-09-08	2018-09-08		16	5	f	t
284	Czapkowy Wieczr Filmowy: Znachor (on-line)		2021-04-22	2021-04-22		43	5	f	t
285	Top secret Ostry dyur		2021-06-02	2021-06-02		10	5	f	t
283	Posesyjny Ostry Dyur: film (on-line)		2021-02-12	2021-02-12		10	5	f	t
287	Jednoosobowa delegacja BCS UJ na Komerszu z okazji XI rocznicy reaktywacji Konwentu Arcadia		2021-06-18	2021-06-18		2	5	f	t
288	Top secret ognisko		2021-06-30	2021-06-30		9	5	f	t
289	Reaktywacja XIII		2021-09-30	2021-10-02		12	5	f	f
291	Karczma Reaktywacyjna		2021-09-30	2021-09-30		3	5	f	t
292	Walne zgromadzenie BCS UJ		2021-10-22	2021-10-22		18	5	f	t
293	Karczma Jesienna BCS UJ		2021-11-10	2021-11-10		3	5	f	t
294	Sprztanie grobw z prof. Gajd		2021-11-06	2021-11-06		7	5	f	t
295	Monika Kwater i Mateusz urek biegn w grskim Biegu Niepodlegoci ze skawiny do Mogilan		2021-11-11	2021-11-11		21	5	f	t
297	Uaskie Zdrowie		2021-11-13	2021-11-13		19	5	f	t
298	Spotkanie z prof. Gajd po Uaskim Zdrowiu		2021-11-13	2021-11-13		29	5	f	t
300	Czapka uruchamia kana na Instagramie		2021-11-16	2021-11-16		8	5	f	t
301	Zapytaj, Zamw, Zakadaj		2021-11-22	2021-11-22		1	5	f	t
302	Impreza Andrzejkowa (+wrby)		2021-11-26	2021-11-26		35	5	f	t
303	Ostry Dyur Mikoajkowy		2021-12-09	2021-12-09		10	5	f	t
304	Wyjcie do kina na "Nasze Magiczne Encanto"		2021-12-16	2021-12-16		40	5	f	t
305	Karczma Wigilijna		2021-12-16	2021-12-16		3	5	f	t
306	Noworoczny Ostry Dyur		2022-01-13	2022-01-13		10	5	f	t
307	Przedsesyjny Ostry Dyur		2022-01-22	2022-01-22		10	5	f	t
335	Przedsesyjny Ostry Dyur		2023-01-26	2023-01-26		10	5	f	t
308	Zapytaj, Zamw, Zakadaj" dofinansowane przez Samorzd Studentw UJ		2022-02-03	2022-02-03		8	5	f	t
309	Zapytaj, Zamw, Zakadaj" dofinansowane przez Samorzd Studentw UJ		2022-02-03	2022-02-03		8	5	f	t
310	rdsesyjny Ostry Dyur		2022-02-11	2022-02-11		10	5	f	t
311	Ogoszenie wynikw 1. edycji konkursu na nowe zwrotki Czapkowych Opowieci	11 gosami wygraa j Olga Zatoska. Stworzya ku chwale Bractwa nastpujce zwrotki:\r\n1. Rok za rokiem mija szybko\r\nJu jest lato ju jest zima\r\nPorzucone dzieci pacz\r\nA Pryka wci nima!\r\n2. Przy gitarze Kotlet smutno\r\npiewa koldy prbuje\r\nnikt nie sucha, kady z Ciepym\r\nTannenbaum faszuje\r\n3. O noszenie szala mistrza\r\npojedynek si odbywa\r\nGomuka ju nie mg piwa\r\nna gow je wyla!	2022-02-12	2022-02-12		28	5	f	t
312	Wyjcie do teatru na spektakl Dwaj mistrzowie komedii wg Fredro i Moliera, w ktrym gra "Kozioek"		2022-03-03	2022-03-03		14	5	f	t
313	Mateusz urek (Magister Cantandi) przedua konkurs na czapkowe zwrotki Czapkowych Opowieci i Czapkowej Siekiery Motyki		2022-03-09	2022-03-09		28	5	f	t
314	Magister Cantandi przedua konkurs na czapkowe zwrotki Czapkowych Opowieci i Czapkowej Siekiery Motyki		2022-03-09	2022-03-09		28	5	f	t
315	Zielony Ostry Dyur (w. Patryka zamiast Id Marcowych)		2022-03-26	2022-03-26		10	5	f	t
316	Wirtualny Dzie Otwarty UJ	Czapka ma swj wirtualny pokj, w ktrym nadaje Wielki Mistrz wraz z czci Zarzdu ze Starego Portu	2022-03-26	2022-03-26		39	5	f	t
317	Kudacze 2022		2022-04-01	2022-04-01		23	3	t	t
318	Karczma Wiosenna BCS UJ w klimacie wielkanocnego niadania		2022-04-22	2022-04-22		3	5	f	t
319	Trzyosobowa delegacja na imprez do Zielonej Gry		2022-04-23	2022-04-23		17	5	f	t
320	Juwenalia 2022		2022-05-19	2022-05-23		13	5	f	f
321	Konferencja Gaudeamus Igitur! Kultura studencka na przestrzeni wiekw		2022-06-06	2022-06-06		6	5	f	t
322	Depositio beanorum		2022-06-11	2022-06-11		41	5	f	t
323	Adapciak BCS UJ 2022		2022-09-22	2022-09-24		23	1	t	f
336	Midzysesyjny Ostry Dyur		2023-02-10	2023-02-10		10	5	f	t
325	Reaktywacja 2022		2022-09-29	2022-10-02		12	5	f	f
326	Walne Zgromadzenie BCS UJ		2022-10-21	2022-10-21		18	5	f	t
324	Karczma Reaktywacyjna		2022-09-30	2022-09-30		3	5	f	t
328	Chemiku, za czapk! Promocja na Wydziale Chemii UJ		2022-11-14	2022-11-14		39	5	f	t
329	Karczma Jesienna		2022-11-17	2022-11-17		3	5	f	t
331	Wigilia BCS UJ		2022-12-17	2022-12-17		32	5	f	t
330	Andrzejki BCS UJ		2022-12-01	2022-12-01		37	5	f	t
333	Mikoajkowy Ostry Dyur		2022-12-07	2022-12-07		10	5	f	t
334	Noworoczny Ostry Dyur		2023-01-12	2023-01-12		10	5	f	t
337	Posesyjny Ostry Dyur		2023-02-24	2023-02-24		10	5	f	t
339	Przedwiosenny Ostry Dyur		2023-03-09	2023-03-09		10	5	f	t
338	Karczma Idy Marcowe		2023-03-17	2023-03-17		3	5	f	t
341	Wiosenny Ostry Dyur		2023-03-30	2023-03-30		10	5	f	t
342	Ostry Dyur Wielkanocny		2023-04-13	2023-04-13		10	5	f	t
343	Juwenalia 2023		2023-05-18	2023-05-21		13	5	f	f
345	Karczma Juwenaliowa		2023-05-21	2023-05-21		3	5	f	t
346	Czerwcowy Ostry Dyur		2023-06-02	2023-06-02		10	5	f	t
348	Przedsesyjny Ostry Dyur		2023-06-16	2023-06-16		10	5	f	t
349	Ognisko Posesyjne		2023-06-30	2023-06-30		9	5	f	t
350	Reaktywacja 2023		2023-09-28	2023-10-01		12	5	f	f
352	Karczma Reaktywacyjna		2023-09-29	2023-09-29		3	5	f	t
353	Awaryjne Depositio Beanorum		2023-10-12	2023-10-12		41	5	f	t
354	Walne Zgromadzenie BCS UJ		2023-10-19	2023-10-19		18	5	f	t
355	Halloweenowy Ostry Dyur		2023-10-26	2023-10-26		10	5	f	t
356	Czapka w kinie (Chopi)		2023-11-12	2023-11-12		40	5	f	t
357	Karczma Jesienna		2023-11-15	2023-11-15		3	5	f	t
358	Czapka w kinie (Napoleon)		2023-11-26	2023-11-26		40	5	f	t
359	Andrzejkowy Ostry Dyur		2023-11-30	2023-11-30		10	5	f	t
360	Czapka w kinie (Igrzyska mierci: Ballada Ptakw i Wy)		2023-12-03	2023-12-03		40	5	f	t
361	Mikoajkowy Ostry Dyur		2023-12-06	2023-12-06		10	5	f	t
362	Karczma Wigilijna BCS UJ		2023-12-15	2023-12-15		32	5	f	t
\.


--
-- Data for Name: kalendarz_wydarzenie_miejsca; Type: TABLE DATA; Schema: public; Owner: projectuser
--

COPY public.kalendarz_wydarzenie_miejsca (id, wydarzenie_id, miejsce_id) FROM stdin;
1	24	2
2	25	4
3	6	24
4	6	5
5	6	6
6	26	17
7	26	18
8	26	19
9	26	20
10	26	21
11	26	22
12	26	23
13	26	25
14	26	26
15	26	27
16	26	1
17	26	28
18	26	29
19	26	30
20	23	16
21	22	10
22	21	31
23	20	15
24	19	10
25	18	10
26	17	14
27	9	8
28	11	9
29	12	10
30	15	12
31	14	33
32	16	13
33	16	15
36	30	16
37	30	10
38	30	13
39	31	10
40	33	35
41	34	36
42	36	10
43	37	37
44	38	38
45	40	39
46	41	40
47	42	41
48	42	42
49	42	6
50	43	43
51	44	41
52	46	44
53	48	41
54	50	16
55	51	15
56	53	45
57	55	46
58	57	41
59	61	47
60	62	48
62	64	24
63	65	41
65	66	46
67	67	42
70	70	49
72	71	50
74	72	41
77	74	41
78	73	51
80	76	52
81	77	53
84	79	41
85	79	16
86	79	53
87	79	54
90	80	53
93	81	35
95	87	55
96	90	56
98	92	57
99	93	56
100	94	47
102	95	7
103	96	7
105	99	10
106	100	58
107	102	10
108	103	10
109	103	59
110	103	60
111	103	16
112	104	56
114	106	10
115	106	59
116	107	10
118	112	10
120	113	44
122	114	58
124	116	10
125	118	10
127	120	50
129	122	10
130	123	10
131	125	62
132	125	10
133	126	10
135	128	58
136	129	44
137	130	10
139	131	58
141	133	37
142	134	61
143	135	63
144	136	64
146	137	65
148	139	58
149	140	65
150	141	66
151	142	50
152	143	67
153	143	68
154	143	69
159	145	68
160	144	56
162	147	70
163	148	44
165	150	66
166	151	58
167	152	69
168	153	10
169	154	61
170	155	69
172	156	48
174	158	71
175	159	69
176	160	69
178	162	10
179	163	69
180	164	69
181	165	69
182	166	50
183	167	69
186	171	69
187	172	70
188	173	72
189	175	16
190	175	73
191	175	69
206	180	69
207	178	69
208	179	69
211	182	74
213	184	69
215	185	66
216	185	75
217	186	75
219	188	69
220	189	69
221	190	10
222	191	69
223	192	50
224	193	69
225	195	76
227	196	16
228	196	10
229	196	69
233	197	68
235	199	69
236	200	69
237	201	77
239	203	70
241	204	78
243	205	16
244	205	69
245	205	68
246	205	53
247	206	69
249	208	69
250	209	10
251	210	61
252	211	10
253	212	69
254	213	39
255	214	69
256	215	8
257	216	10
258	217	69
259	218	69
260	219	79
261	220	69
262	221	69
263	222	76
264	223	80
265	224	69
266	225	81
269	227	69
270	227	16
271	227	82
272	227	83
273	227	84
274	227	54
275	227	57
284	228	85
287	230	70
289	233	86
292	234	68
293	234	69
294	234	16
296	234	88
297	237	69
298	239	69
299	240	15
300	241	8
301	242	53
302	243	89
303	244	69
304	245	39
305	246	69
306	247	53
307	248	15
308	249	15
309	250	90
310	251	91
311	252	92
312	253	16
346	253	69
347	253	10
349	253	83
350	253	94
351	253	95
353	255	96
354	256	98
355	257	90
356	258	70
357	259	86
358	261	96
359	261	99
360	261	100
361	261	69
362	261	16
363	263	69
364	265	67
365	266	101
366	267	102
367	268	39
368	269	8
369	270	8
370	271	69
371	274	70
372	285	69
374	288	70
376	289	69
377	289	6
379	291	104
380	292	69
383	293	69
385	294	105
386	294	106
387	297	61
388	298	107
390	302	15
391	303	69
392	305	15
393	306	69
394	307	69
395	310	69
396	311	69
397	312	90
398	315	69
399	316	69
400	317	50
401	318	15
402	319	76
403	321	5
404	322	69
405	323	108
406	323	69
407	323	6
410	324	68
416	325	69
417	325	109
418	326	69
422	328	82
423	329	56
424	330	15
426	331	15
428	333	69
429	334	69
430	335	69
431	336	69
432	337	56
434	338	56
436	339	69
438	341	69
439	342	69
440	343	69
443	343	109
445	345	68
446	346	69
448	348	69
449	349	110
451	350	69
452	350	109
453	350	6
455	352	69
456	353	69
457	354	69
458	355	56
459	357	111
460	359	8
461	361	15
462	362	39
\.


--
-- Data for Name: kalendarz_wydarzenie_uczestnicy; Type: TABLE DATA; Schema: public; Owner: projectuser
--

COPY public.kalendarz_wydarzenie_uczestnicy (id, wydarzenie_id, osoba_id) FROM stdin;
1	14	148
2	14	181
3	15	148
4	15	76
5	56	103
6	57	188
8	65	97
10	97	76
13	105	148
14	105	76
16	46	157
18	113	157
19	129	157
20	130	157
22	131	129
23	131	109
24	131	15
25	131	53
26	131	150
34	148	157
36	151	96
37	151	128
38	151	133
39	151	118
40	151	95
41	178	131
42	178	118
43	178	89
44	178	90
45	178	95
46	185	95
47	186	95
48	206	67
49	206	154
50	206	41
51	206	122
52	206	159
58	238	41
59	238	113
60	238	25
61	238	30
62	238	159
63	252	157
65	253	182
66	253	191
100	260	103
103	263	130
104	263	42
105	263	113
106	263	120
107	263	125
108	275	64
109	275	130
110	275	25
111	275	155
112	275	125
113	292	64
114	292	110
115	292	25
116	292	155
117	292	30
118	294	157
119	295	118
120	295	110
123	308	185
124	309	185
125	310	185
126	311	192
127	312	130
128	313	130
129	314	130
130	316	30
131	319	64
132	319	120
133	319	30
134	326	64
135	326	121
136	326	109
137	326	110
138	354	130
139	354	37
140	354	102
141	354	116
142	354	29
\.


--
-- Data for Name: kalendarz_wyjazd_obrazy; Type: TABLE DATA; Schema: public; Owner: projectuser
--

COPY public.kalendarz_wyjazd_obrazy (id, wyjazd_id, obrazwyjazd_id) FROM stdin;
\.


--
-- Data for Name: kalendarz_zdarzenie; Type: TABLE DATA; Schema: public; Owner: projectuser
--

COPY public.kalendarz_zdarzenie (id, nazwa, data, opis, miejsce_id, wydarzenie_id, godzina) FROM stdin;
77	CIBA Open Party	2016-10-01		\N	175	\N
51	Inauguracja 650 roku akademickiego na UJ w czapce studenckiej	2013-10-01		\N	106	\N
53	5-lecie BCS UJ	2014-04-04		\N	120	\N
55	Alegoria studenta - Polska, Europa, redniowiecze	2014-05-14		\N	125	\N
56	Koncert uniwersytecki z okazji 650-lecia UJ: Carmina Burana	2014-05-14		62	125	\N
78	Zwiedzanie winnicy UJ w azach	2016-10-02		73	175	\N
19	Impreza ze stoiskami balli i muzyk	2025-05-09	Dalsza integracja z goliardi przy ich stoiskach z arciem goliardii i muzyce granej przez goliardw. Zajlimy strategiczn pozycj na kocu placu, gdzie rozoylimy nasz flag (ktra staa dopki kto nie wpad na genialny pomys skakania przez ni)	18	26	20:00:00
57	Midzynarodowe CIBA Open Disney Party	2014-05-14		10	125	\N
79	Goodbye Party	2016-10-02		69	175	\N
5	Nowa tradycja: Toast w stron Nawojki	2011-03-12		\N	\N	\N
65	Wykad Juwenaliowy	2016-05-12		67	168	\N
6	Spotkanie z babci Tadka	2011-03-18	Poznajemy babci Tadka, ktra nosia czapk studenck, kiedy geologi przeniesiono z UJ na AGH.	\N	14	\N
80	Orfeusz i Eurydyka - wyjcie do oper	2016-10-02		\N	175	\N
1	Samorzd nosi czapki	2010-05-12	zoenie kwiatw pod grobem Krlowej Jadwigi (czapki s zaproszone a Samorzd Studencki nosi nosi czapki)	4	25	\N
67	Wykad Juwenaliowy	2016-05-12		67	\N	\N
68	Superheroes CIBA Open Party	2016-05-14		10	\N	\N
25	Pub Crawl	2025-05-10	Za jedyne 5 eurasw nabylimy zielone przepustki na 4 rne trunki w 4 rnych lokacjach. Podczas tego eventu poznalimy najemnikw z Pizy, w tym tygrysa Kapitano	17	26	15:00:00
75	International Cantus	2016-09-30		\N	175	\N
24	Darmowy lunch dla uczestnikw parady	2025-05-10	Buki z wosk szynk. Szczliwcy nie natrafili na mortadel. Wolny czas, tam te spotkalimy si z Kucharzem i Szynk (Kucharz prowadzi badania we Woszech), ktrzy od tej pory trzymali si z nami	18	26	14:00:00
2	International Cantus: Gaudeamus	2010-10-01		6	6	\N
76	Pochd inauguracyjny	2016-10-01		16	175	\N
20	Przekazanie kluczy do miasta boloskim goliardom	2025-05-09	Podczas Faerie Matricularum zgodnie z tradycj burmistrz przekazuje goliardom klucze (zrobione z ciasta). Wydarzeniu towarzysz fittone oraz sztandary. piewa si Viva Bologna oraz Gaudeamus Igitur.	19	26	12:00:00
87	Wykady Juwenaliowe o tradycjach studenckich	2017-05-11		\N	196	\N
3	Pierwszy pochd z Collegium Maius do Auditorium Maximum	2010-10-01		5	6	\N
23	Parada przebierana	2025-05-10	Z okazji Faerie Matricularum Boloscy goliardzi co roku organizuj parad z platformami. Kada balla przebiera si wg ustalonego theme'u i przygotowuje platform. Balla naszych gospodarzy, Monte Christo, przebraa si za ciemn stron mocy z uniwersum Wadcy Piercieni oraz Hobbita. Zamiast platformy mieli chodzcego Smauga. Wikszo z nas przebraa si za Uruk-hai, ale pojawili si take dwaj nazgule oraz oko Saurona. Podczas parady piewalimy polskie piosenki.\r\nPrzed parad szed orszak perkusyjny, dbajcy o to, by kady nas sysza. Przeszlimy od Piazza Vittorio Puntoni do Piazza Magiore. Orszak zakoczy si odpiewaniem Gaudeamus.	29	26	12:00:00
93	Reactivation Cantus	2017-09-29		68	205	\N
94	CIBA Open Party	2017-09-30		53	205	\N
12	Prelekcje na temat studenckiego folkloru	2010-10-01		24	6	\N
22	Zwiedzanie MEUS	2025-05-09	MEUS - muzeum studenckiego folkloru. Zobaczylimy wiele niecodziennych czapek, redniowieczne narzdzia do ujarzmiania beanw, symbol goliardii w postaci supa. Dowiedzielimy si dlaczego Angela Merkel ma blizn na policzku oraz e na Uniwersytecie Boloskim studiowa Mirosaw z Polski	21	26	16:00:00
95	Inauguracja roku akademickiego	2017-10-01		16	205	\N
96	Goodbye Party	2017-10-01		69	205	\N
21	Uroczyste nadanie feluk nowym goliardom	2025-05-09	Dwch nowych czonkw doczyo do szeregu goliardw. Zostali (a waciwie to tylko chopak, bo dziewczynie kto zajoma czapk) ochrzczeni przez burmistrza i fittone. W programie skadanie przysigi, oberwanie ozdb z feluki, obsypanie popioem z peta i picie caej butelki wina przesikajcego przez czapk. Po chrzcie na uczestnikw czeka st z przekskami i popit. Delegacja Polski zdya wypi 3 z 4 butelek aperola zanim Wosi skapnli si co jest grane. Henio zamieni si w barmana i zacz wydawa Wochom reszt szamy	21	26	17:00:00
26	Impreza z muzyk w Giardini Filippo Re	2025-05-10	Wydarzenie podobne do tego z dnia poprzedniego, ale tym razem byo wicej niezalenych budek, co oznaczao wicej goliardw wolnych do zabawy. Doczyli take gocie z Belgii.\r\nTo wanie podczas tego wydarzenia Henio i Nobod doczyli w szeregi najemnikw z Pizy.	18	26	19:00:00
105	Cantus: X Reactivation	2018-09-28		\N	234	\N
110	The last Do widzenia party	2019-05-23		16	253	\N
143	Wykad o polskim i europejskim folklorze studenckim	2019-05-23		83	253	\N
144	mpreza powitalna VII Midzynarodowych Dni Folkloru Studenckiego BCS UJ	2019-05-23		94	253	\N
145	Korowd juwenaliowy	2019-05-24		16	253	\N
146	Ognisko na Skakach Twardowskiego	2019-05-25		95	253	\N
147	CIBA Open Party	2019-05-25		10	253	\N
148	Impreza Poegnalna	2019-05-26		69	253	\N
155	Inauguracja Roku Akademickiego	2021-10-01		6	289	\N
156	Open Party w tematyce redniowiecznej	2021-10-02		69	289	\N
160	Reaktywacyjna impreza powitalna	2022-09-29		69	325	\N
161	Impreza przebierana o tematyce prehistorycznej	2022-10-01		109	325	\N
162	Poegnanie wakacji	2022-10-02		69	325	\N
163	Juwenaliowa Impreza Powitalna	2023-05-18		69	343	\N
164	CIBA Party Anioy i Demony	2023-05-20		109	343	\N
165	Juwenaliowa Impreza Poegnalna	2023-05-21		69	343	\N
166	Reaktywacyjna Impreza Powitalna	2023-09-28		69	350	\N
167	Impreza przebierana w klimacie Disco	2023-09-30		109	350	\N
27	Wycig gokartw	2025-05-11	Co roku kada z balli wystawia do zawodw swoje gokarty (tak, maj swoje wasnorcznie zbudowane wzki), ozdabiajc je z jajem. Balla Monte Christo uya do tego pozostaoci z kostiumu Smauga, balla Impero przywizaa swojego potnego czonka Odyna do ka na kkach, pojawi si te wzek inwalidzki. \r\n\r\nPierwsza konkurencja polegaa na zebraniu najwikszej iloci narodowoci w orszaku za danym wzkiem. Zapewnilimy naszym gospodarzom zwycistwo w tej kategorii.\r\n\r\nW nastpnej konkurencji goliardzi przypili po trzy balony do swoich wzkw. W specjalnie wyznaczonej do tego strefie trzyosobowe druyny (dwch pchajcych wzek i jeden pasaer) staray si przeku balony przeciwnikw za pomoc szaszykw.\r\nW naszej druynie jednym z pchajcych by Nobod, za pasaerem Stefano. Walczyli dzielnie, ale w kocu przegrali z wzkiem inwalidzkim.\r\n\r\nOstatni konkurencj  by wycig, poprzedzony obaleniem caej butli wina przez druyny. Przez oszustwo pasaera (Stefano) nasza druyna (Szymon Zwias i Nobod) musiaa oprcz tego wyzerowa puszk piwa, ktrego to zadania podj si Nobod. Przez to opnienie musielimy niele przyspieszy. Sklejany tam klejc gruchot nie wytrzyma i rozpad si podczas morderczego biegu posyajc pchajcych na bruk, a Stefano w bliej nieokrelonym kierunku. Mimo fiasko incydent spotka si z wiwatem ze strony goliardw na cze pchajcych.	25	26	14:00:00
28	Zwiedzanie Piazza Magiore	2025-05-11	Jeden ze studentw sztuki postawi nam wszystkim darmowe piwo i postanowi pokaza par tajemnic Bolonii.\r\n\r\n1. Iluzja optyczna fontanny Neptuna: autor chcia przyprawi Neptunowi duego czonka, jednak spotkao si to z dezaprobat kocioa. Postanowi wic utrze klerowi nosa i ustawi palec boga w taki sposb, by z perspektywy ksiy idcych (codziennie!) do bazyliki przypomina cakiem pokany maszt w erekcji\r\n\r\n2. Koniunkcja trzech wie Bolonii: trzy wiee symbolizujce kolejno wadz, ludzi i koci s ustawione w jednej linii by pokaza rwno tych trzech\r\n\r\n3. Najwiksze skarby redniowieczej Bolonii: Pod ukiem jednej z arkad znajduje si fresk przestawiajcy winorol, zboe i... konopi - Bolonia jako miasto portowe, masowo produkowaa liny. Dzi przedstawienie konopii jako obroc ludu byoby nie do pomylenia\r\n\r\n4. Konfesjona z czasw epidemii: Popularna atrakcja. 4 uki - mwic do ciany pod dowolnym ukiem, sycha Ci w kadym innym	25	26	16:00:00
29	Kolacje wszystkich balli	2025-05-11		\N	26	19:00:00
48	Korowd juwenaliowy	2013-05-10		16	103	\N
30	Podr z buta do centrum	2025-05-08	Cz brygady przeraona cen przejazdu Macroni Express wybraa podr piesz. Po drodze odwiedzilimy miejscowy Carrefour, gdzie po dowiedzeniu si, i we Woszech picie publicznie jest legalne, poowa ludzi zostaa tam na duej (na awce przed sklepem)	30	26	06:30:00
31	Ognisko na Kopcu Pisudskiego	2011-05-19		34	30	\N
32	Korowd juwenaliowy	2011-05-20		16	30	\N
33	Polska wyerka dla Belgw	2011-05-20		10	30	\N
52	Co w nas zostao z tamtych lat? - o polskim aku sw kilka	2013-10-04		59	106	\N
49	International Cantus	2013-05-10		10	103	\N
34	Polish beer and honey wine degustation	2011-10-01		41	42	\N
35	Pochd z Collegium Maius	2011-10-01		6	42	\N
36	Obiad w Koko	2011-10-01		42	42	\N
37	International Cantus	2011-10-02		43	43	\N
38	3-lecie BCS UJ	2012-03-09		\N	71	\N
97	Czapki dla Chemikw	2018-05-16		82	227	\N
50	CIBA Open Party	2013-05-11		10	103	\N
40	Grill na AGHu z Belgami	2012-05-16		54	79	\N
41	Impreza CIBA	2012-05-17		41	79	\N
42	Korowd juwenaliowy	2012-05-18		16	79	\N
58	Traditional Cantus	2014-10-03		\N	130	\N
46	Wycieczka do Wieliczki	2013-05-08		60	103	\N
98	Wykady o europejskich tradycjach studenckich	2018-05-17		83	227	\N
47	Konferencja o zwyczajach studenckich	2013-05-09		59	103	\N
66	Superheroes CIBA Open Party	2016-05-14		10	168	\N
84	Zwiedzanie winnicy UJ w azach	2016-10-02		73	\N	\N
85	Goodbye Party	2016-10-02		69	\N	\N
86	Orfeusz i Eurydyka - wyjcie do oper	2016-10-02		\N	\N	\N
81	International Cantus	2016-09-30		\N	\N	\N
82	CIBA Open Party	2016-10-01		\N	\N	\N
99	Pochd Le Monme	2018-05-17		16	227	\N
100	Impreza powitalna VI midzynarodowych Dni Folkloru Studenckiego	2018-05-17		57	227	\N
83	Pochd inauguracyjny	2016-10-01		16	\N	\N
54	5-lecie BCS UJ	2014-04-04		50	\N	\N
88	Welcome Party	2017-05-11		10	196	\N
89	Korowd juwenaliowy	2017-05-12		16	196	\N
90	Mecz piki nonej	2017-05-12		\N	196	\N
91	CIBA Open Party	2017-05-13		10	196	\N
92	Goodbye Party	2017-05-14		69	196	\N
101	Korowd juwenaliowy	2018-05-18		16	227	\N
102	Turniej we Flanki	2018-05-19		54	227	\N
103	CIBA Open Party, temat: Bogowie i Boginie	2018-05-19		84	227	\N
104	Impreza Poegnalna	2018-05-20		69	227	\N
106	Pirackie Open Party	2018-09-29		68	234	\N
107	Spotkanie Poegnalne	2018-09-30		88	234	\N
108	Inauguracja Roku Akademickiego	2018-10-01		16	234	\N
109	After Reaktywacyjny	2018-10-01		69	234	\N
149	Cantus	2019-09-27		96	261	\N
150	CIBA Open Party, temat: Miami '80	2019-09-28		99	261	\N
151	Warsztaty w ywym Muzeum Obwarzanka	2019-09-29		100	261	\N
152	Wycieczka turystyczno-krajoznawcza	2019-09-30		16	261	\N
153	Inauguracja roku akademickiego	2019-10-01		16	261	\N
154	After Reaktywacyjny	2019-10-01		69	261	\N
168	Pochd profesorski	2023-10-01		6	350	\N
169	Reaktywacyjna Impreza Poegnalna	2023-10-01		69	350	\N
\.


--
-- Data for Name: kalendarz_zdarzenie_powiazane_osoby; Type: TABLE DATA; Schema: public; Owner: projectuser
--

COPY public.kalendarz_zdarzenie_powiazane_osoby (id, zdarzenie_id, osoba_id) FROM stdin;
1	6	181
2	110	182
3	110	191
\.


--
-- Data for Name: kronika_kadencja; Type: TABLE DATA; Schema: public; Owner: projectuser
--

COPY public.kronika_kadencja (id, lata, rozpoczecie_id, zakonczenie_id) FROM stdin;
1	2009	\N	\N
2	2010	\N	\N
3	2011	\N	\N
4	2012	\N	\N
5	2013	\N	\N
6	2014	\N	\N
7	2015	\N	\N
8	2016	\N	\N
9	2017	\N	\N
10	2018	\N	\N
11	2019	\N	\N
12	2020	\N	\N
13	2021	\N	\N
14	2022	\N	\N
15	2023	\N	\N
16	2024	\N	\N
\.


--
-- Data for Name: kronika_podsumowaniekadencji; Type: TABLE DATA; Schema: public; Owner: projectuser
--

COPY public.kronika_podsumowaniekadencji (id, autor_id, zarzad_id, podsumowanie) FROM stdin;
8	63	10	Krtka charakterystyka dziaa Zarzdu: \r\n- Nowy Statut (zgodny z wytycznymi UJ)\r\n- #DobryPR (Zuza)\r\n- Depositio Beanorum
11	63	13	Krtka charakterystyka dziaa Zarzdu: \r\n- COVID-19: wikszo spotka odwoana albo on-line\r\n- Pakt Bractw z Animusem: czy zosta podpisany?
10	63	12	Krtka charakterystyka dziaa Zarzdu: \r\n- Prby rozkrcenia dziaalnoci na pocztku\r\n- COVID-19 i lockdown
9	63	11	Krtka charakterystyka dziaa Zarzdu: \r\n- Kucharz wprowadza stan konta on line\r\n- 10-lecie czapki\r\n- Kasper wybija medal z Boyem i rozkrca promocj nietypowego medalu z Karolem Wojty\r\n- Zarzd: czapki honoris causa dla Tadka i Kaspra\r\n- Powoanie muzeum folkloru studenckiego pod opiek Kaspra\r\n- Angielska nazwa organizacji: Fellowship of the Students Cap of Jagiellonian University\r\n- Ustalenie nowych zasad czonkostwa\r\n- Czapka studencka zostaa wpisana do statutu UJ
7	63	9	Krtka charakterystyka dziaa Zarzdu: \r\n- Monika Kwater praktycznie kieruje bractwem\r\n- Prby wprowadzenia nowego herbu (nieudane)\r\n- Pierwsze kontakty z Bractwem tego Szalika\r\n- Wprowadzenie zespow: ds historii, piewnika i kultury
6	63	8	Krtka charakterystyka dziaa Zarzdu: \r\n- Wprowadzenie Ukazw;\r\n- Kalendarz imprez\r\n- Regularne ostre dyury w sali klubowej w Starym Porcie\r\n- Rozliczenie finansowe na koniec dziaalnoci
5	63	7	Krtka charakterystyka dziaa Zarzdu: \r\n- Liczne nieformalne wyjazdy zagraniczne\r\n- Czstsze odwiedziny u Profesora w Zabierzowie\r\n- Ukoczenie piewnika
3	63	4	Krtka charakterystyka dziaa Zarzdu: \r\n- Bogata dziaalno mimo braku spisanego planu\r\n- Ukoczenie statutu i uformowanie si formalnego Zarzdu\r\n- Liczne nieformalne spotkania na Topolowej\r\n- Dobra organizacja mimo braku spisanego planu dziaania
4	63	5	Krtka charakterystyka dziaa Zarzdu: \r\n- Liczne wyjazdy zagraniczne\r\n- Kontynuacja poprzednich dowiadcze Magdaleny
1	63	1	Krtka charakterystyka dziaa Zarzdu: \r\n- Zarzd istnieje tylko formalnie, Tadek i Kasper steruj organizacj\r\n- Dziaalno bardzo spontaniczna i nieregularna, gwnie imprezy\r\n- W pewnym ustalonym momencie Tadek przekazuje wadz Magdalenie (Kasztance)\r\n- Kontakty z Belgami: Coluche, Cristo, Frederic Widart (i inni): czste przyjazdy i nieformalna opieka nad nowo powstajcym bractwem; Bretelle: czste przyjazdy turystyczne do Krakowa du grup
\.


--
-- Data for Name: kronika_typwydarzeniahistorycznego; Type: TABLE DATA; Schema: public; Owner: projectuser
--

COPY public.kronika_typwydarzeniahistorycznego (id, typ) FROM stdin;
1	Walne Zgromadzenie
2	Nadzwyczajne Walne Zgromadzenie
4	Precedensowa forma spotkania
5	Inne
\.


--
-- Data for Name: kronika_wydarzeniehistoryczne; Type: TABLE DATA; Schema: public; Owner: projectuser
--

COPY public.kronika_wydarzeniehistoryczne (id, nazwa, data, opis, typ_id, wydarzenie_id) FROM stdin;
8	Wybory 2012/2013	2012-10-03	W padzierniku odbywaj si wybory, ktre ju rezygnuj z przedstawicieli poszczeglnych wydziaw, za to zostaje powoana komisja rewizyjna.	1	89
7	Wybory reszty Zarzdu	2012-03-04	Ostatecznie udao si wybra reszt Zarzdu	1	\N
5	Wybory Wielkiego Mistrza	2012-01-15	Wybory reprezentantw kadego wydziau oraz czonkw trzyosobowego Prezydium  - Wielki Mistrz, Kasztelan, Skarbnik. Ostatecznie wybrano  jedynie Wielkiego Mistrza - Magdalen Brilha	1	\N
\.


--
-- Data for Name: miejsca_kraj; Type: TABLE DATA; Schema: public; Owner: projectuser
--

COPY public.miejsca_kraj (id, kraj) FROM stdin;
1	Polska
2	Nie wiem
3	Nie dotyczy
4	Niemcy
5	Belgia
6	Dania
7	Finlandia
8	Francja
9	Norwegia
10	Szwecja
11	Wochy
12	Hiszpania
\.


--
-- Data for Name: miejsca_miejsce; Type: TABLE DATA; Schema: public; Owner: projectuser
--

COPY public.miejsca_miejsce (id, nazwa, adres, typ_id, zamkniete_na_stale) FROM stdin;
33	Piwnica przy Grodzkiej	Grodzka 53, 33-332 Krakw, Polska	21	f
5	Auditorium Maximum UJ	Krupnicza 33, 31-123 Krakw, Polska	2	f
24	Centrum Dydaktyczno Kongresowe	witego azarza 16, 31-530 Krakw, Polska	2	f
3	CMUJ	witej Anny 12, 31-008 Krakw, Polska	2	f
11	Collegium Iuridicum UJ	Grodzka 53, 33-332 Krakw, Polska	2	f
6	Collegium Maius UJ	Jagielloska 15, 31-010 Krakw, Polska	2	f
7	Collegium Novum UJ	Gobia 24, 31-007 Krakw, Polska	2	f
14	Gobnik	Gobia 16, 31-007 Krakw, Polska	2	f
4	Grb krlowej Jadwigi	Katedra Wawelska, 31-001 Krakw, Polska	3	f
10	Klub Buda	Czapskich 2, 31-110 Krakw, Polska	4	f
8	Klub Studencki Nawojka	Wadysawa Reymonta 11, 30-059 Krakw, Polska	4	f
15	Klub Studencki "aczek"	al. 3 Maja 5, 30-063 Krakw, Polska	4	f
13	Kopiec Kociuszki	al. Waszyngtona 1, 30-204 Krakw, Polska	3	f
35	Opole	Opole, Polska	5	f
21	MEUS	Via Zamboni, 33, 40126 Bologna BO, Wochy	22	f
99	Klub Dziekanat		4	t
37	AWARIA	Mikoajska 9, 31-027 Krakw, Polska	4	f
39	Hotel Studencki Piast	Piastowska 47, 30-067 Krakw, Polska	23	f
41	Pub Sarmacja	w. Tomasza 8, 31-010 Krakw, Polska	4	t
43	Klub Studio	Witolda Budryka 4, 30-072 Krakw, Polska	4	f
45	Most na Rudawie	Piastowska, 30-213 Krakw, Polska	1	f
47	Strasburg	Niemcy/Francja	5	f
49	Klub Pod Jaszczurami	Rynek Gwny 8, 31-042 Krakw, Polska	4	f
51	Siedziba Szumu	Topolowa 40, 31-506 Krakw, Polska	1	f
53	Artefakt Cafe	Dajwr 3, 31-052 Krakw, Polska	11	t
55	Vieux-Lille	Vieux-Lille, Francja	5	f
57	Klub Re	witego Krzya 4, 31-027 Krakw, Polska	4	f
59	Paac Larischa	Bracka 12, 31-005 Krakw, Polska	27	f
61	Uaskie Zdrowie	Lena 79, 32-065 Krzeszowice, Polska	20	f
63	442 Sport Pub	w. Tomasza 20, 31-020 Krakw	4	f
65	Pod Prd	witego Filipa 6, 31-150 Krakw	4	t
67	Collegium Witkowskiego UJ	Gobia 13, 31-007 Krakw, Polska	2	f
69	Stary Port	Straszewskiego 27, Wejcie od Jabonowskich, 31-113 Krakw, Polska	11	f
71	Restauracja Cechowa	Jagielloska 11, 31-010 Krakw, Polska	8	f
73	Winnica UJ	32-700 azy, Polska	2	f
75	Dom Maeckiego	Krakw, Polska	25	f
77	IzoArena	Sportowa 21, 36-040 Boguchwaa, Polska	31	f
79	Gorczaska Chata	Jamne, 34-453 Ochotnica Grna, Polska	18	f
81	Klub Podrnikw Namaste	Jana III Sobieskiego 27, 40-082 Katowice, Polska	4	f
83	Strefa Studencka UJ	witej Anny 6, 31-008 Krakw, Polska	2	f
85	Restauracja Bazylia	Bolesawa Limanowskiego 12, 30-534 Krakw, Polska	8	t
89	Zakad Dydaktyki Medycznej	witego azarza 16, 31-530 Krakw, Polska	2	f
91	Lubogoszcz	Kasina Wielka, Polska	20	f
93	Stefana Batorego 1, 31-140 Krakw	Stefana Batorego 1, 31-140 Krakw, Polska	11	f
95	Skaki Twardowskiego	30-001 Krakw, Polska	30	f
97	Katowice	Katowice, Polska	5	f
101	Restauracja Eden	Bydgoska 19 A, 30, 30-001 Krakw, Polska	8	t
103	Kolanko No 6	Jzefa 17, 31-056 Krakw, Polska	8	f
105	Cmentarz Rakowicki	Rakowicka 26, 31-510 Krakw, Polska	32	f
107	Pod Srebrnym Kurem	Topolowa 3, 31-512 Krakw, Polska	8	t
109	BAR PO SCHODKACH	Marii Konopnickiej 92b, 30-333 Krakw, Polska	11	f
111	Posiadwka	w. Tomasza 7, 31-014 Krakw, Polska	33	f
27	Bar Birroteca Lupulus	Via Giuseppe Petroni, 7a, 40126 Bologna BO, Wochy	11	f
26	Bazylika w. Petroniusza	Piazza Maggiore, 40124 Bologna BO, Wochy	10	f
17	Bolonia	Bologna, Wochy	5	f
18	Giardini di via Filippo Re	Via Filippo Re, 40126 Bologna BO, Wochy	6	f
16	Krakw	Krakw, Polska	5	f
31	Krakowski Szlak Generaa Bema	powiat krakowski, Polska	13	f
1	Nie wiem	XXX	1	f
19	Palazzo d'Accursio	Piazza Maggiore, 6, 40121 Bologna BO, Wochy	3	f
25	Piazza Maggiore	Piazza Maggiore, 40124 Bologna BO, Wochy	9	f
29	Piazza Vittorio Puntoni	40126 Bologna BO, Wochy	9	f
22	Pizza Casa	Via S. Vitale, 45/A, 40125 Bologna BO, Wochy	8	f
23	Pizza Gingio	Via Rizzoli, 40a, 40126 Bologna BO, Wochy	8	f
30	Port Lotniczy Bolonia	Via del Triumvirato, 84, 40132 Bologna BO, Wochy	12	f
20	Spawner Wochw	Via delle Moline, 7, 40126 Bologna BO, Wochy	7	f
28	W dupie	Chyba wiesz, gdzie masz dup	1	f
12	Wrocaw	Wrocaw, Polska	5	f
34	Kopiec Pisudskiego	Krakw, Polska	20	f
9	Shot Pub	Szpitalna, 30-962 Krakw, Polska	4	t
2	Wydzia Historyczny UJ	ul. Gobia 24, 31-007 Krakw, Polska	2	f
36	Muzeum Anatomii UJ	Mikoaja Kopernika 12, 31-034 Krakw, Polska	22	f
38	I Dom Akademicki Bratniak	Jabonowskich 10/12, 31-114 Krakw, Polska	23	f
40	Browar Tychy	Mikoowska 5, 43-100 Tychy, Polska	24	f
42	Gospoda Koko	Gobia 8, 31-007 Krakw, Polska	8	f
46	Belgia	Belgia	26	f
48	Plac pod Novum	Plac Nowowiejski 3, 30-052 Krakw, Polska	9	f
50	Kudacze	Sucha Dziay 948, 32-432 Pcim, Polska	20	f
52	Eco Resto Bar	Czysta, 31-121 Krakw, Polska	11	t
54	Miasteczko AGH	Jzefa Rostafiskiego 7a, 30-072 Krakw, Polska	23	f
56	Still Bar	Gobia 8, 33-332 Krakw, Polska	11	f
58	Zielono Mi	Krlowej Jadwigi 4, 30-202 Krakw, Polska	4	f
60	"Wieliczka"	Daniowicza 10, 32-020 Wieliczka, Polska	22	f
62	Filharmonia Krakowska	Zwierzyniecka 1, 31-103 Krakw, Polska	3	f
64	Muzeum Armii Krajowej	Wita Stwosza 12, 31-511 Krakw, Polska	22	f
66	Cudowne Lata	Garncarska 5, 31-115 Krakw, Polska	28	f
68	New York Pizza Department	al. 29 Listopada 57, 31-425 Krakw, Polska	8	f
70	Las Wolski	Krakw, Polska	30	f
72	Chaupa Chemikw	Danielki 122, 34-371 Ujsoy, Polska	18	f
74	Multikino	Dobrego Pasterza 128, 31-416 Krakw, Polska	17	f
76	Zielona Gra	Zielona Gra, Polska	5	f
78	SST "Lasek"	Pewel Wielka 4, 34-340 Pewel Wielka, Polska	18	f
80	Kawiarnia Piast	Piastowska 47, 30-067 Krakw, Polska	28	f
82	Wydzia Chemii UJ	Gronostajowa 2, 30-387 Krakw, Polska	2	f
84	Entropia	Warszauera 1, 31-057 Krakw, Polska	11	f
86	Kasinka Maa	Kasinka Maa, Polska	5	f
88	Pub Pod grotami	Szewska 23, 31-009 Krakw, Polska	4	f
90	Teatr Groteska	Skarbowa 2, 31-121 Krakw, Polska	19	f
92	Bon Ami	Kanonicza 11, 31-002 Krakw, Polska	8	t
94	Zaginiony wiat	Stefana Batorego 1, 31-140 Krakw	11	f
96	Restauracja ZBROJOWNIA	Rakowicka 22, 31-510 Krakw, Polska	8	t
98	Absurdalna	Staromiejska 9, 40-012 Katowice, Polska	4	f
100	ywe Muzeum Obwarzanka	Ignacego Paderewskiego 4, 31-157 Krakw, Polska	22	f
102	PUB Pod Ziemi	Miodowa 43, 31-052 Krakw	4	f
104	Piwnica Pod Baranami	Paac Pod Baranami, Rynek Gwny 27, 31-010 Krakw, Polska	11	f
106	Cmentarz Remuh	Szeroka 40, 31-053 Krakw, Polska	32	f
108	Schronisko PTTK Stare Wierchy	34-404 Klikuszowa, Polska	18	f
110	Kamienioom Libana	Za Torem 22, 33-332 Krakw, Polska	30	f
44	Castel Gajdolfo	Zabierzw, Polska	25	f
\.


--
-- Data for Name: miejsca_typmiejsca; Type: TABLE DATA; Schema: public; Owner: projectuser
--

COPY public.miejsca_typmiejsca (id, nazwa) FROM stdin;
1	Inny
2	Uczelnia
3	Obiekt kultury
4	Pub/Klub
6	Park
7	Lokum
8	Restauracja
9	Plac
10	Obiekt kultu
11	Bar
12	Lotnisko
13	Szlak
14	Bar mleczny
15	Dworzec
16	Bar karaoke
17	Kino
18	Schronisko
19	Teatr
20	Szczyt
21	Piwnica
22	Muzeum
23	Dom studencki
24	Browar
25	Dom/Mieszkanie
26	Kraj
27	Budynek
28	Kawiarnia
30	Teren zielony
31	Stadion
5	Miejscowo
32	Cmentarz
33	Knajpa
\.


--
-- Data for Name: miejsca_uczelnia; Type: TABLE DATA; Schema: public; Owner: projectuser
--

COPY public.miejsca_uczelnia (id, nazwa, akronim, kraj_id) FROM stdin;
1	Uniwersytet Jagielloski	UJ	1
3	Akademia Grniczo-Hutnicza	AGH	1
4	Politechnika Krakowska	PK	1
5	Uniwersytet Ekonomiczny w Krakowie	UEK	1
6	Uniwersytet SWPS	SWPS_Kra	1
7	Uniwersytet lski	U	1
2	Uniwersytet dzki	U	1
8	Uniwersytet Przyrodniczy w Lublinie	UP_Lublin	1
9	Nie wiem	XXX	2
10	Nie dotyczy	XXX	3
11	Nie wiem	XXX_Niemcy	4
12	Uniwersytet Warszawski	UW	1
\.


--
-- Data for Name: miejsca_wydzial; Type: TABLE DATA; Schema: public; Owner: projectuser
--

COPY public.miejsca_wydzial (id, nazwa, skrot, uczelnia_id) FROM stdin;
1	Wydzia Prawa i Administracji	WPiA	1
3	Collegium Medicum	CMUJ	1
4	Wydzia Farmaceutyczny	WFarm	1
5	Wydzia Nauk o Zdrowiu	WNoZ	1
7	Wydzia Historyczny	WHist	1
8	Wydzia Filologiczny	WFilol	1
9	Wydzia Polonistyki	WPol	1
10	Wydzia Fizyki, Astronomii i Informatyki Stosowanej	WFAiIS	1
11	Wydzia Chemii	WChUJ	1
12	Wydzia Studiw Midzynarodowych i Politycznych	WSMiP	1
13	Wydzia Filozoficzny	WFiloz	1
14	Wydzia Matematyki i Informatyki	WMiI	1
15	Wydzia Zarzdzania i Komunikacji Spoecznej	WZiKS	1
16	Wydzia Biologii	WB	1
17	Wydzia Studiw Midzynarodowych i Politycznych	WSMiP	1
18	Wydzia Biochemii, Biofizyki i Biotechnologii	WBBiB	1
19	Wydzia Geografii i Geologii	WGiG	1
20	Studia Matematyczno-Przyrodnicze	SMP	1
21	Midzywydziaowe Indywidualne Studia Humanistyczne	MISH	1
22	Nie wiem	XXX	11
23	Nie wiem	XXX	9
24	Nie dotyczy	XXX	10
26	Pion grniczy	PG	3
27	Pion hutniczy	PH	3
28	Wydzia Architektury	WA	4
29	Wydzia Mechaniczny	WM	4
30	Wydzia Inynierii Ldowej	WIL	4
31	Dowolny wydzia	Dowolny	5
32	Dowolny wydzia	Dowolny	12
33	Dowolny wydzia	Dowolny	5
34	Dowolny wydzia	Dowolny	7
35	Dowolny wydzia	Dowolny	2
36	Dowolny wydzia	Dowolny	8
37	Nie wiem	XXX	6
\.


--
-- Data for Name: osoby_bean; Type: TABLE DATA; Schema: public; Owner: projectuser
--

COPY public.osoby_bean (osoba_ptr_id, staz, pewnosc_stazu, czapka_1_id, czapka_2_id, rodzic_1_id, rodzic_2_id) FROM stdin;
5	2024	T	7	30	171	171
6	2024	T	15	30	31	171
7	2024	T	21	30	29	171
8	2024	T	2	30	31	171
9	2024	T	2	30	56	171
178	2024	T	8	30	102	171
179	2024	T	3	30	29	171
4	2024	T	15	30	31	171
194	2024	T	20	30	56	171
\.


--
-- Data for Name: osoby_czlonek; Type: TABLE DATA; Schema: public; Owner: projectuser
--

COPY public.osoby_czlonek (osoba_ptr_id, staz, pewnosc_stazu, aktywnosc, ochrzczony, rok_chrztu, miesiac_chrztu, dzien_chrztu, status, imie_piwne_1_wybor, imie_piwne_1, imie_piwne_2_wybor, imie_piwne_2, czapka_1_id, czapka_2_id, rodzic_1_id, rodzic_2_id, depositio_beanorum_id) FROM stdin;
167	2022	N	A	T	2025	5	16	C	other	Rudy	n/a	Nie dotyczy	2	30	117	171	\N
193	2015	N	N	d/n	1111111111	1111111111	1111111111	d/n	d/n	Nie wiem	n/a	Nie dotyczy	29	30	170	171	\N
16	2017	T	A	T	2018	10	14	C	other	Emalia	n/a	Nie dotyczy	9	30	90	171	237
108	2017	N	N	T	2018	10	14	W	other	Sutan	n/a	Nie dotyczy	29	30	90	171	237
1	2018	T	A	T	2019	9	27	W	other	Adrenalina	other	Chupa Chups	2	30	113	171	261
2	1111111111	T	N	T	1111111111	1111111111	1111111111	W	d/n	Nie wiem	n/a	Nie dotyczy	29	30	170	171	\N
3	2011	T	M	T	1111111111	1111111111	1111111111	W	other	Avis	n/a	Nie dotyczy	15	30	128	171	\N
10	2011	T	N	d/n	1111111111	1111111111	1111111111	d/n	d/n	Nie wiem	n/a	Nie dotyczy	2	30	170	171	\N
11	2017	T	N	T	1111111111	1111111111	1111111111	W	other	Ksiniczka	n/a	Nie dotyczy	13	30	147	171	\N
12	2018	T	N	d/n	1111111111	1111111111	1111111111	d/n	d/n	Nie wiem	n/a	Nie dotyczy	15	30	170	171	\N
114	2019	N	N	T	2019	11	22	W	other	nity Cwel Kasper	n/a	Nie dotyczy	9	30	125	171	266
13	2016	N	N	d/n	1111111111	1111111111	1111111111	d/n	d/n	Nie wiem	n/a	Nie dotyczy	3	30	170	171	\N
14	2016	N	O	d/n	1111111111	1111111111	1111111111	d/n	d/n	Nie wiem	n/a	Nie dotyczy	2	30	170	171	\N
15	2014	N	M	T	1111111111	1111111111	1111111111	W	other	Abeille	n/a	Nie dotyczy	2	30	32	171	\N
17	2012	T	N	T	1111111111	1111111111	1111111111	W	d/n	Nie wiem	n/a	Nie dotyczy	29	30	109	171	\N
21	2014	T	N	T	1111111111	1111111111	1111111111	W	other	Hipster	n/a	Nie dotyczy	29	30	97	171	\N
18	2015	T	N	T	2016	5	1111111111	W	other	Ksiniczka	n/a	Nie dotyczy	2	30	170	171	\N
20	2015	T	N	T	2016	5	1111111111	W	other	Maa Ania	n/a	Nie dotyczy	15	30	118	171	\N
22	1111111111	T	N	T	1111111111	1111111111	1111111111	W	d/n	Nie wiem	n/a	Nie dotyczy	1	30	170	171	\N
19	2011	N	N	T	1111111111	1111111111	1111111111	W	other	Litle dragon	other	Gestapo	12	1	32	171	\N
23	2010	N	N	T	1111111111	1111111111	1111111111	W	other	Astel	n/a	Nie dotyczy	12	30	148	171	\N
24	2011	N	N	T	1111111111	1111111111	1111111111	W	other	Biba	n/a	Nie dotyczy	2	30	97	171	\N
26	2011	N	N	T	1111111111	1111111111	1111111111	W	d/n	Nie wiem	n/a	Nie dotyczy	7	30	19	171	\N
27	2011	N	N	T	1111111111	1111111111	1111111111	W	d/n	Nie wiem	n/a	Nie dotyczy	3	30	32	171	\N
28	2017	N	N	d/n	1111111111	1111111111	1111111111	d/n	d/n	Nie wiem	n/a	Nie dotyczy	3	30	170	171	\N
32	2010	N	N	T	1111111111	1111111111	1111111111	W	other	Geolog	n/a	Nie dotyczy	13	30	148	171	\N
31	2023	T	A	T	2024	5	17	C	other	Heniek	n/a	Nie dotyczy	2	30	30	171	\N
33	2020	N	M	d/n	1111111111	1111111111	1111111111	d/n	d/n	Nie wiem	n/a	Nie dotyczy	29	30	170	171	\N
34	2011	N	N	d/n	1111111111	1111111111	1111111111	d/n	d/n	Nie wiem	n/a	Nie dotyczy	29	30	170	171	\N
35	2014	N	N	T	1111111111	1111111111	1111111111	W	other	Poronny Panicz	n/a	Nie dotyczy	29	30	97	171	\N
36	2015	T	N	T	1111111111	1111111111	1111111111	W	other	Benio	n/a	Nie dotyczy	3	30	148	171	\N
38	2014	N	M	T	1111111111	1111111111	1111111111	W	other	Cami	n/a	Nie dotyczy	31	30	158	171	\N
39	2016	T	O	T	1111111111	1111111111	1111111111	W	d/n	Nie wiem	n/a	Nie dotyczy	18	30	96	171	\N
40	2011	N	N	d/n	1111111111	1111111111	1111111111	d/n	d/n	Nie wiem	n/a	Nie dotyczy	15	30	170	171	\N
177	2009	T	A	T	2009	8	20	H	other	BCS UJ	n/a	Nie dotyczy	1	11	76	148	\N
41	2015	N	A	T	1111111111	1111111111	1111111111	W	other	Bandera	n/a	Nie dotyczy	15	30	43	171	\N
42	2016	N	A	T	1111111111	1111111111	1111111111	W	other	Deanus	n/a	Nie dotyczy	15	30	90	171	\N
43	1111111111	N	N	T	1111111111	1111111111	1111111111	W	other	Bisquit	n/a	Nie dotyczy	29	30	53	171	\N
44	1111111111	N	N	T	1111111111	1111111111	1111111111	W	other	Gimli	n/a	Nie dotyczy	29	30	148	171	\N
45	2011	N	N	d/n	1111111111	1111111111	1111111111	d/n	d/n	Nie wiem	n/a	Nie dotyczy	12	30	170	171	\N
46	2011	N	N	T	1111111111	1111111111	1111111111	W	other	Szparag	n/a	Nie dotyczy	29	30	19	171	\N
48	1111111111	N	N	T	1111111111	1111111111	1111111111	W	d/n	Nie wiem	n/a	Nie dotyczy	29	30	170	171	\N
173	2024	T	A	T	2025	3	14	C	other	Jeyk	n/a	Nie dotyczy	34	30	56	171	\N
49	2015	T	A	T	1111111111	1111111111	1111111111	W	d/n	Nie wiem	n/a	Nie dotyczy	15	30	170	171	\N
50	2014	N	N	d/n	1111111111	1111111111	1111111111	d/n	d/n	Nie wiem	n/a	Nie dotyczy	18	30	170	171	\N
174	2024	T	A	T	2025	3	14	C	other	Chopiec z Warszawy	n/a	Nie dotyczy	4	30	31	171	\N
51	2014	N	N	T	1111111111	1111111111	1111111111	W	d/n	Nie wiem	n/a	Nie dotyczy	9	30	158	109	\N
52	2018	N	N	d/n	1111111111	1111111111	1111111111	d/n	d/n	Nie wiem	n/a	Nie dotyczy	29	30	170	171	\N
53	2014	N	N	T	1111111111	1111111111	1111111111	W	other	Malina	n/a	Nie dotyczy	29	30	19	171	\N
55	1111111111	N	N	T	1111111111	1111111111	1111111111	W	other	Cytrynek	n/a	Nie dotyczy	2	30	133	171	\N
54	2013	T	N	T	2014	5	1111111111	W	other	Dziadek	n/a	Nie dotyczy	1	30	129	171	\N
56	2023	T	A	T	2024	11	15	C	other	Stabilizator	other	Rakieta	1	30	29	171	\N
57	2011	N	N	d/n	1111111111	1111111111	1111111111	d/n	d/n	Nie wiem	n/a	Nie dotyczy	29	30	170	171	\N
60	2015	N	N	T	1111111111	1111111111	1111111111	W	other	Cybuch	n/a	Nie dotyczy	2	30	148	171	\N
58	2018	N	N	d/n	1111111111	1111111111	1111111111	d/n	d/n	Nie wiem	n/a	Nie dotyczy	2	30	170	171	\N
61	2009	T	N	T	1111111111	1111111111	1111111111	W	d/n	Nie wiem	n/a	Nie dotyczy	29	30	157	171	\N
63	2009	T	A	T	2010	11	27	W	other	Aka	n/a	Nie dotyczy	9	30	128	171	\N
62	1111111111	N	N	T	1111111111	1111111111	1111111111	W	other	Szysza	n/a	Nie dotyczy	29	30	32	171	\N
65	2013	T	N	T	1111111111	1111111111	1111111111	W	d/n	Nie wiem	n/a	Nie dotyczy	29	30	170	171	\N
66	1111111111	N	N	d/n	1111111111	1111111111	1111111111	d/n	other	Spanko	n/a	Nie dotyczy	29	30	130	171	\N
67	2017	N	N	T	1111111111	1111111111	1111111111	W	other	Krwawa Baronessa	n/a	Nie dotyczy	2	30	133	171	\N
68	2009	T	N	T	1111111111	1111111111	1111111111	W	d/n	Nie wiem	n/a	Nie dotyczy	29	30	157	171	\N
70	2015	N	N	d/n	1111111111	1111111111	1111111111	d/n	d/n	Nie wiem	n/a	Nie dotyczy	7	30	170	171	\N
71	2016	N	N	d/n	1111111111	1111111111	1111111111	d/n	d/n	Nie wiem	n/a	Nie dotyczy	7	30	170	171	\N
73	2016	N	N	d/n	1111111111	1111111111	1111111111	d/n	d/n	Nie wiem	n/a	Nie dotyczy	29	30	170	171	\N
25	2017	T	A	T	2018	4	15	W	other	Dar Szczecina	n/a	Nie dotyczy	17	30	41	171	221
30	2017	N	A	T	2018	10	14	W	other	Kucharz	n/a	Nie dotyczy	4	30	90	122	237
47	2017	T	N	T	2018	4	4	W	other	Wapanna	other	Doris	9	30	41	171	221
59	2018	T	N	T	2019	9	27	W	other	Ada z penisem	n/a	Nie dotyczy	2	30	113	171	261
64	2018	T	N	T	2019	3	15	W	other	Jasiek	n/a	Nie dotyczy	9	30	113	171	249
72	2019	T	A	T	2022	6	11	C	other	Bezimienna	n/a	Nie dotyczy	1	30	113	171	322
29	2023	N	A	T	2023	9	29	C	other	Nobod	n/a	Nie dotyczy	16	30	110	171	352
37	2023	N	N	T	2023	10	12	W	other	Szanciarz	n/a	Nie dotyczy	3	30	110	171	353
74	2014	N	N	T	1111111111	1111111111	1111111111	W	d/n	Nie wiem	n/a	Nie dotyczy	3	30	146	171	\N
75	2011	N	N	d/n	1111111111	1111111111	1111111111	d/n	d/n	Nie wiem	n/a	Nie dotyczy	2	30	170	171	\N
69	2016	N	O	d/n	1111111111	1111111111	1111111111	d/n	d/n	Nie wiem	n/a	Nie dotyczy	2	30	170	171	\N
76	2009	T	M	T	1111111111	1111111111	1111111111	H	other	Pumba	n/a	Nie dotyczy	1	11	157	171	\N
78	2015	N	N	d/n	1111111111	1111111111	1111111111	d/n	d/n	Nie wiem	n/a	Nie dotyczy	9	30	170	171	\N
79	1111111111	T	N	T	1111111111	1111111111	1111111111	W	d/n	Nie wiem	n/a	Nie dotyczy	29	30	170	171	\N
80	1111111111	T	N	T	1111111111	1111111111	1111111111	W	d/n	Nie wiem	n/a	Nie dotyczy	29	30	170	171	\N
81	2015	N	N	d/n	1111111111	1111111111	1111111111	d/n	d/n	Nie wiem	n/a	Nie dotyczy	29	30	170	171	\N
82	2017	T	N	d/n	1111111111	1111111111	1111111111	d/n	d/n	Nie wiem	n/a	Nie dotyczy	3	30	170	171	\N
84	2011	N	N	T	1111111111	1111111111	1111111111	W	other	Benikaza	other	Peruano	29	30	19	171	\N
85	2015	N	N	d/n	1111111111	1111111111	1111111111	d/n	d/n	Nie wiem	n/a	Nie dotyczy	2	30	170	171	\N
165	2024	T	A	T	2025	5	16	C	other	Artifex	n/a	Nie dotyczy	15	30	130	171	\N
87	1111111111	T	N	T	1111111111	1111111111	1111111111	W	d/n	Nie wiem	n/a	Nie dotyczy	29	30	170	171	\N
86	2014	N	O	T	1111111111	1111111111	1111111111	W	other	Poniatowski	n/a	Nie dotyczy	29	30	109	171	\N
88	2018	N	N	d/n	1111111111	1111111111	1111111111	d/n	other	El Micha	n/a	Nie dotyczy	2	30	170	171	\N
89	2015	T	A	T	2016	9	1111111111	W	other	Ciepy	n/a	Nie dotyczy	5	30	95	171	\N
90	2015	N	N	T	2016	9	1111111111	W	other	Yoda	n/a	Nie dotyczy	15	30	109	177	\N
91	2015	N	N	d/n	1111111111	1111111111	1111111111	d/n	d/n	Nie wiem	n/a	Nie dotyczy	1	30	170	171	\N
95	2015	T	N	T	1111111111	1111111111	1111111111	W	other	Dzidzia	n/a	Nie dotyczy	1	30	133	171	\N
92	2011	T	N	T	1111111111	1111111111	1111111111	W	d/n	Nie wiem	n/a	Nie dotyczy	1	30	170	171	\N
93	2017	N	N	d/n	1111111111	1111111111	1111111111	d/n	d/n	Nie wiem	n/a	Nie dotyczy	15	30	170	171	\N
96	2014	N	N	T	1111111111	1111111111	1111111111	W	other	Solon jak ten grek	n/a	Nie dotyczy	8	30	3	171	\N
97	2010	N	N	T	1111111111	1111111111	1111111111	W	other	Kasztanka	n/a	Nie dotyczy	6	30	148	171	\N
98	2017	N	N	T	1111111111	1111111111	1111111111	W	other	Max	n/a	Nie dotyczy	15	30	147	171	\N
99	2014	N	N	T	1111111111	1111111111	1111111111	W	d/n	Nie wiem	n/a	Nie dotyczy	2	30	51	171	\N
100	2009	T	N	T	1111111111	1111111111	1111111111	W	d/n	Nie wiem	n/a	Nie dotyczy	29	30	170	171	\N
101	2009	T	N	T	1111111111	1111111111	1111111111	W	d/n	Nie wiem	n/a	Nie dotyczy	29	30	157	171	\N
103	2011	T	M	T	1111111111	1111111111	1111111111	W	other	Martinus	n/a	Nie dotyczy	6	30	170	171	\N
105	2023	T	A	T	2024	11	15	C	other	Felis	n/a	Nie dotyczy	1	30	159	171	\N
104	2015	N	N	T	1111111111	1111111111	1111111111	W	other	Rysia	n/a	Nie dotyczy	1	30	109	171	\N
106	2011	N	N	d/n	1111111111	1111111111	1111111111	d/n	d/n	Nie wiem	n/a	Nie dotyczy	13	30	\N	171	\N
107	2023	T	A	T	2024	9	30	C	other	Bober	n/a	Nie dotyczy	3	30	116	171	\N
109	2012	T	O	T	1111111111	1111111111	1111111111	X	other	Jezus	n/a	Nie dotyczy	12	30	97	171	\N
112	1111111111	N	N	T	1111111111	1111111111	1111111111	W	d/n	Nie wiem	n/a	Nie dotyczy	1	30	118	171	\N
115	2009	T	N	T	1111111111	1111111111	1111111111	W	d/n	Nie wiem	n/a	Nie dotyczy	29	30	157	171	\N
111	2023	N	A	T	2024	11	15	C	other	Allec	n/a	Nie dotyczy	9	30	159	171	\N
118	2015	N	N	T	1111111111	1111111111	1111111111	W	other	Koala	n/a	Nie dotyczy	3	30	146	171	\N
119	2015	N	N	d/n	1111111111	1111111111	1111111111	d/n	d/n	Nie wiem	n/a	Nie dotyczy	29	30	\N	171	\N
122	2016	T	O	T	1111111111	1111111111	1111111111	W	d/n	Nie wiem	n/a	Nie dotyczy	3	30	170	171	\N
171	1111111111	T	N	N	1010101010	1010101010	1010101010	d/n	n/a	Nie dotyczy	n/a	Nie dotyczy	29	30	171	171	\N
170	1111111111	N	N	T	2009	1111111111	1111111111	d/n	d/n	Nie wiem	n/a	Nie dotyczy	29	30	170	171	\N
123	2024	N	A	T	2024	11	15	C	other	Equus	other	Dajcie mi telefon, mam tam notatki	29	30	159	171	\N
124	2015	N	N	d/n	1111111111	1111111111	1111111111	d/n	d/n	Nie wiem	n/a	Nie dotyczy	2	30	51	171	\N
126	2014	N	N	T	1111111111	1111111111	1111111111	W	d/n	Nie wiem	n/a	Nie dotyczy	6	30	158	171	\N
128	2009	T	N	T	1111111111	1111111111	1111111111	W	d/n	Nie wiem	n/a	Nie dotyczy	15	30	148	171	\N
129	1111111111	N	N	T	1111111111	1111111111	1111111111	W	d/n	Nie wiem	n/a	Nie dotyczy	2	30	97	171	\N
131	2015	T	N	T	2015	11	1111111111	W	d/n	Nie wiem	n/a	Nie dotyczy	6	30	15	171	\N
132	1111111111	T	N	T	1111111111	1111111111	1111111111	W	d/n	Nie wiem	n/a	Nie dotyczy	29	30	170	171	\N
134	2009	T	N	T	1111111111	1111111111	1111111111	W	d/n	Nie wiem	n/a	Nie dotyczy	29	30	157	171	\N
113	2016	N	N	T	2018	4	4	W	other	I Sekretarz PZPR towarzysz Wadysaw Gomuka, ps. Wiesaw	other	Gomu	3	30	41	67	221
117	2017	T	A	T	2018	5	17	W	other	Monia	n/a	Nie dotyczy	18	30	154	171	228
125	2017	N	M	T	2018	5	17	W	other	Chat	n/a	Nie dotyczy	15	30	154	43	228
77	2018	T	N	T	2019	3	15	W	d/n	Nie wiem	n/a	Nie dotyczy	3	30	47	171	249
130	2018	T	N	T	2019	3	15	W	other	Kozioek	n/a	Nie dotyczy	9	30	41	171	249
94	2018	T	A	T	2019	5	24	W	other	Mmm...	n/a	Nie dotyczy	15	30	41	171	255
120	2018	T	A	T	2019	5	24	W	other	Szynka	n/a	Nie dotyczy	36	30	30	171	255
127	2019	N	N	T	2019	11	22	W	other	Hrabina	n/a	Nie dotyczy	29	30	113	171	266
110	2018	T	A	T	2020	2	28	W	other	Kotlet	n/a	Nie dotyczy	3	30	118	171	271
121	2022	N	O	T	2022	9	30	W	other	Lis	n/a	Nie dotyczy	3	30	130	171	324
102	2023	N	A	T	2023	5	19	C	other	Ksiciunio	n/a	Nie dotyczy	9	30	159	171	345
116	2022	T	A	T	2023	5	19	C	other	Cukier	other	Maolata	15	30	64	121	345
133	2011	T	M	T	1111111111	1111111111	1111111111	W	other	Synek	n/a	Nie dotyczy	3	2	46	171	\N
136	2018	N	N	d/n	1111111111	1111111111	1111111111	d/n	other	Cieplejszy	n/a	Nie dotyczy	3	30	\N	171	\N
135	2011	T	N	T	1111111111	1111111111	1111111111	W	d/n	Nie wiem	n/a	Nie dotyczy	1	30	170	171	\N
137	2017	N	N	d/n	1111111111	1111111111	1111111111	d/n	d/n	Nie wiem	n/a	Nie dotyczy	5	30	\N	171	\N
138	2015	T	N	d/n	1111111111	1111111111	1111111111	d/n	d/n	Nie wiem	n/a	Nie dotyczy	29	30	\N	171	\N
139	2014	N	N	T	1111111111	1111111111	1111111111	W	d/n	Nie wiem	n/a	Nie dotyczy	2	30	19	171	\N
140	2015	N	N	d/n	1111111111	1111111111	1111111111	d/n	d/n	Nie wiem	n/a	Nie dotyczy	1	30	\N	171	\N
141	2023	N	N	d/n	1111111111	1111111111	1111111111	d/n	d/n	Nie wiem	n/a	Nie dotyczy	5	30	\N	171	\N
142	2011	T	N	T	1111111111	1111111111	1111111111	W	d/n	Nie wiem	n/a	Nie dotyczy	15	30	148	171	\N
143	2023	T	A	T	2024	5	17	C	other	Sander	n/a	Nie dotyczy	9	30	29	171	\N
144	2016	N	N	T	1111111111	1111111111	1111111111	W	other	Ddysaw	n/a	Nie dotyczy	15	30	128	171	\N
145	1111111111	N	N	d/n	1111111111	1111111111	1111111111	d/n	d/n	Nie wiem	n/a	Nie dotyczy	5	30	96	171	\N
146	2013	N	N	T	1111111111	1111111111	1111111111	W	other	Stefan Pierwszy Paszcz Gondoru	n/a	Nie dotyczy	6	30	19	171	\N
147	2015	T	N	T	1111111111	1111111111	1111111111	d/n	other	Lewe Jdro w Ciemnoci	n/a	Nie dotyczy	5	30	96	171	\N
148	2009	T	N	T	1111111111	1111111111	1111111111	H	other	Kumdo	other	Tadek	1	11	157	171	\N
150	2014	N	A	T	1111111111	1111111111	1111111111	W	other	Sigurd	n/a	Nie dotyczy	6	30	128	171	\N
149	2013	T	N	T	1111111111	1111111111	1111111111	W	other	Potomek	n/a	Nie dotyczy	29	30	19	171	\N
151	2009	T	N	T	1111111111	1111111111	1111111111	W	d/n	Nie wiem	n/a	Nie dotyczy	29	30	157	171	\N
152	2014	N	N	T	1111111111	1111111111	1111111111	W	d/n	Nie wiem	n/a	Nie dotyczy	29	30	97	171	\N
153	2011	T	N	T	1111111111	1111111111	1111111111	W	other	Wawrzyn	n/a	Nie dotyczy	12	30	19	171	\N
154	1111111111	N	N	T	1111111111	1111111111	1111111111	W	other	Manista	n/a	Nie dotyczy	29	30	148	171	\N
172	2023	T	A	T	2025	2	13	C	other	Marchewa	n/a	Nie dotyczy	6	30	120	171	\N
156	1111111111	N	N	d/n	1111111111	1111111111	1111111111	d/n	d/n	Nie wiem	n/a	Nie dotyczy	6	30	\N	171	\N
158	2011	N	N	T	1111111111	1111111111	1111111111	W	other	Estel	n/a	Nie dotyczy	18	30	158	171	\N
159	2017	N	N	T	1111111111	1111111111	1111111111	W	other	Rana	n/a	Nie dotyczy	3	30	42	171	\N
157	2009	T	N	T	2009	1111111111	1111111111	H	other	Profesor	n/a	Nie dotyczy	11	30	171	171	\N
155	2019	N	N	T	2019	11	22	W	other	Prawnik	n/a	Nie dotyczy	2	30	113	171	266
\.


--
-- Data for Name: osoby_dawnyzarzad; Type: TABLE DATA; Schema: public; Owner: projectuser
--

COPY public.osoby_dawnyzarzad (zarzad_ptr_id, bibendi_id, "kontakt_z_SKNHI_id", "kontakt_z_SSUJ_id", magister_disciplinae_id) FROM stdin;
1	134	68	101	61
2	134	68	101	61
\.


--
-- Data for Name: osoby_halloffame; Type: TABLE DATA; Schema: public; Owner: projectuser
--

COPY public.osoby_halloffame (id, nazwa_alternatywna, zaslugi, order_field, osoba_id) FROM stdin;
9		Wprowadzenie rejestru chrztw - to BARDZO pomogo	Damian "Bandera" Zych	41
6		Odpowied na pytanie "Jak doczy do BCS?" (odpowied to: przyjd na spotkanie)	Czat firmowy BCS	130
1		Udostpnienie swojego kalendarium czapkowego i od zatrzsienia innych materiaw	Joanna "Aka" Lorenc	63
10		Dzielenie si wszystkimi materiaami jakie wpady mu w rce	Krzysztof "Artifex" Trela	165
8		Pomoc w identyfikacji paru czonkw z dawnych lat	ukasz "Ciepy" Ciepy (Lindert)	89
2		Wywarcie na mnie presji, ebym wreszcie wzi si do roboty i bycie spoko starym	Marceli "Ksiciunio" Mart-akomy	102
3	Weterani BCS	Bycie skarbnic wiedzy, ktr chtnie si dziel	Weterani BCS	\N
7		Rozmowa o aspektach technicznych tworzenia takiej strony	Piotr Kociski	194
4		Podzielenie si swoj baz czonkw BCS	Bartomiej "Kucharz" Olajossy	30
\.


--
-- Data for Name: osoby_imieszlacheckie; Type: TABLE DATA; Schema: public; Owner: projectuser
--

COPY public.osoby_imieszlacheckie (id, imie_id) FROM stdin;
1	67
2	102
3	11
4	18
5	47
6	35
7	86
8	108
9	127
\.


--
-- Data for Name: osoby_innaosoba; Type: TABLE DATA; Schema: public; Owner: projectuser
--

COPY public.osoby_innaosoba (osoba_ptr_id, opis, kategoria, bractwo_do_ktorego_nalezy_id) FROM stdin;
180	Przyjaciel Bractwa, Czonek Honoris Causa. Zaoyciel Klubu "Buda", w ktrym spotykaa si wczesna Czapka. We wczesnym okresie dziaalnoci Bractwa, nieformalnie przewodzi BCS. Tak, to ten Pan Andrzej z "Chiskiej Piosenki Pana Andrzeja"	PC	\N
181		PC	\N
183	Francuz	Inne BCS	\N
184	Lekarz z Hiszpanii	Inne BCS	\N
185	Samorzd Studentw Uniwersytetu Jagielloskiego	Org	\N
186		I	\N
187	Profesor, ktry pomg Tadkowi i Kasprowi w stworzeniu BCS UJ	PC	\N
188	Organizator Rajdw Eskulapw	PC	\N
189	Niezalene Zrzeszenie Studentw UJ	Org	\N
182	Belg	Inne BCS	\N
191	Belg	Inne BCS	\N
\.


--
-- Data for Name: osoby_nowyzarzad; Type: TABLE DATA; Schema: public; Owner: projectuser
--

COPY public.osoby_nowyzarzad (zarzad_ptr_id, sekretarz_id) FROM stdin;
3	142
4	142
5	142
6	146
7	129
8	128
9	89
10	159
12	130
13	130
14	64
15	121
16	102
11	159
\.


--
-- Data for Name: osoby_osoba; Type: TABLE DATA; Schema: public; Owner: projectuser
--

COPY public.osoby_osoba (id, imie, nazwisko, przezwiska, polymorphic_ctype_id) FROM stdin;
11	Aleksandra	Klekociska	{}	60
25	Artur	Czajkowski	{}	60
30	Bartomiej	Olajossy	{}	60
29	Bartomiej	Grzeszykowski	{}	60
37	Baej	Haat	{}	60
40	Christine	Przybya-Kowalska	{}	60
177	Czapka		{}	60
41	Damian	Zych	{Buch}	60
42	Daniel	Zgliski	{}	60
43	Dawid	Wiklik	{}	60
44	Dominik	Ciebiera	{}	60
45	Dominika	Liszka	{}	60
46	Dominika	Szponar	{}	60
47	Dorota	Droyska	{}	60
48	Elbieta	Mierzejewska	{}	60
173	Elunia	Krasiejko	{}	60
49	Eryk	Krlczyk	{}	60
50	Ewa	Smuga-Codutti	{}	60
174	Feliks	Kwiatkowski	{}	60
51	Gabriela	Michalik (Mucha)	{}	60
52	Gniewko	Wawrzyczak	{}	60
53	Grayna	Malinowska	{}	60
55	Grzegorz	Lebedowicz	{}	60
54	Grzegorz	Dziadek	{}	60
56	Herman	Chekurda	{}	60
57	Jacek	Onisk	{}	60
59	Jakub	Kornacki	{}	60
60	Jakub	ukasik	{}	60
58	Jakub	Bukalski	{}	60
61	Jakub	Nawrot	{}	60
63	Joanna	Lorenc	{}	60
62	Joanna	Krawczyk	{}	60
64	John	Graff-Warburton	{}	60
65	Julia	Jurczuk	{}	60
66	Julia	Musia	{}	60
67	Kamila	Dziewoska (Paisley)	{}	60
68	Kamila	Rozesaniec	{}	60
70	Karol	Starowicz	{}	60
72	Karolina	Kania	{}	60
71	Karolina	Dzierawska	{}	60
73	Karolina	Mater	{}	60
74	Karolina	Szklanny	{}	60
75	Karolina	Wielgus	{}	60
69	Karol Konrad	Czekaowski	{}	60
76	Kasper	Krawet	{}	60
77	Katarzyna	Marek	{}	60
78	Katarzyna	Ostrowska	{}	60
79	Katarzyna	Smuga	{}	60
80	Katarzyna	anowska	{}	60
81	Kinga	Radwan	{}	60
82	Klaudia	Buchalska	{}	60
84	Konrad		{}	60
85	Konrad	Piwowarczyk	{}	60
165	Krzysztof	Trela	{}	60
87	Krzysztof	Tomczyk	{}	60
86	Krzysztof	Sadowski	{}	60
88	Ludwik	Janiszewski	{}	60
89	ukasz	Ciepy (Lindert)	{}	60
90	ukasz	Pryk	{}	60
91	Ma	Rysia	{}	60
95	Maciej	Maecki	{}	60
92	Maciej	Hyla	{}	60
93	Maciej	Krzyanek	{}	60
96	Maciej	Solon	{}	60
97	Magdalena	Brilha	{}	60
98	Maksymilian	Depa	{}	60
99	Magorzata	Guszek	{}	60
100	Magorzata	Lurzyska	{}	60
6	Krysia	Cholewa	{}	61
9	Patrycja	Skowronek	{"Wiktoriaskie Dziecko"}	61
101	Magorzata	urek	{}	60
102	Marceli	Mart-akomy	{}	60
103	Marcin	Loch	{}	60
105	Maria	Turakiewicz	{}	60
178	Szymon	Zwias	{Tur}	61
181	Babcia	Tadka	{}	56
184	Roberto	Martinez del Rio	{}	56
104	Maria	Babiuch	{}	60
106	Marta	Toumia	{}	60
107	Martyna	Kubiak	{}	60
109	Mateusz	Tomczyk	{}	60
110	Mateusz	urek	{}	60
108	Mateusz	Suek	{}	60
116	Micha	Malata	{Mamut}	60
185	SSUJ		{}	56
187	Zdzisaw	Gajda	{Profesor}	56
5	Konrad		{Austriak}	61
8	Mateusz	Warmus	{"Najpikniejszy Bean"}	61
180	Andrzej	Pawowski	{}	56
183	Frederic	Widart	{}	56
186	Stefano	Campagna	{"Kwany Krab"}	56
2	Agata	Grochowina	{}	60
3	Agnieszka	Albrychiewicz	{}	60
10	Aleksander	Wdrychowski	{}	60
115	Micha	Lenik	{}	60
111	Michalina	Kokosiska	{}	60
118	Monika	Kwater-Boryka	{}	60
119	Monika	Stpie	{}	60
155	Wiktor	Sobol	{}	60
156	Wiktoria	Kaka	{}	60
158	Zofia	Krasiska-Krawet	{}	60
159	Zuzanna	muda	{}	60
4	Kacper	Wilk	{Szogun,"Czwarty Wilk Noboda"}	61
188	Profesor	Czerwiski	{}	56
189	NZS UJ		{}	56
12	Aleksandra	Krl	{}	60
13	Aleksandra	Wagner	{}	60
14	Alicja	Majczak	{}	60
15	Alicja Waleria	Bar	{}	60
17	Aneta	Galara	{}	60
21	Anna	Stachowiak	{}	60
18	Anna	opatniuk	{}	60
20	Anna	Pawlicka	{}	60
22	Anna	Wyroba	{}	60
19	Anna Maria	Kuma	{}	60
23	Antoni	Krzyanowski	{}	60
24	Artur	Biba	{}	60
26	Artur	Halcarz	{}	60
27	Artur	Miadzielec	{}	60
28	Artur	Szymaski	{}	60
32	Bartosz	Maciejewski	{}	60
31	Bartosz	Hepek	{}	60
33	Bartosz	Sieniawski	{}	60
34	Bartosz	Spytkowski	{}	60
35	Beanus	Perennus	{}	60
36	Benedykt Mateusz	Dzicielski	{}	60
38	Camilla	Schindler	{}	60
39	Cezary	Sotysik	{}	60
112	Micha	Boryka	{}	60
167	Dawid	Otowski	{}	60
7	Mateusz	Sok	{Scorpio,Szczur,Scoppiato}	61
179	Wiktoria	Doleych	{Wedel}	61
190	Kto	Cubuk	{}	69
157	Zdzisaw	Gajda	{}	60
182	Christobalt	Miltrugno	{}	56
191	Loc	Smars	{}	56
192	Olga	Zatoska	{}	69
193	XXX		{Spumante}	60
194	Piotr	Kociski	{}	61
16	Amelia	Boufenghour	{}	60
94	Maciej	Lisowski	{}	60
113	Micha	Gumuka	{}	60
1	Adrianna	Kapelak	{}	60
114	Micha	Kasperek	{}	60
117	Monika	Gralik	{}	60
121	Natalia	Lisowska	{}	60
122	Natalia	Stachura	{}	60
120	Natalia	Ciesielska (Olajossy)	{}	60
171	Nie	dotyczy	{}	60
170	Nie	wiem	{}	60
123	Olga	Wajda	{}	60
124	Pamela Anna	Drozd	{}	60
125	Patrycja	Karauda	{}	60
127	Patrycja	Szaniawska	{}	60
126	Patrycja	Malinowska-Majdak	{}	60
128	Patryk	Gujda	{}	60
129	Paula	Dybowska	{}	60
130	Paulina	Kozio	{}	60
131	Paulina	Tomyska	{}	60
132	Pawe	Grzegorczyk	{}	60
134	Pawe	Nawrot	{}	60
133	Pawe	Mucha	{}	60
136	Piotr	Litwin	{}	60
135	Piotr	Bulica	{}	60
137	Piotr	Szewczyk	{}	60
138	Piotr	Szota	{}	60
139	Przemysaw	Jankowski	{}	60
140	Richard	Staryszak	{}	60
141	Robert	cieszka	{}	60
142	Roksana	Kidawa	{}	60
143	Sandra	Chandzlik	{}	60
144	Sebastian	Stala	{}	60
145	Stanisaw	Stokosa	{}	60
146	Stefan	Bocheski	{}	60
147	Szymon	Stankiewicz	{}	60
148	Tadeusz	Hessel	{}	60
150	Tomasz	Krok	{}	60
149	Tomasz	Andrzej Cieciora	{}	60
151	Urszula	Kasprzyk	{}	60
152	Wacaw	Chmiel	{}	60
153	Wawrzyniec	Ordziniak	{}	60
154	Weronika	Manista	{}	60
172	Weronika	Marchewka	{}	60
\.


--
-- Data for Name: osoby_wielkimistrz; Type: TABLE DATA; Schema: public; Owner: projectuser
--

COPY public.osoby_wielkimistrz (id, tadeusz, tytuly, tadeusz_numeric, imie_id) FROM stdin;
3	I		1	148
4	II		2	97
7	III		3	53
1	V		5	95
9	V	Wielki Antymistrz Bandera e-Tadeusz VI, czerwono-czarny ognie taczcy na wioskach wrogw	5	41
12	VI	Ostatni Ksi Pszczyny, wadca studentw i zwierzt nie wyczajc smokw i panter	6	113
17	VIII		8	125
13	IX	Gazka z Boskiego Drzewa Wpierdolu	9	30
14	X	Zawsze Trzewy Landlord Czerwonomakowskich Luster	10	64
16	X	Patronka Sowa Mwionego i Pisanego, Jedyny Prawowity Tadeusz X	10	130
15	XI	Czerwona Opcja lska	11	116
8	IV	Janie Owiecony Pawe Synek Tadeusz IV Mucha, Wielki Mistrz BCS, czonek Zarzdu KU AZS UJ, kierownik sekcji narciarsko-sportowej UJ i student pitego roku prawa	4	133
\.


--
-- Data for Name: osoby_zarzad; Type: TABLE DATA; Schema: public; Owner: projectuser
--

COPY public.osoby_zarzad (id, cantandi_id, kadencja_id, kasztelan_id, polymorphic_ctype_id, skarbnik_id, wielki_mistrz_id) FROM stdin;
1	115	1	76	62	151	3
2	32	2	76	62	151	3
3	24	3	19	59	158	4
4	24	3	19	59	158	4
5	133	4	19	59	158	4
6	76	5	142	59	65	4
7	150	6	109	59	15	7
8	96	7	95	59	118	8
9	90	8	118	59	131	1
10	67	9	154	59	122	9
12	42	11	125	59	120	12
13	64	12	155	59	25	17
14	110	13	155	59	25	13
15	110	14	109	59	64	14
16	31	16	29	59	107	15
11	25	10	113	59	30	9
\.


--
-- Data for Name: osoby_zwierzeczapkowe; Type: TABLE DATA; Schema: public; Owner: projectuser
--

COPY public.osoby_zwierzeczapkowe (id, zwierze, wyjasnienie) FROM stdin;
1	Ptak	z aciny
2	Pszczoa	z francuskiego
4	Guziec	
5	Ko	
6	Kot	z aciny
3	Smok	z angielskiego
8	Koala	
9	Lis	
7	Ko	z aciny
10	Kot	z francuskiego
11	Koza	
12	Sander	inaczej sandacz
13	aba	
\.


--
-- Data for Name: prawo_podmiot; Type: TABLE DATA; Schema: public; Owner: projectuser
--

COPY public.prawo_podmiot (id, nazwa, polymorphic_ctype_id, aktualne) FROM stdin;
1	Czonek Zwyczajny	80	t
2	Czonek Wspierajcy	80	t
3	Weteran	80	t
4	Czonek Honorowy	80	t
5	Beanus	80	t
6	Wielki Mistrz	80	t
7	Kasztelan	80	t
8	Skarbnik	80	t
9	Sekretarz	80	t
10	Magister Cantandi	80	t
11	Zesp	81	t
12	Komisja Rewizyjna	81	t
13	Zarzd	81	t
14	Walne Zgromadzenie	81	t
15	Nadzwyczajne Walne Zgromadzenie	81	t
16	Wszyscy	78	t
17	Konsul BCS UJ za granic RP	80	f
18	Prezydium	81	f
19	Reprezentant Wydziau	80	f
20	Koordynator Zespou	80	t
21	Czonek Zespou	80	t
\.


--
-- Data for Name: prawo_relacjaprawna; Type: TABLE DATA; Schema: public; Owner: projectuser
--

COPY public.prawo_relacjaprawna (id, prawo_czy_obowiazek, dokument_id, tresc, przedawnione) FROM stdin;
4	O	1	Obowizek obwieszczania postanowie w formie Ukazw	t
1	P	1	Prawo dostpu do dotyczcych go urzdowych dokumentw i zbiorw danych	f
3	O	1	Obowizek umoliwienia czonkom Bractwa zapoznawania si z aktualnymi wydarzeniami i postanowieniami Zarzdu	f
5	O	3	Penienie obowizkw Wielkiego Mistrza podczas delegacji Bractwa poza granice kraju, w ktrych Wielki Mistrz, bd kasztelan bd nieobecni.	t
6	O	4	Posiadanie papeterii na okazje oficjalne	f
7	O	9	Obowizek kapitalizacji pozytywnych emocji	f
8	P	10	Prawo do 7-dniowego rozwaenia nominacji	f
9	P	10	Prawo do wydalenia czonka z Zespou	f
10	O	10	Obowizek do udziau w pracy Zespou w stopniu ustalonym z Koordynatorem	f
11	P	10	Prawo do jednorazowej reelekcji (kadorazowo na Zesp)	f
\.


--
-- Data for Name: prawo_relacjaprawna_podmiot; Type: TABLE DATA; Schema: public; Owner: projectuser
--

COPY public.prawo_relacjaprawna_podmiot (id, relacjaprawna_id, podmiot_id) FROM stdin;
1	1	16
3	3	13
4	4	13
5	5	17
6	6	13
7	7	16
8	8	20
9	9	20
10	10	21
11	11	20
\.


--
-- Data for Name: prawo_rola; Type: TABLE DATA; Schema: public; Owner: projectuser
--

COPY public.prawo_rola (podmiot_ptr_id) FROM stdin;
1
2
3
4
5
6
7
8
9
10
17
19
20
21
\.


--
-- Data for Name: prawo_struktura; Type: TABLE DATA; Schema: public; Owner: projectuser
--

COPY public.prawo_struktura (podmiot_ptr_id) FROM stdin;
11
12
13
14
15
18
\.


--
-- Data for Name: slowniczek_lacinski_zwrot; Type: TABLE DATA; Schema: public; Owner: projectuser
--

COPY public.slowniczek_lacinski_zwrot (id, zwrot, tlumaczenie, uzywany_na_karczmie) FROM stdin;
1	Fiat!	Niech si stanie!	f
\.


--
-- Data for Name: zrodla_dokument; Type: TABLE DATA; Schema: public; Owner: projectuser
--

COPY public.zrodla_dokument (data, streszczenie, zrodlo_ptr_id) FROM stdin;
2015-10-27	Zarzd zobowizuje si do obwieszczania swojej woli w formie ukazw	1
2015-10-27	Zarzd ustanawia Kalendarz Imprez i Wydarze BCS UJ	2
2015-10-27	Zarzd ustanawia urzd Konsula BCS UJ za granicami RP oraz powouje do niego Grayn Malinowsk. Konsula powouje Zarzd lub Walne Zgramadzenie	3
2015-10-27	Zarzd wyznacza Macieja Maeckiego (Kasztelana) do zaprojektowania i wykonania oficjalnej papeterii i biletw wizytowych BCS.	4
\N	Zarzd zachca do zamiany depresji na prac na rzecz rozwoju naszego spoeczestwa i grozi zamkniciem w agrze radoci w razie nieposuszestwa.	9
\N	Zarzd powouje do ycia zespoy:\r\nDs. piewnika BCS, Historyczny BCS, ds. Kultury, ds. otwarcia parasola\r\nKoordynatorzy kolejno: Maciej Solon, Patryk Gujda, Tomasz Krok, Spumante\r\nKoordynatorw nominuje WM na 1 rok, mona by dwa razy\r\nUdzia dobrowolny	10
\.


--
-- Data for Name: zrodla_edykt; Type: TABLE DATA; Schema: public; Owner: projectuser
--

COPY public.zrodla_edykt (dokument_ptr_id, numer) FROM stdin;
\.


--
-- Data for Name: zrodla_ukaz; Type: TABLE DATA; Schema: public; Owner: projectuser
--

COPY public.zrodla_ukaz (dokument_ptr_id, numer) FROM stdin;
1	0
2	1
3	2
4	3
9	4
10	5
\.


--
-- Data for Name: zrodla_zrodlo; Type: TABLE DATA; Schema: public; Owner: projectuser
--

COPY public.zrodla_zrodlo (id, tytul, polymorphic_ctype_id, plik) FROM stdin;
1	Ukaz #000 konstytuujcy	93	pdfs/2015-10_Ukaz_000_transkrypcja_konstytuujcy.pdf
2	Ukaz #001 o Kalendarzu	93	pdfs/2015-10_Ukaz_001_transkrypcja_o_Kalendarzu_Hj8OX9l.pdf
3	Ukaz #002 o Konsulu	93	pdfs/2015-10_Ukaz_002_transkrypcja_o_Konsulu_TQSBcyk.pdf
4	Ukaz #003 o papeterii	93	pdfs/2015-10_Ukaz_003_transkrypcja_o_papeterii.pdf
9	Ukaz #004 o przymusie pozytywnej kapitalizacji	93	pdfs/Ukaz_004_o_przymusie_pozytywnej_kapitalizacji.pdf
10	Ukaz #005 o zespoach: Historycznym, piewnika i Kultury	93	pdfs/2016-02_Ukaz_005_o_zespoach__Historycznym_piewnika_i_Kultury.pdf
\.


--
-- Data for Name: zrodla_zrodlo_autorzy; Type: TABLE DATA; Schema: public; Owner: projectuser
--

COPY public.zrodla_zrodlo_autorzy (id, zrodlo_id, osoba_id) FROM stdin;
1	1	128
2	1	51
3	1	118
4	1	95
5	2	128
6	2	51
7	2	118
8	2	95
9	3	128
10	3	51
11	3	118
12	3	95
13	4	128
14	4	51
15	4	118
16	4	95
17	9	96
18	9	128
19	9	133
20	9	95
21	10	96
22	10	128
23	10	133
24	10	95
\.


--
-- Data for Name: zrodla_zrodloogolne; Type: TABLE DATA; Schema: public; Owner: projectuser
--

COPY public.zrodla_zrodloogolne (gdzie_znalezc, zrodlo_ptr_id, zawartosc) FROM stdin;
\.


--
-- Name: admin_interface_theme_id_seq; Type: SEQUENCE SET; Schema: public; Owner: projectuser
--

SELECT pg_catalog.setval('public.admin_interface_theme_id_seq', 2, true);


--
-- Name: auth_group_id_seq; Type: SEQUENCE SET; Schema: public; Owner: projectuser
--

SELECT pg_catalog.setval('public.auth_group_id_seq', 1, false);


--
-- Name: auth_group_permissions_id_seq; Type: SEQUENCE SET; Schema: public; Owner: projectuser
--

SELECT pg_catalog.setval('public.auth_group_permissions_id_seq', 1, false);


--
-- Name: auth_permission_id_seq; Type: SEQUENCE SET; Schema: public; Owner: projectuser
--

SELECT pg_catalog.setval('public.auth_permission_id_seq', 428, true);


--
-- Name: auth_user_groups_id_seq; Type: SEQUENCE SET; Schema: public; Owner: projectuser
--

SELECT pg_catalog.setval('public.auth_user_groups_id_seq', 1, false);


--
-- Name: auth_user_id_seq; Type: SEQUENCE SET; Schema: public; Owner: projectuser
--

SELECT pg_catalog.setval('public.auth_user_id_seq', 1, true);


--
-- Name: auth_user_user_permissions_id_seq; Type: SEQUENCE SET; Schema: public; Owner: projectuser
--

SELECT pg_catalog.setval('public.auth_user_user_permissions_id_seq', 1, false);


--
-- Name: czapki_czapka_id_seq; Type: SEQUENCE SET; Schema: public; Owner: projectuser
--

SELECT pg_catalog.setval('public.czapki_czapka_id_seq', 36, true);


--
-- Name: czapki_rodzajczapki_id_seq; Type: SEQUENCE SET; Schema: public; Owner: projectuser
--

SELECT pg_catalog.setval('public.czapki_rodzajczapki_id_seq', 4, true);


--
-- Name: czapki_rodzajczapki_kraje_id_seq; Type: SEQUENCE SET; Schema: public; Owner: projectuser
--

SELECT pg_catalog.setval('public.czapki_rodzajczapki_kraje_id_seq', 4, true);


--
-- Name: czlonkowie_halloffame_id_seq; Type: SEQUENCE SET; Schema: public; Owner: projectuser
--

SELECT pg_catalog.setval('public.czlonkowie_halloffame_id_seq', 10, true);


--
-- Name: czlonkowie_imieszlacheckie_id_seq; Type: SEQUENCE SET; Schema: public; Owner: projectuser
--

SELECT pg_catalog.setval('public.czlonkowie_imieszlacheckie_id_seq', 9, true);


--
-- Name: czlonkowie_wielkimistrz_id_seq; Type: SEQUENCE SET; Schema: public; Owner: projectuser
--

SELECT pg_catalog.setval('public.czlonkowie_wielkimistrz_id_seq', 17, true);


--
-- Name: czlonkowie_zwierzeczapkowe_id_seq; Type: SEQUENCE SET; Schema: public; Owner: projectuser
--

SELECT pg_catalog.setval('public.czlonkowie_zwierzeczapkowe_id_seq', 13, true);


--
-- Name: django_admin_log_id_seq; Type: SEQUENCE SET; Schema: public; Owner: projectuser
--

SELECT pg_catalog.setval('public.django_admin_log_id_seq', 2646, true);


--
-- Name: django_content_type_id_seq; Type: SEQUENCE SET; Schema: public; Owner: projectuser
--

SELECT pg_catalog.setval('public.django_content_type_id_seq', 99, true);


--
-- Name: django_migrations_id_seq; Type: SEQUENCE SET; Schema: public; Owner: projectuser
--

SELECT pg_catalog.setval('public.django_migrations_id_seq', 337, true);


--
-- Name: encyklopedia_bractwo_id_seq; Type: SEQUENCE SET; Schema: public; Owner: projectuser
--

SELECT pg_catalog.setval('public.encyklopedia_bractwo_id_seq', 6, true);


--
-- Name: encyklopedia_bractwo_zalozyciele_id_seq; Type: SEQUENCE SET; Schema: public; Owner: projectuser
--

SELECT pg_catalog.setval('public.encyklopedia_bractwo_zalozyciele_id_seq', 3, true);


--
-- Name: encyklopedia_cytat_adresaci_id_seq; Type: SEQUENCE SET; Schema: public; Owner: projectuser
--

SELECT pg_catalog.setval('public.encyklopedia_cytat_adresaci_id_seq', 1, false);


--
-- Name: encyklopedia_cytat_id_seq; Type: SEQUENCE SET; Schema: public; Owner: projectuser
--

SELECT pg_catalog.setval('public.encyklopedia_cytat_id_seq', 6, true);


--
-- Name: encyklopedia_grupabractw_id_seq; Type: SEQUENCE SET; Schema: public; Owner: projectuser
--

SELECT pg_catalog.setval('public.encyklopedia_grupabractw_id_seq', 5, true);


--
-- Name: encyklopedia_grupabractw_kraje_id_seq; Type: SEQUENCE SET; Schema: public; Owner: projectuser
--

SELECT pg_catalog.setval('public.encyklopedia_grupabractw_kraje_id_seq', 8, true);


--
-- Name: encyklopedia_pojecie_id_seq; Type: SEQUENCE SET; Schema: public; Owner: projectuser
--

SELECT pg_catalog.setval('public.encyklopedia_pojecie_id_seq', 1, true);


--
-- Name: encyklopedia_tradycjabcs_id_seq; Type: SEQUENCE SET; Schema: public; Owner: projectuser
--

SELECT pg_catalog.setval('public.encyklopedia_tradycjabcs_id_seq', 2, true);


--
-- Name: encyklopedia_tradycjainnegobractwa_id_seq; Type: SEQUENCE SET; Schema: public; Owner: projectuser
--

SELECT pg_catalog.setval('public.encyklopedia_tradycjainnegobractwa_id_seq', 1, false);


--
-- Name: encyklopedia_zwyczaj_id_seq; Type: SEQUENCE SET; Schema: public; Owner: projectuser
--

SELECT pg_catalog.setval('public.encyklopedia_zwyczaj_id_seq', 1, false);


--
-- Name: kronika_charakterystykadzialanzarzadu_id_seq; Type: SEQUENCE SET; Schema: public; Owner: projectuser
--

SELECT pg_catalog.setval('public.kronika_charakterystykadzialanzarzadu_id_seq', 11, true);


--
-- Name: kronika_kadencja_id_seq; Type: SEQUENCE SET; Schema: public; Owner: projectuser
--

SELECT pg_catalog.setval('public.kronika_kadencja_id_seq', 16, true);


--
-- Name: kronika_obrazwydarzenie_id_seq; Type: SEQUENCE SET; Schema: public; Owner: projectuser
--

SELECT pg_catalog.setval('public.kronika_obrazwydarzenie_id_seq', 2, true);


--
-- Name: kronika_obrazwydarzenie_widoczne_osoby_id_seq; Type: SEQUENCE SET; Schema: public; Owner: projectuser
--

SELECT pg_catalog.setval('public.kronika_obrazwydarzenie_widoczne_osoby_id_seq', 1, false);


--
-- Name: kronika_obrazzdarzenie_id_seq; Type: SEQUENCE SET; Schema: public; Owner: projectuser
--

SELECT pg_catalog.setval('public.kronika_obrazzdarzenie_id_seq', 5, true);


--
-- Name: kronika_obrazzdarzenie_widoczne_osoby_id_seq; Type: SEQUENCE SET; Schema: public; Owner: projectuser
--

SELECT pg_catalog.setval('public.kronika_obrazzdarzenie_widoczne_osoby_id_seq', 1, false);


--
-- Name: kronika_typwydarzenia_id_seq; Type: SEQUENCE SET; Schema: public; Owner: projectuser
--

SELECT pg_catalog.setval('public.kronika_typwydarzenia_id_seq', 45, true);


--
-- Name: kronika_typwydarzeniahistorycznego_id_seq; Type: SEQUENCE SET; Schema: public; Owner: projectuser
--

SELECT pg_catalog.setval('public.kronika_typwydarzeniahistorycznego_id_seq', 5, true);


--
-- Name: kronika_typwyjazdu_id_seq; Type: SEQUENCE SET; Schema: public; Owner: projectuser
--

SELECT pg_catalog.setval('public.kronika_typwyjazdu_id_seq', 8, true);


--
-- Name: kronika_wydarzenie_id_seq; Type: SEQUENCE SET; Schema: public; Owner: projectuser
--

SELECT pg_catalog.setval('public.kronika_wydarzenie_id_seq', 362, true);


--
-- Name: kronika_wydarzenie_miejsca_id_seq; Type: SEQUENCE SET; Schema: public; Owner: projectuser
--

SELECT pg_catalog.setval('public.kronika_wydarzenie_miejsca_id_seq', 462, true);


--
-- Name: kronika_wydarzenie_uczestnicy_id_seq; Type: SEQUENCE SET; Schema: public; Owner: projectuser
--

SELECT pg_catalog.setval('public.kronika_wydarzenie_uczestnicy_id_seq', 142, true);


--
-- Name: kronika_wydarzeniehistoryczne_id_seq; Type: SEQUENCE SET; Schema: public; Owner: projectuser
--

SELECT pg_catalog.setval('public.kronika_wydarzeniehistoryczne_id_seq', 8, true);


--
-- Name: kronika_wyjazd_obrazy_id_seq; Type: SEQUENCE SET; Schema: public; Owner: projectuser
--

SELECT pg_catalog.setval('public.kronika_wyjazd_obrazy_id_seq', 1, false);


--
-- Name: kronika_zdarzenie_id_seq; Type: SEQUENCE SET; Schema: public; Owner: projectuser
--

SELECT pg_catalog.setval('public.kronika_zdarzenie_id_seq', 169, true);


--
-- Name: kronika_zdarzenie_powiazane_osoby_id_seq; Type: SEQUENCE SET; Schema: public; Owner: projectuser
--

SELECT pg_catalog.setval('public.kronika_zdarzenie_powiazane_osoby_id_seq', 3, true);


--
-- Name: miejsca_kraj_id_seq; Type: SEQUENCE SET; Schema: public; Owner: projectuser
--

SELECT pg_catalog.setval('public.miejsca_kraj_id_seq', 12, true);


--
-- Name: miejsca_miejsce_id_seq; Type: SEQUENCE SET; Schema: public; Owner: projectuser
--

SELECT pg_catalog.setval('public.miejsca_miejsce_id_seq', 111, true);


--
-- Name: miejsca_typmiejsca_id_seq; Type: SEQUENCE SET; Schema: public; Owner: projectuser
--

SELECT pg_catalog.setval('public.miejsca_typmiejsca_id_seq', 33, true);


--
-- Name: miejsca_uczelnia_id_seq; Type: SEQUENCE SET; Schema: public; Owner: projectuser
--

SELECT pg_catalog.setval('public.miejsca_uczelnia_id_seq', 12, true);


--
-- Name: miejsca_wydzial_id_seq; Type: SEQUENCE SET; Schema: public; Owner: projectuser
--

SELECT pg_catalog.setval('public.miejsca_wydzial_id_seq', 37, true);


--
-- Name: osoby_osoba_id_seq; Type: SEQUENCE SET; Schema: public; Owner: projectuser
--

SELECT pg_catalog.setval('public.osoby_osoba_id_seq', 194, true);


--
-- Name: osoby_zarzad_id_seq; Type: SEQUENCE SET; Schema: public; Owner: projectuser
--

SELECT pg_catalog.setval('public.osoby_zarzad_id_seq', 16, true);


--
-- Name: prawo_podmiot_id_seq; Type: SEQUENCE SET; Schema: public; Owner: projectuser
--

SELECT pg_catalog.setval('public.prawo_podmiot_id_seq', 21, true);


--
-- Name: prawo_relacjaprawna_id_seq; Type: SEQUENCE SET; Schema: public; Owner: projectuser
--

SELECT pg_catalog.setval('public.prawo_relacjaprawna_id_seq', 11, true);


--
-- Name: prawo_relacjaprawna_podmiot_id_seq; Type: SEQUENCE SET; Schema: public; Owner: projectuser
--

SELECT pg_catalog.setval('public.prawo_relacjaprawna_podmiot_id_seq', 11, true);


--
-- Name: slowniczek_lacinski_zwrot_id_seq; Type: SEQUENCE SET; Schema: public; Owner: projectuser
--

SELECT pg_catalog.setval('public.slowniczek_lacinski_zwrot_id_seq', 1, true);


--
-- Name: zrodla_zrodlo_autorzy_id_seq; Type: SEQUENCE SET; Schema: public; Owner: projectuser
--

SELECT pg_catalog.setval('public.zrodla_zrodlo_autorzy_id_seq', 24, true);


--
-- Name: zrodla_zrodlo_id_seq; Type: SEQUENCE SET; Schema: public; Owner: projectuser
--

SELECT pg_catalog.setval('public.zrodla_zrodlo_id_seq', 10, true);


--
-- Name: admin_interface_theme admin_interface_theme_name_30bda70f_uniq; Type: CONSTRAINT; Schema: public; Owner: projectuser
--

ALTER TABLE ONLY public.admin_interface_theme
    ADD CONSTRAINT admin_interface_theme_name_30bda70f_uniq UNIQUE (name);


--
-- Name: admin_interface_theme admin_interface_theme_pkey; Type: CONSTRAINT; Schema: public; Owner: projectuser
--

ALTER TABLE ONLY public.admin_interface_theme
    ADD CONSTRAINT admin_interface_theme_pkey PRIMARY KEY (id);


--
-- Name: auth_group auth_group_name_key; Type: CONSTRAINT; Schema: public; Owner: projectuser
--

ALTER TABLE ONLY public.auth_group
    ADD CONSTRAINT auth_group_name_key UNIQUE (name);


--
-- Name: auth_group_permissions auth_group_permissions_group_id_permission_id_0cd325b0_uniq; Type: CONSTRAINT; Schema: public; Owner: projectuser
--

ALTER TABLE ONLY public.auth_group_permissions
    ADD CONSTRAINT auth_group_permissions_group_id_permission_id_0cd325b0_uniq UNIQUE (group_id, permission_id);


--
-- Name: auth_group_permissions auth_group_permissions_pkey; Type: CONSTRAINT; Schema: public; Owner: projectuser
--

ALTER TABLE ONLY public.auth_group_permissions
    ADD CONSTRAINT auth_group_permissions_pkey PRIMARY KEY (id);


--
-- Name: auth_group auth_group_pkey; Type: CONSTRAINT; Schema: public; Owner: projectuser
--

ALTER TABLE ONLY public.auth_group
    ADD CONSTRAINT auth_group_pkey PRIMARY KEY (id);


--
-- Name: auth_permission auth_permission_content_type_id_codename_01ab375a_uniq; Type: CONSTRAINT; Schema: public; Owner: projectuser
--

ALTER TABLE ONLY public.auth_permission
    ADD CONSTRAINT auth_permission_content_type_id_codename_01ab375a_uniq UNIQUE (content_type_id, codename);


--
-- Name: auth_permission auth_permission_pkey; Type: CONSTRAINT; Schema: public; Owner: projectuser
--

ALTER TABLE ONLY public.auth_permission
    ADD CONSTRAINT auth_permission_pkey PRIMARY KEY (id);


--
-- Name: auth_user_groups auth_user_groups_pkey; Type: CONSTRAINT; Schema: public; Owner: projectuser
--

ALTER TABLE ONLY public.auth_user_groups
    ADD CONSTRAINT auth_user_groups_pkey PRIMARY KEY (id);


--
-- Name: auth_user_groups auth_user_groups_user_id_group_id_94350c0c_uniq; Type: CONSTRAINT; Schema: public; Owner: projectuser
--

ALTER TABLE ONLY public.auth_user_groups
    ADD CONSTRAINT auth_user_groups_user_id_group_id_94350c0c_uniq UNIQUE (user_id, group_id);


--
-- Name: auth_user auth_user_pkey; Type: CONSTRAINT; Schema: public; Owner: projectuser
--

ALTER TABLE ONLY public.auth_user
    ADD CONSTRAINT auth_user_pkey PRIMARY KEY (id);


--
-- Name: auth_user_user_permissions auth_user_user_permissions_pkey; Type: CONSTRAINT; Schema: public; Owner: projectuser
--

ALTER TABLE ONLY public.auth_user_user_permissions
    ADD CONSTRAINT auth_user_user_permissions_pkey PRIMARY KEY (id);


--
-- Name: auth_user_user_permissions auth_user_user_permissions_user_id_permission_id_14a6b632_uniq; Type: CONSTRAINT; Schema: public; Owner: projectuser
--

ALTER TABLE ONLY public.auth_user_user_permissions
    ADD CONSTRAINT auth_user_user_permissions_user_id_permission_id_14a6b632_uniq UNIQUE (user_id, permission_id);


--
-- Name: auth_user auth_user_username_key; Type: CONSTRAINT; Schema: public; Owner: projectuser
--

ALTER TABLE ONLY public.auth_user
    ADD CONSTRAINT auth_user_username_key UNIQUE (username);


--
-- Name: czapki_czapka czapki_czapka_pkey; Type: CONSTRAINT; Schema: public; Owner: projectuser
--

ALTER TABLE ONLY public.czapki_czapka
    ADD CONSTRAINT czapki_czapka_pkey PRIMARY KEY (id);


--
-- Name: czapki_rodzajczapki_kraje czapki_rodzajczapki_kraje_pkey; Type: CONSTRAINT; Schema: public; Owner: projectuser
--

ALTER TABLE ONLY public.czapki_rodzajczapki_kraje
    ADD CONSTRAINT czapki_rodzajczapki_kraje_pkey PRIMARY KEY (id);


--
-- Name: czapki_rodzajczapki_kraje czapki_rodzajczapki_kraje_rodzajczapki_id_kraj_id_620cc5dd_uniq; Type: CONSTRAINT; Schema: public; Owner: projectuser
--

ALTER TABLE ONLY public.czapki_rodzajczapki_kraje
    ADD CONSTRAINT czapki_rodzajczapki_kraje_rodzajczapki_id_kraj_id_620cc5dd_uniq UNIQUE (rodzajczapki_id, kraj_id);


--
-- Name: czapki_rodzajczapki czapki_rodzajczapki_pkey; Type: CONSTRAINT; Schema: public; Owner: projectuser
--

ALTER TABLE ONLY public.czapki_rodzajczapki
    ADD CONSTRAINT czapki_rodzajczapki_pkey PRIMARY KEY (id);


--
-- Name: django_admin_log django_admin_log_pkey; Type: CONSTRAINT; Schema: public; Owner: projectuser
--

ALTER TABLE ONLY public.django_admin_log
    ADD CONSTRAINT django_admin_log_pkey PRIMARY KEY (id);


--
-- Name: django_content_type django_content_type_app_label_model_76bd3d3b_uniq; Type: CONSTRAINT; Schema: public; Owner: projectuser
--

ALTER TABLE ONLY public.django_content_type
    ADD CONSTRAINT django_content_type_app_label_model_76bd3d3b_uniq UNIQUE (app_label, model);


--
-- Name: django_content_type django_content_type_pkey; Type: CONSTRAINT; Schema: public; Owner: projectuser
--

ALTER TABLE ONLY public.django_content_type
    ADD CONSTRAINT django_content_type_pkey PRIMARY KEY (id);


--
-- Name: django_migrations django_migrations_pkey; Type: CONSTRAINT; Schema: public; Owner: projectuser
--

ALTER TABLE ONLY public.django_migrations
    ADD CONSTRAINT django_migrations_pkey PRIMARY KEY (id);


--
-- Name: django_session django_session_pkey; Type: CONSTRAINT; Schema: public; Owner: projectuser
--

ALTER TABLE ONLY public.django_session
    ADD CONSTRAINT django_session_pkey PRIMARY KEY (session_key);


--
-- Name: encyklopedia_aforyzm encyklopedia_aforyzm_pkey; Type: CONSTRAINT; Schema: public; Owner: projectuser
--

ALTER TABLE ONLY public.encyklopedia_aforyzm
    ADD CONSTRAINT encyklopedia_aforyzm_pkey PRIMARY KEY (cytat_ptr_id);


--
-- Name: encyklopedia_bractwo encyklopedia_bractwo_pkey; Type: CONSTRAINT; Schema: public; Owner: projectuser
--

ALTER TABLE ONLY public.encyklopedia_bractwo
    ADD CONSTRAINT encyklopedia_bractwo_pkey PRIMARY KEY (id);


--
-- Name: encyklopedia_bractwo_zalozyciele encyklopedia_bractwo_zal_bractwo_id_osoba_id_6d7271f4_uniq; Type: CONSTRAINT; Schema: public; Owner: projectuser
--

ALTER TABLE ONLY public.encyklopedia_bractwo_zalozyciele
    ADD CONSTRAINT encyklopedia_bractwo_zal_bractwo_id_osoba_id_6d7271f4_uniq UNIQUE (bractwo_id, osoba_id);


--
-- Name: encyklopedia_bractwo_zalozyciele encyklopedia_bractwo_zalozyciele_pkey; Type: CONSTRAINT; Schema: public; Owner: projectuser
--

ALTER TABLE ONLY public.encyklopedia_bractwo_zalozyciele
    ADD CONSTRAINT encyklopedia_bractwo_zalozyciele_pkey PRIMARY KEY (id);


--
-- Name: encyklopedia_cytat_adresaci encyklopedia_cytat_adresaci_cytat_id_osoba_id_3569d023_uniq; Type: CONSTRAINT; Schema: public; Owner: projectuser
--

ALTER TABLE ONLY public.encyklopedia_cytat_adresaci
    ADD CONSTRAINT encyklopedia_cytat_adresaci_cytat_id_osoba_id_3569d023_uniq UNIQUE (cytat_id, osoba_id);


--
-- Name: encyklopedia_cytat_adresaci encyklopedia_cytat_adresaci_pkey; Type: CONSTRAINT; Schema: public; Owner: projectuser
--

ALTER TABLE ONLY public.encyklopedia_cytat_adresaci
    ADD CONSTRAINT encyklopedia_cytat_adresaci_pkey PRIMARY KEY (id);


--
-- Name: encyklopedia_cytat encyklopedia_cytat_pkey; Type: CONSTRAINT; Schema: public; Owner: projectuser
--

ALTER TABLE ONLY public.encyklopedia_cytat
    ADD CONSTRAINT encyklopedia_cytat_pkey PRIMARY KEY (id);


--
-- Name: encyklopedia_grupabractw_kraje encyklopedia_grupabractw_grupabractw_id_kraj_id_1aa974fc_uniq; Type: CONSTRAINT; Schema: public; Owner: projectuser
--

ALTER TABLE ONLY public.encyklopedia_grupabractw_kraje
    ADD CONSTRAINT encyklopedia_grupabractw_grupabractw_id_kraj_id_1aa974fc_uniq UNIQUE (grupabractw_id, kraj_id);


--
-- Name: encyklopedia_grupabractw_kraje encyklopedia_grupabractw_kraje_pkey; Type: CONSTRAINT; Schema: public; Owner: projectuser
--

ALTER TABLE ONLY public.encyklopedia_grupabractw_kraje
    ADD CONSTRAINT encyklopedia_grupabractw_kraje_pkey PRIMARY KEY (id);


--
-- Name: encyklopedia_grupabractw encyklopedia_grupabractw_pkey; Type: CONSTRAINT; Schema: public; Owner: projectuser
--

ALTER TABLE ONLY public.encyklopedia_grupabractw
    ADD CONSTRAINT encyklopedia_grupabractw_pkey PRIMARY KEY (id);


--
-- Name: encyklopedia_pojecie encyklopedia_pojecie_pkey; Type: CONSTRAINT; Schema: public; Owner: projectuser
--

ALTER TABLE ONLY public.encyklopedia_pojecie
    ADD CONSTRAINT encyklopedia_pojecie_pkey PRIMARY KEY (id);


--
-- Name: encyklopedia_powiedzenie encyklopedia_powiedzenie_pkey; Type: CONSTRAINT; Schema: public; Owner: projectuser
--

ALTER TABLE ONLY public.encyklopedia_powiedzenie
    ADD CONSTRAINT encyklopedia_powiedzenie_pkey PRIMARY KEY (cytat_ptr_id);


--
-- Name: encyklopedia_tradycjabcs encyklopedia_tradycjabcs_pkey; Type: CONSTRAINT; Schema: public; Owner: projectuser
--

ALTER TABLE ONLY public.encyklopedia_tradycjabcs
    ADD CONSTRAINT encyklopedia_tradycjabcs_pkey PRIMARY KEY (id);


--
-- Name: encyklopedia_tradycjainnegobractwa encyklopedia_tradycjainnegobractwa_pkey; Type: CONSTRAINT; Schema: public; Owner: projectuser
--

ALTER TABLE ONLY public.encyklopedia_tradycjainnegobractwa
    ADD CONSTRAINT encyklopedia_tradycjainnegobractwa_pkey PRIMARY KEY (id);


--
-- Name: encyklopedia_zwyczaj encyklopedia_zwyczaj_pkey; Type: CONSTRAINT; Schema: public; Owner: projectuser
--

ALTER TABLE ONLY public.encyklopedia_zwyczaj
    ADD CONSTRAINT encyklopedia_zwyczaj_pkey PRIMARY KEY (id);


--
-- Name: kronika_podsumowaniekadencji kronika_charakterystykadzialanzarzadu_pkey; Type: CONSTRAINT; Schema: public; Owner: projectuser
--

ALTER TABLE ONLY public.kronika_podsumowaniekadencji
    ADD CONSTRAINT kronika_charakterystykadzialanzarzadu_pkey PRIMARY KEY (id);


--
-- Name: kronika_kadencja kronika_kadencja_pkey; Type: CONSTRAINT; Schema: public; Owner: projectuser
--

ALTER TABLE ONLY public.kronika_kadencja
    ADD CONSTRAINT kronika_kadencja_pkey PRIMARY KEY (id);


--
-- Name: kalendarz_obrazwydarzenie_widoczne_osoby kronika_obrazwydarzenie__obrazwydarzenie_id_osoba_cc042493_uniq; Type: CONSTRAINT; Schema: public; Owner: projectuser
--

ALTER TABLE ONLY public.kalendarz_obrazwydarzenie_widoczne_osoby
    ADD CONSTRAINT kronika_obrazwydarzenie__obrazwydarzenie_id_osoba_cc042493_uniq UNIQUE (obrazwydarzenie_id, osoba_id);


--
-- Name: kalendarz_obrazwydarzenie kronika_obrazwydarzenie_pkey; Type: CONSTRAINT; Schema: public; Owner: projectuser
--

ALTER TABLE ONLY public.kalendarz_obrazwydarzenie
    ADD CONSTRAINT kronika_obrazwydarzenie_pkey PRIMARY KEY (id);


--
-- Name: kalendarz_obrazwydarzenie_widoczne_osoby kronika_obrazwydarzenie_widoczne_osoby_pkey; Type: CONSTRAINT; Schema: public; Owner: projectuser
--

ALTER TABLE ONLY public.kalendarz_obrazwydarzenie_widoczne_osoby
    ADD CONSTRAINT kronika_obrazwydarzenie_widoczne_osoby_pkey PRIMARY KEY (id);


--
-- Name: kalendarz_obrazzdarzenie kronika_obrazzdarzenie_pkey; Type: CONSTRAINT; Schema: public; Owner: projectuser
--

ALTER TABLE ONLY public.kalendarz_obrazzdarzenie
    ADD CONSTRAINT kronika_obrazzdarzenie_pkey PRIMARY KEY (id);


--
-- Name: kalendarz_obrazzdarzenie_widoczne_osoby kronika_obrazzdarzenie_w_obrazzdarzenie_id_osoba__e3de9421_uniq; Type: CONSTRAINT; Schema: public; Owner: projectuser
--

ALTER TABLE ONLY public.kalendarz_obrazzdarzenie_widoczne_osoby
    ADD CONSTRAINT kronika_obrazzdarzenie_w_obrazzdarzenie_id_osoba__e3de9421_uniq UNIQUE (obrazzdarzenie_id, osoba_id);


--
-- Name: kalendarz_obrazzdarzenie_widoczne_osoby kronika_obrazzdarzenie_widoczne_osoby_pkey; Type: CONSTRAINT; Schema: public; Owner: projectuser
--

ALTER TABLE ONLY public.kalendarz_obrazzdarzenie_widoczne_osoby
    ADD CONSTRAINT kronika_obrazzdarzenie_widoczne_osoby_pkey PRIMARY KEY (id);


--
-- Name: kalendarz_typwydarzenia kronika_typwydarzenia_pkey; Type: CONSTRAINT; Schema: public; Owner: projectuser
--

ALTER TABLE ONLY public.kalendarz_typwydarzenia
    ADD CONSTRAINT kronika_typwydarzenia_pkey PRIMARY KEY (id);


--
-- Name: kronika_typwydarzeniahistorycznego kronika_typwydarzeniahistorycznego_pkey; Type: CONSTRAINT; Schema: public; Owner: projectuser
--

ALTER TABLE ONLY public.kronika_typwydarzeniahistorycznego
    ADD CONSTRAINT kronika_typwydarzeniahistorycznego_pkey PRIMARY KEY (id);


--
-- Name: kalendarz_typwyjazdu kronika_typwyjazdu_pkey; Type: CONSTRAINT; Schema: public; Owner: projectuser
--

ALTER TABLE ONLY public.kalendarz_typwyjazdu
    ADD CONSTRAINT kronika_typwyjazdu_pkey PRIMARY KEY (id);


--
-- Name: kalendarz_wydarzenie_miejsca kronika_wydarzenie_miejs_wydarzenie_id_miejsce_id_cec71ed1_uniq; Type: CONSTRAINT; Schema: public; Owner: projectuser
--

ALTER TABLE ONLY public.kalendarz_wydarzenie_miejsca
    ADD CONSTRAINT kronika_wydarzenie_miejs_wydarzenie_id_miejsce_id_cec71ed1_uniq UNIQUE (wydarzenie_id, miejsce_id);


--
-- Name: kalendarz_wydarzenie_miejsca kronika_wydarzenie_miejsca_pkey; Type: CONSTRAINT; Schema: public; Owner: projectuser
--

ALTER TABLE ONLY public.kalendarz_wydarzenie_miejsca
    ADD CONSTRAINT kronika_wydarzenie_miejsca_pkey PRIMARY KEY (id);


--
-- Name: kalendarz_wydarzenie kronika_wydarzenie_pkey; Type: CONSTRAINT; Schema: public; Owner: projectuser
--

ALTER TABLE ONLY public.kalendarz_wydarzenie
    ADD CONSTRAINT kronika_wydarzenie_pkey PRIMARY KEY (id);


--
-- Name: kalendarz_wydarzenie_uczestnicy kronika_wydarzenie_uczes_wydarzenie_id_osoba_id_09898ddc_uniq; Type: CONSTRAINT; Schema: public; Owner: projectuser
--

ALTER TABLE ONLY public.kalendarz_wydarzenie_uczestnicy
    ADD CONSTRAINT kronika_wydarzenie_uczes_wydarzenie_id_osoba_id_09898ddc_uniq UNIQUE (wydarzenie_id, osoba_id);


--
-- Name: kalendarz_wydarzenie_uczestnicy kronika_wydarzenie_uczestnicy_pkey; Type: CONSTRAINT; Schema: public; Owner: projectuser
--

ALTER TABLE ONLY public.kalendarz_wydarzenie_uczestnicy
    ADD CONSTRAINT kronika_wydarzenie_uczestnicy_pkey PRIMARY KEY (id);


--
-- Name: kronika_wydarzeniehistoryczne kronika_wydarzeniehistoryczne_pkey; Type: CONSTRAINT; Schema: public; Owner: projectuser
--

ALTER TABLE ONLY public.kronika_wydarzeniehistoryczne
    ADD CONSTRAINT kronika_wydarzeniehistoryczne_pkey PRIMARY KEY (id);


--
-- Name: kalendarz_wyjazd_obrazy kronika_wyjazd_obrazy_pkey; Type: CONSTRAINT; Schema: public; Owner: projectuser
--

ALTER TABLE ONLY public.kalendarz_wyjazd_obrazy
    ADD CONSTRAINT kronika_wyjazd_obrazy_pkey PRIMARY KEY (id);


--
-- Name: kalendarz_wyjazd_obrazy kronika_wyjazd_obrazy_wyjazd_id_obrazwyjazd_id_cb207b7d_uniq; Type: CONSTRAINT; Schema: public; Owner: projectuser
--

ALTER TABLE ONLY public.kalendarz_wyjazd_obrazy
    ADD CONSTRAINT kronika_wyjazd_obrazy_wyjazd_id_obrazwyjazd_id_cb207b7d_uniq UNIQUE (wyjazd_id, obrazwyjazd_id);


--
-- Name: kalendarz_zdarzenie kronika_zdarzenie_pkey; Type: CONSTRAINT; Schema: public; Owner: projectuser
--

ALTER TABLE ONLY public.kalendarz_zdarzenie
    ADD CONSTRAINT kronika_zdarzenie_pkey PRIMARY KEY (id);


--
-- Name: kalendarz_zdarzenie_powiazane_osoby kronika_zdarzenie_powiaz_zdarzenie_id_osoba_id_2ac268f3_uniq; Type: CONSTRAINT; Schema: public; Owner: projectuser
--

ALTER TABLE ONLY public.kalendarz_zdarzenie_powiazane_osoby
    ADD CONSTRAINT kronika_zdarzenie_powiaz_zdarzenie_id_osoba_id_2ac268f3_uniq UNIQUE (zdarzenie_id, osoba_id);


--
-- Name: kalendarz_zdarzenie_powiazane_osoby kronika_zdarzenie_powiazane_osoby_pkey; Type: CONSTRAINT; Schema: public; Owner: projectuser
--

ALTER TABLE ONLY public.kalendarz_zdarzenie_powiazane_osoby
    ADD CONSTRAINT kronika_zdarzenie_powiazane_osoby_pkey PRIMARY KEY (id);


--
-- Name: miejsca_kraj miejsca_kraj_pkey; Type: CONSTRAINT; Schema: public; Owner: projectuser
--

ALTER TABLE ONLY public.miejsca_kraj
    ADD CONSTRAINT miejsca_kraj_pkey PRIMARY KEY (id);


--
-- Name: miejsca_miejsce miejsca_miejsce_pkey; Type: CONSTRAINT; Schema: public; Owner: projectuser
--

ALTER TABLE ONLY public.miejsca_miejsce
    ADD CONSTRAINT miejsca_miejsce_pkey PRIMARY KEY (id);


--
-- Name: miejsca_typmiejsca miejsca_typmiejsca_pkey; Type: CONSTRAINT; Schema: public; Owner: projectuser
--

ALTER TABLE ONLY public.miejsca_typmiejsca
    ADD CONSTRAINT miejsca_typmiejsca_pkey PRIMARY KEY (id);


--
-- Name: miejsca_uczelnia miejsca_uczelnia_pkey; Type: CONSTRAINT; Schema: public; Owner: projectuser
--

ALTER TABLE ONLY public.miejsca_uczelnia
    ADD CONSTRAINT miejsca_uczelnia_pkey PRIMARY KEY (id);


--
-- Name: miejsca_wydzial miejsca_wydzial_pkey; Type: CONSTRAINT; Schema: public; Owner: projectuser
--

ALTER TABLE ONLY public.miejsca_wydzial
    ADD CONSTRAINT miejsca_wydzial_pkey PRIMARY KEY (id);


--
-- Name: osoby_bean osoby_bean_pkey1; Type: CONSTRAINT; Schema: public; Owner: projectuser
--

ALTER TABLE ONLY public.osoby_bean
    ADD CONSTRAINT osoby_bean_pkey1 PRIMARY KEY (osoba_ptr_id);


--
-- Name: osoby_czlonek osoby_czlonek_pkey1; Type: CONSTRAINT; Schema: public; Owner: projectuser
--

ALTER TABLE ONLY public.osoby_czlonek
    ADD CONSTRAINT osoby_czlonek_pkey1 PRIMARY KEY (osoba_ptr_id);


--
-- Name: osoby_dawnyzarzad osoby_dawnyzarzad_pkey; Type: CONSTRAINT; Schema: public; Owner: projectuser
--

ALTER TABLE ONLY public.osoby_dawnyzarzad
    ADD CONSTRAINT osoby_dawnyzarzad_pkey PRIMARY KEY (zarzad_ptr_id);


--
-- Name: osoby_halloffame osoby_halloffame_pkey; Type: CONSTRAINT; Schema: public; Owner: projectuser
--

ALTER TABLE ONLY public.osoby_halloffame
    ADD CONSTRAINT osoby_halloffame_pkey PRIMARY KEY (id);


--
-- Name: osoby_imieszlacheckie osoby_imieszlacheckie_pkey; Type: CONSTRAINT; Schema: public; Owner: projectuser
--

ALTER TABLE ONLY public.osoby_imieszlacheckie
    ADD CONSTRAINT osoby_imieszlacheckie_pkey PRIMARY KEY (id);


--
-- Name: osoby_innaosoba osoby_innaosoba_pkey1; Type: CONSTRAINT; Schema: public; Owner: projectuser
--

ALTER TABLE ONLY public.osoby_innaosoba
    ADD CONSTRAINT osoby_innaosoba_pkey1 PRIMARY KEY (osoba_ptr_id);


--
-- Name: osoby_nowyzarzad osoby_nowyzarzad_pkey; Type: CONSTRAINT; Schema: public; Owner: projectuser
--

ALTER TABLE ONLY public.osoby_nowyzarzad
    ADD CONSTRAINT osoby_nowyzarzad_pkey PRIMARY KEY (zarzad_ptr_id);


--
-- Name: osoby_osoba osoby_osoba_pkey; Type: CONSTRAINT; Schema: public; Owner: projectuser
--

ALTER TABLE ONLY public.osoby_osoba
    ADD CONSTRAINT osoby_osoba_pkey PRIMARY KEY (id);


--
-- Name: osoby_wielkimistrz osoby_wielkimistrz_pkey; Type: CONSTRAINT; Schema: public; Owner: projectuser
--

ALTER TABLE ONLY public.osoby_wielkimistrz
    ADD CONSTRAINT osoby_wielkimistrz_pkey PRIMARY KEY (id);


--
-- Name: osoby_zarzad osoby_zarzad_pkey1; Type: CONSTRAINT; Schema: public; Owner: projectuser
--

ALTER TABLE ONLY public.osoby_zarzad
    ADD CONSTRAINT osoby_zarzad_pkey1 PRIMARY KEY (id);


--
-- Name: osoby_zwierzeczapkowe osoby_zwierzeczapkowe_pkey; Type: CONSTRAINT; Schema: public; Owner: projectuser
--

ALTER TABLE ONLY public.osoby_zwierzeczapkowe
    ADD CONSTRAINT osoby_zwierzeczapkowe_pkey PRIMARY KEY (id);


--
-- Name: prawo_podmiot prawo_podmiot_pkey; Type: CONSTRAINT; Schema: public; Owner: projectuser
--

ALTER TABLE ONLY public.prawo_podmiot
    ADD CONSTRAINT prawo_podmiot_pkey PRIMARY KEY (id);


--
-- Name: prawo_relacjaprawna prawo_relacjaprawna_pkey; Type: CONSTRAINT; Schema: public; Owner: projectuser
--

ALTER TABLE ONLY public.prawo_relacjaprawna
    ADD CONSTRAINT prawo_relacjaprawna_pkey PRIMARY KEY (id);


--
-- Name: prawo_relacjaprawna_podmiot prawo_relacjaprawna_podm_relacjaprawna_id_podmiot_b13fb576_uniq; Type: CONSTRAINT; Schema: public; Owner: projectuser
--

ALTER TABLE ONLY public.prawo_relacjaprawna_podmiot
    ADD CONSTRAINT prawo_relacjaprawna_podm_relacjaprawna_id_podmiot_b13fb576_uniq UNIQUE (relacjaprawna_id, podmiot_id);


--
-- Name: prawo_relacjaprawna_podmiot prawo_relacjaprawna_podmiot_pkey; Type: CONSTRAINT; Schema: public; Owner: projectuser
--

ALTER TABLE ONLY public.prawo_relacjaprawna_podmiot
    ADD CONSTRAINT prawo_relacjaprawna_podmiot_pkey PRIMARY KEY (id);


--
-- Name: prawo_rola prawo_rola_pkey; Type: CONSTRAINT; Schema: public; Owner: projectuser
--

ALTER TABLE ONLY public.prawo_rola
    ADD CONSTRAINT prawo_rola_pkey PRIMARY KEY (podmiot_ptr_id);


--
-- Name: prawo_struktura prawo_struktura_pkey; Type: CONSTRAINT; Schema: public; Owner: projectuser
--

ALTER TABLE ONLY public.prawo_struktura
    ADD CONSTRAINT prawo_struktura_pkey PRIMARY KEY (podmiot_ptr_id);


--
-- Name: slowniczek_lacinski_zwrot slowniczek_lacinski_zwrot_pkey; Type: CONSTRAINT; Schema: public; Owner: projectuser
--

ALTER TABLE ONLY public.slowniczek_lacinski_zwrot
    ADD CONSTRAINT slowniczek_lacinski_zwrot_pkey PRIMARY KEY (id);


--
-- Name: zrodla_dokument zrodla_dokument_pkey; Type: CONSTRAINT; Schema: public; Owner: projectuser
--

ALTER TABLE ONLY public.zrodla_dokument
    ADD CONSTRAINT zrodla_dokument_pkey PRIMARY KEY (zrodlo_ptr_id);


--
-- Name: zrodla_edykt zrodla_edykt_pkey; Type: CONSTRAINT; Schema: public; Owner: projectuser
--

ALTER TABLE ONLY public.zrodla_edykt
    ADD CONSTRAINT zrodla_edykt_pkey PRIMARY KEY (dokument_ptr_id);


--
-- Name: zrodla_ukaz zrodla_ukaz_pkey; Type: CONSTRAINT; Schema: public; Owner: projectuser
--

ALTER TABLE ONLY public.zrodla_ukaz
    ADD CONSTRAINT zrodla_ukaz_pkey PRIMARY KEY (dokument_ptr_id);


--
-- Name: zrodla_zrodlo_autorzy zrodla_zrodlo_autorzy_pkey; Type: CONSTRAINT; Schema: public; Owner: projectuser
--

ALTER TABLE ONLY public.zrodla_zrodlo_autorzy
    ADD CONSTRAINT zrodla_zrodlo_autorzy_pkey PRIMARY KEY (id);


--
-- Name: zrodla_zrodlo_autorzy zrodla_zrodlo_autorzy_zrodlo_id_osoba_id_80914da8_uniq; Type: CONSTRAINT; Schema: public; Owner: projectuser
--

ALTER TABLE ONLY public.zrodla_zrodlo_autorzy
    ADD CONSTRAINT zrodla_zrodlo_autorzy_zrodlo_id_osoba_id_80914da8_uniq UNIQUE (zrodlo_id, osoba_id);


--
-- Name: zrodla_zrodlo zrodla_zrodlo_pkey; Type: CONSTRAINT; Schema: public; Owner: projectuser
--

ALTER TABLE ONLY public.zrodla_zrodlo
    ADD CONSTRAINT zrodla_zrodlo_pkey PRIMARY KEY (id);


--
-- Name: zrodla_zrodloogolne zrodla_zrodloogolne_pkey; Type: CONSTRAINT; Schema: public; Owner: projectuser
--

ALTER TABLE ONLY public.zrodla_zrodloogolne
    ADD CONSTRAINT zrodla_zrodloogolne_pkey PRIMARY KEY (zrodlo_ptr_id);


--
-- Name: admin_interface_theme_name_30bda70f_like; Type: INDEX; Schema: public; Owner: projectuser
--

CREATE INDEX admin_interface_theme_name_30bda70f_like ON public.admin_interface_theme USING btree (name varchar_pattern_ops);


--
-- Name: auth_group_name_a6ea08ec_like; Type: INDEX; Schema: public; Owner: projectuser
--

CREATE INDEX auth_group_name_a6ea08ec_like ON public.auth_group USING btree (name varchar_pattern_ops);


--
-- Name: auth_group_permissions_group_id_b120cbf9; Type: INDEX; Schema: public; Owner: projectuser
--

CREATE INDEX auth_group_permissions_group_id_b120cbf9 ON public.auth_group_permissions USING btree (group_id);


--
-- Name: auth_group_permissions_permission_id_84c5c92e; Type: INDEX; Schema: public; Owner: projectuser
--

CREATE INDEX auth_group_permissions_permission_id_84c5c92e ON public.auth_group_permissions USING btree (permission_id);


--
-- Name: auth_permission_content_type_id_2f476e4b; Type: INDEX; Schema: public; Owner: projectuser
--

CREATE INDEX auth_permission_content_type_id_2f476e4b ON public.auth_permission USING btree (content_type_id);


--
-- Name: auth_user_groups_group_id_97559544; Type: INDEX; Schema: public; Owner: projectuser
--

CREATE INDEX auth_user_groups_group_id_97559544 ON public.auth_user_groups USING btree (group_id);


--
-- Name: auth_user_groups_user_id_6a12ed8b; Type: INDEX; Schema: public; Owner: projectuser
--

CREATE INDEX auth_user_groups_user_id_6a12ed8b ON public.auth_user_groups USING btree (user_id);


--
-- Name: auth_user_user_permissions_permission_id_1fbb5f2c; Type: INDEX; Schema: public; Owner: projectuser
--

CREATE INDEX auth_user_user_permissions_permission_id_1fbb5f2c ON public.auth_user_user_permissions USING btree (permission_id);


--
-- Name: auth_user_user_permissions_user_id_a95ead1b; Type: INDEX; Schema: public; Owner: projectuser
--

CREATE INDEX auth_user_user_permissions_user_id_a95ead1b ON public.auth_user_user_permissions USING btree (user_id);


--
-- Name: auth_user_username_6821ab7c_like; Type: INDEX; Schema: public; Owner: projectuser
--

CREATE INDEX auth_user_username_6821ab7c_like ON public.auth_user USING btree (username varchar_pattern_ops);


--
-- Name: czapki_czapka_wydzial_id_1fecac96; Type: INDEX; Schema: public; Owner: projectuser
--

CREATE INDEX czapki_czapka_wydzial_id_1fecac96 ON public.czapki_czapka USING btree (wydzial_id);


--
-- Name: czapki_rodzajczapki_kraje_kraj_id_2bfda636; Type: INDEX; Schema: public; Owner: projectuser
--

CREATE INDEX czapki_rodzajczapki_kraje_kraj_id_2bfda636 ON public.czapki_rodzajczapki_kraje USING btree (kraj_id);


--
-- Name: czapki_rodzajczapki_kraje_rodzajczapki_id_ceb62ce8; Type: INDEX; Schema: public; Owner: projectuser
--

CREATE INDEX czapki_rodzajczapki_kraje_rodzajczapki_id_ceb62ce8 ON public.czapki_rodzajczapki_kraje USING btree (rodzajczapki_id);


--
-- Name: czlonkowie_imieszlacheckie_imie_id_f1ec203c; Type: INDEX; Schema: public; Owner: projectuser
--

CREATE INDEX czlonkowie_imieszlacheckie_imie_id_f1ec203c ON public.osoby_imieszlacheckie USING btree (imie_id);


--
-- Name: czlonkowie_wielkimistrz_imie_id_cb788e60; Type: INDEX; Schema: public; Owner: projectuser
--

CREATE INDEX czlonkowie_wielkimistrz_imie_id_cb788e60 ON public.osoby_wielkimistrz USING btree (imie_id);


--
-- Name: czlonkowie_wielkimistrz_tadeusz_numeric_26d51b94; Type: INDEX; Schema: public; Owner: projectuser
--

CREATE INDEX czlonkowie_wielkimistrz_tadeusz_numeric_26d51b94 ON public.osoby_wielkimistrz USING btree (tadeusz_numeric);


--
-- Name: django_admin_log_content_type_id_c4bce8eb; Type: INDEX; Schema: public; Owner: projectuser
--

CREATE INDEX django_admin_log_content_type_id_c4bce8eb ON public.django_admin_log USING btree (content_type_id);


--
-- Name: django_admin_log_user_id_c564eba6; Type: INDEX; Schema: public; Owner: projectuser
--

CREATE INDEX django_admin_log_user_id_c564eba6 ON public.django_admin_log USING btree (user_id);


--
-- Name: django_session_expire_date_a5c62663; Type: INDEX; Schema: public; Owner: projectuser
--

CREATE INDEX django_session_expire_date_a5c62663 ON public.django_session USING btree (expire_date);


--
-- Name: django_session_session_key_c0390e0f_like; Type: INDEX; Schema: public; Owner: projectuser
--

CREATE INDEX django_session_session_key_c0390e0f_like ON public.django_session USING btree (session_key varchar_pattern_ops);


--
-- Name: encyklopedia_bractwo_grupa_bractw_id_e2bd8c78; Type: INDEX; Schema: public; Owner: projectuser
--

CREATE INDEX encyklopedia_bractwo_grupa_bractw_id_e2bd8c78 ON public.encyklopedia_bractwo USING btree (grupa_bractw_id);


--
-- Name: encyklopedia_bractwo_panstwo_id_e11894fb; Type: INDEX; Schema: public; Owner: projectuser
--

CREATE INDEX encyklopedia_bractwo_panstwo_id_e11894fb ON public.encyklopedia_bractwo USING btree (panstwo_id);


--
-- Name: encyklopedia_bractwo_zalozyciele_bractwo_id_fa3e8369; Type: INDEX; Schema: public; Owner: projectuser
--

CREATE INDEX encyklopedia_bractwo_zalozyciele_bractwo_id_fa3e8369 ON public.encyklopedia_bractwo_zalozyciele USING btree (bractwo_id);


--
-- Name: encyklopedia_bractwo_zalozyciele_osoba_id_4b86538e; Type: INDEX; Schema: public; Owner: projectuser
--

CREATE INDEX encyklopedia_bractwo_zalozyciele_osoba_id_4b86538e ON public.encyklopedia_bractwo_zalozyciele USING btree (osoba_id);


--
-- Name: encyklopedia_cytat_adresaci_cytat_id_940dd658; Type: INDEX; Schema: public; Owner: projectuser
--

CREATE INDEX encyklopedia_cytat_adresaci_cytat_id_940dd658 ON public.encyklopedia_cytat_adresaci USING btree (cytat_id);


--
-- Name: encyklopedia_cytat_adresaci_osoba_id_49e9b251; Type: INDEX; Schema: public; Owner: projectuser
--

CREATE INDEX encyklopedia_cytat_adresaci_osoba_id_49e9b251 ON public.encyklopedia_cytat_adresaci USING btree (osoba_id);


--
-- Name: encyklopedia_cytat_autor_id_3d594430; Type: INDEX; Schema: public; Owner: projectuser
--

CREATE INDEX encyklopedia_cytat_autor_id_3d594430 ON public.encyklopedia_cytat USING btree (autor_id);


--
-- Name: encyklopedia_cytat_polymorphic_ctype_id_492091c8; Type: INDEX; Schema: public; Owner: projectuser
--

CREATE INDEX encyklopedia_cytat_polymorphic_ctype_id_492091c8 ON public.encyklopedia_cytat USING btree (polymorphic_ctype_id);


--
-- Name: encyklopedia_cytat_zrodlo_id_b028c825; Type: INDEX; Schema: public; Owner: projectuser
--

CREATE INDEX encyklopedia_cytat_zrodlo_id_b028c825 ON public.encyklopedia_cytat USING btree (zrodlo_id);


--
-- Name: encyklopedia_grupabractw_kraje_grupabractw_id_8be06b61; Type: INDEX; Schema: public; Owner: projectuser
--

CREATE INDEX encyklopedia_grupabractw_kraje_grupabractw_id_8be06b61 ON public.encyklopedia_grupabractw_kraje USING btree (grupabractw_id);


--
-- Name: encyklopedia_grupabractw_kraje_kraj_id_d74f8e16; Type: INDEX; Schema: public; Owner: projectuser
--

CREATE INDEX encyklopedia_grupabractw_kraje_kraj_id_d74f8e16 ON public.encyklopedia_grupabractw_kraje USING btree (kraj_id);


--
-- Name: encyklopedia_grupabractw_rodzaj_czapki_id_80dec4a3; Type: INDEX; Schema: public; Owner: projectuser
--

CREATE INDEX encyklopedia_grupabractw_rodzaj_czapki_id_80dec4a3 ON public.encyklopedia_grupabractw USING btree (rodzaj_czapki_id);


--
-- Name: encyklopedia_pojecie_autor_id_a1fc1888; Type: INDEX; Schema: public; Owner: projectuser
--

CREATE INDEX encyklopedia_pojecie_autor_id_a1fc1888 ON public.encyklopedia_pojecie USING btree (autor_id);


--
-- Name: encyklopedia_pojecie_wydarzenie_id_373336c0; Type: INDEX; Schema: public; Owner: projectuser
--

CREATE INDEX encyklopedia_pojecie_wydarzenie_id_373336c0 ON public.encyklopedia_pojecie USING btree (wydarzenie_id);


--
-- Name: encyklopedia_tradycjabcs_autor_czlonek_id_0e30264e; Type: INDEX; Schema: public; Owner: projectuser
--

CREATE INDEX encyklopedia_tradycjabcs_autor_czlonek_id_0e30264e ON public.encyklopedia_tradycjabcs USING btree (autor_czlonek_id);


--
-- Name: encyklopedia_tradycjabcs_autor_id_b9b49d89; Type: INDEX; Schema: public; Owner: projectuser
--

CREATE INDEX encyklopedia_tradycjabcs_autor_id_b9b49d89 ON public.encyklopedia_tradycjabcs USING btree (autor_id);


--
-- Name: encyklopedia_tradycjabcs_od_kogo_id_849d116e; Type: INDEX; Schema: public; Owner: projectuser
--

CREATE INDEX encyklopedia_tradycjabcs_od_kogo_id_849d116e ON public.encyklopedia_tradycjabcs USING btree (od_kogo_id);


--
-- Name: encyklopedia_tradycjabcs_wydarzenie_id_121d8343; Type: INDEX; Schema: public; Owner: projectuser
--

CREATE INDEX encyklopedia_tradycjabcs_wydarzenie_id_121d8343 ON public.encyklopedia_tradycjabcs USING btree (wydarzenie_id);


--
-- Name: encyklopedia_tradycjainnegobractwa_bractwo_id_382a6617; Type: INDEX; Schema: public; Owner: projectuser
--

CREATE INDEX encyklopedia_tradycjainnegobractwa_bractwo_id_382a6617 ON public.encyklopedia_tradycjainnegobractwa USING btree (bractwo_id);


--
-- Name: encyklopedia_tradycjainnegobractwa_od_kogo_id_36441a91; Type: INDEX; Schema: public; Owner: projectuser
--

CREATE INDEX encyklopedia_tradycjainnegobractwa_od_kogo_id_36441a91 ON public.encyklopedia_tradycjainnegobractwa USING btree (od_kogo_id);


--
-- Name: encyklopedia_zwyczaj_autor_id_204c103c; Type: INDEX; Schema: public; Owner: projectuser
--

CREATE INDEX encyklopedia_zwyczaj_autor_id_204c103c ON public.encyklopedia_zwyczaj USING btree (autor_id);


--
-- Name: kronika_charakterystykadzialanzarzadu_autor_id_82571297; Type: INDEX; Schema: public; Owner: projectuser
--

CREATE INDEX kronika_charakterystykadzialanzarzadu_autor_id_82571297 ON public.kronika_podsumowaniekadencji USING btree (autor_id);


--
-- Name: kronika_charakterystykadzialanzarzadu_zarzad_id_2a4e46b5; Type: INDEX; Schema: public; Owner: projectuser
--

CREATE INDEX kronika_charakterystykadzialanzarzadu_zarzad_id_2a4e46b5 ON public.kronika_podsumowaniekadencji USING btree (zarzad_id);


--
-- Name: kronika_kadencja_rozpoczecie_id_a18b9a93; Type: INDEX; Schema: public; Owner: projectuser
--

CREATE INDEX kronika_kadencja_rozpoczecie_id_a18b9a93 ON public.kronika_kadencja USING btree (rozpoczecie_id);


--
-- Name: kronika_kadencja_zakonczenie_id_b243c3d3; Type: INDEX; Schema: public; Owner: projectuser
--

CREATE INDEX kronika_kadencja_zakonczenie_id_b243c3d3 ON public.kronika_kadencja USING btree (zakonczenie_id);


--
-- Name: kronika_obrazwydarzenie_wi_obrazwydarzenie_id_f21627bd; Type: INDEX; Schema: public; Owner: projectuser
--

CREATE INDEX kronika_obrazwydarzenie_wi_obrazwydarzenie_id_f21627bd ON public.kalendarz_obrazwydarzenie_widoczne_osoby USING btree (obrazwydarzenie_id);


--
-- Name: kronika_obrazwydarzenie_widoczne_osoby_osoba_id_43166c8e; Type: INDEX; Schema: public; Owner: projectuser
--

CREATE INDEX kronika_obrazwydarzenie_widoczne_osoby_osoba_id_43166c8e ON public.kalendarz_obrazwydarzenie_widoczne_osoby USING btree (osoba_id);


--
-- Name: kronika_obrazwydarzenie_wydarzenie_id_6f339e22; Type: INDEX; Schema: public; Owner: projectuser
--

CREATE INDEX kronika_obrazwydarzenie_wydarzenie_id_6f339e22 ON public.kalendarz_obrazwydarzenie USING btree (wydarzenie_id);


--
-- Name: kronika_obrazzdarzenie_miejsce_id_1318bf6f; Type: INDEX; Schema: public; Owner: projectuser
--

CREATE INDEX kronika_obrazzdarzenie_miejsce_id_1318bf6f ON public.kalendarz_obrazzdarzenie USING btree (miejsce_id);


--
-- Name: kronika_obrazzdarzenie_wid_obrazzdarzenie_id_c310fe10; Type: INDEX; Schema: public; Owner: projectuser
--

CREATE INDEX kronika_obrazzdarzenie_wid_obrazzdarzenie_id_c310fe10 ON public.kalendarz_obrazzdarzenie_widoczne_osoby USING btree (obrazzdarzenie_id);


--
-- Name: kronika_obrazzdarzenie_widoczne_osoby_osoba_id_dd380982; Type: INDEX; Schema: public; Owner: projectuser
--

CREATE INDEX kronika_obrazzdarzenie_widoczne_osoby_osoba_id_dd380982 ON public.kalendarz_obrazzdarzenie_widoczne_osoby USING btree (osoba_id);


--
-- Name: kronika_obrazzdarzenie_zdarzenie_id_55228435; Type: INDEX; Schema: public; Owner: projectuser
--

CREATE INDEX kronika_obrazzdarzenie_zdarzenie_id_55228435 ON public.kalendarz_obrazzdarzenie USING btree (zdarzenie_id);


--
-- Name: kronika_wydarzenie_miejsca_miejsce_id_52d8d4fa; Type: INDEX; Schema: public; Owner: projectuser
--

CREATE INDEX kronika_wydarzenie_miejsca_miejsce_id_52d8d4fa ON public.kalendarz_wydarzenie_miejsca USING btree (miejsce_id);


--
-- Name: kronika_wydarzenie_miejsca_wydarzenie_id_dcee8c3d; Type: INDEX; Schema: public; Owner: projectuser
--

CREATE INDEX kronika_wydarzenie_miejsca_wydarzenie_id_dcee8c3d ON public.kalendarz_wydarzenie_miejsca USING btree (wydarzenie_id);


--
-- Name: kronika_wydarzenie_typ_wydarzenia_id_c47b1796; Type: INDEX; Schema: public; Owner: projectuser
--

CREATE INDEX kronika_wydarzenie_typ_wydarzenia_id_c47b1796 ON public.kalendarz_wydarzenie USING btree (typ_wydarzenia_id);


--
-- Name: kronika_wydarzenie_typ_wyjazdu_id_7df495bc; Type: INDEX; Schema: public; Owner: projectuser
--

CREATE INDEX kronika_wydarzenie_typ_wyjazdu_id_7df495bc ON public.kalendarz_wydarzenie USING btree (typ_wyjazdu_id);


--
-- Name: kronika_wydarzenie_uczestnicy_osoba_id_d531e5e6; Type: INDEX; Schema: public; Owner: projectuser
--

CREATE INDEX kronika_wydarzenie_uczestnicy_osoba_id_d531e5e6 ON public.kalendarz_wydarzenie_uczestnicy USING btree (osoba_id);


--
-- Name: kronika_wydarzenie_uczestnicy_wydarzenie_id_68a3afe5; Type: INDEX; Schema: public; Owner: projectuser
--

CREATE INDEX kronika_wydarzenie_uczestnicy_wydarzenie_id_68a3afe5 ON public.kalendarz_wydarzenie_uczestnicy USING btree (wydarzenie_id);


--
-- Name: kronika_wydarzeniehistoryczne_typ_id_1cd44592; Type: INDEX; Schema: public; Owner: projectuser
--

CREATE INDEX kronika_wydarzeniehistoryczne_typ_id_1cd44592 ON public.kronika_wydarzeniehistoryczne USING btree (typ_id);


--
-- Name: kronika_wydarzeniehistoryczne_wydarzenie_id_3b2a16d7; Type: INDEX; Schema: public; Owner: projectuser
--

CREATE INDEX kronika_wydarzeniehistoryczne_wydarzenie_id_3b2a16d7 ON public.kronika_wydarzeniehistoryczne USING btree (wydarzenie_id);


--
-- Name: kronika_wyjazd_obrazy_obrazwyjazd_id_3d545cbf; Type: INDEX; Schema: public; Owner: projectuser
--

CREATE INDEX kronika_wyjazd_obrazy_obrazwyjazd_id_3d545cbf ON public.kalendarz_wyjazd_obrazy USING btree (obrazwyjazd_id);


--
-- Name: kronika_wyjazd_obrazy_wyjazd_id_d9c4bfe3; Type: INDEX; Schema: public; Owner: projectuser
--

CREATE INDEX kronika_wyjazd_obrazy_wyjazd_id_d9c4bfe3 ON public.kalendarz_wyjazd_obrazy USING btree (wyjazd_id);


--
-- Name: kronika_zdarzenie_miejsce_id_e084df83; Type: INDEX; Schema: public; Owner: projectuser
--

CREATE INDEX kronika_zdarzenie_miejsce_id_e084df83 ON public.kalendarz_zdarzenie USING btree (miejsce_id);


--
-- Name: kronika_zdarzenie_powiazane_osoby_osoba_id_a5fa5089; Type: INDEX; Schema: public; Owner: projectuser
--

CREATE INDEX kronika_zdarzenie_powiazane_osoby_osoba_id_a5fa5089 ON public.kalendarz_zdarzenie_powiazane_osoby USING btree (osoba_id);


--
-- Name: kronika_zdarzenie_powiazane_osoby_zdarzenie_id_4d4246fa; Type: INDEX; Schema: public; Owner: projectuser
--

CREATE INDEX kronika_zdarzenie_powiazane_osoby_zdarzenie_id_4d4246fa ON public.kalendarz_zdarzenie_powiazane_osoby USING btree (zdarzenie_id);


--
-- Name: kronika_zdarzenie_wydarzenie_id_937a4544; Type: INDEX; Schema: public; Owner: projectuser
--

CREATE INDEX kronika_zdarzenie_wydarzenie_id_937a4544 ON public.kalendarz_zdarzenie USING btree (wydarzenie_id);


--
-- Name: miejsca_miejsce_typ_id_56d7ddf7; Type: INDEX; Schema: public; Owner: projectuser
--

CREATE INDEX miejsca_miejsce_typ_id_56d7ddf7 ON public.miejsca_miejsce USING btree (typ_id);


--
-- Name: miejsca_uczelnia_kraj_id_95e985c4; Type: INDEX; Schema: public; Owner: projectuser
--

CREATE INDEX miejsca_uczelnia_kraj_id_95e985c4 ON public.miejsca_uczelnia USING btree (kraj_id);


--
-- Name: miejsca_wydzial_uczelnia_id_128db1fa; Type: INDEX; Schema: public; Owner: projectuser
--

CREATE INDEX miejsca_wydzial_uczelnia_id_128db1fa ON public.miejsca_wydzial USING btree (uczelnia_id);


--
-- Name: osoby_czlonek_depositio_beanorum_id_7ffa39e9; Type: INDEX; Schema: public; Owner: projectuser
--

CREATE INDEX osoby_czlonek_depositio_beanorum_id_7ffa39e9 ON public.osoby_czlonek USING btree (depositio_beanorum_id);


--
-- Name: osoby_dawnyzarzad_bibendi_id_16b9fe02; Type: INDEX; Schema: public; Owner: projectuser
--

CREATE INDEX osoby_dawnyzarzad_bibendi_id_16b9fe02 ON public.osoby_dawnyzarzad USING btree (bibendi_id);


--
-- Name: osoby_dawnyzarzad_kontakt_z_SKNHI_id_098581e0; Type: INDEX; Schema: public; Owner: projectuser
--

CREATE INDEX "osoby_dawnyzarzad_kontakt_z_SKNHI_id_098581e0" ON public.osoby_dawnyzarzad USING btree ("kontakt_z_SKNHI_id");


--
-- Name: osoby_dawnyzarzad_kontakt_z_SSUJ_id_d5c04207; Type: INDEX; Schema: public; Owner: projectuser
--

CREATE INDEX "osoby_dawnyzarzad_kontakt_z_SSUJ_id_d5c04207" ON public.osoby_dawnyzarzad USING btree ("kontakt_z_SSUJ_id");


--
-- Name: osoby_dawnyzarzad_magister_disciplinae_id_b1deaa59; Type: INDEX; Schema: public; Owner: projectuser
--

CREATE INDEX osoby_dawnyzarzad_magister_disciplinae_id_b1deaa59 ON public.osoby_dawnyzarzad USING btree (magister_disciplinae_id);


--
-- Name: osoby_halloffame_osoba_id_2310337d; Type: INDEX; Schema: public; Owner: projectuser
--

CREATE INDEX osoby_halloffame_osoba_id_2310337d ON public.osoby_halloffame USING btree (osoba_id);


--
-- Name: osoby_nowyzarzad_sekretarz_id_954cd183; Type: INDEX; Schema: public; Owner: projectuser
--

CREATE INDEX osoby_nowyzarzad_sekretarz_id_954cd183 ON public.osoby_nowyzarzad USING btree (sekretarz_id);


--
-- Name: osoby_zarzad_cantandi_id_be953486; Type: INDEX; Schema: public; Owner: projectuser
--

CREATE INDEX osoby_zarzad_cantandi_id_be953486 ON public.osoby_zarzad USING btree (cantandi_id);


--
-- Name: osoby_zarzad_kadencja_id_b48067a5; Type: INDEX; Schema: public; Owner: projectuser
--

CREATE INDEX osoby_zarzad_kadencja_id_b48067a5 ON public.osoby_zarzad USING btree (kadencja_id);


--
-- Name: osoby_zarzad_kasztelan_id_7733f51e; Type: INDEX; Schema: public; Owner: projectuser
--

CREATE INDEX osoby_zarzad_kasztelan_id_7733f51e ON public.osoby_zarzad USING btree (kasztelan_id);


--
-- Name: osoby_zarzad_polymorphic_ctype_id_713109de; Type: INDEX; Schema: public; Owner: projectuser
--

CREATE INDEX osoby_zarzad_polymorphic_ctype_id_713109de ON public.osoby_zarzad USING btree (polymorphic_ctype_id);


--
-- Name: osoby_zarzad_skarbnik_id_f121bb9a; Type: INDEX; Schema: public; Owner: projectuser
--

CREATE INDEX osoby_zarzad_skarbnik_id_f121bb9a ON public.osoby_zarzad USING btree (skarbnik_id);


--
-- Name: osoby_zarzad_wielki_mistrz_id_bedb4454; Type: INDEX; Schema: public; Owner: projectuser
--

CREATE INDEX osoby_zarzad_wielki_mistrz_id_bedb4454 ON public.osoby_zarzad USING btree (wielki_mistrz_id);


--
-- Name: prawo_podmiot_polymorphic_ctype_id_826cd17d; Type: INDEX; Schema: public; Owner: projectuser
--

CREATE INDEX prawo_podmiot_polymorphic_ctype_id_826cd17d ON public.prawo_podmiot USING btree (polymorphic_ctype_id);


--
-- Name: prawo_relacjaprawna_dokument_id_d28b4f9a; Type: INDEX; Schema: public; Owner: projectuser
--

CREATE INDEX prawo_relacjaprawna_dokument_id_d28b4f9a ON public.prawo_relacjaprawna USING btree (dokument_id);


--
-- Name: prawo_relacjaprawna_podmiot_podmiot_id_20c6b809; Type: INDEX; Schema: public; Owner: projectuser
--

CREATE INDEX prawo_relacjaprawna_podmiot_podmiot_id_20c6b809 ON public.prawo_relacjaprawna_podmiot USING btree (podmiot_id);


--
-- Name: prawo_relacjaprawna_podmiot_relacjaprawna_id_61882558; Type: INDEX; Schema: public; Owner: projectuser
--

CREATE INDEX prawo_relacjaprawna_podmiot_relacjaprawna_id_61882558 ON public.prawo_relacjaprawna_podmiot USING btree (relacjaprawna_id);


--
-- Name: zrodla_zrodlo_autorzy_osoba_id_5be1ad22; Type: INDEX; Schema: public; Owner: projectuser
--

CREATE INDEX zrodla_zrodlo_autorzy_osoba_id_5be1ad22 ON public.zrodla_zrodlo_autorzy USING btree (osoba_id);


--
-- Name: zrodla_zrodlo_autorzy_zrodlo_id_f3bcd73b; Type: INDEX; Schema: public; Owner: projectuser
--

CREATE INDEX zrodla_zrodlo_autorzy_zrodlo_id_f3bcd73b ON public.zrodla_zrodlo_autorzy USING btree (zrodlo_id);


--
-- Name: zrodla_zrodlo_polymorphic_ctype_id_45a76d4a; Type: INDEX; Schema: public; Owner: projectuser
--

CREATE INDEX zrodla_zrodlo_polymorphic_ctype_id_45a76d4a ON public.zrodla_zrodlo USING btree (polymorphic_ctype_id);


--
-- Name: auth_group_permissions auth_group_permissio_permission_id_84c5c92e_fk_auth_perm; Type: FK CONSTRAINT; Schema: public; Owner: projectuser
--

ALTER TABLE ONLY public.auth_group_permissions
    ADD CONSTRAINT auth_group_permissio_permission_id_84c5c92e_fk_auth_perm FOREIGN KEY (permission_id) REFERENCES public.auth_permission(id) DEFERRABLE INITIALLY DEFERRED;


--
-- Name: auth_group_permissions auth_group_permissions_group_id_b120cbf9_fk_auth_group_id; Type: FK CONSTRAINT; Schema: public; Owner: projectuser
--

ALTER TABLE ONLY public.auth_group_permissions
    ADD CONSTRAINT auth_group_permissions_group_id_b120cbf9_fk_auth_group_id FOREIGN KEY (group_id) REFERENCES public.auth_group(id) DEFERRABLE INITIALLY DEFERRED;


--
-- Name: auth_permission auth_permission_content_type_id_2f476e4b_fk_django_co; Type: FK CONSTRAINT; Schema: public; Owner: projectuser
--

ALTER TABLE ONLY public.auth_permission
    ADD CONSTRAINT auth_permission_content_type_id_2f476e4b_fk_django_co FOREIGN KEY (content_type_id) REFERENCES public.django_content_type(id) DEFERRABLE INITIALLY DEFERRED;


--
-- Name: auth_user_groups auth_user_groups_group_id_97559544_fk_auth_group_id; Type: FK CONSTRAINT; Schema: public; Owner: projectuser
--

ALTER TABLE ONLY public.auth_user_groups
    ADD CONSTRAINT auth_user_groups_group_id_97559544_fk_auth_group_id FOREIGN KEY (group_id) REFERENCES public.auth_group(id) DEFERRABLE INITIALLY DEFERRED;


--
-- Name: auth_user_groups auth_user_groups_user_id_6a12ed8b_fk_auth_user_id; Type: FK CONSTRAINT; Schema: public; Owner: projectuser
--

ALTER TABLE ONLY public.auth_user_groups
    ADD CONSTRAINT auth_user_groups_user_id_6a12ed8b_fk_auth_user_id FOREIGN KEY (user_id) REFERENCES public.auth_user(id) DEFERRABLE INITIALLY DEFERRED;


--
-- Name: auth_user_user_permissions auth_user_user_permi_permission_id_1fbb5f2c_fk_auth_perm; Type: FK CONSTRAINT; Schema: public; Owner: projectuser
--

ALTER TABLE ONLY public.auth_user_user_permissions
    ADD CONSTRAINT auth_user_user_permi_permission_id_1fbb5f2c_fk_auth_perm FOREIGN KEY (permission_id) REFERENCES public.auth_permission(id) DEFERRABLE INITIALLY DEFERRED;


--
-- Name: auth_user_user_permissions auth_user_user_permissions_user_id_a95ead1b_fk_auth_user_id; Type: FK CONSTRAINT; Schema: public; Owner: projectuser
--

ALTER TABLE ONLY public.auth_user_user_permissions
    ADD CONSTRAINT auth_user_user_permissions_user_id_a95ead1b_fk_auth_user_id FOREIGN KEY (user_id) REFERENCES public.auth_user(id) DEFERRABLE INITIALLY DEFERRED;


--
-- Name: czapki_czapka czapki_czapka_wydzial_id_1fecac96_fk_miejsca_wydzial_id; Type: FK CONSTRAINT; Schema: public; Owner: projectuser
--

ALTER TABLE ONLY public.czapki_czapka
    ADD CONSTRAINT czapki_czapka_wydzial_id_1fecac96_fk_miejsca_wydzial_id FOREIGN KEY (wydzial_id) REFERENCES public.miejsca_wydzial(id) DEFERRABLE INITIALLY DEFERRED;


--
-- Name: czapki_rodzajczapki_kraje czapki_rodzajczapki__rodzajczapki_id_ceb62ce8_fk_czapki_ro; Type: FK CONSTRAINT; Schema: public; Owner: projectuser
--

ALTER TABLE ONLY public.czapki_rodzajczapki_kraje
    ADD CONSTRAINT czapki_rodzajczapki__rodzajczapki_id_ceb62ce8_fk_czapki_ro FOREIGN KEY (rodzajczapki_id) REFERENCES public.czapki_rodzajczapki(id) DEFERRABLE INITIALLY DEFERRED;


--
-- Name: czapki_rodzajczapki_kraje czapki_rodzajczapki_kraje_kraj_id_2bfda636_fk_miejsca_kraj_id; Type: FK CONSTRAINT; Schema: public; Owner: projectuser
--

ALTER TABLE ONLY public.czapki_rodzajczapki_kraje
    ADD CONSTRAINT czapki_rodzajczapki_kraje_kraj_id_2bfda636_fk_miejsca_kraj_id FOREIGN KEY (kraj_id) REFERENCES public.miejsca_kraj(id) DEFERRABLE INITIALLY DEFERRED;


--
-- Name: django_admin_log django_admin_log_content_type_id_c4bce8eb_fk_django_co; Type: FK CONSTRAINT; Schema: public; Owner: projectuser
--

ALTER TABLE ONLY public.django_admin_log
    ADD CONSTRAINT django_admin_log_content_type_id_c4bce8eb_fk_django_co FOREIGN KEY (content_type_id) REFERENCES public.django_content_type(id) DEFERRABLE INITIALLY DEFERRED;


--
-- Name: django_admin_log django_admin_log_user_id_c564eba6_fk_auth_user_id; Type: FK CONSTRAINT; Schema: public; Owner: projectuser
--

ALTER TABLE ONLY public.django_admin_log
    ADD CONSTRAINT django_admin_log_user_id_c564eba6_fk_auth_user_id FOREIGN KEY (user_id) REFERENCES public.auth_user(id) DEFERRABLE INITIALLY DEFERRED;


--
-- Name: encyklopedia_aforyzm encyklopedia_aforyzm_cytat_ptr_id_06cd8c90_fk_encyklope; Type: FK CONSTRAINT; Schema: public; Owner: projectuser
--

ALTER TABLE ONLY public.encyklopedia_aforyzm
    ADD CONSTRAINT encyklopedia_aforyzm_cytat_ptr_id_06cd8c90_fk_encyklope FOREIGN KEY (cytat_ptr_id) REFERENCES public.encyklopedia_cytat(id) DEFERRABLE INITIALLY DEFERRED;


--
-- Name: encyklopedia_bractwo_zalozyciele encyklopedia_bractwo_bractwo_id_fa3e8369_fk_encyklope; Type: FK CONSTRAINT; Schema: public; Owner: projectuser
--

ALTER TABLE ONLY public.encyklopedia_bractwo_zalozyciele
    ADD CONSTRAINT encyklopedia_bractwo_bractwo_id_fa3e8369_fk_encyklope FOREIGN KEY (bractwo_id) REFERENCES public.encyklopedia_bractwo(id) DEFERRABLE INITIALLY DEFERRED;


--
-- Name: encyklopedia_bractwo encyklopedia_bractwo_grupa_bractw_id_e2bd8c78_fk_encyklope; Type: FK CONSTRAINT; Schema: public; Owner: projectuser
--

ALTER TABLE ONLY public.encyklopedia_bractwo
    ADD CONSTRAINT encyklopedia_bractwo_grupa_bractw_id_e2bd8c78_fk_encyklope FOREIGN KEY (grupa_bractw_id) REFERENCES public.encyklopedia_grupabractw(id) DEFERRABLE INITIALLY DEFERRED;


--
-- Name: encyklopedia_bractwo encyklopedia_bractwo_panstwo_id_e11894fb_fk_miejsca_kraj_id; Type: FK CONSTRAINT; Schema: public; Owner: projectuser
--

ALTER TABLE ONLY public.encyklopedia_bractwo
    ADD CONSTRAINT encyklopedia_bractwo_panstwo_id_e11894fb_fk_miejsca_kraj_id FOREIGN KEY (panstwo_id) REFERENCES public.miejsca_kraj(id) DEFERRABLE INITIALLY DEFERRED;


--
-- Name: encyklopedia_cytat_adresaci encyklopedia_cytat_a_cytat_id_940dd658_fk_encyklope; Type: FK CONSTRAINT; Schema: public; Owner: projectuser
--

ALTER TABLE ONLY public.encyklopedia_cytat_adresaci
    ADD CONSTRAINT encyklopedia_cytat_a_cytat_id_940dd658_fk_encyklope FOREIGN KEY (cytat_id) REFERENCES public.encyklopedia_cytat(id) DEFERRABLE INITIALLY DEFERRED;


--
-- Name: encyklopedia_cytat_adresaci encyklopedia_cytat_adresaci_osoba_id_49e9b251_fk_osoby_osoba_id; Type: FK CONSTRAINT; Schema: public; Owner: projectuser
--

ALTER TABLE ONLY public.encyklopedia_cytat_adresaci
    ADD CONSTRAINT encyklopedia_cytat_adresaci_osoba_id_49e9b251_fk_osoby_osoba_id FOREIGN KEY (osoba_id) REFERENCES public.osoby_osoba(id) DEFERRABLE INITIALLY DEFERRED;


--
-- Name: encyklopedia_cytat encyklopedia_cytat_autor_id_3d594430_fk_osoby_osoba_id; Type: FK CONSTRAINT; Schema: public; Owner: projectuser
--

ALTER TABLE ONLY public.encyklopedia_cytat
    ADD CONSTRAINT encyklopedia_cytat_autor_id_3d594430_fk_osoby_osoba_id FOREIGN KEY (autor_id) REFERENCES public.osoby_osoba(id) DEFERRABLE INITIALLY DEFERRED;


--
-- Name: encyklopedia_cytat encyklopedia_cytat_polymorphic_ctype_id_492091c8_fk_django_co; Type: FK CONSTRAINT; Schema: public; Owner: projectuser
--

ALTER TABLE ONLY public.encyklopedia_cytat
    ADD CONSTRAINT encyklopedia_cytat_polymorphic_ctype_id_492091c8_fk_django_co FOREIGN KEY (polymorphic_ctype_id) REFERENCES public.django_content_type(id) DEFERRABLE INITIALLY DEFERRED;


--
-- Name: encyklopedia_cytat encyklopedia_cytat_zrodlo_id_b028c825_fk_zrodla_zrodlo_id; Type: FK CONSTRAINT; Schema: public; Owner: projectuser
--

ALTER TABLE ONLY public.encyklopedia_cytat
    ADD CONSTRAINT encyklopedia_cytat_zrodlo_id_b028c825_fk_zrodla_zrodlo_id FOREIGN KEY (zrodlo_id) REFERENCES public.zrodla_zrodlo(id) DEFERRABLE INITIALLY DEFERRED;


--
-- Name: encyklopedia_grupabractw_kraje encyklopedia_grupabr_grupabractw_id_8be06b61_fk_encyklope; Type: FK CONSTRAINT; Schema: public; Owner: projectuser
--

ALTER TABLE ONLY public.encyklopedia_grupabractw_kraje
    ADD CONSTRAINT encyklopedia_grupabr_grupabractw_id_8be06b61_fk_encyklope FOREIGN KEY (grupabractw_id) REFERENCES public.encyklopedia_grupabractw(id) DEFERRABLE INITIALLY DEFERRED;


--
-- Name: encyklopedia_grupabractw_kraje encyklopedia_grupabr_kraj_id_d74f8e16_fk_miejsca_k; Type: FK CONSTRAINT; Schema: public; Owner: projectuser
--

ALTER TABLE ONLY public.encyklopedia_grupabractw_kraje
    ADD CONSTRAINT encyklopedia_grupabr_kraj_id_d74f8e16_fk_miejsca_k FOREIGN KEY (kraj_id) REFERENCES public.miejsca_kraj(id) DEFERRABLE INITIALLY DEFERRED;


--
-- Name: encyklopedia_grupabractw encyklopedia_grupabr_rodzaj_czapki_id_80dec4a3_fk_czapki_ro; Type: FK CONSTRAINT; Schema: public; Owner: projectuser
--

ALTER TABLE ONLY public.encyklopedia_grupabractw
    ADD CONSTRAINT encyklopedia_grupabr_rodzaj_czapki_id_80dec4a3_fk_czapki_ro FOREIGN KEY (rodzaj_czapki_id) REFERENCES public.czapki_rodzajczapki(id) DEFERRABLE INITIALLY DEFERRED;


--
-- Name: encyklopedia_pojecie encyklopedia_pojecie_autor_id_fk_osoby_osoba_id; Type: FK CONSTRAINT; Schema: public; Owner: projectuser
--

ALTER TABLE ONLY public.encyklopedia_pojecie
    ADD CONSTRAINT encyklopedia_pojecie_autor_id_fk_osoby_osoba_id FOREIGN KEY (autor_id) REFERENCES public.osoby_osoba(id) DEFERRABLE INITIALLY DEFERRED;


--
-- Name: encyklopedia_pojecie encyklopedia_pojecie_wydarzenie_id_373336c0_fk_kalendarz; Type: FK CONSTRAINT; Schema: public; Owner: projectuser
--

ALTER TABLE ONLY public.encyklopedia_pojecie
    ADD CONSTRAINT encyklopedia_pojecie_wydarzenie_id_373336c0_fk_kalendarz FOREIGN KEY (wydarzenie_id) REFERENCES public.kalendarz_wydarzenie(id) DEFERRABLE INITIALLY DEFERRED;


--
-- Name: encyklopedia_powiedzenie encyklopedia_powiedz_cytat_ptr_id_e0f110e4_fk_encyklope; Type: FK CONSTRAINT; Schema: public; Owner: projectuser
--

ALTER TABLE ONLY public.encyklopedia_powiedzenie
    ADD CONSTRAINT encyklopedia_powiedz_cytat_ptr_id_e0f110e4_fk_encyklope FOREIGN KEY (cytat_ptr_id) REFERENCES public.encyklopedia_cytat(id) DEFERRABLE INITIALLY DEFERRED;


--
-- Name: encyklopedia_tradycjabcs encyklopedia_tradycj_autor_id_fk_osoby; Type: FK CONSTRAINT; Schema: public; Owner: projectuser
--

ALTER TABLE ONLY public.encyklopedia_tradycjabcs
    ADD CONSTRAINT encyklopedia_tradycj_autor_id_fk_osoby FOREIGN KEY (autor_id) REFERENCES public.osoby_osoba(id) DEFERRABLE INITIALLY DEFERRED;


--
-- Name: encyklopedia_tradycjainnegobractwa encyklopedia_tradycj_bractwo_id_382a6617_fk_encyklope; Type: FK CONSTRAINT; Schema: public; Owner: projectuser
--

ALTER TABLE ONLY public.encyklopedia_tradycjainnegobractwa
    ADD CONSTRAINT encyklopedia_tradycj_bractwo_id_382a6617_fk_encyklope FOREIGN KEY (bractwo_id) REFERENCES public.encyklopedia_bractwo(id) DEFERRABLE INITIALLY DEFERRED;


--
-- Name: encyklopedia_tradycjainnegobractwa encyklopedia_tradycj_od_kogo_id_36441a91_fk_encyklope; Type: FK CONSTRAINT; Schema: public; Owner: projectuser
--

ALTER TABLE ONLY public.encyklopedia_tradycjainnegobractwa
    ADD CONSTRAINT encyklopedia_tradycj_od_kogo_id_36441a91_fk_encyklope FOREIGN KEY (od_kogo_id) REFERENCES public.encyklopedia_grupabractw(id) DEFERRABLE INITIALLY DEFERRED;


--
-- Name: encyklopedia_tradycjabcs encyklopedia_tradycj_od_kogo_id_849d116e_fk_encyklope; Type: FK CONSTRAINT; Schema: public; Owner: projectuser
--

ALTER TABLE ONLY public.encyklopedia_tradycjabcs
    ADD CONSTRAINT encyklopedia_tradycj_od_kogo_id_849d116e_fk_encyklope FOREIGN KEY (od_kogo_id) REFERENCES public.encyklopedia_grupabractw(id) DEFERRABLE INITIALLY DEFERRED;


--
-- Name: encyklopedia_tradycjabcs encyklopedia_tradycj_wydarzenie_id_121d8343_fk_kalendarz; Type: FK CONSTRAINT; Schema: public; Owner: projectuser
--

ALTER TABLE ONLY public.encyklopedia_tradycjabcs
    ADD CONSTRAINT encyklopedia_tradycj_wydarzenie_id_121d8343_fk_kalendarz FOREIGN KEY (wydarzenie_id) REFERENCES public.kalendarz_wydarzenie(id) DEFERRABLE INITIALLY DEFERRED;


--
-- Name: encyklopedia_zwyczaj encyklopedia_zwyczaj_autor_id_fk_osoby_osoba_id; Type: FK CONSTRAINT; Schema: public; Owner: projectuser
--

ALTER TABLE ONLY public.encyklopedia_zwyczaj
    ADD CONSTRAINT encyklopedia_zwyczaj_autor_id_fk_osoby_osoba_id FOREIGN KEY (autor_id) REFERENCES public.osoby_osoba(id) DEFERRABLE INITIALLY DEFERRED;


--
-- Name: kronika_podsumowaniekadencji kronika_charakteryst_autor_id_fk_osoby; Type: FK CONSTRAINT; Schema: public; Owner: projectuser
--

ALTER TABLE ONLY public.kronika_podsumowaniekadencji
    ADD CONSTRAINT kronika_charakteryst_autor_id_fk_osoby FOREIGN KEY (autor_id) REFERENCES public.osoby_czlonek(osoba_ptr_id) DEFERRABLE INITIALLY DEFERRED;


--
-- Name: kronika_podsumowaniekadencji kronika_charakteryst_zarzad_id_2a4e46b5_fk_osoby_zar; Type: FK CONSTRAINT; Schema: public; Owner: projectuser
--

ALTER TABLE ONLY public.kronika_podsumowaniekadencji
    ADD CONSTRAINT kronika_charakteryst_zarzad_id_2a4e46b5_fk_osoby_zar FOREIGN KEY (zarzad_id) REFERENCES public.osoby_zarzad(id) DEFERRABLE INITIALLY DEFERRED;


--
-- Name: kronika_kadencja kronika_kadencja_rozpoczecie_id_a18b9a93_fk_kronika_w; Type: FK CONSTRAINT; Schema: public; Owner: projectuser
--

ALTER TABLE ONLY public.kronika_kadencja
    ADD CONSTRAINT kronika_kadencja_rozpoczecie_id_a18b9a93_fk_kronika_w FOREIGN KEY (rozpoczecie_id) REFERENCES public.kronika_wydarzeniehistoryczne(id) DEFERRABLE INITIALLY DEFERRED;


--
-- Name: kronika_kadencja kronika_kadencja_zakonczenie_id_b243c3d3_fk_kronika_w; Type: FK CONSTRAINT; Schema: public; Owner: projectuser
--

ALTER TABLE ONLY public.kronika_kadencja
    ADD CONSTRAINT kronika_kadencja_zakonczenie_id_b243c3d3_fk_kronika_w FOREIGN KEY (zakonczenie_id) REFERENCES public.kronika_wydarzeniehistoryczne(id) DEFERRABLE INITIALLY DEFERRED;


--
-- Name: kalendarz_obrazwydarzenie_widoczne_osoby kronika_obrazwydarze_obrazwydarzenie_id_f21627bd_fk_kronika_o; Type: FK CONSTRAINT; Schema: public; Owner: projectuser
--

ALTER TABLE ONLY public.kalendarz_obrazwydarzenie_widoczne_osoby
    ADD CONSTRAINT kronika_obrazwydarze_obrazwydarzenie_id_f21627bd_fk_kronika_o FOREIGN KEY (obrazwydarzenie_id) REFERENCES public.kalendarz_obrazwydarzenie(id) DEFERRABLE INITIALLY DEFERRED;


--
-- Name: kalendarz_obrazwydarzenie_widoczne_osoby kronika_obrazwydarze_osoba_id_fk_osoby; Type: FK CONSTRAINT; Schema: public; Owner: projectuser
--

ALTER TABLE ONLY public.kalendarz_obrazwydarzenie_widoczne_osoby
    ADD CONSTRAINT kronika_obrazwydarze_osoba_id_fk_osoby FOREIGN KEY (osoba_id) REFERENCES public.osoby_osoba(id) DEFERRABLE INITIALLY DEFERRED;


--
-- Name: kalendarz_obrazwydarzenie kronika_obrazwydarze_wydarzenie_id_6f339e22_fk_kronika_w; Type: FK CONSTRAINT; Schema: public; Owner: projectuser
--

ALTER TABLE ONLY public.kalendarz_obrazwydarzenie
    ADD CONSTRAINT kronika_obrazwydarze_wydarzenie_id_6f339e22_fk_kronika_w FOREIGN KEY (wydarzenie_id) REFERENCES public.kalendarz_wydarzenie(id) DEFERRABLE INITIALLY DEFERRED;


--
-- Name: kalendarz_obrazzdarzenie kronika_obrazzdarzen_miejsce_id_1318bf6f_fk_miejsca_m; Type: FK CONSTRAINT; Schema: public; Owner: projectuser
--

ALTER TABLE ONLY public.kalendarz_obrazzdarzenie
    ADD CONSTRAINT kronika_obrazzdarzen_miejsce_id_1318bf6f_fk_miejsca_m FOREIGN KEY (miejsce_id) REFERENCES public.miejsca_miejsce(id) DEFERRABLE INITIALLY DEFERRED;


--
-- Name: kalendarz_obrazzdarzenie_widoczne_osoby kronika_obrazzdarzen_obrazzdarzenie_id_c310fe10_fk_kronika_o; Type: FK CONSTRAINT; Schema: public; Owner: projectuser
--

ALTER TABLE ONLY public.kalendarz_obrazzdarzenie_widoczne_osoby
    ADD CONSTRAINT kronika_obrazzdarzen_obrazzdarzenie_id_c310fe10_fk_kronika_o FOREIGN KEY (obrazzdarzenie_id) REFERENCES public.kalendarz_obrazzdarzenie(id) DEFERRABLE INITIALLY DEFERRED;


--
-- Name: kalendarz_obrazzdarzenie_widoczne_osoby kronika_obrazzdarzen_osoba_id_fk_osoby; Type: FK CONSTRAINT; Schema: public; Owner: projectuser
--

ALTER TABLE ONLY public.kalendarz_obrazzdarzenie_widoczne_osoby
    ADD CONSTRAINT kronika_obrazzdarzen_osoba_id_fk_osoby FOREIGN KEY (osoba_id) REFERENCES public.osoby_osoba(id) DEFERRABLE INITIALLY DEFERRED;


--
-- Name: kalendarz_obrazzdarzenie kronika_obrazzdarzen_zdarzenie_id_55228435_fk_kronika_z; Type: FK CONSTRAINT; Schema: public; Owner: projectuser
--

ALTER TABLE ONLY public.kalendarz_obrazzdarzenie
    ADD CONSTRAINT kronika_obrazzdarzen_zdarzenie_id_55228435_fk_kronika_z FOREIGN KEY (zdarzenie_id) REFERENCES public.kalendarz_zdarzenie(id) DEFERRABLE INITIALLY DEFERRED;


--
-- Name: kalendarz_wydarzenie_miejsca kronika_wydarzenie_m_miejsce_id_52d8d4fa_fk_miejsca_m; Type: FK CONSTRAINT; Schema: public; Owner: projectuser
--

ALTER TABLE ONLY public.kalendarz_wydarzenie_miejsca
    ADD CONSTRAINT kronika_wydarzenie_m_miejsce_id_52d8d4fa_fk_miejsca_m FOREIGN KEY (miejsce_id) REFERENCES public.miejsca_miejsce(id) DEFERRABLE INITIALLY DEFERRED;


--
-- Name: kalendarz_wydarzenie_miejsca kronika_wydarzenie_m_wydarzenie_id_dcee8c3d_fk_kronika_w; Type: FK CONSTRAINT; Schema: public; Owner: projectuser
--

ALTER TABLE ONLY public.kalendarz_wydarzenie_miejsca
    ADD CONSTRAINT kronika_wydarzenie_m_wydarzenie_id_dcee8c3d_fk_kronika_w FOREIGN KEY (wydarzenie_id) REFERENCES public.kalendarz_wydarzenie(id) DEFERRABLE INITIALLY DEFERRED;


--
-- Name: kalendarz_wydarzenie kronika_wydarzenie_typ_wydarzenia_id_c47b1796_fk_kronika_t; Type: FK CONSTRAINT; Schema: public; Owner: projectuser
--

ALTER TABLE ONLY public.kalendarz_wydarzenie
    ADD CONSTRAINT kronika_wydarzenie_typ_wydarzenia_id_c47b1796_fk_kronika_t FOREIGN KEY (typ_wydarzenia_id) REFERENCES public.kalendarz_typwydarzenia(id) DEFERRABLE INITIALLY DEFERRED;


--
-- Name: kalendarz_wydarzenie kronika_wydarzenie_typ_wyjazdu_id_7df495bc_fk_kronika_t; Type: FK CONSTRAINT; Schema: public; Owner: projectuser
--

ALTER TABLE ONLY public.kalendarz_wydarzenie
    ADD CONSTRAINT kronika_wydarzenie_typ_wyjazdu_id_7df495bc_fk_kronika_t FOREIGN KEY (typ_wyjazdu_id) REFERENCES public.kalendarz_typwyjazdu(id) DEFERRABLE INITIALLY DEFERRED;


--
-- Name: kalendarz_wydarzenie_uczestnicy kronika_wydarzenie_u_osoba_id_fk_osoby; Type: FK CONSTRAINT; Schema: public; Owner: projectuser
--

ALTER TABLE ONLY public.kalendarz_wydarzenie_uczestnicy
    ADD CONSTRAINT kronika_wydarzenie_u_osoba_id_fk_osoby FOREIGN KEY (osoba_id) REFERENCES public.osoby_osoba(id) DEFERRABLE INITIALLY DEFERRED;


--
-- Name: kalendarz_wydarzenie_uczestnicy kronika_wydarzenie_u_wydarzenie_id_68a3afe5_fk_kronika_w; Type: FK CONSTRAINT; Schema: public; Owner: projectuser
--

ALTER TABLE ONLY public.kalendarz_wydarzenie_uczestnicy
    ADD CONSTRAINT kronika_wydarzenie_u_wydarzenie_id_68a3afe5_fk_kronika_w FOREIGN KEY (wydarzenie_id) REFERENCES public.kalendarz_wydarzenie(id) DEFERRABLE INITIALLY DEFERRED;


--
-- Name: kronika_wydarzeniehistoryczne kronika_wydarzeniehi_typ_id_1cd44592_fk_kronika_t; Type: FK CONSTRAINT; Schema: public; Owner: projectuser
--

ALTER TABLE ONLY public.kronika_wydarzeniehistoryczne
    ADD CONSTRAINT kronika_wydarzeniehi_typ_id_1cd44592_fk_kronika_t FOREIGN KEY (typ_id) REFERENCES public.kronika_typwydarzeniahistorycznego(id) DEFERRABLE INITIALLY DEFERRED;


--
-- Name: kronika_wydarzeniehistoryczne kronika_wydarzeniehi_wydarzenie_id_3b2a16d7_fk_kalendarz; Type: FK CONSTRAINT; Schema: public; Owner: projectuser
--

ALTER TABLE ONLY public.kronika_wydarzeniehistoryczne
    ADD CONSTRAINT kronika_wydarzeniehi_wydarzenie_id_3b2a16d7_fk_kalendarz FOREIGN KEY (wydarzenie_id) REFERENCES public.kalendarz_wydarzenie(id) DEFERRABLE INITIALLY DEFERRED;


--
-- Name: kalendarz_zdarzenie kronika_zdarzenie_miejsce_id_e084df83_fk_miejsca_miejsce_id; Type: FK CONSTRAINT; Schema: public; Owner: projectuser
--

ALTER TABLE ONLY public.kalendarz_zdarzenie
    ADD CONSTRAINT kronika_zdarzenie_miejsce_id_e084df83_fk_miejsca_miejsce_id FOREIGN KEY (miejsce_id) REFERENCES public.miejsca_miejsce(id) DEFERRABLE INITIALLY DEFERRED;


--
-- Name: kalendarz_zdarzenie_powiazane_osoby kronika_zdarzenie_po_osoba_id_fk_osoby; Type: FK CONSTRAINT; Schema: public; Owner: projectuser
--

ALTER TABLE ONLY public.kalendarz_zdarzenie_powiazane_osoby
    ADD CONSTRAINT kronika_zdarzenie_po_osoba_id_fk_osoby FOREIGN KEY (osoba_id) REFERENCES public.osoby_osoba(id) DEFERRABLE INITIALLY DEFERRED;


--
-- Name: kalendarz_zdarzenie_powiazane_osoby kronika_zdarzenie_po_zdarzenie_id_4d4246fa_fk_kronika_z; Type: FK CONSTRAINT; Schema: public; Owner: projectuser
--

ALTER TABLE ONLY public.kalendarz_zdarzenie_powiazane_osoby
    ADD CONSTRAINT kronika_zdarzenie_po_zdarzenie_id_4d4246fa_fk_kronika_z FOREIGN KEY (zdarzenie_id) REFERENCES public.kalendarz_zdarzenie(id) DEFERRABLE INITIALLY DEFERRED;


--
-- Name: kalendarz_zdarzenie kronika_zdarzenie_wydarzenie_id_937a4544_fk_kronika_w; Type: FK CONSTRAINT; Schema: public; Owner: projectuser
--

ALTER TABLE ONLY public.kalendarz_zdarzenie
    ADD CONSTRAINT kronika_zdarzenie_wydarzenie_id_937a4544_fk_kronika_w FOREIGN KEY (wydarzenie_id) REFERENCES public.kalendarz_wydarzenie(id) DEFERRABLE INITIALLY DEFERRED;


--
-- Name: miejsca_miejsce miejsca_miejsce_typ_id_56d7ddf7_fk_miejsca_typmiejsca_id; Type: FK CONSTRAINT; Schema: public; Owner: projectuser
--

ALTER TABLE ONLY public.miejsca_miejsce
    ADD CONSTRAINT miejsca_miejsce_typ_id_56d7ddf7_fk_miejsca_typmiejsca_id FOREIGN KEY (typ_id) REFERENCES public.miejsca_typmiejsca(id) DEFERRABLE INITIALLY DEFERRED;


--
-- Name: miejsca_uczelnia miejsca_uczelnia_kraj_id_95e985c4_fk_miejsca_kraj_id; Type: FK CONSTRAINT; Schema: public; Owner: projectuser
--

ALTER TABLE ONLY public.miejsca_uczelnia
    ADD CONSTRAINT miejsca_uczelnia_kraj_id_95e985c4_fk_miejsca_kraj_id FOREIGN KEY (kraj_id) REFERENCES public.miejsca_kraj(id) DEFERRABLE INITIALLY DEFERRED;


--
-- Name: miejsca_wydzial miejsca_wydzial_uczelnia_id_128db1fa_fk_miejsca_uczelnia_id; Type: FK CONSTRAINT; Schema: public; Owner: projectuser
--

ALTER TABLE ONLY public.miejsca_wydzial
    ADD CONSTRAINT miejsca_wydzial_uczelnia_id_128db1fa_fk_miejsca_uczelnia_id FOREIGN KEY (uczelnia_id) REFERENCES public.miejsca_uczelnia(id) DEFERRABLE INITIALLY DEFERRED;


--
-- Name: osoby_bean osoby_bean_czapka_1_id_fk_czapki_czapka_id; Type: FK CONSTRAINT; Schema: public; Owner: projectuser
--

ALTER TABLE ONLY public.osoby_bean
    ADD CONSTRAINT osoby_bean_czapka_1_id_fk_czapki_czapka_id FOREIGN KEY (czapka_1_id) REFERENCES public.czapki_czapka(id) DEFERRABLE INITIALLY DEFERRED;


--
-- Name: osoby_bean osoby_bean_czapka_2_fk_czapki_czapka_id; Type: FK CONSTRAINT; Schema: public; Owner: projectuser
--

ALTER TABLE ONLY public.osoby_bean
    ADD CONSTRAINT osoby_bean_czapka_2_fk_czapki_czapka_id FOREIGN KEY (czapka_2_id) REFERENCES public.czapki_czapka(id) DEFERRABLE INITIALLY DEFERRED;


--
-- Name: osoby_bean osoby_bean_rodzic_1_id_fk_osoby; Type: FK CONSTRAINT; Schema: public; Owner: projectuser
--

ALTER TABLE ONLY public.osoby_bean
    ADD CONSTRAINT osoby_bean_rodzic_1_id_fk_osoby FOREIGN KEY (rodzic_1_id) REFERENCES public.osoby_czlonek(osoba_ptr_id) DEFERRABLE INITIALLY DEFERRED;


--
-- Name: osoby_bean osoby_bean_rodzic_2_id_fk_osoby; Type: FK CONSTRAINT; Schema: public; Owner: projectuser
--

ALTER TABLE ONLY public.osoby_bean
    ADD CONSTRAINT osoby_bean_rodzic_2_id_fk_osoby FOREIGN KEY (rodzic_2_id) REFERENCES public.osoby_czlonek(osoba_ptr_id) DEFERRABLE INITIALLY DEFERRED;


--
-- Name: osoby_czlonek osoby_czlonek_czapka_1_id_fk_czapki_czapka_id; Type: FK CONSTRAINT; Schema: public; Owner: projectuser
--

ALTER TABLE ONLY public.osoby_czlonek
    ADD CONSTRAINT osoby_czlonek_czapka_1_id_fk_czapki_czapka_id FOREIGN KEY (czapka_1_id) REFERENCES public.czapki_czapka(id) DEFERRABLE INITIALLY DEFERRED;


--
-- Name: osoby_czlonek osoby_czlonek_czapka_2_id_fk_czapki_czapka_id; Type: FK CONSTRAINT; Schema: public; Owner: projectuser
--

ALTER TABLE ONLY public.osoby_czlonek
    ADD CONSTRAINT osoby_czlonek_czapka_2_id_fk_czapki_czapka_id FOREIGN KEY (czapka_2_id) REFERENCES public.czapki_czapka(id) DEFERRABLE INITIALLY DEFERRED;


--
-- Name: osoby_czlonek osoby_czlonek_depositio_beanorum_i_7ffa39e9_fk_kalendarz; Type: FK CONSTRAINT; Schema: public; Owner: projectuser
--

ALTER TABLE ONLY public.osoby_czlonek
    ADD CONSTRAINT osoby_czlonek_depositio_beanorum_i_7ffa39e9_fk_kalendarz FOREIGN KEY (depositio_beanorum_id) REFERENCES public.kalendarz_wydarzenie(id) DEFERRABLE INITIALLY DEFERRED;


--
-- Name: osoby_czlonek osoby_czlonek_rodzic_1_id_fk_osoby; Type: FK CONSTRAINT; Schema: public; Owner: projectuser
--

ALTER TABLE ONLY public.osoby_czlonek
    ADD CONSTRAINT osoby_czlonek_rodzic_1_id_fk_osoby FOREIGN KEY (rodzic_1_id) REFERENCES public.osoby_czlonek(osoba_ptr_id) DEFERRABLE INITIALLY DEFERRED;


--
-- Name: osoby_czlonek osoby_czlonek_rodzic_2_id_fk_osoby; Type: FK CONSTRAINT; Schema: public; Owner: projectuser
--

ALTER TABLE ONLY public.osoby_czlonek
    ADD CONSTRAINT osoby_czlonek_rodzic_2_id_fk_osoby FOREIGN KEY (rodzic_2_id) REFERENCES public.osoby_czlonek(osoba_ptr_id) DEFERRABLE INITIALLY DEFERRED;


--
-- Name: osoby_dawnyzarzad osoby_dawnyzarzad_bibendi_id_16b9fe02_fk_osoby_czl; Type: FK CONSTRAINT; Schema: public; Owner: projectuser
--

ALTER TABLE ONLY public.osoby_dawnyzarzad
    ADD CONSTRAINT osoby_dawnyzarzad_bibendi_id_16b9fe02_fk_osoby_czl FOREIGN KEY (bibendi_id) REFERENCES public.osoby_czlonek(osoba_ptr_id) DEFERRABLE INITIALLY DEFERRED;


--
-- Name: osoby_dawnyzarzad osoby_dawnyzarzad_kontakt_z_SKNHI_id_098581e0_fk_osoby_czl; Type: FK CONSTRAINT; Schema: public; Owner: projectuser
--

ALTER TABLE ONLY public.osoby_dawnyzarzad
    ADD CONSTRAINT "osoby_dawnyzarzad_kontakt_z_SKNHI_id_098581e0_fk_osoby_czl" FOREIGN KEY ("kontakt_z_SKNHI_id") REFERENCES public.osoby_czlonek(osoba_ptr_id) DEFERRABLE INITIALLY DEFERRED;


--
-- Name: osoby_dawnyzarzad osoby_dawnyzarzad_kontakt_z_SSUJ_id_d5c04207_fk_osoby_czl; Type: FK CONSTRAINT; Schema: public; Owner: projectuser
--

ALTER TABLE ONLY public.osoby_dawnyzarzad
    ADD CONSTRAINT "osoby_dawnyzarzad_kontakt_z_SSUJ_id_d5c04207_fk_osoby_czl" FOREIGN KEY ("kontakt_z_SSUJ_id") REFERENCES public.osoby_czlonek(osoba_ptr_id) DEFERRABLE INITIALLY DEFERRED;


--
-- Name: osoby_dawnyzarzad osoby_dawnyzarzad_magister_disciplinae_b1deaa59_fk_osoby_czl; Type: FK CONSTRAINT; Schema: public; Owner: projectuser
--

ALTER TABLE ONLY public.osoby_dawnyzarzad
    ADD CONSTRAINT osoby_dawnyzarzad_magister_disciplinae_b1deaa59_fk_osoby_czl FOREIGN KEY (magister_disciplinae_id) REFERENCES public.osoby_czlonek(osoba_ptr_id) DEFERRABLE INITIALLY DEFERRED;


--
-- Name: osoby_dawnyzarzad osoby_dawnyzarzad_zarzad_ptr_id_0e0eceaa_fk_osoby_zarzad_id; Type: FK CONSTRAINT; Schema: public; Owner: projectuser
--

ALTER TABLE ONLY public.osoby_dawnyzarzad
    ADD CONSTRAINT osoby_dawnyzarzad_zarzad_ptr_id_0e0eceaa_fk_osoby_zarzad_id FOREIGN KEY (zarzad_ptr_id) REFERENCES public.osoby_zarzad(id) DEFERRABLE INITIALLY DEFERRED;


--
-- Name: osoby_halloffame osoby_halloffame_osoba_id_2310337d_fk_osoby_osoba_id; Type: FK CONSTRAINT; Schema: public; Owner: projectuser
--

ALTER TABLE ONLY public.osoby_halloffame
    ADD CONSTRAINT osoby_halloffame_osoba_id_2310337d_fk_osoby_osoba_id FOREIGN KEY (osoba_id) REFERENCES public.osoby_osoba(id) DEFERRABLE INITIALLY DEFERRED;


--
-- Name: osoby_imieszlacheckie osoby_imieszlac_imie_id_fk_osoby; Type: FK CONSTRAINT; Schema: public; Owner: projectuser
--

ALTER TABLE ONLY public.osoby_imieszlacheckie
    ADD CONSTRAINT osoby_imieszlac_imie_id_fk_osoby FOREIGN KEY (imie_id) REFERENCES public.osoby_czlonek(osoba_ptr_id) DEFERRABLE INITIALLY DEFERRED;


--
-- Name: osoby_innaosoba osoby_innaosoba_bractwo_do_ktorego_n_fk_encyklope; Type: FK CONSTRAINT; Schema: public; Owner: projectuser
--

ALTER TABLE ONLY public.osoby_innaosoba
    ADD CONSTRAINT osoby_innaosoba_bractwo_do_ktorego_n_fk_encyklope FOREIGN KEY (bractwo_do_ktorego_nalezy_id) REFERENCES public.encyklopedia_bractwo(id) DEFERRABLE INITIALLY DEFERRED;


--
-- Name: osoby_nowyzarzad osoby_nowyzarzad_sekretarz_id_954cd183_fk_osoby_czl; Type: FK CONSTRAINT; Schema: public; Owner: projectuser
--

ALTER TABLE ONLY public.osoby_nowyzarzad
    ADD CONSTRAINT osoby_nowyzarzad_sekretarz_id_954cd183_fk_osoby_czl FOREIGN KEY (sekretarz_id) REFERENCES public.osoby_czlonek(osoba_ptr_id) DEFERRABLE INITIALLY DEFERRED;


--
-- Name: osoby_nowyzarzad osoby_nowyzarzad_zarzad_ptr_id_18f363e0_fk_osoby_zarzad_id; Type: FK CONSTRAINT; Schema: public; Owner: projectuser
--

ALTER TABLE ONLY public.osoby_nowyzarzad
    ADD CONSTRAINT osoby_nowyzarzad_zarzad_ptr_id_18f363e0_fk_osoby_zarzad_id FOREIGN KEY (zarzad_ptr_id) REFERENCES public.osoby_zarzad(id) DEFERRABLE INITIALLY DEFERRED;


--
-- Name: osoby_osoba osoby_osoba_polymorphic_ctype_id_c198e0ba_fk_django_co; Type: FK CONSTRAINT; Schema: public; Owner: projectuser
--

ALTER TABLE ONLY public.osoby_osoba
    ADD CONSTRAINT osoby_osoba_polymorphic_ctype_id_c198e0ba_fk_django_co FOREIGN KEY (polymorphic_ctype_id) REFERENCES public.django_content_type(id) DEFERRABLE INITIALLY DEFERRED;


--
-- Name: osoby_wielkimistrz osoby_wielkimis_imie_id_fk_osoby; Type: FK CONSTRAINT; Schema: public; Owner: projectuser
--

ALTER TABLE ONLY public.osoby_wielkimistrz
    ADD CONSTRAINT osoby_wielkimis_imie_id_fk_osoby FOREIGN KEY (imie_id) REFERENCES public.osoby_czlonek(osoba_ptr_id) DEFERRABLE INITIALLY DEFERRED;


--
-- Name: osoby_zarzad osoby_zarzad_cantandi_id_be953486_fk_osoby_czlonek_osoba_ptr_id; Type: FK CONSTRAINT; Schema: public; Owner: projectuser
--

ALTER TABLE ONLY public.osoby_zarzad
    ADD CONSTRAINT osoby_zarzad_cantandi_id_be953486_fk_osoby_czlonek_osoba_ptr_id FOREIGN KEY (cantandi_id) REFERENCES public.osoby_czlonek(osoba_ptr_id) DEFERRABLE INITIALLY DEFERRED;


--
-- Name: osoby_zarzad osoby_zarzad_kadencja_id_b48067a5_fk_kronika_kadencja_id; Type: FK CONSTRAINT; Schema: public; Owner: projectuser
--

ALTER TABLE ONLY public.osoby_zarzad
    ADD CONSTRAINT osoby_zarzad_kadencja_id_b48067a5_fk_kronika_kadencja_id FOREIGN KEY (kadencja_id) REFERENCES public.kronika_kadencja(id) DEFERRABLE INITIALLY DEFERRED;


--
-- Name: osoby_zarzad osoby_zarzad_kasztelan_id_7733f51e_fk_osoby_czl; Type: FK CONSTRAINT; Schema: public; Owner: projectuser
--

ALTER TABLE ONLY public.osoby_zarzad
    ADD CONSTRAINT osoby_zarzad_kasztelan_id_7733f51e_fk_osoby_czl FOREIGN KEY (kasztelan_id) REFERENCES public.osoby_czlonek(osoba_ptr_id) DEFERRABLE INITIALLY DEFERRED;


--
-- Name: osoby_zarzad osoby_zarzad_polymorphic_ctype_id_713109de_fk_django_co; Type: FK CONSTRAINT; Schema: public; Owner: projectuser
--

ALTER TABLE ONLY public.osoby_zarzad
    ADD CONSTRAINT osoby_zarzad_polymorphic_ctype_id_713109de_fk_django_co FOREIGN KEY (polymorphic_ctype_id) REFERENCES public.django_content_type(id) DEFERRABLE INITIALLY DEFERRED;


--
-- Name: osoby_zarzad osoby_zarzad_skarbnik_id_f121bb9a_fk_osoby_czlonek_osoba_ptr_id; Type: FK CONSTRAINT; Schema: public; Owner: projectuser
--

ALTER TABLE ONLY public.osoby_zarzad
    ADD CONSTRAINT osoby_zarzad_skarbnik_id_f121bb9a_fk_osoby_czlonek_osoba_ptr_id FOREIGN KEY (skarbnik_id) REFERENCES public.osoby_czlonek(osoba_ptr_id) DEFERRABLE INITIALLY DEFERRED;


--
-- Name: osoby_zarzad osoby_zarzad_wielki_mistrz_id_bedb4454_fk_osoby_wielkimistrz_id; Type: FK CONSTRAINT; Schema: public; Owner: projectuser
--

ALTER TABLE ONLY public.osoby_zarzad
    ADD CONSTRAINT osoby_zarzad_wielki_mistrz_id_bedb4454_fk_osoby_wielkimistrz_id FOREIGN KEY (wielki_mistrz_id) REFERENCES public.osoby_wielkimistrz(id) DEFERRABLE INITIALLY DEFERRED;


--
-- Name: prawo_podmiot prawo_podmiot_polymorphic_ctype_id_826cd17d_fk_django_co; Type: FK CONSTRAINT; Schema: public; Owner: projectuser
--

ALTER TABLE ONLY public.prawo_podmiot
    ADD CONSTRAINT prawo_podmiot_polymorphic_ctype_id_826cd17d_fk_django_co FOREIGN KEY (polymorphic_ctype_id) REFERENCES public.django_content_type(id) DEFERRABLE INITIALLY DEFERRED;


--
-- Name: prawo_relacjaprawna_podmiot prawo_relacjaprawna__podmiot_id_20c6b809_fk_prawo_pod; Type: FK CONSTRAINT; Schema: public; Owner: projectuser
--

ALTER TABLE ONLY public.prawo_relacjaprawna_podmiot
    ADD CONSTRAINT prawo_relacjaprawna__podmiot_id_20c6b809_fk_prawo_pod FOREIGN KEY (podmiot_id) REFERENCES public.prawo_podmiot(id) DEFERRABLE INITIALLY DEFERRED;


--
-- Name: prawo_relacjaprawna_podmiot prawo_relacjaprawna__relacjaprawna_id_61882558_fk_prawo_rel; Type: FK CONSTRAINT; Schema: public; Owner: projectuser
--

ALTER TABLE ONLY public.prawo_relacjaprawna_podmiot
    ADD CONSTRAINT prawo_relacjaprawna__relacjaprawna_id_61882558_fk_prawo_rel FOREIGN KEY (relacjaprawna_id) REFERENCES public.prawo_relacjaprawna(id) DEFERRABLE INITIALLY DEFERRED;


--
-- Name: prawo_rola prawo_rola_podmiot_ptr_id_5873ad7d_fk_prawo_podmiot_id; Type: FK CONSTRAINT; Schema: public; Owner: projectuser
--

ALTER TABLE ONLY public.prawo_rola
    ADD CONSTRAINT prawo_rola_podmiot_ptr_id_5873ad7d_fk_prawo_podmiot_id FOREIGN KEY (podmiot_ptr_id) REFERENCES public.prawo_podmiot(id) DEFERRABLE INITIALLY DEFERRED;


--
-- Name: prawo_struktura prawo_struktura_podmiot_ptr_id_05dc5126_fk_prawo_podmiot_id; Type: FK CONSTRAINT; Schema: public; Owner: projectuser
--

ALTER TABLE ONLY public.prawo_struktura
    ADD CONSTRAINT prawo_struktura_podmiot_ptr_id_05dc5126_fk_prawo_podmiot_id FOREIGN KEY (podmiot_ptr_id) REFERENCES public.prawo_podmiot(id) DEFERRABLE INITIALLY DEFERRED;


--
-- Name: zrodla_dokument zrodla_dokument_zrodlo_ptr_id_5e2b086a_fk_zrodla_zrodlo_id; Type: FK CONSTRAINT; Schema: public; Owner: projectuser
--

ALTER TABLE ONLY public.zrodla_dokument
    ADD CONSTRAINT zrodla_dokument_zrodlo_ptr_id_5e2b086a_fk_zrodla_zrodlo_id FOREIGN KEY (zrodlo_ptr_id) REFERENCES public.zrodla_zrodlo(id) DEFERRABLE INITIALLY DEFERRED;


--
-- Name: zrodla_zrodlo_autorzy zrodla_zrodlo_autorzy_osoba_id_5be1ad22_fk_osoby_osoba_id; Type: FK CONSTRAINT; Schema: public; Owner: projectuser
--

ALTER TABLE ONLY public.zrodla_zrodlo_autorzy
    ADD CONSTRAINT zrodla_zrodlo_autorzy_osoba_id_5be1ad22_fk_osoby_osoba_id FOREIGN KEY (osoba_id) REFERENCES public.osoby_osoba(id) DEFERRABLE INITIALLY DEFERRED;


--
-- Name: zrodla_zrodlo_autorzy zrodla_zrodlo_autorzy_zrodlo_id_f3bcd73b_fk_zrodla_zrodlo_id; Type: FK CONSTRAINT; Schema: public; Owner: projectuser
--

ALTER TABLE ONLY public.zrodla_zrodlo_autorzy
    ADD CONSTRAINT zrodla_zrodlo_autorzy_zrodlo_id_f3bcd73b_fk_zrodla_zrodlo_id FOREIGN KEY (zrodlo_id) REFERENCES public.zrodla_zrodlo(id) DEFERRABLE INITIALLY DEFERRED;


--
-- Name: zrodla_zrodlo zrodla_zrodlo_polymorphic_ctype_id_45a76d4a_fk_django_co; Type: FK CONSTRAINT; Schema: public; Owner: projectuser
--

ALTER TABLE ONLY public.zrodla_zrodlo
    ADD CONSTRAINT zrodla_zrodlo_polymorphic_ctype_id_45a76d4a_fk_django_co FOREIGN KEY (polymorphic_ctype_id) REFERENCES public.django_content_type(id) DEFERRABLE INITIALLY DEFERRED;


--
-- Name: zrodla_zrodloogolne zrodla_zrodloogolne_zrodlo_ptr_id_65caf2e0_fk_zrodla_zrodlo_id; Type: FK CONSTRAINT; Schema: public; Owner: projectuser
--

ALTER TABLE ONLY public.zrodla_zrodloogolne
    ADD CONSTRAINT zrodla_zrodloogolne_zrodlo_ptr_id_65caf2e0_fk_zrodla_zrodlo_id FOREIGN KEY (zrodlo_ptr_id) REFERENCES public.zrodla_zrodlo(id) DEFERRABLE INITIALLY DEFERRED;


--
-- Name: DEFAULT PRIVILEGES FOR TYPES; Type: DEFAULT ACL; Schema: -; Owner: postgres
--

ALTER DEFAULT PRIVILEGES FOR ROLE postgres GRANT ALL ON TYPES  TO projectuser;


--
-- Name: DEFAULT PRIVILEGES FOR TABLES; Type: DEFAULT ACL; Schema: -; Owner: postgres
--

ALTER DEFAULT PRIVILEGES FOR ROLE postgres GRANT SELECT,INSERT,DELETE,UPDATE ON TABLES  TO projectuser;


--
-- PostgreSQL database dump complete
--

